relation_id,name,ref,network,length,linear,wikidata
13579,Jämt-Norge-Leden,,lwn,45.674,False,
22012,Gästrikeleden,,nwn,344.295,False,Q10512412
22013,Utiskogen,10km,Sportis - Spårsystem,4.65,False,
22788,Jogga Jorden Runt,5km,Sportis - Spårsystem,2.836,False,
22789,Häcklingevägen,7km,Sportis - Spårsystem,2.836,False,
22791,Hälsans Stig,,lwn,5.894,False,
22792,Vita Bergen,1.5km,Sportis - Spårsystem,0.622,True,
26794,Hälsans stig,Hälsans stig,lwn,10.039,False,Q7542479
28957,Kinnekulleleden,,rwn,47.018,False,Q18291226
29166,Pilgrimsleden Forshem-Husaby,Pilgrimsleden,rwn,2.59,True,
29320,Torrskogsleden,,lwn,24.186,True,
68039,Kopparhattsrundan,,lwn,5.232,False,
68041,Korsskär-Liagårdsrundan Hjortsprångsrundan,,lwn,7.111,True,
68042,Liakroksrundan,,lwn,6.053,True,
68270,Stenbockstenen,,lwn,0.591,True,
68271,Skogskyrkan,,lwn,0.897,False,
68278,Bögerupsrundan,,lwn,3.37,False,
68279,Uggleskrikrundan,U,lwn,3.379,False,
68280,Wittserödsrundan,W,lwn,3.689,False,
75159,Nackarpsrundan,,lwn,3.354,True,
78742,Vildmarksleden,,rwn,38.051,True,Q10715372
83126,Grössjön runt,,lwn,4.597,True,
89397,Torrekullaleden,,lwn,15.211,False,
89398,Sandsjöbackaleden,,lwn,20.768,False,
93252,Lidingöloppet 30 km,,lwn,30.489,True,Q827846
108820,Landborgspromenaden,,lwn,6.666,False,Q12323630
109989,"2,5 km",,lwn,2.389,True,
109990,"3,2 km",,lwn,2.869,True,
109991,"5,0 km",,lwn,5.212,True,
109992,"7,0 km",,lwn,7.01,True,
109993,Elljusspår,,lwn,3.459,True,
121187,Hälsans stig - Mölnlycke,,lcn,4.754,False,Q116795605
124985,Bohusleden - Etapp 12 Vassbovik - Glimmingen,12,nwn,12.073,True,
125010,Bohusleden - Etapp 11 Hasteröd - Vassbovik,11,nwn,21.531,True,
125070,Bohusleden - Etapp 10 Lysevatten - Hasteröd,10,nwn,12.744,True,
125098,Bohusleden - Etapp 9 Bottenstugan - Lysevatten,9,nwn,11.523,False,
125129,Bohusleden - Etapp 8 Grandalen - Bottenstugan,8,nwn,8.026,True,
125205,Bohusleden - Etapp 7 Fontin - Grandalen,7,nwn,16.286,True,
138149,Kunskapens skog,,lwn,2.765,False,
141279,Hässningberget vandringsled,,lwn,3.164,False,
155048,Ekerö-Munsöleden del II,,rwn,19.266,False,Q31856655
157136,Tavelsjöleden,,rwn,56.569,False,
168748,Kustleden,,rwn,105.432,False,
174284,,,,2.039,True,
174285,,,,1.415,True,
175380,,,lwn,1.635,False,
180547,Stamsjöspåret,,lwn,6.061,False,
180548,Stamsjöleden,,lwn,6.039,True,
184698,Kyststien i Østfold,,rwn,262.73,False,
195629,"Roslagsleden, etapp 11",,rwn,20.836,True,Q135479047
206721,Rundvandring 23,,lwn,8.691,False,
222252,LOK-milen,LOK-milen,lwn,9.692,False,
222310,Guldtur 15 Anåfjället,,lwn,4.823,True,
222522,Guldtur 19: Tvärån,,lwn,6.423,True,
222527,Guldtur 1: Klinkenturen,,lwn,11.841,False,
223937,Upplands-Broleden,,lwn,31.398,False,Q56301852
224103,Långa bergsturen,354,lwn,8.759,False,
232031,Röd 7.2km slinga,,lwn,7.42,False,
232032,Blå 2.5km slinga,,lwn,1.468,False,
241015,Norra Fäladsstigen,,lwn,2.779,True,
241043,Upplandsleden,,nwn,200.94,False,Q10710163
255160,"Roslagsleden, etapp 1",,rwn,15.088,True,Q135476937
269485,Röd,,lwn,2.521,True,
269853,Gul,,lwn,4.926,True,
273043,Enåns Vandringsled,,lwn,3.356,False,
276245,Lidingöloppet 15 km,,lwn,15.003,True,Q827846
278725,Träsktrollens stig,,lwn,0.304,False,
278727,Siggesta Vandringsled,,lwn,3.246,True,
279634,Bohusleden - Etapp 2 Stensjön - Skatås,2,nwn,8.471,True,
279950,Bohusleden - Etapp 1 Älvsåker - Stensjön,1,nwn,25.454,True,
280005,Bohusleden - Etapp 3 Skatås - Kåsjön,3,nwn,9.546,True,
280010,Bohusleden - Etapp 4 Kåsjön - Jonsered,4,nwn,7.54,True,
282171,Orsa Gröna Ringen,,lwn,10.554,True,
282582,"Röd (2,5 km)",,lwn,2.389,True,
282583,Gul (5 km),,lwn,4.874,True,
374727,Bysjörundan,,lwn,13.703,False,
375258,Vit / Grön Lida,,lwn,4.466,False,
375259,Grön Lida,,lwn,7.629,False,
375260,Blå,lwn,,0.766,True,
380445,Vallentuna IP 0.9km blå/vit,,,0.99,True,
382823,Vinterpromenaden,,,3.609,False,
399334,"Skåneleden 5, Etapp 6B",,nwn,1.499,True,
454961,Gröna spåret,,lwn,9.739,True,
543209,Rankås 0.5 km,,lwn,0.54,True,
543210,Rankås 2.5 km,,lwn,2.503,True,
556766,Siljansleden,,nwn,350.803,False,Q2286128
562617,"Sörmlandsleden, etapp 5:2",5:2,nwn,16.15,False,Q115097000
570784,Slipstensleden,,lwn,2.874,True,
572188,Fryksås 2,,lwn,4.27,True,
572189,Fryksås 1,,lwn,2.25,True,
572190,Fryksås 3,,lwn,6.663,True,
572783,Rankås 5Km,,lcn,4.994,True,
602559,Rankås 10Km,,,9.542,True,
660162,"Sörmlandsleden, etapp 1",1,nwn,8.54,True,Q115096994
660915,Våxnäs motionsspår,,lwn,3.77,False,
915260,Vit / Svart,,lwn,18.129,False,
915261,Vit / Gul,,lwn,2.418,False,
932436,Karnevalståget,,,2.421,False,
946393,Hälsospåret,,lwn,1.766,False,
948871,Saabspåret,,lwn,0.958,True,
962106,Lindängets Vandringsled,Lindängets Vandringsled,lwn,5.488,False,
963094,Hälsans Stig,,lwn,1.763,False,
963800,7000 steg,,lwn,6.552,False,
967042,Etapp 1: Åstorp - Hålebäck,1,nwn,9.779,True,
967043,Etapp 2: Hålebäck - Krika skog,2,nwn,10.745,True,
967044,Etapp 3: Krika skog - Klåveröd,3,nwn,13.014,True,
967045,Etapp 11: Ekeröd – Timan,11,nwn,13.059,True,
967319,Etapp 5: Söderåsens nationalpark-Jällabjär,5,nwn,10.889,True,
967320,Etapp 4: Klåveröd-Söderåsens nationalpark,4,nwn,7.683,True,
969802,Rädsjön Runt,,lwn,4.033,True,
1019275,Allböleleden,Allböleleden,lwn,5.942,False,
1019334,Kohagenleden,Kohagenleden,lwn,4.048,True,
1019437,Etapp 10: Bjeveröd – Ekeröd,10,nwn,12.393,True,
1019438,,8,nwn,7.287,True,
1019439,Etapp 6: Jällabjär – S Hultarp,6,nwn,11.249,True,
1019440,,7,nwn,11.798,True,
1019441,,9,nwn,10.607,True,
1019764,"Skåneleden 4, Etapp 7A: Alunbruket – Agusa",7A,nwn,8.097,True,
1019765,"Skåneleden 4, Etapp 7B: Agusa – Torparebron",7B,nwn,13.8,True,
1019766,"Skåneleden 4, Etapp 6: Kivik – Vantalängan",6,nwn,14.959,True,
1019969,"Skåneleden 4, Etapp 8: Alunbruket – Heinge",8,nwn,7.97,True,
1019970,"Skåneleden 4, Etapp 7: Vantalängan – Alunbruket",7,nwn,7.199,True,
1020053,Laxaleden,,lwn,31.047,True,
1020191,,,lwn,1.293,True,
1020194,,,lwn,2.253,True,
1023672,Acksjöleden,,lwn,14.715,False,
1024084,Ellestadslingan,,lwn,1.268,True,
1024140,Stora Sjöslingan,,lwn,3.004,False,
1024143,Bäckslingan,,lwn,2.436,True,
1024195,Snogeholmsleden,,lwn,17.104,False,
1029251,Tuggelite motionsspår/skidspår,Tug,lwn,2.474,False,
1029700,"Skåneleden 1, Etapp 21: Ängelsbäcksstrand-Båstad",21,nwn,14.873,True,
1029701,"Skåneleden 1, Etapp 22: Vejbystrand-Ängelholm",22,nwn,13.262,True,
1047190,Lyckestigen,,lwn,2.906,True,
1059400,Billingeleden,,rwn,66.901,False,
1076234,Gydarpslingan,,lwn,4.949,False,
1076235,Roshusslingan,,lwn,4.124,False,
1077514,Gula stigen,,lwn,4.996,True,
1077515,Edaslingan,2:1,nwn,3.466,True,
1083651,Kejsarstigen,,lwn,2.473,True,
1085838,"Röd (2,5 km)",,lwn,2.477,True,
1085839,Gul (5 km),,lwn,4.806,True,
1105711,Gränsöleden,,lcn,2.605,False,
1105712,Skogsslingan,,,0.43,True,
1116557,Långstorpsslingan,Långstorpsslingan,lwn,9.803,True,
1116886,Ullstorpsslingan,,lwn,4.249,True,
1116887,Dagstorpsslingan,,lwn,9.12,False,
1119131,Bjäretslingan,,lwn,3.181,True,
1120345,Rankåsleden: Syd,,lwn,9.186,True,
1120346,Rankåsleden: Tibro - Rankås,,lwn,4.498,True,
1121419,Skabersjöstigen,,lwn,2.924,True,
1123042,Bäckaslingan,,lwn,4.35,False,
1127720,Åsenslingan,,lwn,7.943,False,
1127945,Rankåsleden: Nord,,lwn,14.542,False,
1132505,Bokskogen,,lwn,2.348,True,
1132506,Storskiftet,,lwn,4.674,False,
1141000,"Rösjöspåret (röd/vit 2,2 km)",,lwn,2.224,True,
1141099,"Rösjöspåret (Grön/vit 5,6 km)",,lwn,5.592,True,
1141100,"Rösjöspåret (gul/vit 4,3 km)",,lwn,4.393,False,
1141626,Vasahus,,lwn,5.073,False,
1141632,Sjömossen,,lwn,4.735,True,
1141636,Hovgårdsmöllan,,lwn,2.452,False,
1145202,Myggahus,,lwn,2.959,False,
1145203,Inre Attarp,,lwn,2.272,False,
1149500,Guldtur 8: Ösjödalen,,lwn,5.95,False,
1149576,"2,5km",,lwn,2.56,True,
1149577,10km,,lwn,9.238,True,
1149578,6km,,lwn,5.887,True,
1149684,Björnjägarstigen,,lwn,11.551,False,
1151161,Romboleden,,rwn,719.283,False,Q116785357
1152550,Björkhagen,,lwn,2.088,False,
1152798,7 km,,lwn,6.74,True,
1153255,Skärshultsleden,,lwn,10.789,True,
1165673,Dansbanestigen,,lwn,2.072,True,
1166756,"Roslagsleden, etapp 2",,rwn,13.355,True,Q135477336
1168689,Blå slingan,,lwn,3.251,False,
1169853,Orange slingan,,lwn,1.941,False,
1173503,"Västra Vätterleden: Etapp 3, Mölltorp - Gunnarflon - Röå",3,nwn,13.897,True,
1173504,"Västra Vätterleden: Etapp 2, Forsvik-Mölltorp",2,nwn,11.872,True,
1173537,Ahlqvistslingan,,lwn,1.101,True,
1174502,Myrstigen,,lwn,2.675,True,
1175746,"Skåneleden 1, Etapp 1: Sölvesborg – Grundsjön",1,nwn,13.887,True,
1175747,"Skåneleden 1, Etapp 2: Grundsjön-Östafors",2,nwn,15.816,True,
1175748,"Skåneleden 1, Etapp 9: Verum-Vittsjö",9,nwn,11.731,True,
1215067,Klintaskogen,,lwn,1.342,False,
1216335,Gröngubbens vandringsleder,,lwn,41.305,False,
1223925,Mittnordenleden,,rwn,89.773,False,
1229590,Skogsstig,,lwn,1.462,True,
1235962,Orrevadsslingan,,lwn,2.026,True,
1250333,"Roslagsleden, etapp 3",,rwn,15.734,True,Q135477543
1251177,"Västra Vätterleden: Etapp 4, Röå - Lunnakulle - Hjo",4,nwn,25.823,True,
1258501,"Västra Vätterleden: Etapp 1, Stenkällegården - Forsvik (main route)",1,nwn,38.271,True,
1339069,Bergsstigen,,lwn,11.085,True,
1339090,Jungfrubergsstigen,,lwn,4.323,False,
1339101,Stugstigen,,lwn,4.407,False,
1339117,Hopptornsstigen,,lwn,1.21,False,
1339185,Jungfrubergsspåren 6 km,Gul,,6.457,False,
1392325,Gränsenstugan - 3-kilometersspåret,,lwn,3.084,True,
1392326,Gränsenstugan - 5-kilometersspåret,,lwn,5.574,True,
1478317,Milspåret,Grön,,10.001,False,
1478327,7 km,Grön/Vit,,6.369,False,
1515691,Sméleden,,rwn,43.77,True,
1528994,Utö stigen,,lwn,3.498,False,
1558835,Tuggelite 5 km motionsspår,T5k,lwn,4.899,False,
1558836,Tuggelite 10 km motionsspår,T10,lwn,7.324,False,
1619425,Österplana hed och vall,,,5.662,True,
1621881,Värtans stränder,,lwn,4.156,False,
1635055,Drottning Kristinas Väg,,lwn,10.359,True,
1646415,Värmdöleden,,lwn,29.361,False,Q10717638
1656436,,,lwn,1.961,True,
1656437,Sjöstigen,,lwn,0.909,True,
1670963,Bohusleden - Genväg till Torpet Freden (Etapp 5),Bohusleden,nwn,1.391,True,
1671685,Upplevelsestigen,,lwn,1.676,False,
1674101,Naturstigen,Naturstigen,lwn,4.484,False,
1683818,"Roslagsleden, etapp 5",,rwn,20.354,True,Q135477946
1690568,"Västra Vätterleden: Etapp 5, Hjo - Baståsen",5,nwn,22.303,True,
1694918,Galärleden,,lwn,17.247,False,
1695125,Krokstrand-Ramberget,,rwn,11.63,True,
1695270,Bohusleden - Etapp 27 Högstad - Strömstad,27,nwn,15.106,True,
1699076,Oxen,,lwn,2.639,True,
1699080,Vetet,,lwn,0.948,False,
1699081,Skalbaggen,,lwn,4.755,False,
1703166,5 km,,,5.0,False,
1703167,2.5 km,,,2.422,False,
1705828,Dalkarlsvägen etapp 3a,,nwn,31.99,True,
1707411,Knysselbackestigen,,lwn,0.997,False,
1707412,Trollskogsstigen,,lwn,4.382,False,
1707413,Murgrönestigen,,lwn,2.464,False,
1707939,Roffes bana,"Roffes bana, gul",lwn,7.456,True,
1708375,Stengårdsstigen,,lwn,2.865,False,
1708389,Arnljotlängden,,lwn,3.189,False,
1708945,Svartgölsleden,,lwn,1.803,True,
1710011,Munkastigen etapp 4,,rwn,21.564,False,
1714248,Lilla Lövö Runt,,lwn,5.372,True,
1716210,Blådöpet runt,,lwn,5.386,True,
1721455,Verkeån blå,,lwn,2.109,True,
1721456,Backaleden,,lwn,17.721,False,
1726855,Kyrkstigen Tivedstorp - Tiveds kyrka,,lwn,4.295,True,
1726856,Kyrkstigen Åboholm - Tiveds kyrka,,lwn,6.094,False,
1731145,Naturstigen,,lwn,3.44,False,
1734062,Nipleden,,lwn,27.551,False,Q56301225
1734723,"Sörmlandsleden, etapp 19",19,nwn,11.864,True,Q115097021
1738986,"Sörmlandsleden, etapp 18",18,nwn,10.791,True,Q115097020
1742862,Blekingeleden Etapp 3: Östafors–Halens camping,3,nwn,15.434,True,
1744555,Blekingeleden Etapp 4: Halens camping–Tulseboda Brunnspark,4,nwn,20.726,True,
1744954,Blekingeleden Etapp 5: Tusleboda Brunnspar–Mörrumsån,5,nwn,18.297,True,
1745003,Blekingeleden Etapp 6: Mörrumsån–Långasjönäs,6,nwn,17.141,True,
1749336,"Hackefors motionsspår 6,4 km",,lwn,6.494,True,
1756345,"Blått spår 1,1 km",,lwn,0.98,True,
1756346,"Grönt spår 9,6 km",,lwn,9.184,True,
1756347,"Gult spår 4,8 km",,lwn,4.684,True,
1756348,"Rött spår 2,5 km",,lwn,2.351,False,
1756353,Bonäsleden,,lwn,10.375,False,
1764025,"Röd/vitt spår 2,8 km",,lwn,2.782,True,
1764026,"Trampstig 1,3 km",,lwn,1.301,False,
1764634,10 km motionsspår,,lwn,9.689,True,
1764635,10 km träningsspår,,lwn,10.425,False,
1764636,5 km elljusspår,,lwn,5.103,True,
1764637,"7,5 km träningsspår",,lwn,7.645,True,
1765126,Naturstig,,lwn,1.977,True,
1771606,Pilgrimsleden etapp1,,,23.101,False,
1782813,Kairospåret,,lwn,5.664,False,
1793212,Isälvsleden,,lwn,55.993,False,Q10538111
1818999,Smedbyspåret,,lwn,1.931,True,
1820646,Hälsans stig,,lwn,6.893,False,
1838174,Sameslingan,Sameslingan,lwn,4.812,False,
1842883,Hälsans stig Upplands Väsby,,lwn,7.083,False,
1842927,Stora Gålöslingan,,lwn,11.722,True,
1854475,Brattforsleden,,lwn,23.268,False,
1859171,Kallhällsmotionspår_röd,,lwn,2.274,False,
1859187,Kallhällsmotionspår_gul,,lwn,2.936,False,
1859300,Sandviks Motionspår,,lwn,2.57,False,
1859342,Veddestaspåret,,lwn,2.19,False,
1868397,Runbyspåret 3km,,lwn,2.936,False,
1898532,Bohusleden - Etapp 6 Angereds kyrka - Fontin,6,nwn,17.71,True,
1899756,Bohusleden - Etapp 13 Glimmingen - Bjursjön,13,nwn,12.19,True,
1949268,"Roslagsleden, etapp 10",,rwn,8.763,True,Q135478794
1949274,"Roslagsleden, etapp 6",,rwn,19.919,True,Q135477950
1949289,"Roslagsleden, etapp 9",,rwn,24.342,True,Q135478541
2065759,Blå leden Högkullen,Blå,lwn,2.95,False,
2132596,Hälsans Stig Lund,,lwn,12.263,False,
2135968,Krokeksleden,,rwn,4.798,False,
2174727,Kåres väg,,lwn,8.258,False,
2197114,"Tivedstorps skogspromenad 2,5 km",,lwn,2.065,True,
2197115,Tivedstorps skogspromenad 5 km,,lwn,3.624,True,
2228527,Fornminnesleden 2.8km,,lwn,2.907,True,
2251092,Stegelmosslingan,,,5.432,False,
2255821,Sigfridsleden Nydala-Lekaryd,,lwn,65.309,False,
2256227,Västra Sigfridsleden - extra,,rwn,49.741,False,
2259962,,,lwn,15.431,True,
2259965,Solsidan norra,Gröna spåret,lwn,10.641,True,
2261165,"Blå 2,5 km",,lcn,2.555,True,
2261166,"Gul 4,5 km",,lcn,4.338,True,
2261167,Eljusspår 3.5 km,,lwn,3.274,True,
2269771,Bunketorp 9 km,,lwn,8.792,True,
2269796,Bunketorp 1.5km,,lwn,1.575,True,
2269797,Bunketorp 2.5km,,lwn,2.631,True,
2269800,Bunketorp 5 km,,lwn,4.741,True,
2269938,Skutberget - Kil,,lwn,24.041,False,
2271058,"Fontin 2,5 km",,lwn,2.694,False,
2271059,Fontin 5 km,,lwn,4.918,True,
2277468,,17,nwn,10.45,True,
2304012,Blå strövstig,,lwn,8.57,True,
2304013,Röd strövstig,,lwn,9.518,False,
2307289,Sjöstadleden,,lwn,4.639,True,
2307665,Höjehall,,lwn,4.517,False,
2307666,Korta spåret,,lwn,1.994,True,
2307667,Långa spåret,,lwn,6.685,False,
2307668,Långe Magnusa,,lwn,1.72,False,
2310072,,,lwn,4.533,False,
2313333,Säterdalsleden,,lwn,27.221,False,
2335675,Vasaloppsleden,,rwn,90.88,False,Q1278823
2337435,Källslättenspåret 20 km,,,17.937,False,
2337457,Källslättenspåret 20 km,,lwn,17.937,False,
2337572,Kulturstigen,,lwn,2.519,True,
2343343,Bergslagsleden Etapp 1,1,nwn,19.962,True,Q820225
2343621,Bergslagsleden Etapp 2,2,nwn,17.135,True,Q820225
2343842,"Sörmlandsleden, etapp 6",6,nwn,12.04,True,Q115097002
2343843,"Sörmlandsleden, etapp 6:1",6:1,nwn,13.747,False,Q115096985
2343975,"Sörmlandsleden, etapp 5:3",5:3,nwn,14.456,True,Q115097001
2344203,"Sörmlandsleden, etapp 5:1",5:1,nwn,9.575,True,Q115096999
2344213,"Sörmlandsleden, etapp 4",4,nwn,9.801,True,Q115096997
2344214,"Sörmlandsleden, etapp 5",5,nwn,11.368,True,Q115096998
2344249,"Sörmlandsleden, etapp 2",2,nwn,6.322,False,Q115096995
2344250,"Sörmlandsleden, etapp 3",3,nwn,12.356,False,Q115096996
2345408,"Sörmlandsleden, etapp 10",10,nwn,11.813,False,Q115097006
2361484,Guldtur 3: Gruvturen,154,lwn,9.394,False,
2369001,Bergslagsleden Etapp 3,3,nwn,21.474,True,Q820225
2370088,Bergslagsleden Etapp 4,4,nwn,23.059,True,Q820225
2382147,Grönt motionsspår,,lwn,8.758,True,
2385515,Fjällgårdsturen,,lwn,2.588,True,
2385549,Guldtur 2: Sveån,,lwn,8.279,True,
2386932,Guldtur 32: Runt Kariknallen,,lwn,13.513,False,
2387620,Byturen,159,lwn,5.234,False,
2389241,Blekingeleden Etapp 14: Älmtasjön–Kristianopel,14,nwn,24.589,True,
2389397,Blekingeleden Etapp 13: Mörtsjöåsen–Älmtasjön,13,nwn,8.489,True,
2390295,Blekingeleden Etapp 12: Alljungen–Mörtsjöåsen,12,nwn,24.691,True,
2390546,Blekingeleden Etapp 11: Skärsviken–Alljungen,11,nwn,30.83,True,
2390726,"Sörmlandsleden, etapp 13",13,nwn,14.528,True,Q115097010
2390742,"Sörmlandsleden, etapp 12",12,nwn,8.386,True,Q115097008
2390743,"Sörmlandsleden, etapp 12:1",12:1,nwn,4.968,True,
2390769,Blekingeleden Etapp 10: Ronneby Brunn–Skärsviken,10,nwn,20.501,True,
2391420,Blekingeleden Etapp 9: Järnavik–Ronneby Brunn,9,nwn,20.988,True,
2395068,Blekingeleden Etapp 8: Persgärde-Järnavik,8,nwn,15.049,True,
2396141,"Förlösa 2,5 km",,lwn,2.45,True,
2396142,Förlösa 5km,,lwn,4.987,True,
2426057,Brännland runt,,lwn,3.025,False,
2436270,Vättlefjällsleden,,lwn,23.073,True,
2441745,"Sörmlandsleden, etapp 11",11,nwn,9.005,False,Q115097007
2455249,"Jungfrusundsåsen 2,8km elljusspår",,,2.924,True,
2459256,"Natur- och Kulturstigen i Tyrislöt, Sankt Anna",,lwn,2.214,False,
2553271,Ängsjö Röd 2.5km,,lwn,2.328,True,
2553287,Ängsjö Blå 3.6km,,lwn,3.555,False,
2553294,Ängsjö Gul 5km,,lwn,4.663,False,
2553320,Ängsjö Grön Gul 10km,,lwn,9.102,False,
2553321,Ängsjö Grön 10km,,lwn,9.319,False,
2557186,Tibble Elljusspår 1.9 km,,lwn,2.059,True,
2557220,Lillsjön motionsspår 1 km,,lwn,1.098,True,
2557221,Lillsjön motionsspår 3 km,,lwn,3.0,True,
2557222,Lillsjön motionsspår 6km,,lwn,6.149,True,
2588206,Gul Vitt Spår,,lwn,4.698,False,
2588207,Gult Spår,,lwn,4.416,True,
2591939,Ravalenspåret,,lwn,2.264,True,
2591958,Vibyspåret,,lwn,2.137,True,
2647099,Kolarstigen,,lwn,24.376,False,
2703608,Mörbylångaleden,,rwn,83.81,False,
2733358,Romboleden,,nwn,119.311,False,
2734343,"Jungfrusundsåsen 2,2km elljusspår",,,2.39,True,
2734403,Jungfrusundsåsen 4km motionsspår,,,3.975,False,
2734405,Jungfrusundsåsen 5km motionsspår,,,5.083,False,
2734443,Jungfrusundsåsen 10km motionsspår,,,9.326,False,
2734444,Naturstigen,,lwn,5.35,False,
2766587,Finjasjöleden,,lwn,18.787,False,
2796790,Alslingan,,lwn,4.83,True,
2833410,Kyrkstigen,,lwn,1.775,True,
2833437,Kärleksstigen,,lwn,0.709,True,
2857629,Gusturleden,,lwn,34.071,False,
2857703,Hälsans stig,,lwn,5.379,False,
2870895,Vandringsleden,,,0.65,False,
2890824,Granskog motionsspår 2.5km,,lwn,2.502,True,
2913366,Dalkarlsvägen etapp 4,,nwn,32.505,True,
2913487,Dalkarlsvägen etapp 5,,nwn,33.544,True,
2913742,Dalkarlsvägen etapp 6,,nwn,34.437,True,
2913894,Dalkarlsvägen etapp 7,,nwn,34.765,True,
2917654,"Sörmlandsleden, etapp 7",7,nwn,6.407,False,Q115097003
2917655,"Sörmlandsleden, etapp 8",8,nwn,13.891,False,
2924271,Kyrkstigen,Kyrkstigen,lwn,17.903,False,
2925174,Dalkarlsvägen etapp 8,,nwn,30.289,True,
2926005,Dalkarlsvägen etapp 9,,nwn,36.947,True,
2926131,Dalkarlsvägen etapp 10,,nwn,28.931,False,
2926279,Dalkarlsvägen etapp 11,,nwn,30.798,True,
2927760,Dalkarlsvägen etapp 12 2012,,nwn,5.73,False,
2941512,Brunnaspåret 4.1km,,lwn,4.054,False,
2970903,Hällbergs fäbod,,lwn,10.445,False,
3017232,Limsjön runt,,lwn,6.674,False,
3044390,Isala-Ågleden,,lwn,9.845,True,
3069285,Marmorstigen,,lwn,3.405,False,
3070378,"Roslagsleden, etapp 4",,rwn,12.412,True,Q135477808
3076823,Jerneklev,,lwn,4.123,True,
3080532,"2,5 km",,lwn,2.413,True,
3082964,Tjustleden Etapp 4 anslutningsled,,nwn,7.498,True,
3095117,Ostkustleden Etapp 1 Lilla Hycklinge - Nynäs,1,nwn,16.735,True,
3097715,"Roslagsleden, etapp 7",,rwn,20.01,True,Q135477952
3097751,"Roslagsleden, etapp 8",,rwn,12.697,True,Q135477954
3107159,Kramstaleden,,lwn,6.388,False,
3107184,Sannaleden,,lwn,6.996,False,
3114035,"Sörmlandsleden, etapp 29",29,nwn,9.403,False,
3115301,Motionsspår gul 3 km,,lwn,2.841,False,
3115302,Motionsspår blå 7 km,,lwn,6.898,False,
3117090,"Sörmlandsleden, etapp 30",30,nwn,12.289,False,Q115097049
3120753,Dragbergsstugorna - Fjortasjön,,lwn,3.199,True,
3120754,Gylle fäbod - Dragbergsstugorna,,lwn,4.798,True,
3121204,Vandringsled runt Södra Hyn,,lwn,12.607,False,
3125659,"Belerundan 3,5 km",,lwn,2.443,True,
3125660,,,lwn,0.715,True,
3161613,Bergslagsleden Etapp 13,13,nwn,19.438,True,Q820225
3162680,Bergslagsleden Etapp 11,11,nwn,15.863,True,Q820225
3162713,Bergslagsleden Etapp 10,10,nwn,6.685,True,Q820225
3162720,Angsjöleden,,lwn,7.614,True,
3162721,Tio sjöars led,,lwn,11.09,True,
3166559,Lunedsleden,,lwn,12.422,True,
3190689,Ekerö-Munsöleden del I,,rwn,24.256,False,Q31856655
3193707,"Fylleryd, elljusspåret",,lwn,4.509,False,
3193714,"Fylleryd, blå",,lwn,1.376,True,
3195093,Bergslagsleden Etapp 7,7,nwn,15.024,True,Q820225
3195156,Bergslagsleden Etapp 8,8,nwn,14.08,True,Q820225
3195577,Bergslagsleden Etapp 6,6,nwn,14.765,True,Q820225
3195784,Bergslagsleden Etapp 9,9,nwn,9.727,True,Q820225
3195789,Bergslagsleden Etapp 12,12,nwn,18.864,True,Q820225
3196084,Bergslagsleden Etapp 14,14,nwn,20.867,True,Q820225
3196282,Bergslagsleden Etapp 15,15,nwn,21.582,True,Q820225
3196596,Bergslagsleden Etapp 16,16,nwn,13.648,True,Q820225
3196986,Bergslagsleden Etapp 17,17,nwn,12.218,True,Q820225
3199101,Bergslagsleden Etapp 5,5,nwn,17.815,True,Q820225
3199980,Tjustleden Etapp 4,,nwn,11.55,True,
3199981,Tjustleden Etapp 5,,nwn,22.013,True,
3206134,Tjustleden Etapp 6,,nwn,21.379,False,
3208832,Hallandsleden Etappen Stensjön - Äskhult,,nwn,17.02,True,
3208964,Hallandsleden Etappen Äskhult - Stättared,,nwn,16.734,True,
3209148,Hallandsleden Etappen Stättared - Dranstugan,,nwn,18.258,True,
3210850,Hallandsleden Etappen Dranstugan - Gällarpesjön,,nwn,20.831,True,
3210851,Hallandsleden Etappen Gällarpesjön - Åkulla,,nwn,17.297,True,
3236865,Sätra Brunns Elljusspår,,lwn,2.814,False,
3237259,Tjustleden Etapp 7,,nwn,22.216,False,
3238589,Solsidan södra,,lwn,9.042,True,
3247696,"Hälsospåret Ekerö, spår 3",,lwn,7.051,False,
3296960,Brinkslingan,Brinkslingan,lwn,8.262,False,
3296961,Tornbergslingan,Tornbergsslingan,lwn,5.313,True,
3299332,Lugna promenaden i Fisksätra-Saltsjöbaden,,lwn,4.088,False,
3301880,Kynnefjäll strövstig,,lwn,7.423,True,
3319150,Fermansbo urskog vandringsslinga,,lwn,4.403,False,
3319189,Gula stigen,,lwn,8.449,True,
3320917,Harge uddar,,lwn,2.607,False,
3320918,Hargemarken,,lwn,1.604,True,
3322548,Johannisbergs vandringsslinga,,lwn,5.568,False,
3325665,Gruvdammsrundan,,lwn,25.526,False,Q18290254
3325706,Helgonmossrundan,,lwn,4.997,False,
3325978,Tysslingeleden,,lwn,14.77,False,
3326016,Utnäset-Uvviken,,lwn,3.955,True,
3326025,Fagertärn,,lwn,2.901,True,
3326030,Munkastigen etapp 5,,rwn,17.479,True,
3339134,Hjälstaviken,,lwn,8.715,True,
3339778,Billuden,,lwn,4.027,False,
3349166,Hatten vandringsled kort,,lwn,1.547,True,
3353226,,20,nwn,25.367,True,
3363441,Ovansjöleden,,lwn,7.689,False,
3369173,Elljus 2.2,,lwn,2.23,True,
3369174,Elljus 1.3,,lwn,1.299,True,
3369175,"Motion 1,2",,lwn,1.197,True,
3369176,"Motion 1,8",,lwn,1.759,True,
3369217,Äventyrsstigen,,lwn,8.607,False,Q133818370
3369867,Linnéstigarna Danmarksvandringen,,lwn,15.332,False,
3376784,Nävsjön runt,,lwn,2.447,True,
3379776,Skytteholms motionsspår 6.2 km,,lwn,6.272,False,
3379790,Skytteholms motionsspår 3.2km,,lwn,3.546,False,
3379792,Skytteholms naturstig 2.5km,,lwn,2.564,False,
3386953,Bylsjöpromenaden,,lwn,4.972,True,
3386954,Kristinaleden,,rwn,12.569,False,
3392022,Stensbergsleden,,lwn,4.888,False,
3403612,Fornstigen,Fornstigen,lwn,20.713,False,Q31856574
3422575,Vattgruvsmossen,,lwn,3.728,False,
3432163,Fornborgsrundan,,lwn,4.821,True,
3432164,Storskogsrundan,,lwn,7.919,True,
3432165,Urskogsstigen,,lwn,2.24,False,
3482861,Anslutningsleden,,lwn,5.349,True,
3508263,Trolldalen och Vargkitteln,,lwn,5.429,False,
3509856,Björkstigen,,lwn,1.055,True,
3509858,Ekstigen,,lwn,2.851,True,
3509866,Granstigen,,lwn,4.078,True,
3510317,Sättraleden,,lwn,4.061,True,
3558660,Jämtland Triangle - Section 3,,rwn,11.937,True,Q135493532
3558661,Jämtland Triangle - Section 1,,rwn,15.94,True,Q135493514
3558662,Jämtland Triangle - Section 2,SYL41,rwn,18.126,True,Q135493464
3587034,Storulvån - Gåsen sommarled,,rwn,19.653,False,
3587103,Gåsen - Helags sommarled,,rwn,17.131,True,
3587104,Sylarna - Gåsen sommarled,,rwn,17.216,True,
3587106,Sylarna - Nedalshytta Sommarled,SYL2,rwn,17.223,True,
3587117,Gåsen - Vålåstugorna sommarled,,rwn,14.322,True,
3587118,Helags - Vålåstugorna sommarled,,rwn,22.904,True,
3587122,Forsaleden,,rwn,9.411,False,
3587397,Anaris - Lunndörren sommarled,,rwn,17.229,True,
3587398,Höglekardalen - Anaris sommarled,,rwn,25.918,True,
3587400,Lunndörren - Vålåstugorna sommarled,,rwn,16.03,True,
3587402,Tossåsen - Lunndörren sommarled,,rwn,21.011,True,
3587403,Vallbo - Lunndörren sommarled,,rwn,12.594,True,
3587405,Vålådalen - Lunndörren sommarled,,rwn,12.103,False,
3596143,Kyrkstenen,,lwn,5.855,True,
3596144,Stensdalen - Gåsen sommarled,,rwn,14.418,True,
3596145,Vålådalen - Stensdalen sommarled,,rwn,13.773,False,
3596146,Vålådalen - Vålåstugorna sommarled,,rwn,18.498,False,
3596179,Jämtlandsleden - Stage 4,,rwn,16.2,True,Q135493565
3596242,Östbergets elljusspår,,lwn,2.199,True,
3661035,Vandringsleder Billingen,,lwn,6.835,False,
3664420,Mönsteråsleden,,rwn,76.263,False,
3673812,Tinneröstigen,Tinneröstigen,lwn,11.99,False,
3687000,,,lwn,1.787,True,
3687228,Ringsbergsleden,Orange,rwn,12.129,False,
3690159,"Sörmlandsleden, etapp 34",34,nwn,12.417,False,Q115097056
3690246,"Sörmlandsleden, etapp 33",33,nwn,8.181,False,Q115097053
3692978,"Sörmlandsleden, etapp 32",32,nwn,12.223,False,Q115097052
3693024,"Sörmlandsleden, etapp 31",31,nwn,9.612,True,Q115097050
3696285,"Sörmlandsleden, etapp 35",35,nwn,12.079,False,
3696286,"Sörmlandsleden, etapp 35:1",35:1,nwn,7.326,False,
3696287,"Sörmlandsleden, etapp 36:1",36:1,nwn,8.482,False,
3696288,"Sörmlandsleden, etapp 36:2",36:2,nwn,10.694,False,Q115097060
3696289,"Sörmlandsleden, etapp 36:3",36:3,nwn,6.184,False,
3696304,"Sörmlandsleden, etapp 44",44,nwn,12.151,False,
3696342,"Sörmlandsleden, etapp 33:1",33:1,nwn,3.811,True,Q115097054
3707285,Hårsbäcksdalen,,lwn,3.98,False,
3709815,Booleden,,lwn,13.004,False,
3712018,Eljusspår - Harbro,,lwn,2.844,True,
3712019,Elljusspår vit/röd,Elljusspår vit/röd,lwn,1.78,False,
3715773,Blå leden,,lwn,1.612,True,
3724784,Kopparstigen Naturstig vid Kratte masugn,,,2.341,False,
3725437,Röd-vita spåret Hjortgården 6.0km,,lwn,6.143,True,
3725438,Potatisleden,,lwn,13.183,False,
3725439,Vildmarksspåret Hjortgården 10km,,lwn,10.225,True,
3733974,Kyrkleden,,lwn,18.466,False,
3745977,Ängsö vandringsleder,,lwn,25.714,False,
3752003,Blanktjärnsrundan,283,lwn,12.09,True,
3756371,Öbacken-Bränninge Vandringsslinga,,,1.715,True,
3767522,Dalkarlsvägen etapp 2,,nwn,17.164,True,
3767860,Dalkarlsvägen etapp 1a,,nwn,28.971,True,
3768467,"Dalkarlsvägen etapp 12, 2014 Yngves val",,nwn,6.802,False,
3780138,Adelsö Vandingsled,,rwn,18.703,False,Q31856627
3804845,Puttbopromenaden,5,lwn,2.382,False,
3805360,Intervallbana 520 m,,lwn,0.505,True,
3806515,"Sörmlandsleden, etapp 15",15,nwn,10.306,False,Q115097014
3806516,"Sörmlandsleden, etapp 16",16,nwn,10.046,False,
3806868,"Sörmlandsleden, etapp 15:1",15:1,nwn,6.173,True,
3806869,"Sörmlandsleden, etapp 15:2",15:2,nwn,3.592,True,Q115097016
3808507,Fornborgsrundan,FBR,lwn,5.34,False,
3808599,"Sörmlandsleden, etapp 44:2",44:2,nwn,6.314,True,
3808981,"Sörmlandsleden, etapp 14",14,nwn,6.378,True,Q115097013
3819316,Gyllenhielmska Leden,GHL,lcn,22.804,False,Q59915395
3821812,Stora promenaden,7,lwn,12.599,False,
3821815,"Sörmlandsleden, etapp 36",36,nwn,10.175,False,Q115097058
3821822,"Sörmlandsleden, etapp 37",37,nwn,5.935,True,
3822242,"Sörmlandsleden, etapp 38",38,nwn,6.717,True,
3822358,"Sörmlandsleden, etapp 39",39,nwn,5.795,True,
3822587,"Sörmlandsleden, etapp 40",40,nwn,3.427,True,
3822709,"Sörmlandsleden, etapp 41",41,nwn,5.462,False,
3827419,Krondikspromenaden,2,lwn,3.306,False,
3850237,Skatan 15 km,,lwn,14.857,False,
3851514,Grönfinken 10 km,,lwn,10.114,True,
3851515,Gulsparven 5km,,lwn,4.927,False,
3854541,"Sörmlandsleden, etapp 21",21,nwn,10.629,False,
3854542,"Sörmlandsleden, etapp 22",22,nwn,16.347,False,
3858412,Eldgarnsö vandringsled,,rwn,6.568,False,Q113989439
3860461,Enåleden,,lwn,4.569,False,
3870287,"Sörmlandsleden, etapp 17",17,nwn,5.872,True,Q115097019
3873081,,,lwn,5.273,True,
3876453,Munkastigen etapp 2,,rwn,20.909,False,
3876477,Munkastigen etapp 1,,rwn,15.032,True,
3876665,Holleden,,Vandra i Sjuhärad,13.664,False,
3878761,Bruksleden etapp 26,,nwn,4.594,True,
3878804,Bruksleden etapp 25,,nwn,12.724,True,
3878821,Bruksleden etapp 24,,nwn,5.089,True,
3885869,Ösbyrundan,Ösbyrundan,lwn,4.309,True,
3889324,Midnattssolstigen,,lwn,4.049,False,
3889886,Bruksleden etapp 23,,nwn,8.792,True,
3892999,"Frösåker Grön slinga 6,5 km",,lwn,6.91,True,
3893002,Frösåker Gul slinga 4 km,,lwn,4.889,True,
3893004,"Frösåker Röd slinga 2,5 km",,lwn,2.874,True,
3906236,Blå leden,,rwn,37.161,True,Q10431678
3924910,"Sörmlandsleden, etapp 28",28,nwn,9.969,False,
3925149,"Sörmlandsleden, etapp 27",27,nwn,15.3,False,
3925355,"Sörmlandsleden, etapp 25",25,nwn,8.707,False,
3925356,"Sörmlandsleden, etapp 26",26,nwn,8.397,False,
3925407,"Sörmlandsleden, etapp 24",24,nwn,16.333,True,
3925449,"Sörmlandsleden, etapp 23",23,nwn,11.673,False,
3937624,Tjurlångsleden,,lwn,10.714,False,
3939499,Fjällmaratonleden,,lwn,42.391,False,
3947966,Vildmarksleden (Bjursås),,lwn,34.544,True,
3967743,"Sörmlandsleden, etapp 9",9,nwn,8.258,False,
3968640,Ostkustleden Etapp 2 Nynäs Lönnhult,2,nwn,21.625,True,
3968713,Ostkustleden Etapp 3 Lönnhult - Krokstorp,3,nwn,20.952,False,
3970669,Sjöstigen,,lwn,1.332,False,
3970670,Stenstigen,,lwn,0.833,True,
3999713,"Upplandsleden, etapp 30",30,nwn,9.483,True,
3999727,"Upplandsleden, etapp 31",31,nwn,6.682,True,
3999730,Skoklosterslingan,31:1,nwn,14.568,True,
4001233,"Naturstig, Björnön",,lwn,2.171,True,
4009750,Malingsbo-Klotenrundan,,rwn,45.375,False,
4013767,"Hälsospåret Ekerö, spår 2",,lwn,2.399,False,
4063925,Malmvägen,,lwn,2.633,False,
4072741,Högforsleden,,lwn,7.558,False,
4074407,Upplandsleden Etapp 17 Älvkarleby-Långhäll,17,nwn,6.986,True,
4121981,Veda-slingan,,,0.272,True,
4173881,Trollstigen,212,lwn,1.411,True,
4174694,Hallandsleden Etappen Varberg - Åkulla,,nwn,22.078,True,
4174979,Hallandsleden Etappen Blåvättnerna - Stensjön,,nwn,10.861,True,
4175922,Hallandsleden Etappen Kogstorp - Kärnebygd,,nwn,18.344,True,
4175923,Hallandsleden Etappen Åkulla - Kogstorp,,nwn,11.244,True,
4176422,,218,lwn,6.525,False,
4176438,Sjuhäradsleden Etapp 3,,rwn,10.117,True,
4176439,Sjuhäradsleden Etapp 4,,rwn,13.129,True,
4177360,Sjuhäradsleden Etapp 5,,rwn,19.401,True,
4180147,Totthummeln runt,213,lwn,3.979,False,
4183384,,201,lwn,4.325,False,
4183385,Mångån,,lwn,6.42,False,
4189139,Rundslinga Ånnaboda - Suttarboda,,lwn,12.957,False,
4189148,Rundslinga Blankhult,,lwn,9.752,True,
4189517,Dackeleden,,rwn,86.48,False,
4193040,Rundslinga Amboberget (Bergslagsleden),,rwn,12.34,False,
4193086,Stenhuggarmon,,,12.957,False,
4193261,Rundslinga Digerberget,,lwn,9.984,True,
4219135,Hallandsleden Etappen Eseredssjön - Långesjön,,nwn,19.89,False,
4228445,"European Long distance path E1 - Sweden, Norrbottens län (north)",E1,iwn,61.559,True,
4253509,Jaktstugeskogen vandringsled,,lwn,0.684,True,
4268955,"Skåneleden 5, Etapp 5: Höganäs-Domsten",5,nwn,9.804,True,
4268956,"Skåneleden 5, Etapp 6: Domsten-Helsingborg",6,nwn,12.036,True,
4269943,"Skåneleden 5, Etapp 7: Helsingborg-Rydebäck",7,nwn,15.522,True,
4271363,"Skåneleden 5, Etapp 8: Rydebäck – Landskrona",8,nwn,12.626,True,
4271364,"Skåneleden 5, Etapp 9: Landskrona – Järavallen",9,nwn,15.439,True,
4276004,Svartsjöleden,,rwn,5.524,False,
4281529,Etapp 12: Timan – Rebbetuaröd,12,nwn,21.916,True,
4281530,Etapp 13: Rebbetuaröd – Agusa,13,nwn,6.569,True,
4281531,Etapp 14: Agusa - Brösarp,14,nwn,15.368,True,
4284092,,21,nwn,8.783,True,
4288445,"Skåneleden 1, Etapp 3: Östafors-Bökestad",3,nwn,9.203,True,
4290184,"Skåneleden 1, Etapp 4: Bökestad-Brotorpet",4,nwn,12.637,True,
4308670,"Skåneleden 1, Etapp 5: Brotorpet-Vesslarp",5,nwn,12.675,True,
4308671,"Skåneleden 1, Etapp 6: Vesslarp-Glimåkra",6,nwn,18.919,True,
4308672,"Skåneleden 1, Etapp 6A: Breanäsleden",6A,nwn,23.766,False,
4427277,"Skåneleden 1, Etapp 7: Glimåkra-Osby",7,nwn,18.285,True,
4427278,"Skåneleden 1, Etapp 8: Osby-Verum",8,nwn,23.678,True,
4430374,"Skåneleden 1, Etapp 11: Hårsjö-Lärkesholm",11,nwn,19.654,True,
4430433,"Skåneleden 1, Etapp 12: Lärkesholm-Bjärabygget",12,nwn,12.181,True,
4430434,"Skåneleden 1, Etapp 12A: Lärkesholm-Grytåsa",12A,nwn,16.7,True,
4430435,"Skåneleden 1, Etapp 13: Bjärabygget-Koarp",13,nwn,18.166,True,
4430436,"Skåneleden 1, Etapp 14: Koarp-Brammarp",14,nwn,18.711,True,
4430554,"Skåneleden 1, Etapp 15: Brammarp-Båstad",15,nwn,11.286,True,
4430555,"Skåneleden 1, Etapp 16: Båstad-Hovs Hallar",16,nwn,14.26,True,
4430857,"Skåneleden 1, Etapp 18: Torekov-Vejbystrand",18,nwn,19.901,True,
4433575,"Skåneleden 1, Etapp 19: Vejbystrand-Hålehall",19,nwn,8.804,True,
4433576,"Skåneleden 1, Etapp 20: Hålehall-Örlid",20,nwn,8.606,True,
4435445,,1,nwn,6.696,True,
4435446,,2,nwn,10.012,True,
4435447,"Skåneleden 2, Etapp 3: Vedema-Hässleholm",3,nwn,21.929,True,
4435448,"Skåneleden 2, Etapp 4B: Hovdala-Skyrup",4B,nwn,18.497,True,
4456279,Rävstensstigen,,rwn,3.271,False,
4456289,Strandrundan,,rwn,1.758,True,
4457625,Skogsrundan,,rwn,3.246,False,
4486898,Bohusleden - Etapp 26 Krogstrand - Högstad,26,nwn,13.507,True,
4487258,Bohusleden - Etapp 25 Håvedalen - Krogstrand,25,nwn,10.395,True,
4487796,Bohusleden - Etapp 24 Vassbotten - Håvedalen,24,nwn,20.017,True,
4489478,Bohusleden - Etapp 16 Kaserna - Borgmästarebruket,16,nwn,6.112,True,
4489940,Bohusleden - Etapp 15 Metsjö - Kaserna,15,nwn,16.58,True,
4490199,Bohusleden - Etapp 14 Bjursjön - Metsjö,14,nwn,13.207,True,
4492787,Bohusleden - Etapp 17 Borgmästarebruket - Kyrkoryr,17,nwn,11.306,True,
4492797,Bohusleden - Etapp 18 Kyrkoryr - Kynnefjälls natur,18,nwn,9.911,True,
4492852,Bohusleden - Etapp 19 Kynnefjälls natur - Vaktarekullen,19,nwn,16.287,True,
4492886,Bohusleden - Etapp 20 Vaktarekullen - Flötemarksön,20,nwn,12.589,True,
4493075,Bohusleden - Etapp 21 Flötemarksön - Porsås,21,nwn,4.473,True,
4493088,Bohusleden - Etapp 22 Porsås - Nornäs,22,nwn,7.092,True,
4493102,Bohusleden - Etapp 23 Nornäs - Vassbotten,23,nwn,13.851,True,
4503723,"European Long distance path E1 - Norway, Hedmark",E1,iwn,100.708,True,
4547950,Ulvsundarundan,,lwn,11.254,False,
4566625,Hässelbystråket,,lwn,18.796,False,Q24668281
4569466,Vällingbystråket,,lwn,16.849,False,Q26253658
4570739,Spångastråket,,lwn,16.172,False,Q26713669
4575291,"Skåneleden 2, Etapp 16: Sturup-Eksholmssjön",16,nwn,6.454,True,
4575292,,16,nwn,2.089,True,
4575293,"Skåneleden 2, Etapp 4: Hässleholm-Göingeåsen",4,nwn,11.761,True,
4576654,"Skåneleden 2, Etapp 17: Eksholmssjön-Torup",17,nwn,9.235,True,
4576655,"Skåneleden 2, Etapp 18: Torup-Malmö Bulltofta",18,nwn,14.054,True,
4589056,Hjulstastråket,,lwn,17.609,False,Q26712070
4591568,Akallastråket,,lwn,16.953,False,Q26712024
4592776,Sollentunastråket,,lwn,18.731,False,Q26713067
4596687,Muddusleden,,rwn,66.17,False,
4597177,Mörbystråket,,lwn,12.204,False,Q26712111
4597346,Näsbyparkstråket,,lwn,21.272,False,Q26713099
4631287,Kärsöns röda stig 5.5 km,,lwn,6.155,False,
4631347,Kärsöns gula stig 5 km,,lwn,5.057,True,
4636556,Sånga-Säby elljusspår 1.7 km,,,1.828,True,
4636559,Sånga-Säby motionsspår 2.8 km,,lwn,3.032,True,
4636599,Stenhamra elljusspår 2.5 km,,,2.49,True,
4640330,Svanängens motionsspår 1.5 km,,,1.323,True,
4640339,Anslutningsstigar mellan Rävstensstigen och Strandrundan,,rwn,1.331,False,
4671617,Norra Lidingöstråket,,lwn,16.979,False,Q26713140
4672339,Södra Lidingöstråket,,lwn,18.706,False,Q26713632
4673896,Djurgårdsstråket,,lwn,7.761,False,Q26712050
4673919,Nackastråket,,lwn,9.037,False,Q26713107
4674053,Saltsjö-Duvnässtråket,,lwn,10.148,False,Q26713653
4715112,Skarpnäckstråket,,lwn,9.562,False,Q26713087
4715163,Farstastråket,,lwn,12.085,False,Q26713127
4763872,High Voltage Valley Walk,,lwn,4.58,False,
4767777,Ostkustleden Etapp 4 Krokstorp - Mörtfors,4,nwn,16.361,True,
4767778,Ostkustleden Etapp 5 Mörtfors - Stjärneberg,5,nwn,18.541,False,
4767779,Tjustleden Etapp 1,,nwn,19.876,False,
4767947,Ostkustleden Etapp 6 Stjärneberg - Lilla Laxemar,6,nwn,18.524,True,
4768025,Ostkustleden Etapp 7 Lilla Laxemar - Hedvigsberg,7,nwn,21.662,True,
4768185,Ostkustleden Etapp 8 Hedvigsberg - Lilla Hycklinge,8,nwn,16.779,True,
4785952,Elljusspår Norra Fjället,,lwn,2.587,True,
4801450,Sällsjöfjället runt,,rwn,5.353,True,
4813849,Upplandsleden Stockholms län etapp 1,1,nwn,18.496,False,
4816868,Upplandsleden Stockholms län etapp 2,2,nwn,23.119,True,
4817129,Upplandsleden Stockholms län etapp 3,3,nwn,15.398,True,
4817526,Upplandsleden Stockholms län etapp 4,4,nwn,8.338,True,
4849010,Hagsätrastråket,,lwn,12.112,False,Q26713643
4855946,Lumsås/Lumsbackenslingan,,lwn,8.081,False,
4857703,Gärdsjöbosmedjan,,lwn,4.126,False,
5147566,Hedlandsleden,,lwn,9.386,False,
5148191,Kättsätterleden,,lwn,4.325,True,
5149198,Forn- och naturstigen vid Täby prästgård,,lwn,3.375,False,
5163188,,,lwn,2.478,True,
5163189,Blå,,lwn,2.099,False,
5163190,Röd,,lwn,2.478,True,
5163191,Gul,,lwn,4.873,False,
5204678,Ursvik 15 km Xtreme,,lwn,15.114,True,
5240421,Silverleden,,rwn,62.847,False,
5252893,Lila 10 km,,lcn,10.083,True,
5253693,"2,5 km",,,2.429,True,
5253694,5 km,,,4.94,True,
5256991,Ändsjön runt,,lwn,2.649,True,
5263700,Motionsspår röd 12 km,,lwn,12.163,False,
5275469,Mårtens och Kullens kyrkstigar,,rwn,7.267,False,
5276741,Gul 5 km,,lwn,4.691,False,
5276742,"Grön 2,5 km",,lwn,2.455,True,
5276743,"Röd 2,5 km",,lwn,2.323,True,
5276744,"Blå 1,5 km",,lwn,1.461,False,
5279829,"Sörmlandsleden, etapp 60",60,nwn,7.315,True,
5279830,"Sörmlandsleden, etapp 61",61,nwn,5.384,True,
5280050,"Sörmlandsleden, etapp 59",59,nwn,9.471,False,Q115097096
5291719,Ormdalsslingan,,lwn,5.771,False,
5293412,Himlastigen,,lwn,3.768,False,
5307674,Storgräftån - Arådalen,,lwn,18.064,True,
5319596,Långåsleden,,lwn,5.919,False,
5357076,Fjällastigen,,lwn,9.652,False,
5359506,"Skåneleden 5, Etapp 4: Mölle-Högenäs",4,nwn,10.78,True,
5359934,"Skåneleden 5, Etapp 3: Arild-Mölle",3,nwn,16.038,True,
5360846,Sunnansjö elljusspår,,lwn,2.245,False,
5361670,"Skåneleden 5, Etapp 2: Jonstorp-Arlid",2,nwn,10.213,True,
5362755,"Skåneleden 5, Etapp 1: Utvälinge-Jonstorp",1,nwn,10.916,True,
5371776,Gruvvandringen i Kônsta,,lwn,1.545,False,
5379024,Härsnäsrundan,,lwn,4.238,True,
5383269,Fäbodleden,,lwn,26.018,False,
5392974,Vilseleden,,lwn,37.665,False,
5395645,,,lwn,1.484,True,
5403844,Istids-spåret,,lwn,3.074,True,
5407359,Nordkoster Orange slinga,,lwn,4.808,False,
5407364,Nordkoster Vit slinga,,lwn,4.508,False,
5407371,Vandringsled Långagärde - Ekenäs,,lwn,3.878,False,
5407373,Vandringsled Långagärde - Brevik - Ekenäs,,lwn,7.471,False,
5407381,Vandringsled Kilesand - Långevik,,lwn,4.719,False,
5413091,Vandringsled Nibbleskogen,,lwn,2.923,False,
5413098,Vandringsled Duvhällarna,,lwn,4.616,True,
5415724,Bråtaneleden,,lwn,5.246,True,
5420443,Långa Myrslingan,,lwn,3.132,False,
5420446,Hamraleden,,lcn,11.212,False,
5420452,Myrslingan,,lcn,1.971,True,
5420455,Urskogslingan,,lwn,2.502,True,
5428428,Svanesunds färjeläge - Kyrkeröd,,lwn,16.236,False,
5429352,Vandringsled Kvarnskogen,,lwn,5.76,True,
5444880,Bergastigen,,lwn,5.728,False,
5447840,"Sörmlandsleden, etapp 20",20,nwn,6.018,False,Q115097022
5456388,Karl XII:s väg,,lwn,16.592,False,
5459506,,,lwn,1.586,True,
5461651,Halgåleden,,lwn,8.288,False,
5462063,Brunnsbackaleden,,lwn,8.668,False,
5465604,Guldtur 17: Svansjön mot Bolagen/Vigeln,,lwn,2.411,True,
5471675,Bökebacksslingan,,lwn,0.605,True,
5471676,Kroppekärrsrundan,,lwn,2.297,True,
5471677,Skryllestigen,,lwn,3.533,True,
5477142,"Enbart promenader 4,5 km",,lwn,4.443,True,
5483161,Rämsbergsleden,,lwn,4.666,True,
5483425,Västra granbergsleden,,lwn,8.308,True,
5502620,Kulturstigen Klutenhamn,,lwn,4.557,True,
5505369,Hjortgården Röda Spåret 6.7 km,,lwn,6.605,True,
5515923,Lilla kanalslingan,,lwn,2.209,True,
5515933,Säterboleden,,lwn,7.459,True,
5515955,Naturstig till Finnhäll,,lwn,3.245,True,
5515957,Naturstig till Hjälmarshällen,,lwn,4.078,True,
5516168,Malö strömmar (Ängön) - Grundsund,Kuststigen,rwn,32.465,False,
5537920,Tjustleden Etapp 8,,nwn,28.113,False,
5539138,Lexbybergen Grönvit,,lwn,6.955,True,
5547525,Gålsjön och Kalkugnsberget vandringsled,,lwn,4.151,False,
5547542,Stengärdet vandringsslinga,,lwn,1.867,True,
5557524,Olpers Fäbodstig,14,lwn,1.65,True,
5573346,Knivsta elljuspår,,lw,2.55,True,
5573535,Klotsjörundan,,lwn,2.962,False,
5573540,Kyrkstigen Nyfors-Malingsbo,,lwn,10.644,False,
5573541,Gräsbergsrundan,,lwn,6.887,True,
5573577,Lustigkulle-Rågåstjärns vandringsstigar,,lwn,8.008,False,
5575941,Bälinge elljusspår,,lwn,1.852,True,
5576795,Kyrkeröd - Malö strömmar,,lwn,20.737,False,
5594353,Skiren-Kvicken Gul slinga,,lwn,1.288,True,
5594354,Skiren-Kvicken Orange slinga,,lwn,2.476,True,
5599309,Hallandsleden Etappen Sandsjön - Kvarnforsen - Gyltige,,nwn,30.457,True,
5604178,Hallandsleden Etappen Kärnebygd - Eseredssjön,,nwn,12.321,True,
5604821,Sjuhäradsleden Etapp 1,,rwn,13.669,True,
5604822,Sjuhäradsleden Etapp 2,,rwn,9.332,True,
5607240,Sjuhäradsleden Etapp 10,,rwn,21.576,True,
5607241,Sjuhäradsleden Etapp 6,,rwn,19.725,True,
5607242,Sjuhäradsleden Etapp 7,,rwn,11.589,True,
5607243,Sjuhäradsleden Etapp 8,,rwn,15.059,True,
5607244,Sjuhäradsleden Etapp 9,,rwn,11.44,True,
5613711,Östbergets naturstig,,rwn,2.401,True,
5614073,Råssbyn - Ljungskile,,rwn,9.062,False,
5615004,Malö strömmar - Ängöleden,,rwn,9.542,False,
5617737,Älgstigen,,lwn,12.841,True,
5622263,Munkeviksleden,,lwn,1.726,True,
5630089,10 km,,lwn,9.749,True,
5630090,2 km,,lwn,1.836,True,
5630091,3 km,,lwn,2.865,True,
5638416,Gladhammersleden blå,,lwn,9.256,False,
5649395,Ingegerdsleden Etapp 2: Kista kyrka - Eds kyrka,,nwn,18.616,False,
5655292,"Sörmlandsleden, etapp 62",62,nwn,7.445,True,
5656471,Stampmossen och Magsjötorp vandringsslinga,,lwn,2.53,False,
5656490,Stånggångsleden,,lwn,5.274,False,
5656512,Marviksleden,,lwn,6.456,False,
5662605,Ingegerdsleden Etapp 3: Eds kyrka - Rosersbergs slott,,nwn,15.851,False,
5662890,Ingegerdsleden Etapp 4: Rosersbergs slott - Sigtuna,,nwn,15.164,False,
5664208,Ingegerdsleden Etapp 5: Sigtuna - Odensala,,nwn,13.232,False,
5664244,Ingegerdsleden Etapp 6: Odensala - Alsike kyrka,,nwn,22.373,False,
5664980,Ingegerdsleden Etapp 7: Alsike - Sunnersta - Uppsala,,nwn,22.245,False,
5671420,Stenhuggarstigen,,lwn,3.007,False,
5678755,Aggerudsspåret,,lwn,2.776,True,
5681711,Ingegerdsleden Etapp 1: Storkyrkan - Ulriksdal - Kista,,nwn,25.409,False,
5722217,Kyrkobyn Dala Blå,,lwn,2.958,True,
5736379,"Skåneleden 2, Etapp 21: Torup - Fru Alstad",21,nwn,17.564,True,
5740122,Klockaretorpsleden,,lwn,2.954,True,
5740123,,,lwn,4.129,True,
5753708,Fiby urskog,,,2.862,False,
5753709,Röbo elljusspår,,lwn,2.133,True,
5807739,Huddingestråket,,lwn,15.264,False,Q26712086
5808666,Fruängenstråket,,lwn,11.036,False,Q26713118
5810719,Norsborgsstråket,,lwn,24.476,False,Q26712121
5829556,Birgittaleden Etapp 4: Vreta klosters kyrka - Björkhällakyrkan,,rwn,21.734,True,
5830574,Birgittaleden Etapp 5: Björkhällakyrkan - Ekebyborna kyrka,,rwn,11.003,True,
5831148,Birgittaleden Etapp 6: Ekebyborna kyrka - Motala kyrka,,rwn,11.337,False,
5846465,Kyrkobyn Dala Röd,,lwn,7.535,False,
5846518,Hagryd Dala Grön,,lwn,2.579,True,
5846519,Hagryd Dala Blå,,lwn,6.105,True,
5896149,3 km,Gul/Vit,,2.958,True,
5903365,3 km,3 km,lwn,3.325,True,
5903379,6 km,6km,lwn,6.02,False,
5910638,Gagnefs fäbodstigar,,lwn,429.28,False,Q28912686
5914816,Skogsfemman,SF,lwn,4.793,False,
5947731,Tunarundan,,lwn,1.864,False,
5951612,Kullabergs strövområde,,lwn,2.304,True,
5963054,Skolleden,Skolleden,lwn,4.476,True,Q10670464
5973832,Huddingeleden (1),Huddingeleden (1),rwn,20.756,False,
5974260,Tallskogsleden,,lwn,1.869,True,
5982742,Huddingeleden (2),Huddingeleden (2),rwn,11.295,False,
5988012,Huddingeleden (3),Huddingeleden (3),rwn,17.546,False,
5994309,Huddingeleden (4),Huddingeleden (4),rwn,9.208,False,
6000991,Huddingeleden (6),Huddingeleden (6),rwn,8.691,False,
6001064,Huddingeleden (5),Huddingeleden (5),rwn,6.108,True,
6003137,Huddingeleden (7),Huddingeleden (7),rwn,13.726,True,
6010731,Sotar Blixt-leden,,lwn,10.655,True,
6041121,Gallbergsleden,,lwn,4.699,True,
6041194,Svalemålaleden,,lwn,5.691,False,
6060128,,FSK1,rwn,10.511,False,
6060793,,FSK4,rwn,19.776,False,
6060794,,FSK4A,rwn,24.365,False,
6060795,,FSK5,rwn,4.913,False,
6062452,,FSK6,rwn,4.008,True,
6064528,,FSK13,rwn,16.576,True,
6064580,,FSK20,rwn,6.649,False,
6065280,,FSK27,rwn,7.707,False,
6065281,,FSK23,rwn,11.189,True,
6065422,,FSK22,rwn,6.969,True,
6065628,,FSK24,rwn,0.0,False,
6065629,,FSK25,rwn,0.0,False,
6065630,,FSK26,rwn,0.0,False,
6065631,,FSK27,rwn,6.216,False,
6065632,,FSK28,rwn,3.723,True,
6065633,,FSK29,rwn,4.291,True,
6067833,Grönabur Blå,,lcn,3.985,False,
6067834,Grönabur Gul,,lcn,5.304,True,
6069251,,FSK59,rwn,13.201,False,
6072351,,FSK87,rwn,24.314,False,
6072352,,FSK88,rwn,4.832,True,
6073382,,FSK105,rwn,20.166,False,
6073591,,FSK108,rwn,8.339,False,
6073592,,FSK109,rwn,20.277,True,
6073599,,FSK111,rwn,11.422,True,
6073616,,FSK113,rwn,2.604,False,
6074322,,FSK114,rwn,21.827,False,
6074323,,FSK115,rwn,18.131,True,
6074324,,FSK116,rwn,1.923,True,
6074325,,FSK117,rwn,0.0,False,
6088789,,,lwn,1.318,True,
6123072,,FEM12,rwn,17.124,False,
6123087,,FEM9,rwn,28.155,False,
6123272,,FEM55,rwn,24.612,False,
6123273,,FEM14,rwn,24.082,False,
6123321,,FEM17,rwn,9.707,False,
6123322,,FEM18,rwn,10.857,False,
6123323,,FEM19,rwn,10.8,False,
6123665,,FEM23,rwn,22.834,True,
6123684,,FEM24,rwn,20.58,True,
6124616,Östgötaleden: Långa Längan - Lövsjön,Östgötaleden,nwn,8.466,False,Q10728210
6124617,Östgötaleden: Lövsjön - Säter,Östgötaleden,nwn,16.507,False,Q10728210
6124868,Göljestigen,,lwn,5.183,True,
6126515,Östgötaleden: Halsbråten - Långa Längan,Östgötaleden,nwn,6.162,True,Q10728210
6127482,Östgötaleden: Hjälmarsösjö-Stora Älgsjön-Oscarshäll,Östgötaleden,nwn,6.297,True,Q10728210
6127483,Östgötaleden: Hjälmarsösjö-Torskär,Östgötaleden,nwn,8.806,False,Q10728210
6127484,Östgötaleden: Mela - Halsbråten,Östgötaleden,nwn,14.814,False,Q10728210
6130388,,FEM38,rwn,23.255,False,
6130613,,FEM44,rwn,11.806,False,
6130614,,FEM45,rwn,9.303,True,
6130634,,FEM50,rwn,20.229,True,
6133226,,SYL3,rwn,17.581,True,
6133227,,SYL4,rwn,10.617,True,
6133275,,SYL5,rwn,24.987,True,
6133276,,SYL6,rwn,16.513,False,
6133301,,SYL7,rwn,23.258,False,
6133676,,SYL9,rwn,18.742,False,
6138903,,SYL32,rwn,22.766,False,
6141779,,SYL37,rwn,12.134,False,
6141793,,SYL39,rwn,0.0,False,
6141819,,SYL44,rwn,39.735,False,
6141820,,SYL45,rwn,40.896,False,
6141821,,SYL46,rwn,21.805,False,
6142174,,SYL49,rwn,1.779,False,
6147412,Bodalsvikenleden,,rwn,4.129,True,
6147470,Orshöjdsleden,,rwn,6.489,True,
6147696,Mantorpsskogen 4 km,,lwn,4.255,True,
6147900,,OST8,rwn,53.29,False,
6148045,Hund- och pulkaspår,,lwn,3.635,True,
6148050,Motionsspår 5 km,,lwn,4.896,True,
6158025,Sjöängsrundan,,lwn,3.118,True,
6166145,Kvarnbergsleden,,lwn,3.222,False,
6169252,Rundslinga Råmossen,,lwn,2.793,True,
6171838,Sjöslingan,,lwn,1.342,False,
6173388,Järnleden,,lwn,28.82,True,
6181874,Flyktningeruta,,rwn,65.528,False,
6196368,Tunaåleden,,lwn,6.842,False,
6199054,STF-slingan,,lwn,1.452,True,
6202319,Tjustleden etapp 8 a,,nwn,6.517,True,
6202365,Holmsjöleden,,lwn,8.787,True,
6204339,"Motionsspår 2,5 km",,lwn,1.117,True,
6204348,Motionsspår 5 km,,lwn,2.383,True,
6214463,Röda slingan,,lwn,2.384,True,
6214481,Tillgänglig stig,,lwn,1.306,False,
6214482,Gula slingan,,lwn,4.285,False,
6214483,Blå slingan,,lwn,7.494,False,
6235867,Spåret runt Kvarntorpshögen - 2.6 km,,lwn,2.627,True,
6255764,Storbäcksleden,,lwn,4.62,True,
6259255,,SUL10,rwn,13.43,False,
6261323,,SUL18,rwn,11.312,False,
6261324,,SUL19,rwn,9.582,True,
6261388,Nordkalottruta Etapp 41: Sårjåsjaurestugan - Sorjushytta,SUL22,rwn,12.098,True,Q134270754
6261389,Nordkalottruta Etapp 40: Staddajåkkåstugorna - Sårjåsjaurestugan,SUL23,rwn,5.578,True,Q134270753
6261460,,SUL26,rwn,1.621,True,
6261461,,SUL27,rwn,0.12,True,
6261462,Nordkalottruta Etapp 39: Stáloluokta - Staddajåkkåstugorna,SUL28,rwn,11.883,True,Q134270752
6261463,Nordkalottruta Etapp 38: Arasluokta - Stáloluokta,SUL29,rwn,10.174,True,Q134270750
6261464,Nordkalottruta Etapp 37: Låddejåkkå - Arasluokta,SUL30,rwn,13.057,True,Q134270749
6261465,Nordkalottruta Etapp 36: Kutjaurestugan - Låddejåkkå,SUL31,rwn,17.146,True,Q134270746
6261466,Nordkalottruta Etapp 35: Vájsáluokta - Kutjaurestugan,SUL32,rwn,16.997,True,Q134270745
6261467,,SUL33,rwn,8.804,True,
6261468,,SUL34,rwn,12.156,False,
6261469,,SUL35,rwn,16.006,False,
6261470,,SUL36,rwn,10.114,False,
6261538,,SUL39,rwn,0.0,False,
6267881,,SAL43,rwn,11.516,True,
6268341,Graddis fjellstue - Guijaurestugan,SAL58,rwn,31.125,True,
6268461,,RAN11,rwn,23.007,True,
6268462,,RAN13,rwn,40.493,False,
6268464,,RAN23,rwn,25.883,False,
6275140,Fäladsrundan,,lwn,3.223,False,
6275141,Risenrundan,,lwn,6.015,False,
6285617,,NAR7,rwn,35.643,False,
6285681,NAR11,NAR11,rwn,5.111,True,
6287084,Nordkalottruta Etapp 28: Hukejaure - Gautelishytta,NAR16,rwn,18.211,True,Q134270736
6287085,Nordkalottruta Etapp 30: Skoaddejávrehytta - Sitashytta,,rwn,19.476,True,Q134270739
6287091,Nordkalottruta Etapp 31: Sitashytta - Paurohytta,NAR18,rwn,21.152,True,Q134270741
6287109,Nordkalottruta Etapp 32: Paurohytta - Røysvatn,NAR20,rwn,27.087,True,Q134270742
6287215,,NAR21,rwn,41.035,False,
6287245,,NAR22,rwn,37.015,False,
6287503,Nordkalottruta Etapp 34: Njallajávrre - Vaisaluokta,NAR26,rwn,30.06,True,Q134270744
6287505,Gränsleden,NAR28,rwn,80.866,False,Q1334456
6289340,,NAR42,rwn,5.756,True,
6289343,,NAR43,rwn,21.735,False,
6289348,,NAR44,rwn,19.582,False,
6289351,Nordkalottruta Etapp 27: Sälka - Hukejaure,NAR45,rwn,21.536,True,Q134270734
6289354,,NAR46,rwn,13.187,False,
6289357,,NAR47,rwn,12.902,True,
6289359,,NAR48,rwn,15.098,True,
6289361,,NAR49,rwn,20.366,True,
6289365,Kungsleden Etapp 1: Abisko - Abiskojaure,NAR50,nwn,13.956,True,Q134269918
6289370,NAR51,NAR51,rwn,22.986,True,
6289463,,NAR52,rwn,7.804,True,
6289464,,NAR53,rwn,28.861,False,
6289466,,NAR54,rwn,28.828,False,
6289566,,NAR60,rwn,13.846,False,
6289568,,TRO23,rwn,2.719,True,
6296800,,TRO29,rwn,20.221,False,
6296801,,TRO30,rwn,35.772,False,
6299533,High Coast Trail - Excursions,,rwn,17.417,False,Q134838076
6301105,,TRO7,rwn,18.775,True,
6301107,Nordkalottruta Etapp 14: Pältsestugan - Rostahytta,TRO9,rwn,18.28,True,Q134270719
6301216,,TRO2,rwn,12.784,False,
6301217,,TRO3,rwn,13.907,False,
6301220,,TRO6,rwn,7.253,False,
6305505,Ängenleden,,lwn,17.562,False,
6313276,,TRO59,rwn,2.917,True,
6313277,,TRO60,rwn,11.2,False,
6317602,Kyrkstigen,,lwn,16.208,False,
6323456,Lövö Runt,,lwn,3.431,True,
6333469,"Skåneleden 2, Etapp 15: Häckeberga-Sturup",15,nwn,10.621,True,
6335589,"Skåneleden 2, Etapp 14: Väderkullen-Häckeberga",14,nwn,7.245,True,
6345305,"Skåneleden 4, Etapp 1: Ystad – Nybrostrand",1,nwn,7.93,True,
6345306,"Skåneleden 4, Etapp 2: Nybrostrand – Löderups strandbad",2,nwn,17.096,True,
6346115,"Skåneleden 4, Etapp 3: Löderups strandbad – Borrby strandbad",3,nwn,11.185,True,
6361973,Historic houses long,231b,lwn,3.704,False,
6361974,Historic houses,231,lwn,1.647,False,
6364675,"Skåneleden 4, Etapp 4: Borrby strandbad - Simrishamn",4,nwn,20.004,True,
6364676,"Skåneleden 4, Etapp 5: Simrishamn – Kivik",5,nwn,20.573,True,
6367031,Röda stigen,,lwn,3.89,True,
6368152,"Skåneleden 4, Etapp 12: Snogeholm – Ystad",12,nwn,24.723,True,
6385695,Linnéstig Ultunavandringen,,lwn,6.184,False,
6386922,"Skåneleden 4, Etapp 10: Lövestads åsar - Vitabäck",10,nwn,12.818,True,
6386923,"Skåneleden 4, Etapp 11: Vitabäck – Snogeholm",11,nwn,9.805,True,
6386924,"Skåneleden 4, Etapp 9: Heinge – Lövestads åsar",9,nwn,5.898,True,
6388426,Vallbo - Anaris,,lwn,18.467,True,
6394969,"Skåneleden 5, Etapp 10: Järavallen - Löddeköpinge",10,nwn,20.643,True,
6397674,"Skåneleden 1, Etapp 10: Vittsjö-Hårsjö",10,nwn,8.163,True,
6411326,Gul tvärstig,,lwn,4.163,False,
6418554,,,lwn,3.492,True,
6418555,,,lwn,10.054,True,
6419179,Linnérundan,Vattenriket,lwn,6.004,False,
6419180,Tivolirundan,,lwn,1.764,True,
6420988,Stolpaleden,Stolpaleden,lwn,2.597,False,
6425786,Pilgrimsleden Husaby-Skara,Pilgrimsleden,rwn,25.681,False,
6436111,Olsjö kyrkstig,,rwn,9.039,True,Q10609371
6437262,Falletleden,,lwn,9.192,True,
6437263,Frykenleden,,lwn,10.075,True,
6447766,Gruvleden,,lwn,7.786,False,
6449343,Åsen Motionsspår,,lwn,2.854,False,
6454544,Frödingsleden,,lwn,5.082,True,
6455485,Älvsjöspåret,Älvsjöspåret,lwn,3.819,False,
6464057,Jaktfalksleden,Fallet runt,lwn,5.534,False,
6464058,Njupeskärsslingan,Njupeskärsslingan,lwn,3.821,False,
6473665,Statarspåret,,lwn,1.55,True,
6488572,Djäknerundan,,lwn,10.616,False,
6489458,Granviksleden,Granviksleden,lwn,5.252,False,
6497109,Stala kyrka – Långelanda kyrka,,rwn,12.026,False,
6497110,Pilgrimsleden Orust,,rwn,57.776,False,
6497194,Tegneby kyrka – Stala kyrka,,rwn,6.659,True,
6519586,"Skåneleden 2, Etapp 10: Hörby Ringsjöstrand-Rövarekulan",10,nwn,11.789,True,
6524953,Tallboda elljusspår,,lwn,2.167,True,
6526338,Dackeleden,,lwn,32.802,False,
6543121,Dalkarlsvägen etapp 3b,,nwn,30.883,True,
6545590,Promenaden,Promenaden,lwn,1.995,False,
6550755,"Domherren 3,5 km",,lwn,3.438,False,
6551051,Elljusspår Gömmaren,Elljusspår Gömmaren,lwn,2.655,False,
6552904,Kalmarsundsleden,,rwn,123.426,False,
6561623,Hökensås 19 km svart/vit,,lcn,18.78,True,
6563968,Hälsoslingan,,lwn,7.757,True,
6566782,Elljusspår Teleborg,white_red,lwn,1.979,True,
6566799,"Fylleryd, slinga VAIS",,lwn,1.55,False,
6566829,"Fylleryd, norra slingan",,lwn,2.143,False,
6566830,"Fylleryd, södra slingan",white_red,lwn,2.038,False,
6566831,"Fylleryd, vitgul",white_yellow,lwn,2.779,False,
6566862,Trestugespåret,black_white,lwn,11.483,False,
6566937,Kvällebergs motionsspår,white_blue,lwn,2.032,True,
6566945,Araby elljusspår,white_red,lwn,2.338,True,
6567461,"Sörmlandsleden, etapp 50",50,nwn,5.72,True,Q115097084
6567468,"Sörmlandsleden, etapp 51",51,nwn,3.473,True,
6567861,"Sörmlandsleden, etapp 55",55,nwn,16.113,True,Q115097091
6568069,"Sörmlandsleden, etapp 54",54,nwn,8.043,True,Q115097090
6571859,Skogsfemman Flemingsbergsskogen,,lwn,5.673,False,
6571869,"Sörmlandsleden, etapp 53",53,nwn,10.03,False,
6574640,Elljusspår Visättra,Elljusspår,lwn,2.537,False,
6574688,Skogsmilen Flemingsbergsskogen,,lwn,9.737,False,
6575005,"Sörmlandsleden, etapp 43",43,nwn,5.958,True,
6575013,"Sörmlandsleden, etapp 42",42,nwn,6.648,True,
6575118,"Sörmlandsleden, etapp 45",45,nwn,8.244,True,Q115097076
6575251,"Sörmlandsleden, etapp 46:1",46:1,nwn,5.243,True,Q115096987
6598131,Järnfyran,,lwn,3.173,False,
6598134,Gruvvandringen,,lwn,4.195,False,
6602939,1km,1km,lwn,0.982,True,
6604448,Gul,Gul,lwn,5.361,False,
6604473,Elljusspår Röd,Elljusspår Röd,lwn,2.283,True,
6606793,Vit / grön Harbro,,lwn,6.549,False,
6607330,Kullerberget,,lwn,1.815,True,
6609261,Långhundra löparspår,,lwn,1.21,True,
6609673,Vagnhärad runt,,lwn,5.841,True,
6615159,Skolleden anslutning,Skolleden ansl,lwn,2.726,False,
6620044,"Sörmlandsleden, etapp 13:1",13:1,nwn,13.248,False,
6621676,"Vagnhärad runt, genväg",,lwn,0.637,True,
6621677,"Vagnhärad runt, genväg",,lwn,1.769,True,
6621678,"Vagnhärad runt, genväg",,lwn,0.547,True,
6628831,Nyckelviken 5:an,,lwn,4.744,False,
6633168,Hellas Barnspåret,,lwn,1.322,True,
6633169,Hellas Gul 5,,lwn,4.54,True,
6634231,Vagnhärad runt,,lwn,8.794,False,
6639787,Naturrunda Brantestad,,lwn,8.771,False,
6659308,Fagersjöskogens elljusspår,Elljusspår,lwn,3.034,True,
6662739,"Ekoparksleden 1,2 km",,lwn,1.195,True,
6693676,Rådslaleden,,lwn,4.548,False,
6693990,Linnéstig - Gamla uppsalavandringen,,lwn,11.394,False,
6741262,Vättlestugan Blå,,lwn,2.619,True,
6741270,Vättlestugan Röd,,lwn,6.227,True,
6741274,Vättlestugan Grön,,lwn,11.06,False,
6757808,Årekärr Norra Grön,,lwn,1.567,True,
6757854,Årekärr Norra Gul,,lwn,5.555,True,
6759244,Årekärr Södra Blå,,lwn,2.611,True,
6759259,Årekärr Södra Grön,,lwn,5.81,True,
6759268,Årekärr Norra Blå,,lwn,2.497,False,
6759283,Årekärr Norra Röd,,lwn,4.687,False,
6795551,Urtid-Istid-Nutid,,lwn,4.782,True,
6796203,Pilgrimsleden i Dalsland,,rwn,110.413,False,Q10631697
6800641,Fornstigen,,lwn,3.621,True,
6800644,Vildmarkstigen,,lwn,8.251,False,Q115007325
6800706,Långås Grön,,lcn,2.876,False,
6800713,Långås Blå,,lcn,3.304,False,
6800715,Långås Röd,,lcn,5.644,False,
6801370,Risvedenspåret,,lwn,18.672,False,
6834307,Kolbottenrundan,,,2.986,True,
6841826,Skogsmilen,Skogsmilen,lwn,10.043,False,
6879014,Hälsans Stig,,lwn,6.529,False,
6886330,Tollare spår,,lwn,2.213,True,
6894495,Grimstaspåret,,lwn,0.827,True,
6894496,Sandaspåret,,lwn,2.032,True,
6902585,Motionsspår Garpeberget,,lwn,2.646,True,
6902641,motionsspår 1.5km,,lwn,1.688,False,
6902642,elljusspår 2.5 km,,lwn,2.382,True,
6905402,Långsjön runt,,lwn,1.444,True,
6905532,"Hellas 1,2",,lwn,1.152,True,
6905533,Kärrtorpsspåret,,lwn,2.809,False,
6906038,Björkhagsspåret,,lwn,3.503,True,
6926641,Bergstien,,lwn,25.54,False,
6935508,"Postleden, etapp 1",01,rwn,13.597,False,
6935831,"Postleden, etapp 2",02,rwn,14.91,False,
6940665,"Postleden, etapp 3",03,rwn,17.448,True,
6940743,"Postleden, etapp 4",04,rwn,14.351,False,
6963487,Fisksjön runt,,lwn,3.011,False,
6992894,Pilgrimsled i Västra Värmland,,rwn,207.203,False,Q10631698
7006286,Hästskostigen,,lwn,4.722,False,
7012963,Gömmarrundan,Gömmarrundan,lwn,3.385,True,Q98709488
7085339,"Elljusspår 1,9km",,lwm,1.806,True,
7085811,Ankarumsslingan Tjustleden,,rwn,11.895,False,
7085813,Tjustleden Etapp 3,,nwn,16.052,False,
7103230,"Tattbymotionsspår 1,3km",,lwn,1.453,True,
7128733,Hälsingeleden,,nwn,320.884,False,Q113961432
7135308,Guldtur 7: Säterturen,158,lwn,4.95,True,
7135347,Guldtur 18: Kariknallsrundan,,lwn,7.027,True,
7135581,Guldtur 12: Anderssjöarna runt,,lwn,22.948,False,
7143582,Velamsund Elljusspår (2.5 km),,lwn,2.325,True,
7159391,Kungsörsleden,,lwn,22.779,False,
7206396,Tillgänglig stig,,lwn,0.184,True,
7206397,Lilla Klåveröd,,lwn,3.837,False,
7206433,"Skåneleden 2, Etapp 5: Göingeåsen-Lillsjödal",5,nwn,12.127,True,
7207459,,,lwn,7.697,True,
7207460,Bändan,,lwn,3.309,True,
7207461,Kungsslingan,,lwn,0.88,True,
7223183,,,lwn,9.971,False,
7223185,,,lwn,5.389,True,
7223187,,,lwn,2.668,False,
7223256,Milspåret,Grön,lwn,9.851,True,
7223257,Naturstig,,lwn,3.142,True,
7226639,Dammsjöåsleden,,lwn,6.593,False,
7236168,5an,,lwn,5.499,False,
7236169,Elljussparet,,lwn,2.411,True,
7238816,Säbybergen vandringsled,,lwn,5.078,False,
7239062,Skäret vandringsled,,,1.513,True,
7241485,I2-skogens vandringsled,I2V,lwn,2.62,False,
7241504,I2-skogens naturstig,I2N,lwn,2.118,False,
7252907,Rättvik-Prästbodarna,,rwn,43.154,False,
7255819,Ingarö motionsspår,,lwn,2.251,True,
7256259,15 km,,lwn,15.126,True,
7273081,"Gul-Vit 5,7 km",,lcn,5.474,True,
7280701,Soteleden Etapp 8 Malmön runt,8,lwn,10.258,True,
7281598,Vandringsled Ekenäs - Kilesand - Brevik,,lwn,8.595,False,
7284081,Sörön Rundslinga,,lcn,2.156,True,
7306554,Trollkyrkorundan,,lwn,4.794,False,
7306658,Trehörningsrundan,,lwn,9.389,False,
7306718,Oxögabergsrundan,,lwn,6.573,True,
7306775,Bergsstigen,,lwn,3.134,True,
7306777,Torpstigen,,lwn,2.346,True,
7320525,Pilgrimsled Hedemora,,lwn,106.61,False,
7322947,Skifsenleden (Fredriksbergs Hembygdsgård),,lwn,22.326,True,
7329382,Falköping-Varnhem,,rwn,43.432,True,
7331308,Bolumsleden,,lwn,4.485,False,
7331731,Kungslena-Gudhem,Kungslena-Gudhem,rwn,20.389,True,
7331967,Vårkumla-Falköping,Vårkumla-Falköping,rwn,15.911,False,
7334206,Vårkumla-Eriksberg,Vårkumla-Eriksberg,rwn,29.566,True,
7340224,I2/Sanna motionsspår,I2S,lwn,2.951,True,
7348426,Jakobsbergs motionsspår,,lwn,2.445,False,
7349998,RW29 Am Silverleden bei Hällefors,RW29,rwn,16.138,False,
7351335,RW30 In den Kilsbergen,RW30,rwn,15.272,False,
7351349,RW31 Naturreservat Sveafallen,RW31,lwn,5.221,False,
7355009,Åkulla bokskogar - Bergastigen,,lwn,9.14,False,
7355043,Åkulla bokskogar - Lillasjöstigen,,lwn,1.644,True,
7355058,Åkulla bokskogar - Kalvsjöstigen,,lwn,3.496,False,
7355062,Åkulla bokskogar - Bexellstigen,,lwn,5.794,True,
7355072,Åkulla bokskogar - Flähultsstigen,,lwn,3.0,False,
7355088,Åkulla bokskogar - Yasjöstigen,,lwn,4.775,False,
7355102,Åkulla bokskogar - Bockstensstigen,,lwn,3.882,True,
7355117,Åkulla bokskogar - Björkasjöstigen,,lwn,5.424,True,
7356822,"Skåneleden 5, Etapp 9A: Ven runt",9A,nwn,11.775,True,
7358701,Åkulla bokskogar - Älvasjöstigen,,lwn,6.269,False,
7358717,Slottsstigen,,lwn,3.188,True,
7358718,Åkulla bokskogar - Skogsbostigen,,lwn,5.252,True,
7358746,Åkulla bokskogar - Länk 4-5,,lwn,0.952,True,
7358747,Åkulla bokskogar - Länk 4-8,,lwn,2.606,True,
7358748,Åkulla bokskogar - Länk 7-8,,lwn,0.103,True,
7366613,Åkulla bokskogar - Länk 2-3,,lwn,1.292,True,
7366614,Åkulla bokskogar - Länk 1-10,,lwn,3.266,True,
7366615,Åkulla bokskogar - Länk 9-10,,lwn,1.546,True,
7366616,Åkulla bokskogar - Länk 8-9,,lwn,3.429,True,
7371051,Mullsjö Runt,Mullsjö Runt,lwn,20.678,False,
7371134,Knipesjöleden,Knipesjöleden,lwn,8.094,True,
7377489,Gul,Gul,lwn,0.69,True,
7377490,Gul 9 km,Gul,lwn,8.578,False,
7377493,Vråhålans vandringsled,,lwn,2.957,True,
7381779,Gårdsstigen,,lwn,1.978,True,
7381780,Ängsstigen,,lcn,1.684,True,
7381781,Hagmarksstigen,,lcn,1.043,True,
7381782,Vildmarksleden,,rcn,2.742,False,
7382743,Djupdalsleden,,lwn,6.837,True,
7385944,Sävsjönsleden,,lwn,8.191,True,
7392417,Kårböleleden,,rwn,175.199,False,Q116783137
7392725,Hallandsleden Etappen Gyltige - Simlångsdalen,,nwn,8.783,True,
7394789,Sundsbyleden,,lwn,4.834,True,
7396988,Hallandsleden Etappen Simlångsdalen - Mästocka,,nwn,25.814,True,
7396989,Hallandsleden Etappen Mästocka - Västralt,,nwn,19.919,True,
7396990,Hallandsleden Etappen Västralt - Ekegården,,nwn,17.898,True,
7396991,Hallandsleden Etappen Ekegården - Koarp,,nwn,13.131,False,
7397031,Östra granbergsleden,,lwn,4.79,True,
7398310,Hallandsleden Etappen Ryet - Gyltige,,nwn,16.297,True,
7398311,Hallandsleden Etappen Döbla - Ryet,,nwn,14.981,True,
7398312,Hallandsleden Etappen Frodeparken - Döbla,,nwn,7.143,True,
7398313,Hallandsleden Etappen Skattagård - Frodeparken,,nwn,23.833,True,
7398314,Hallandsleden Etappen Ästad - Skattagård,,nwn,22.882,True,
7398315,Hallandsleden Etappen Åkulla - Ästad,,nwn,13.392,True,
7399064,Hiking path blue,,lwn,0.964,True,
7399065,Hiking path red,,lwn,0.498,True,
7399066,Hiking path yellow,,lwn,0.599,True,
7405567,Tyrs motionsspår,,lwn,2.435,True,
7407097,blå,,lcn,0.711,True,
7407099,röd,,lcn,0.217,False,
7407795,Tyr-Rud motionsspår,T-R,lwn,2.311,False,
7407851,Ruds motionsspår,,lwn,2.855,True,
7408440,Tyrterrängens naturstig,TNa,lwn,3.399,False,
7417372,Dovrasjöleden,,lwn,8.307,False,
7419961,,,lwn,2.343,True,
7423268,Gällberget,,lwn,3.136,True,
7423421,Röda spåret,,rwn,3.15,False,
7429600,Norra ön,,lwn,1.178,False,
7446607,Skogsrundan,,lwn,3.932,True,
7448278,Storspåret,,lwn,20.989,True,
7448733,"Sörmlandsleden, etapp 58",58,nwn,11.209,False,Q115097095
7448870,"Sörmlandsleden, etapp 57",57,nwn,11.384,True,
7449018,"Sörmlandsleden, etapp 56",56,nwn,19.493,False,
7449057,"Sörmlandsleden, etapp 52",52,nwn,6.872,True,
7449352,"Sörmlandsleden, etapp 49",49,nwn,10.887,True,
7449355,"Sörmlandsleden, etapp 48",48,nwn,7.826,True,
7449377,"Sörmlandsleden, etapp 47",47,nwn,5.497,True,
7451202,"Skåneleden 2, Etapp 12: Höghult-Krankesjön",12,nwn,10.198,True,
7451203,"Skåneleden 2, Etapp 13: Krankesjön-Väderkullen",13,nwn,13.782,True,
7451232,,6,nwn,20.779,True,
7451233,,7,nwn,7.287,True,
7451234,,8,nwn,10.607,True,
7451235,"Skåneleden 2, Etapp 9: Bjeveröd-Hörby Ringsjöstrand",9,nwn,15.853,True,
7451236,"Skåneleden 2, Etapp 11: Rövarekulan-Höghult",11,nwn,9.012,True,
7457091,Smedgärdsspåret,,lwn,1.446,True,
7457095,Brunnby-Vikspåret,,lwn,1.757,True,
7462435,Gislavedsleden Anslutning Gislaved,,rwn,4.697,True,Q31887060
7462437,Gislavedsleden Mjösundet - Hägnalian,,rwn,16.679,True,Q31887060
7462438,Gislavedsleden Leabo sand - Mjösundet,,rwn,12.217,True,Q31887060
7462439,Gislavedsleden Boberg - Leabo sand,,rwn,14.333,True,Q31887060
7462440,Gislavedsleden Grävlingabackarna - Boberg,,rwn,14.948,True,Q31887060
7462441,Gislavedsleden Kollabo - Grävlingabackarna,,rwn,24.863,True,Q31887060
7462442,Gislavedsleden Anslutning Fegen,,rwn,5.865,False,Q31887060
7466035,Tärnekullerundan,,lwn,1.251,True,
7466036,Junker Jägarerundan,,lwn,2.765,True,
7466125,Stigmansrundan,,lwn,3.925,True,
7466347,Stenkällerundan,,lwn,2.0,True,
7466415,Vitsandsrundan,,lwn,0.841,True,
7466416,Mellannäsrundan,,lwn,1.599,True,
7467292,Solklinten,,lwn,1.073,False,
7467293,Rådjursstigen,,lwn,2.959,True,
7467294,Krossenleden,,lwn,3.99,True,
7468729,"Västra Vätterleden: Etapp 7, Semesterbyn - Fagerhult",7,nwn,15.627,True,
7468730,"Västra Vätterleden: Etapp 8, Fagerhult - Hotel Mullsjö",8,nwn,29.872,True,
7474227,Holavedsleden,,rwn,56.887,True,
7476382,Järvaleden,,lwn,6.17,True,Q31843505
7505052,Blå 4 km,Blå,lwn,3.773,True,
7531760,"Skåneleden 5, Etapp 14: Spillepeng-Bulltofta",14,nwn,6.279,True,
7542136,Flodaleden,,lwn,9.733,True,
7542739,Långevattnet - Backamo lägerplats,,rwn,7.53,True,
7550418,Gagnefs fäbodstigar,,lwn,24.869,False,Q28912686
7557123,Guddehjälm Blå,,lwn,3.724,True,
7557124,Guddehjälm Gul,,lwn,3.719,True,
7563060,Lilla Idgölen Rundan,,lwn,3.299,True,
7563061,Stora Idgölen Rundan,,lwn,1.637,True,
7573510,Fornstig,Fornstig,lwn,4.36,False,
7574487,Röd 2 km,Röd,lwn,2.045,True,
7578056,,,lwn,1.074,True,
7581059,Lövsjöspåret Blå,,lwn,8.662,True,
7581060,Lövsjöspåret Grön,,lwn,8.9,True,
7592370,Färdväg Spetalsberget,7,rwn,15.37,True,
7594596,Färdväg Kungsgården,6,rwn,10.061,True,
7604344,"Sörmlandsleden, etapp 13:2",13:2,nwn,16.13,True,
7604505,,,lwn,2.15,False,
7616765,Pilgrimsleden: Nol - Skepplanda,,rwn,14.185,False,
7616853,Färdväg Hjärtum,8,rwn,16.211,True,
7618989,Hovfjällsleden,,lwn,24.077,True,
7623059,Färdväg Trollskogen,9,rwn,22.03,False,
7625312,Färdväg Kärleksstigen,10,rwn,15.423,False,
7635165,Pilgrimsleden: Jennylund - Nol,,rwn,11.325,True,
7635166,Pilgrimsleden: Rannebergen - Jennylund,,rwn,6.729,True,
7635167,Pilgrimsleden: Nylöse - Rannebergen,,lwn,16.071,False,
7636944,Bruksleden etapp 2,,nwn,9.552,True,
7636945,Bruksleden etapp 1b,,nwn,14.379,True,
7636946,Bruksleden etapp 1a,,nwn,15.492,False,
7637117,Bruksleden etapp 15,,nwn,13.081,True,
7637118,Bruksleden etapp 14,,nwn,10.834,True,
7637119,Bruksleden etapp 5,,nwn,7.392,True,
7637120,Bruksleden etapp 4,,nwn,15.787,False,
7637121,Bruksleden etapp 3,,nwn,10.485,True,
7639603,Tjustleden Etapp 2,,nwn,18.306,False,
7654514,Orsjö Orange,,lwn,5.44,False,
7654533,Orsjö blue,,lwn,2.904,False,
7656825,Guldtur 10: Svansjön & Vättafjället,,lwn,7.936,True,
7662776,Blå spåret,,lwn,1.5,False,
7662844,Gröna spåret,,lwn,3.386,True,
7681609,,,lwn,3.92,False,
7703947,Kronoparkens motionsspår/skidspår,KrP,lwn,2.509,True,
7722451,,,rwn,4.081,True,
7725016,Soteleden,,lwn,158.538,False,Q31888771
7731926,,,lwn,1.605,False,
7740346,Bankerydsleden,,lwn,23.582,False,
7741869,"Skåneleden 5, Etapp 11: Löddeköpinge - Bjärred",11,nwn,7.652,True,
7741915,"Skåneleden 5, Etapp 12: Bjärred - Lomma",12,nwn,6.144,True,
7742023,"Skåneleden 5, Etapp 13: Lomma - Spillepeng",13,nwn,5.426,True,
7745679,Furulundsslingan,,lwn,1.67,True,
7759992,Herkulesgården gul,,lwn,4.011,True,
7808745,,,lwn,9.839,False,
7810854,Kävsjölänken,,lwn,18.908,False,
7836861,Östgötaleden: Djurgården-Vidingsjö,,nwn,6.931,True,
7836862,Östgötaleden: Vidingsjö-Bjärka Säby,,nwn,18.602,True,
7836863,Östgötaleden: Anslutningsled Hjälmarsösjö-Getå,,nwn,6.274,False,
7836894,Östgötaleden: Brantefall-Länsgränsen,,nwn,10.129,True,Q10728210
7844264,Glasbruksleden,,lwn,29.269,False,
7845885,Strandpromenaden,,lwn,10.533,False,
7854172,Torim - Ejgdesjön,20,rwn,23.002,False,
7857286,Ramberget-Svinesund,,rwn,18.671,True,
7874920,Ejgdesjön - Iddefjorden/Berby,19,rwn,21.395,True,
7884675,Tabergs-å-leden,,lwn,18.152,False,
7886932,Östgötaleden: Ådala-Bulsjögård,,nwn,6.529,True,
7886933,Östgötaleden: Bulsjögård-Ydregården,,nwn,4.383,False,Q10728210
7888090,Västanåleden,,lwn,16.159,False,
7901212,Herkulesgården grön/vit,,lwn,6.427,False,
7928256,Östgötaleden: Ydregården-Brantefall,,nwn,9.532,False,
7940268,,TRY01,rwn,44.079,False,
7942626,,TRY17,rwn,12.082,False,
7944546,Östgötaleden: Vassvikeberget-Ådala,,nwn,4.461,False,
7970781,,,lwn,2.466,True,
7972092,Östgötaleden: Svenningeby-Visskvarn,,nwn,7.166,False,
7972093,Östgötaleden: Visskvarn-Vassvikeberget,,nwn,2.607,True,
8012618,Kåsjörundan,,lwn,7.488,False,
8012656,Ugglemossen runt,,lwn,4.763,True,
8012664,Sörlyckan - Bertilssons stuga,,lwn,3.316,True,
8098984,Åkulla bokskogar - Näsetstigen,,lwn,5.392,False,
8099364,Furulund Gul,,lwn,4.842,True,
8099366,Furulund Grön/vit,,lwn,7.147,True,
8099367,Prästtjärn runt,,lwn,2.823,True,
8109528,Loka brunn,,lwn,8.028,True,
8200045,Sevedeleden etapp 3,,nwn,7.16,False,
8200046,Sevedeleden etapp 1,,nwn,24.071,True,
8200262,Sevedeleden etapp 2,,nwn,18.519,True,
8200263,Sevedeleden etapp 6,,nwn,17.854,True,
8200264,Sevedeleden etapp 5,,nwn,15.319,True,
8202740,Edsvidsleden,,lwn,13.272,False,
8209140,Djursdalarundan,,lcn,6.658,True,
8209225,Sevedeleden etapp 4,,rwn,13.262,True,
8214805,"Lundbyspåret 2,4km / 5 km",,lwn,2.613,True,
8214806,Lundbyspåret 5 km,,lwn,4.311,True,
8237139,Stenstugan Röd,,lwn,1.963,True,
8239270,Stenstugan Blå,,lwn,8.405,False,
8240377,Stenstugan Gul,,lwn,1.96,False,
8240378,Korsvatten Grön,,lwn,2.643,False,
8240379,Korsvatten Röd,,lwn,3.076,True,
8240380,"Korsvatten Blå, Timmervatten Röd",,lwn,5.415,False,
8240654,Timmervatten Röd,,lwn,1.535,True,
8240655,Stenstugan Grön,,lwn,2.333,False,
8250149,"Bunketorp 6,5 km",,lwn,6.219,True,
8254540,Nasaleden,,rwn,159.142,False,
8260483,Röda spåret,,lwn,2.305,True,
8260484,,,lwn,3.027,True,
8265651,6 km walk/run,6km,lwn,5.802,True,
8265653,3 km walk/run,3km,lwn,2.877,True,
8265654,1 km walk/run,1km,lwn,1.033,True,
8268399,Rundslinga Ringsbergsleden,,rwn,7.165,True,
8271508,Motionsspår på Ringsberg,,lwn,9.923,False,
8272673,Kävsjön runt,,lwn,14.893,False,
8275867,,,lwn,1.552,True,
8282623,12 km walk/run,12km,lwn,11.716,True,
8287942,Röd slinga,,lwn,2.515,True,
8287943,Blå slinga,,lwn,1.066,True,
8287944,Svart slinga,,lwn,1.922,True,
8288547,Gamla elljusslingan,,lwn,1.976,True,
8291671,Trailrunda 1,,lwn,3.57,True,
8291706,Ullervads elljusspår,,lwn,2.189,True,
8291707,Leksberg,,lwn,2.581,True,
8291710,Snapenskogen 6.4 km,,lwn,6.51,True,
8291723,Halnatorpsleden,,lwn,1.582,True,
8309519,"Sörmlandsleden, etapp 28:1",28:1,lwn,12.424,False,
8337043,Stenugnsleden,,lwn,4.456,True,
8337044,Bottenstugan Blå,,lwn,4.273,True,
8337045,Promenaden,,lwn,3.974,True,
8337046,Kortisen,,lwn,2.474,False,
8344292,Dag Hammarskjöldsleden,,rwn,103.047,True,Q10465852
8350947,Varnhem-Skara,Varnhem-Skara,rwn,18.308,True,
8393555,Pilgrimsleden Hjo-Kungslena,Pilgrimsleden Hjo-Kungslena,rwn,43.781,False,
8394095,Brearedssjön runt,,lwn,4.504,False,
8394110,Danska Fall,,lwn,2.811,False,
8394131,Gårdshultsleden,,lwn,7.968,False,
8394180,Simlången runt,,lwn,7.869,True,
8394233,Smedhultaleden,,lwn,3.879,True,
8394527,Gröna spåret,,lwn,11.025,True,
8394528,Gula spåret,,lwn,3.162,True,
8394577,Blåa spåret,,lwn,6.297,True,
8402745,Lönnebergaleden,,nwn,62.469,False,
8408080,Östgötaleden: Smedstorp-Pinnarp,,nwn,12.687,False,
8408627,Östgötaleden: Kisa-Horn,,nwn,25.697,True,
8408628,Östgötaleden: Misterfall-Kinda,,nwn,2.508,True,
8408630,Östgötaleden: Kisa-Pinnarp,,nwn,7.901,False,
8408642,Östgötaleden: Horn-Smålandsgränsen,,nwn,13.192,True,
8408731,Östgötaleden: Pinnarp-Pålehult,,nwn,17.278,True,
8413178,Östgötaleden: Pålhult-Rimforsa,,nwn,18.644,False,
8413201,Blekingeleden Etapp 15: Kristianopel–Bröms,15,nwn,8.838,True,
8414583,Östgötaleden: Trollegater-Ulrika,,nwn,23.126,False,
8414584,Östgötaleden: Stickspår till Trollegater,,nwn,3.006,True,
8414804,Östgötaleden: Rimforsa-Linköpingsgränsen,,nwn,11.375,True,
8415632,Östgötaleden: Sätravallen-Brokind,,nwn,9.736,False,
8415653,Östgötaleden: Bjärka Säby-Sätravallen,,nwn,10.556,True,
8416703,Östgötaleden: Linköpingsgränsen-Åtvidabergsgränsen,,nwn,12.622,True,
8416740,Östgötaleden: Månebo-Åtvidaberg,,nwn,15.383,False,
8417769,Östgötaleden: Falerum till Länsgränsen,,nwn,2.065,True,
8417770,Östgötaleden: Falerum-Vadet,,nwn,16.531,True,
8417771,Östgötaleden: Åtvidaberg-Falerum,,nwn,18.533,True,
8420992,Östgötaleden: Vadet-Solliden,,nwn,21.492,True,
8421040,Riseboleden,,lwn,5.337,True,
8425296,Östgötaleden: Valdemarsvik norrut,,nwn,20.808,False,
8425297,Östgötaleden: Valdemarsvik Västerut,,nwn,5.459,True,
8425612,"Sörmlandsleden, etapp 55:1",55:1,nwn,17.896,True,Q115097092
8426185,"Sörmlandsleden, etapp 53:2",53:2,nwn,2.954,True,
8426186,"Sörmlandsleden, etapp 53:1",53:1,nwn,6.881,True,
8426302,"Sörmlandsleden, etapp 46",46,nwn,7.983,True,
8429645,Elljusspår,,lwn,2.396,False,
8429659,Elljusspår,,lwn,2.077,True,
8430479,Motionsspår gul (Svartlöga),,lwn,4.215,False,
8430481,Motionsspår blå (Svartlöga),,lwn,4.084,False,
8430593,Motionsspår röd (Svartlöga),,lwn,2.228,False,
8438151,Östgötaleden: Nartorp-Stegeborg,,nwn,16.078,True,
8438152,Östgötaleden: Forsum-Nartorp,,nwn,6.105,True,
8439444,Sämsjöborgsleden 8 km,Sämsjöborgsleden 8 km,lwn,6.764,True,
8439542,Sämsjöborgsleden 6 km,Sämsjöborgsleden 6 km,lwn,2.652,True,
8448712,1 km,,lwn,0.955,False,
8448713,2.6 km,,lwn,2.53,False,
8448714,3 km,,lwn,2.789,False,
8449576,Östgötaleden: Skirsjön - Norrkrog,,nwn,7.056,True,
8453441,Höga Kusten Stigen,,lwn,2.12,True,
8453632,Axelstorpsslingan,,lwn,8.658,True,
8454611,Kyrkstigen,,lwn,5.521,False,
8467673,Skarsjöleden,,lwn,7.635,True,
8469236,Sjöastadbygd - På gårdagens stigar,,lwn,5.682,False,
8472882,Kulturstigen,blå,lwn,3.698,True,
8484446,Råkullsrundan,,lwn,8.367,True,
8484447,Torprundan,,lwn,3.921,True,
8488134,Åkerhöjdsleden,,lwn,5.008,True,
8508336,Nulltjärnsrundan,284,lwn,8.088,False,
8547367,Hindås Milen,,lwn,9.302,True,
8547368,Hindås Elljusspår,,lwn,2.467,True,
8555279,Finnmarksleden,,rwn,51.382,True,
8555428,Solbergsleden,,lwn,2.578,False,
8593466,Smitingleden,,lwn,6.65,True,
8597344,"Världsarvsleden: Etapp 7, Älgsjö - Bönhamn",,rwn,4.819,True,
8597372,"Världsarvsleden: Etapp 6, Själand - Älgsjö",,rwn,4.211,True,
8597418,Naturstigen,,lwn,1.455,True,
8597420,"Världsarvsleden: Etapp 8, Bönhamn - Barsta",,rwn,6.247,False,
8597422,"Världsarvsleden: Etapp 9, Barsta - Fällsvik",,rwn,6.226,True,
8600977,Kalottstigen,,lwn,1.066,True,
8603180,Båtluffarleden,,lwn,12.224,False,Q116730327
8614342,Hindås Femman,,lwn,5.139,True,
8632318,Stora Härsjörundan,,lwn,13.593,False,
8633599,Guldtur 9: Gruvleden,,lwn,7.991,True,
8641912,Fämtleden,,scn,6.937,True,
8658930,Persöspåret,,lwn,3.432,True,
8658936,Skedhultspåret,,lwn,4.724,True,
8709259,Östgötaleden: Halvsjön-Smedstorp,,nwn,19.208,False,
8710449,Östgötaleden: Ulrika-Nargöl,,nwn,10.163,False,
8710450,Östgötaleden: Malexander-Härsmålen,,nwn,8.122,True,
8715868,Östgötaleden: Sjöbo-Malexander,,nwn,9.106,True,
8718316,Östgötaleden: Spånggölen-Sjöbo,,nwn,9.984,True,
8719011,Östgötaleden: Udden-Sundet,,nwn,5.235,True,
8719012,Östgötaleden: Sundet-Spånggölen,,nwn,7.106,True,
8722441,Östgötaleden: Eklabo-Udden,,nwn,5.932,True,
8723483,Östgötaleden: Mauritsberg-Dalmyrasjön,,nwn,15.891,True,
8723484,Östgötaleden: Dalmyrasjön-Skirsjön,,nwn,7.565,False,
8725077,Östgötaleden: Skansen-Mauritsberg,,nwn,8.367,False,
8726228,Östgötaleden: Boxholm-Eklabo,,nwn,13.053,True,
8785303,Bergsjödal- Surketjärn Gul,,lwn,5.611,True,
8808018,Utsiktsrundan,,lwn,0.615,True,
8868613,Råtakan - Sulerud - Öjesjön,,lwn,7.6,True,
8873484,Gängene - Råtakan,,lwn,7.728,True,
8878444,Råtakan - Rämåna,,lwn,7.044,True,
8887224,Järnäsudden,,lwn,1.398,False,
8887462,Dammarna - Rämåna,,lwn,8.44,True,
8894547,Östgötaleden: Boxholm-Strålsnäs,,nwn,7.852,True,
8897580,Dammarna - Glaåkern,,lwn,2.586,True,
8897581,Gängene - Dammarna,,lwn,8.502,True,
8903183,Knappleden,,rwn,30.031,True,
8904402,Nordvärmlandsleden,,rwn,53.251,False,Q10602256
8906311,,,lwn,14.97,True,
8908361,Åltjärn - Tithöjden,,lwn,4.844,True,
8908889,Sälenringen,,rwn,65.267,False,
8912172,Dammarna - Glava Glasbruk,,lwn,10.978,True,
8927720,Lövstaspåret,,lwm,2.291,True,
8928539,Kungsleden Etapp 2: Abiskojaure - Alesjaure,,nwn,20.358,True,Q134269920
8928916,Glava glasbruk - Norra Vedviken,,lwn,7.225,True,
8955880,Norra Vedviken - Glava glasbruk,,lwn,5.923,True,
8972072,Besegra trappan,,lwn,1.13,True,
8974388,Backa-Prästbodarna,,rwn,29.141,True,
8995813,Munkastigen etapp 3,,rwn,20.622,False,
8997258,"Västra Vätterleden: Etapp 6, Baståsen - Semesterbyn",6,nwn,21.695,True,
9036528,Öjesjön - Björtjärn,,lwn,10.302,False,
9039277,Björtjärn - Bastutjärn,,lwn,1.932,True,
9043224,Hedene - Bastutjärn,,lwn,0.954,True,
9044742,Lenungshammar - Hedene,,lwn,4.999,False,
9046206,Lexbybergen Blå,,lwn,1.58,True,
9046207,Lexbybergen Röd,,lwn,3.333,True,
9046208,Lexbybergen Gulvit,,lwn,3.779,True,
9050486,Bruksleden etapp 21,,nwn,14.932,True,
9050533,Rämåna - Kalvudden - Hedene,,lwn,11.841,True,
9053364,Svarterud - Komyren,,lwn,1.775,True,
9058378,Bruksleden etapp 20,,nwn,7.689,False,
9058379,Bruksleden etapp 22,,nwn,7.907,True,
9058404,Bruksleden etapp 7,,nwn,16.463,True,
9058405,Bruksleden etapp 6,,nwn,11.666,True,
9062466,Bruksleden etapp 19,,nwn,11.876,True,
9062496,Bruksleden etapp 9,,nwn,8.281,True,
9062497,Bruksleden etapp 8,,nwn,13.738,True,
9063388,Bruksleden etapp 18,,nwn,8.26,False,
9067478,Bruksleden etapp 12,,nwn,12.364,True,
9067479,Bruksleden etapp 13,,nwn,9.099,True,
9067480,Bruksleden etapp 11,,nwn,10.254,True,
9067481,Bruksleden etapp 10,,nwn,8.449,True,
9067506,Bruksleden etapp 17,,nwn,7.947,True,
9067507,Bruksleden etapp 16,,nwn,6.765,True,
9068735,Gröna slingan,,lwn,8.272,True,
9089624,"Upplandsleden, etapp 18",18,nwn,14.237,True,
9090349,"Upplandsleden, etapp 19",19,nwn,9.322,True,
9090635,Hälsingeleden Gammelbodarna-Lötbodarna,,nwn,5.744,True,
9090636,Hälsingeleden Lötbodarna-Bältbosjön,,nwn,4.73,True,
9090660,Hälsingeleden Nybodarna-Gammelbodarna,,nwn,6.027,True,
9090704,Hälsingeleden Mosjön-Mårdnästorp,,nwn,2.194,True,
9090705,Hälsingeleden Mårdnästorp-Hårgbodarna,,nwn,3.024,True,
9090706,Hälsingeleden Hårgbodarna-Nybodarna,,nwn,7.595,True,
9091971,Hälsingeleden Gammelbodarna-Hällbo,,nwn,6.835,True,
9107715,Hälsingeleden Hällbo-Bergsänget,,nwn,6.48,True,
9108246,Hälsingeleden Anslutning Acktjärbo-Arbrå sporthall,,nwn,7.55,True,
9108247,Hälsingeleden Nyfors-Acktjärbo,,nwn,7.411,True,
9108248,Hälsingeleden Bergebo-Nyfors,,nwn,5.339,True,
9108249,Hälsingeleden Bolleberget-Bergebo,,nwn,5.358,True,
9108250,Hälsingeleden Säverstaberget-Bolleberget,,nwn,6.319,True,
9108251,Hälsingeleden Skajet-Säverstaberget,,nwn,6.471,True,
9108252,Hälsingeleden Bergsänget-Skajet,,nwn,6.265,True,
9113833,Hälsingeleden Nyvallen-Byvallen,,nwn,3.459,True,
9113834,Hälsingeleden Möckelåsbo-Nyvallen,,nwn,2.643,True,
9113835,Hälsingeleden Bessbo-Möckelåsbo,,nwn,3.493,True,
9113836,Hälsingeleden Acktjärbo-Bessbo,,nwn,3.33,True,
9113839,Hälsingeleden Byvallen-Prästvallen,,nwn,7.427,True,
9116079,Hälsingeleden Prästvallen-Harsagården,,nwn,10.538,True,
9118149,Lillskogsleden (vanished),,rwn,34.551,False,
9140986,Kyrkhults motionslinga,,lcn,1.971,True,
9141766,"2,5 km elljus",,lcn,2.588,True,
9141771,Fliseryds motionsspår (elljusspår),,lcn,0.73,True,
9141775,Nybroskogens elljusspår,,lwn,2.559,True,
9141826,Halens motionsslinga,,lcn,2.306,True,
9158828,Prins Bertils stig,,lwn,18.457,False,Q31898595
9158855,Lilla Nissastigen,,lwn,4.562,False,
9187511,Svanesunds Elljusspår,,lwn,1.219,True,
9265559,Fågelsundets naturstig,,lwn,1.417,False,
9337386,Mäselnleden,,lwn,6.166,True,
9351867,Strandpromenaden,,lwn,10.914,True,Q10681559
9371225,Kronvägsleden,,lwn,16.917,True,Q113861323
9372882,Tegelhagsskogen runt,,,4.956,True,
9374314,"Världsarvsleden: Etapp 1, Främmerveda - Mjällomslandet",,rwn,12.244,True,
9374393,"Världsarvsleden: Etapp 2, Mjällomslandet - Norrfällsviken",,rwn,9.121,False,
9374401,"Världsarvsleden: Etapp 3, Norrfällsviken - Mjällom",,rwn,7.833,False,
9381311,Viskastigen,,rwn,19.544,True,
9403485,"Världsarvsleden: Etapp 4, Mjällom - Omne",,rwn,15.706,True,
9403869,"Världsarvsleden: Etapp 5, Omne - Själand",,rwn,5.075,True,
9417040,"Världsarvsleden: Etapp 10, Fällsvikshamn - Kåsta",,rwn,8.114,True,
9418701,"Världsarvsleden: Etapp 12, Häggvik - Mädan",,rwn,4.049,True,
9418702,"Världsarvsleden: Etapp 11, Kåsta - Häggvik",,rwn,3.499,True,
9418713,"Världsarvsleden: Etapp 14, Nordingråvallen - Främmerveda",,rwn,5.674,True,
9418714,"Världsarvsleden: Etapp 13, Mädan - Nordingråvallen",,rwn,7.06,True,
9425484,Kvinnestadsjön runt,,lhn,8.172,True,
9466321,Kastellet - Kvarntorpsvägen,Kastellet,lwn,2.526,True,
9466980,Bottnen runt,,lwn,1.979,True,
9468325,Mörtsjöslingan,,lwn,3.153,True,
9468707,Kvarnen runt,,lwn,2.397,True,
9475863,Eriksgatan Södermanland,ERIK,rwn,20.676,False,
9475922,Eriksgatan V,ERIKV,lwn,2.477,True,
9481319,Gnestaleden,,lwn,8.868,True,
9512825,North Sea Trail - Skåneleden,,iwn,66.672,False,
9514230,Birgittaleden,,rwn,85.838,False,
9519177,Gappohytta - Rostahytta,,iwn,18.775,True,
9520132,Nordkalottruta Etapp 22: Pålnostugan - Abisko Turiststation,,iwn,21.639,True,Q134270733
9520133,Nordkalottruta Etapp 21: Lappjordhytta - Pålnostugan,,iwn,2.719,True,Q134270729
9544364,Biergienas-Ågguovarie,,lwn,0.756,True,
9545156,Ammarnäs - Örnbo,,lwn,4.367,True,
9545157,Ammarnäs - Långflytje,,lwn,3.793,True,
9545377,Höbackens parkering - Rävfallet,,lwn,8.162,True,
9563172,Sydslingan,,lwn,1.943,True,
9563177,Norrslingan,,lwn,1.681,True,
9565930,Höbackens parkering - Guoletsbäcken,,lwn,4.264,False,
9572292,Drottningleden,10,lwn,7.739,True,
9588289,Elljusspåret 3.3 km,,lwn,3.189,True,
9588290,Elljusspåret 2.2 km,,lwn,2.122,True,
9603635,Oxblodet,,lwn,10.95,True,
9605270,Källstigen,,lwn,1.658,True,
9605498,Gubbalyckestigen,,lwn,2.295,True,
9605499,Mossestigen,,lwn,3.981,True,
9605779,Skogsslingan,,lwn,5.382,True,
9605876,Söraspåret,,lwn,1.3,True,
9607604,Tuskebo promenadstig,,lwn,5.489,True,
9621290,Solanderleden - Ljusorange,01,rwn,17.342,True,
9621528,Täby IP milen 1.25km blå,,,1.367,True,
9621529,Täby IP milen 2.5km röd,,,2.815,True,
9621640,Solanderleden - Åkerbärsröd,02,rwn,51.971,False,
9621846,Solanderleden - Orange,03,rwn,49.895,False,
9621998,Solanderleden - Blå,04,rwn,24.22,False,
9622762,Rankhyttans skogsstig,,,1.005,False,
9622977,Röd led,,,3.803,False,
9625193,Solanderleden - Gul,05,rwn,18.764,False,
9627205,Vikingaleden etapp 4,4,rwn,5.355,True,
9627696,"Skåneleden 1, Etapp 3A: Bökestad-Olofström",3A,nwn,11.968,True,
9627796,Solanderleden - Grön,06,rwn,22.014,False,
9627989,"Sörmlandsleden, etapp 50:1",50:1,nwn,3.566,True,
9628430,"Sörmlandsleden, etapp 44:1",44,nwn,16.199,True,
9628620,"Sörmlandsleden, etapp 45:1",45:1,nwn,15.543,False,Q115097077
9628628,Solanderleden - Röd,07,rwn,44.593,False,
9631218,"Sörmlandsleden, etapp 37:2",37:2,nwn,7.241,True,
9631219,"Sörmlandsleden, etapp 37:1",37:1,nwn,7.098,False,
9631248,"Sörmlandsleden, etapp 31:1",31:1,nwn,8.614,True,
9631287,"Sörmlandsleden, etapp 24:1",24:1,nwn,15.084,False,
9631288,"Sörmlandsleden, etapp 24:2",24:2,nwn,13.23,True,
9631289,"Sörmlandsleden, etapp 24:3",24:3,nwn,11.167,False,
9632259,"Sörmlandsleden, etapp 27:1",27:1,nwn,4.324,False,
9636666,Bruksslingan,,nwn,3.581,True,Q115097026
9636667,"Sörmlandsleden, etapp 22:1",21:1,nwn,1.452,True,
9636668,"Sörmlandsleden, etapp 23:2",23:2,nwn,10.308,True,
9637570,"Sörmlandsleden, etapp 23:1",23:1,nwn,9.406,True,
9637581,"Sörmlandsleden, etapp 22:2",22:2,nwn,0.839,True,
9644869,Högsbyleden Etapp 1,,nwn,18.189,True,
9646797,Åsle mosse-leden,,lwn,4.219,True,
9646887,Strövstigen,,lwn,5.866,True,
9672840,Velamsund Röda spåret,,lwn,5.534,True,
9675987,Östgötaleden: Strålsnäs-Bleckenstad,,nwn,10.45,True,
9676895,Östgötaleden: Bleckenstad-Södragården,,nwn,11.756,True,
9676929,Östgötaleden: Skogssjö Bad- och friluftsanläggning -,,nwn,5.243,True,
9676930,Östgötaleden: Södragården - Skogssjö Bad- och friluftsanläggning,,nwn,1.982,True,
9683368,Utvandrarleden,,rwn,112.85,False,
9686095,Jämt-Norgevägen,,nwn,209.499,False,
9693151,Gårdlösaleden,,lwn,11.428,True,
9715930,Östgötaleden: Trädgårdsföreningen-Gamla Linköping,,nwn,3.899,True,
9715944,Östgötaleden: Berg-Trädgårdsföreningen,,nwn,14.024,True,
9720705,Östgötaleden: Borensberg-Berg,,nwn,20.612,True,
9723762,Flottarstigen,,lwn,26.875,True,
9726943,Östgötaleden: Boxholm-Trehörna,,nwn,25.863,True,
9742042,"Leksbergs Elljusspår 2,5km",,lcn,2.581,True,
9743758,Bielkeleden,,lwn,6.086,False,
9743828,Stampaleden,,lwn,6.64,False,
9743868,Hälsans Stig - Emmaboda,,lwn,4.979,False,
9743882,Hälsans Stig - Lindås,,lwn,4.717,False,
9747553,Östgötaleden: Ödeshög-Trehörna,,nwn,24.333,True,
9748892,Elljusspår 1.2 km,,lwn,1.138,True,
9751305,Östgötaleden: Omberg-Ödeshög,,nwn,13.163,False,
9751954,Östgötaleden: Omberg runt,,nwn,25.259,False,
9753391,Östgötaleden: Borghamn - Vadstena,,nwn,25.386,False,
9754778,Elljusspår,,lwn,2.522,True,
9756566,Omsjön-Lönnhöjden,,lwn,3.097,True,
9756607,Stig till gravfält,,lwn,0.442,True,
9758522,Goråsspåren Grön,,lwn,8.017,False,
9758523,Goråsspåren Gul,,lwn,5.408,True,
9758524,Goråsspåren Blå,,lwn,6.674,False,
9761316,Klövjestigen,,rwn,33.42,False,
9761593,Kallbergsvägen,,rwn,23.987,False,
9761935,Klossbergsvägen,,rwn,18.646,False,
9765479,Östgötaleden: Hälla-Forsum,,nwn,10.407,True,
9765555,Östgötaleden: Stinsen-Hälla,,nwn,13.912,True,
9768576,Päråkerstigen,160,lwn,3.205,True,
9772374,Mattilaleden,,rwn,34.777,False,
9773437,Finntorpsleden,,lwn,11.945,True,
9773705,Nyskogaleden,,rwn,31.57,True,
9775802,Ålö runt,,lwn,12.404,True,Q114574693
9793126,Vålbergsleden,,lwn,5.254,True,
9798110,Maltes Stig,,lwn,4.375,True,
9803813,Höö Nature Reserve Yellow,,lwn,1.465,False,
9803823,Höö Nature Reserve Blue,,lwn,2.19,False,
9803911,Taxås Nature Reserve Blue,,lwn,2.04,True,
9807194,Guldtur 21B Rogentriangeln,,lwn,13.591,False,
9807719,Guldtur 21 Käringsjön - Rogen,,lwn,7.071,True,
9807909,Guldtur 20 Käringsjön-Handskinnvålen,,lwn,1.557,True,
9813127,,,lwn,1.719,True,
9817666,Eriksleden,,lwn,6.007,False,
9821756,Täby IP milen 5km gul,,,5.143,True,
9821757,Täby IP milen 10km grön,,,10.114,True,
9823802,Brovägen,,rwn,40.715,True,
9830209,Guldtur 8 B Ösjöstugan,,lwn,3.916,True,
9838336,,,lwn,8.95,False,
9864476,Rundslinga Tiveden,,lwn,12.503,False,
9878125,Luffarboleden kort,,lwn,4.611,True,
9878126,Luffarboleden,,lwn,10.387,True,
9878135,Långsjöleden,,lwn,11.794,True,
9881495,Kvarnsjön - Öjesjön,,lwn,3.782,True,
9881966,Östra Sottjärnet - Djupedalen,,lwn,1.678,True,
9881967,Öjesjön - Östra Sottjärnet,,lwn,6.906,True,
9884607,Djupedal - Björbol,,lwn,6.15,True,
9884608,Björtjärn - Östra Sottjärnet,,lwn,3.394,True,
9887823,Björbol - Sjöändan,,lwn,3.328,False,
9887880,Elisabeth Hesselbladsleden,,lwn,17.89,True,
9894576,Hyttstigen,,lwn,3.36,True,
9899972,Björbol - Lelången båtbrygga,,lwn,1.586,True,
9900393,Gruvslingan,,lwn,2.668,True,
9903343,Lelången båtbrygga - Sjöändan,,lwn,12.269,True,
9907109,Spårön vandringsled,,lwn,13.559,False,
9907834,Vetteberget vandringsled,,lwn,1.135,True,
9907866,Kvarnsjöarnaleden,,lcn,2.86,True,
9920550,Mollaleden,,lwn,4.105,True,
9925694,Bergtjärnet - Sjöändan,,lwn,6.104,False,
9934002,Ingestrands Elljusspår,,lcn,2.572,True,
9940299,Utö runt,,lwn,14.953,True,
9964783,Kårsafallen,4,lwn,3.842,True,
9979892,Greåna - Bergtjärnen,,lwn,10.086,True,
9981252,Svärmorsleden,,lwn,12.516,True,
9981253,Guldbäcksleden,,lwn,6.849,False,
9981254,Angsjöleden,,lwn,4.348,True,
9982847,Djuvsheden - Kattjärnsmossen,,lwn,1.256,True,
9987325,Västra Bökhult Trail - Orange,,lwn,4.503,False,
10000335,Kogne 10 km motionsspår,,lwn,6.376,True,
10012514,Lenungshammar - Bergtjärnen,,lwn,7.513,True,
10014161,Glasviken - Glaskogens Camping,,lwn,2.184,False,
10014405,Lindholmen motionsspår 2km röd,,,2.05,True,
10014833,Djupviken - Södra Sundsudden,,lwn,1.907,True,
10039606,Lenungshammar - Lenungen - Mosserud,,lwn,6.111,True,
10048454,Vallstigen,,rwn,61.722,True,
10063870,Stormossen - Svarttjärnen,,lwn,0.5,True,
10063871,Mosserud - Laskerud - Lenungshammar,,lwn,7.824,True,
10068433,Lenungshammar - Vedviken,,lwn,6.861,True,
10068547,Mosserud - Djupedal,,lwn,2.718,True,
10082889,Vedviken - Kallbäcken,,lwn,7.129,False,
10082890,Vedviken - Norra Vedviken,,lwn,0.314,True,
10084222,Kallbäcken - Kallbäcksudden,,lwn,0.509,True,
10088143,Greåna - Kallbäcken,,lwn,5.816,True,
10104728,Hällmarkslingan,,lwn,1.54,True,
10104819,Emmylundsmossestigen,,lwn,2.891,True,
10108679,Vresbokarna,,lwn,2.429,False,
10108734,"Skåneleden 2, Etapp 13A: Skrylleslingan",13A,nwn,15.001,True,
10108775,Raka Vägen,,lwn,0.528,True,
10108799,Billebjersrundan,,lwn,7.226,True,
10108812,Hundspår,,lwn,3.169,True,
10117084,Forentorpsleden,Forentorpsleden,lwn,2.414,True,
10119489,"Brännemon 7,5 km",,lwn,7.622,True,
10136071,Östgötaleden: Graverfors-Mela,,nwn,5.185,False,
10136103,Östgötaleden: Sörsjön-Graversfors,,nwn,8.594,True,
10149135,Östgötaleden: Sörsjön-Falsnäset,,nwn,15.17,True,
10157986,Vandringsled Sångbäcksfallet,,lwn,0.526,False,
10168053,Karl XI:s väg,,rwn,61.003,False,
10265574,Ensta Krog 1.25km blå,,,1.408,True,
10266961,Lappmarksleden,,rwn,15.571,False,
10276882,Lappmarksvägen,,lwn,7.219,False,
10279620,Kunnådalens vandringsled,,lwn,6.996,False,
10281600,Kålhuvudets vandringsled,,lwn,5.362,False,
10281601,Urskogsleden,,rwn,48.136,False,
10283488,Bågalidens leder,,lwn,1.139,False,
10284690,Vändåtbergets leder,,lwn,5.133,False,
10316045,Fäbodleden,,rwn,14.323,False,
10316339,Såken Runt,,lwn,16.183,True,
10316583,Arnäsleden,,rwn,75.334,False,
10326159,Östgötaleden: Falsnäset-Rejmyre,,nwn,15.479,False,
10326902,Kyrkstigen från Åliden mot Önskanäset förbi Herrbergslidens Naturreservat,,rwn,16.975,True,
10327318,Vandra från Kerstins Udde till Långvattnets fäbod,,rwn,9.015,False,
10345892,Fäbodleden,,rwn,38.99,False,
10353410,Svalgölenbrantens vandringsled,,lcn,2.545,True,
10353415,Blå spåret,,lcn,1.956,True,
10384087,Östgötaleden: Rejmyre-Regna,,nwn,23.256,False,
10384342,Östgötaleden: Regna-Älgsjön,,nwn,11.157,True,
10386004,Östgötaleden: Valdemarsvik söderut,,nwn,31.858,True,
10386005,Östgötaleden: Valdemarsvik norrut,,nwn,28.112,False,
10386013,Östgötaleden: Anslutningsled Hjälmarsösjö-Torsvik,,nwn,1.489,True,
10386368,Östgötaleden: Valdemarsvik Österut,,nwn,26.833,False,
10386497,Blekingeleden Etapp 1: Sölvesborg–Grundsjön,1,nwn,13.887,True,
10386498,Blekingeleden Etapp 2: Grundsjön–Östafors,2,nwn,15.816,True,
10386499,Blekingeleden Etapp 7: Långasjönäs–Persgärde,7,nwn,14.201,True,
10396685,Östgötaleden: Valdemarsvik sydväst,,nwn,47.169,False,
10408629,Röda spåret,,lcn,1.676,False,
10442942,Ostra Rockne Runt,,lwn,3.178,True,
10442975,Naturum-Andersberg,,lwn,18.078,False,
10442988,Strandstigen,,lwn,1.571,True,
10483794,Kurirleden,,rwn,47.334,True,
10528584,Västra leden,,lcn,8.42,False,
10528596,Östra leden,,lcn,6.668,True,
10529767,St. Olav's Path - Swedish part - alternative,,lwn,0.716,True,
10532776,Rösjön runt,,lcn,5.433,False,Q114199760
10534456,Soteleden Etapp 1,1,lwn,10.024,False,
10534476,Soteleden Etapp 2,2,lwn,5.904,False,
10534549,Soteleden Etapp 3,3,lwn,12.945,False,
10534721,Soteleden Etapp 4,4,lwn,5.351,False,
10550276,Rallarstigen,,lwn,49.931,True,
10553644,"Höglandsleden: Delsträcka 3, Klinten - Ingatorp",,nwn,30.246,True,
10553744,"Höglandsleden: Delsträcka 4, Ingatorp - Mariannelund",,nwn,18.006,True,
10553871,"Höglandsleden: Delsträcka 6, Ingatorp - Stora Bjälkerum",,nwn,21.108,False,
10558217,Vetlandarundan,,lwn,25.217,False,
10558425,Höglandsleden: Etapp 1 Fågelhult - Ädelfors/Repperda,,nwn,22.948,True,
10558483,Höglandsleden: Etapp 3 Stenberga - Lemnhult,,nwn,15.907,True,
10558484,Höglandsleden: Etapp 2 Ädelfors/Repperda - Stenberga,,nwn,25.453,True,
10558611,Höglandsleden: Etapp 5 Lökarydssjön - Ramkvilla-Torp,,nwn,14.155,True,
10561469,Frötunastigen,,lwn,1.643,False,
10561509,Edsta fäbodstig,,lwn,4.824,False,
10562210,Rotenleden,,lwn,14.25,False,
10562748,Borgsjön runt,,lwn,18.259,False,
10572603,,,lwn,2.02,True,
10583932,Öreälvsleden,,rwn,101.282,False,
10584514,Tanumstrand-Tanumshede,,rwn,8.132,False,
10588227,Skogsslingan,,lwn,3.392,True,
10588228,Fornslingan,,lwn,3.264,True,
10620102,Finnskogleden: Etapp 2,,nwn,18.158,True,
10620103,Finnskogleden: Etapp 1,,nwn,16.576,True,
10620162,Finnskogleden: Etapp 3,,nwn,14.989,True,
10620505,Finnskogleden: Etapp 5,,nwn,13.812,True,
10620517,Finnskogleden: Etapp 6,,nwn,15.958,True,
10620669,Finnskogleden: Etapp 7,,nwn,13.379,False,
10620670,Finnskogleden: Etapp 8,,nwn,18.308,True,
10623303,Finnskogleden: Etapp 9,,nwn,26.4,False,
10624393,Finnskogleden: Etapp 9A,,nwn,16.856,False,
10630964,Mörtsjöspåret 2.5 km blå,,,2.632,False,
10666788,Sävaråleden,,lwn,13.613,True,
10666866,Fiskestigen Hörnefors,,lwn,20.561,False,
10666953,Sävarådalens led,,lwn,9.454,False,
10674617,Pilgrimsleden: Lödöse - Skara,,rwn,96.541,False,
10712798,Fryksdalsleden,,rwn,93.906,False,
10725369,Flämsjön runt,,lwn,10.695,False,
10770252,Östgötaleden: Anslutningsled Mela-Fridhem,,nwn,8.53,False,
10773647,Motionsspår 2,,lwn,6.091,False,
10773648,Motionsspår 1,,lwn,3.564,False,
10795990,Bohusleden - Avstickare mot Backamo,,nwn,5.033,True,
10804653,Sagbergsleden,,rwn,30.193,True,
10805154,Ljusnanleden,,rwn,49.241,True,
10809109,Nyckelviken Blå spåret,,lwn,5.576,False,
10810117,Kajvallsleden,,rwn,45.73,False,
10810271,Svartvallsleden,,lwn,3.631,True,
10810272,Stråsöstigen,,rwn,9.556,True,
10812135,Skånvägen,,rwn,42.429,False,
10812158,Gröntjärnsleden,,rwn,12.679,False,
10812228,Svågaleden,,rwn,48.875,False,
10813469,Sjuvallsleden,,rwn,112.436,False,
10813476,Delsbosvängen,,rwn,19.625,True,
10828890,Baksidan,,lwn,3.124,True,
10832259,Aspens naturstig,,lwn,7.867,False,
10837186,Dundretleden,,lwn,3.75,True,
10861494,Kungsleden Etapp 4: Tjäktja - Sälka,,nwn,12.269,True,Q134269922
10861495,Kungsleden Etapp 3: Alesjaure - Tjäktja,,nwn,12.902,True,Q134269921
10866798,I Posta-Nillas spår,,lwn,26.71,False,
10867070,Dammslingan,,lwn,3.568,False,
10867429,"Skåneleden 2, Etapp 4C: Skyrup-Hässleholm",4C,nwn,15.307,True,
10867467,Höjdarnas höjdarled,,lwn,21.452,False,
10867621,"Skåneleden 2, Etapp 4A: Göingeåsen-Hovdala",4A,nwn,11.022,True,
10868517,Jakten på Gullspira,,lwn,19.974,False,
10870020,Hovdalaleden,,rwn,56.606,True,
10882877,Örgivsrundan,,lwn,3.755,False,
10959022,Kustslingan,,lwn,11.672,True,
10973780,Norrlandets kustled,,lwn,15.69,False,
10981996,Kvillingeleden,,lwn,11.294,False,
10986451,Hällmarksstigen,,lwn,4.844,True,
10987387,Kustleden,,lwn,6.981,False,
10989317,Skogsrundan - Loreberg,,lwn,1.592,True,
10989584,Tyrestarundan,,,13.006,False,
10992862,,,lwn,3.614,False,
10996731,,,lwn,6.267,True,
10998267,Älvrundan,,lwn,4.531,False,
10998479,Åsundenleden,,lwn,49.121,False,
10998868,"Sörmlandsleden, etapp 32:2",32:2,nwn,1.841,True,
11010392,Hälsans Stig - Alterantiv rutt,,lcn,1.109,False,Q7542479
11010393,Hälsans Stig - Alterantiv rutt,,lcn,1.211,True,Q7542479
11011213,Pilgrimsstigen i Utvängstorp,,lwn,2.962,False,
11019398,Reservatsstigen Teleborg,,lwn,4.01,False,
11019427,Knutsgårdsslingan Teleborg,,lwn,1.58,True,
11019497,Skirviksstigen Teleborg,,lwn,1.621,True,
11019542,Sallhagauddens stig,,lwn,1.438,False,
11019777,Bokhultets gula slinga,,lwn,4.643,False,
11019921,Bokhultets röda slinga,,lwn,3.219,False,
11020034,Gråstensmon,,lwn,6.247,True,
11030915,Tvåälvsleden,,lwn,26.186,False,
11039542,Jällaleden,,lwn,6.532,False,Q10541653
11040340,Bokelundsslingan,,lcn,1.414,True,
11048714,Vildmarksleden,,lwn,4.041,False,
11048715,Strövarleden,,lwn,2.485,False,
11053004,Blå spåret,,lwn,1.463,True,
11053023,Sjörundan,,lwn,3.578,True,
11053029,Glamsten,,lwn,2.09,True,
11053033,Vit,,lwn,7.114,False,
11053382,Marialeden,,lwn,73.077,False,
11053734,Brunnhemsleden,Brunnhemsleden,lwn,9.749,False,
11059840,Torsåsleden,,rwn,137.359,False,
11061726,Östra Sigfridsleden,,rwn,28.72,True,
11067519,Faledreven,,lwn,4.242,True,
11075111,Bohusleden - Etapp 5 Jonsered - Angereds kyrka,5,nwn,11.358,True,
11075311,"Bohusleden - Avstickare till vindskydd vid Stora Holmevatten, etapp 20",Bohusleden,lwn,0.519,True,
11081749,Ryforsleden,Ryforsleden,lwn,1.573,False,
11097658,Sjörundan,,lwn,11.697,False,
11103995,Skridfinnarleden,,rwn,79.145,False,
11104451,"Blå 2,5 km",,,2.191,True,
11104550,"Röd 4,5 km",,lwn,3.818,True,
11104551,"Vit 6,5km",,lwn,6.005,True,
11105876,Lögdeälvsleden,,rwn,87.455,False,
11106706,Saxbergsleden,,lwn,6.897,False,
11107239,Flottarstigen,,lwn,31.614,False,
11107367,Fiskestigen,,lwn,16.011,False,
11108991,Västra Sigfridsleden - huvudleden,,rwn,122.217,False,
11109632,Gul 6 km,,lwn,5.802,True,
11109681,Grön Milen,,lwn,7.961,True,
11111033,Sörsjön blå slinga,,lwn,2.305,True,
11114629,Vitingeleden,,lwn,10.873,False,
11115773,Havtornsuddslingan,,lwn,4.54,True,
11117305,Mörmospåret,,lcn,2.394,False,
11131670,Rängen Runt,,lwn,44.26,False,
11135084,Gravbergsdalen,,lwn,3.083,True,
11135147,Gillersmarken,,lwn,4.979,True,
11139563,Saxenleden,,lwn,12.38,False,
11145353,,,,0.268,False,
11146109,Kultur- och Naturstigen Våghalsen Finnäset,,lwn,4.449,True,
11146969,Hälsans Stig Varberg,,lwn,4.077,True,
11152298,,,lwn,0.847,True,
11162870,Höjdarstigen,,lwn,1.781,False,
11170280,"Utvandrarleden, avstickare till Kulagölen och vindskydd Åskefällalund",,rwn,1.351,True,
11170281,"Utvandrarleden, avstickare till bautastenar och hällkista",,rwn,0.297,True,
11170282,"Utvandrarleden, avstickare till Sandviks by, sjön Viren.",,rwn,0.325,True,
11199787,Härnöleden,Härnöleden,lwn,22.522,False,Q113859994
11203539,Tolvsbo Naturstig,,lwn,5.437,True,
11203734,Högbergsspåret,,lwn,3.06,True,
11215470,"Skogsstigen 1,6 km",,lwn,1.505,False,
11222025,Jätturnrundan,,lwn,1.983,True,
11264416,Gästrikeleden - anslutningsled Liss-Tansen - Ulvsta,,nwn,4.687,True,
11264417,Gästrikeleden - anslutningsled Brattfors - Ockelbo,,nwn,3.735,False,
11271437,Dammrundan,,lwn,4.28,True,
11273931,Carl Larssonleden,,lwn,8.699,True,
11279936,Rikkentorps Kulturstig,,lwn,3.37,False,
11283070,Vandringsled Stocksmyrs-Brännan,,lwn,18.753,True,
11284505,Ödegårdsstigen,,lwn,2.693,True,
11285001,Ängsstigen,,lwn,0.855,True,
11285002,Lövstigen,,lwn,1.309,True,
11287381,Malingsbo Camping Blå,,lwn,8.142,False,
11296598,Grön,,,10.657,False,
11298614,Röd,,,15.881,False,
11298615,Gul,,,4.925,False,
11298616,Blå,,,2.875,False,
11298687,Unos runda,,lwn,5.969,False,
11298696,Romelestigen,,lwn,5.337,True,
11303735,Vandringsled Kinneviken,,lwn,2.241,True,
11308355,,,lwn,2.227,False,
11309654,Grå,,,1.163,True,
11309655,Orange,,,0.867,True,
11324850,Stenhuggarstigen,,lwn,5.869,True,
11349413,Skuddevigeleden,,lcn,0.905,False,
11357569,Lejondalsstigen,,lwn,3.494,False,
11359614,Arboretumslingan,6,lwn,0.522,True,
11361767,Stenshuvudslingan,1,lwn,2.097,False,
11361771,Hälleviksslingan,2,lwn,4.287,True,
11361772,Kortelslingan,4,lwn,3.146,True,
11361797,Havsslingan,5,lwn,1.086,True,
11362881,Hälsans Stig,,lwn,5.084,True,
11379117,"Näsums bokskogar, Gulvita slingan",,,1.731,True,
11382194,"Näsums bokskogar, Rödvit slinga",,,0.903,True,
11385140,Kraterstigen Avholmsberget,,lwn,5.86,False,
11483887,"Näsums bokskogar, Ljusgröna slingan",,,2.553,True,
11489530,Motionsspår 5km,,lcn,5.162,False,
11490988,Paddesjöslingan,,lwn,3.24,True,
11498343,Grubbehagen,,lcn,1.269,False,
11498605,"Södra Ryssberget, Blå",,,2.632,True,
11498606,"Södra Ryssberget, Vit",,,2.666,True,
11498607,"Södra Ryssberget, Gul",,,5.443,True,
11502154,Tvärreds IF Eljusspår,,lcn,2.268,True,
11503138,Dummemosseleden,,lwn,4.325,False,
11503140,Dummemosseleden,,lwn,4.023,False,
11504601,Kroksjöslingan,,lwn,0.947,False,
11505146,Silverleden,,lwn,4.994,False,
11505676,Skötselslingan,,lwn,2.461,True,
11505677,Hålvägsslingan,,lwn,2.938,True,
11505678,Lilla Hålvägsslingan,,lwn,1.421,True,
11505679,Knaggaredsslingan,,lwn,2.431,True,
11505680,Strettelienslingan,,lwn,2.842,True,
11505681,Ramnaklintsslingan,,lwn,3.924,True,
11505820,Kustleden,,,12.453,False,Q115047192
11505967,Hacksta 2.5 km,,lwn,2.307,True,
11508184,Guldtur 6 Hällmålningsrundan,,lwn,9.933,False,
11508351,Hamrafjället Östra,557,lwn,7.262,True,
11508456,Guldtur 11: Livsäterån,,lwn,2.504,True,
11510475,Dannike Eljjusspår,,lcn,2.266,True,
11518796,Ellen Keys led,,lwn,6.122,True,
11520886,Svartåleden,,lcn,17.118,False,
11531234,Jälmåleden,,lwn,34.743,False,
11533946,"Skåneleden 2, Etapp 22: Fru Alstad - Trelleborg",22,nwn,13.267,True,
11535306,"Låsberget 9,6 km",,lwn,9.392,False,
11535618,Ådalsleden,,rwn,88.946,False,
11544135,Björnlunda elljusspår,,lwn,1.272,True,
11561154,"Låsberget 4,6km",,lwn,4.589,True,
11561155,"Låsberget 2,5 km",,lwn,2.59,True,
11561156,"Låsberget 1,4km",,lwn,1.41,True,
11561157,"Låsberget 0,6km",,lwn,0.631,True,
11571029,Ensta Krog 2.5km rött,,,2.47,True,
11571150,Ensta Krog 5km gullt,,,5.246,False,
11571718,Ensta Krog 10km grönt,,,10.05,False,
11583145,,5,nwn,11.41,True,
11583382,,4,nwn,23.119,True,
11583824,,3,nwn,15.738,True,
11587026,Sjöslingan,,,4.223,True,
11606800,Skavlöten motionsspår 1.25km blå,,,1.383,True,
11606821,Skavlöten motionsspår 2.5km rött,,,2.779,True,
11606896,Skavlöten motionsspår 5km gult,,,5.323,True,
11606929,Skavlöten motionsspår 10km grönt,,,10.456,False,
11612081,Fulltofta runt,9A,nwn,9.724,True,
11612093,"Skåneleden 2, Etapp 15A: Sturup-Dörröd",15A,nwn,14.17,True,
11612142,"Skåneleden 2, Etapp 19: Dörröd-Blentarp",19,nwn,11.882,False,
11612157,"Skåneleden 2, Etapp 20: Blentarp-Snogeholm",20,nwn,12.063,True,
11619839,"Gotaleden, Skatås to Kåsjön",,rwn,9.489,True,
11620451,Orrefors vandringsled,,lwn,12.9,False,
11621974,Roslagsleden till Blåleden,,,8.131,True,
11645270,"Gotaleden, Västra Bodarna - Alingsås",,rwn,10.431,True,
11645271,"Gotaleden, Norsesund to Västra Bodarna",,rwn,5.102,True,
11645272,"Gotaleden, Jonsered to Lerum",,rwn,8.265,True,
11645273,"Gotaleden, Kåsjön to Jonsered",,rwn,7.618,True,
11645446,"Skattlösberg 5,5 km",,lwn,5.214,True,
11645447,"Skattlösberg 2,5 km",,lwn,2.37,True,
11645485,Nittkvarns naturreservat,,lwn,1.295,True,
11717163,Skogsslingan,,lwn,1.883,True,
11717910,Älvarumsleden,,lwn,7.648,False,
11728455,Ekleden,,lwn,21.591,True,
11736736,Hedgärdessjön Runt 4 km,,lwn,3.88,True,
11740558,Norsbergsrundan,,lwn,2.788,True,
11742708,Led Venjan - Åsen,,Venjans intresseförening,7.093,False,
11743900,Ljungåsleden,,lwn,6.678,True,
11743959,Gruvtrampen,,rwn,14.096,True,
11760981,Badelunda fornstig,,lwn,5.714,False,
11765308,Stadsskogens elljusspår,,lwn,2.378,True,
11765327,Stabby elljusspår,,lwn,1.73,True,
11765382,Nåntuna elljusspår,,,2.257,True,
11765399,Sunnerstaåsens elljusspår,,lwn,2.343,True,
11765405,5km elljusspår,,lwn,4.789,True,
11765431,Storvreta elljusspår,,lwn,2.419,True,
11794732,Trollhättan City Trail,,lwn,10.632,True,
11795111,Jupukkaleden,,lwn,11.227,True,
11800008,Snäckskalstriangeln,,lwn,15.657,True,
11811476,Motionsspår Alby 4 km,,lwn,4.07,False,
11811477,"Motionsspår Alby 1,6 km",,lwn,1.643,True,
11811478,Motionsspår Alby 1 km,,lwn,1.019,True,
11811562,Albys elljusspår,,lwn,1.881,True,
11812502,Bamsestigen,,lwn,8.788,True,
11817148,Gula spåret,,lwn,7.387,False,
11817237,Röda spåret,,lwn,4.893,False,
11817238,Blå spåret,,lwn,2.817,False,
11817239,Orange spåret,,lwn,3.646,True,
11817438,Hålsjön runt,,lwn,2.695,False,
11817644,Lervassastigen,,lwn,2.232,False,Q133849105
11820058,Fiskestigen,,lwn,16.093,False,
11848798,Sörsjön milspår,,lwn,9.466,True,
11852648,Natur- och kulturstigen,,,1.042,True,
11864104,Ensta Krog 1.3km lila,,,0.805,True,
11890781,"Hackefors motionsspår 5,0 km",,lwn,5.056,True,
11890782,"Hackefors motionsspår 2,9 km",,lwn,2.879,True,
11890783,"Hackefors motionsspår 2,0 km",,lwn,2.021,True,
11891217,Matkullen Runt,,lwn,9.625,True,
11895892,Stora Slingan,,lwn,7.537,True,
11904953,Jursla milspår,,lwn,10.035,False,
11907665,Rödgölenleden,,lwn,7.05,False,
11923039,Smörtjärnsrundan,,lwn,5.12,False,
11937933,Elljusspåret,,lwn,2.523,True,
11938026,Frökinds motionsspår,,lwn,3.142,False,
11956757,Limbergsleden,,lwn,4.147,True,
11956762,Hästbergs klack,,lwn,0.653,True,
11961056,"Kråksten 2,4 km",,lwn,2.463,False,
11961057,"Kråksten 3,6",,lwn,3.791,True,
11963380,Vallentuna IP 1.6km röd/vit,,,1.665,True,
11963401,Vallentuna IP 2.6km röd,,,2.676,True,
11963402,Vallentuna IP 5km gul,,,5.082,True,
11963480,Olhamraleden,,,4.483,False,
11985247,Bensåsleden,,,8.234,True,
12007996,Marialeden,,lwn,1.164,True,
12009602,Ubbysjön runt 2km blå,,lwn,2.13,True,
12010772,Elljusspåret i Vartofta,,lwn,2.196,True,
12026320,Pilgrimsleden Husaby-Läckö slott,,rwn,65.338,False,
12027922,Livstens leden,,lwn,5.74,False,
12028761,"Altorp motionsspår (gul, långa)",,,6.627,False,
12030860,Kallebäcksleden,,lwn,1.85,True,
12031163,Altorps elljusspår,,,2.383,True,
12031371,"Altorp motionsspår (gula, korta)",,,4.49,True,
12042403,Rallarleden,,rwn,21.388,False,
12075887,Redvägsleden,,rwn,41.766,True,
12076018,Blekinge Vildmarksled,,rwn,72.742,False,
12077023,Änglaleden,,rwn,36.704,True,
12077483,Dalumsleden,,rwn,34.134,True,
12104834,Neptunileden,,lhn,15.763,False,
12104975,Böda vandringsled,,lhn,58.12,False,
12107681,Mittlandsleden,,rwn,53.293,False,
12108306,Finnvägen,,lwn,18.446,False,
12109041,Tranebergsleden,,lwn,11.847,False,
12109045,Vandringsled Roparudden,,lwn,3.028,True,
12111573,Torrskogsleden,,lwn,3.87,True,
12113417,,,,33.085,False,
12114588,Blåvingeleden,,lwn,8.885,False,
12114589,Vita leden,,lwn,3.309,True,
12114594,Kumlanleden,,lwn,1.597,True,
12115968,Hobyleden,,lwn,13.378,False,
12117957,"Upplandsleden, etapp 23",23,nwn,21.409,False,
12118035,"Upplandsleden, etapp 22",22,nwn,10.027,True,
12118158,"Upplandsleden, etapp 25",25,nwn,9.501,True,
12119242,Bredsandslingan,25:1,nwn,12.169,True,
12119290,"Upplandsleden, etapp 24",24,nwn,16.668,False,
12119300,Torslundaslingan,23:1,nwn,7.695,True,
12119322,"Upplandsleden, etapp 21",21,nwn,17.767,False,
12119383,Slinga Ramsmossjöarna,21:1,nwn,4.846,False,
12120168,Borgardalsslingan,3:1,nwn,2.192,True,
12120198,Pansaruddenslingan,8:1,nwn,4.752,True,
12120199,"Hästhagen, Kilholmenslingan",7:1,nwn,2.366,True,
12120374,Risingeslingan,10:1,nwn,17.358,False,
12120388,Dammledenslingan,11:1,nwn,12.453,True,
12120429,Österbybruksslingan,12:1,nwn,6.393,False,
12120434,Floranslingan,12:2,nwn,10.587,False,
12120477,Slinga Ås puss,24:1,nwn,2.353,True,
12120488,Avstickare till Boglösa hällristningsområde,25:2,nwn,4.058,True,
12123354,,1,nwn,9.12,False,
12123381,,1:0,nwn,12.071,False,
12123387,Upplandsleden etapp 1:1,1:1,nwn,12.967,True,
12123401,Upplandsleden etapp 12,1:2,nwn,5.293,True,
12129280,Bottenstugan Röd Söder,,lwn,2.621,True,
12129730,Lövfallet,,lwn,1.571,True,
12136398,,3,nwn,6.358,True,
12136399,Upplandsleden etapp 2,2,nwn,17.173,False,
12138712,Finnsjöns eljusspår 2.5 km,,lwn,2.359,True,
12138713,Finnsjöns eljusspår 1.5 km,,lwn,1.625,False,
12147559,Rådasjön runt 12 km,,lwn,11.65,False,
12172089,,5,rwn,16.336,False,
12172090,,4,rwn,8.83,True,
12172091,,3,rwn,10.456,True,
12172092,,2,rwn,7.716,True,
12172093,,1,rwn,3.718,True,
12173278,,8,rwn,12.849,False,
12173279,,7,rwn,9.897,False,
12173280,,6,rwn,11.231,False,
12181874,Rundslinga Ljungskile,,rwn,5.589,True,
12183967,Dyröleden,,lwn,4.936,True,
12185594,Soteleden Etapp 5 Ramsvik runt,5,lwn,14.451,False,
12187071,,23,rwn,13.682,True,
12187072,"Soteleden Etapp 6 Väjern - Tullboden, via Håle",6,lwn,10.712,True,
12187073,,24,rwn,13.721,False,
12187074,"Soteleden Etapp 7 Kungshamn - Tullboden, via Bua",7,lwn,16.691,False,
12187160,Soteleden Etapp 9 Lyckan - Nordens ark,9,lwn,7.437,True,
12191885,,16,rwn,16.766,False,
12191896,,15,rwn,17.665,True,
12193385,,14,rwn,13.249,True,
12193399,,12,rwn,13.832,False,
12193400,,13,rwn,10.718,True,
12197551,"Axamo Löpspår 4,7 km",,lwn,4.788,False,
12197609,"Axamo Elljusspår 1,3 km",,,1.314,True,
12197610,"Axamo Elljusspår 2,1 km",,,2.153,True,
12203269,Franciskusleden,,rwn,98.584,False,
12225706,Brunstorpsleden,,lwn,3.972,True,
12255977,Velamsund Getstigen,,lwn,2.217,False,
12278811,Hassafallsleden,,lwn,5.815,False,
12293426,Lindbacken Elljsusspår 2.5km blå,,,1.891,True,
12294164,Brommöleden,,lwn,17.209,False,
12298583,Vandringsled Laxhall-Hattarevik-Sandbäcken,,lwn,16.54,False,
12298584,Vandringsled Sandvik-Laxhall-Hattarevik,,lwn,29.349,False,
12299545,Vandra i Valle,,lwn,39.93,False,
12300782,Höjentorp,,lwn,2.319,True,
12300783,Drottningkullen,,lwn,2.771,True,
12301698,Ökull,,lwn,2.714,False,
12301714,Torp,,lwn,2.241,True,
12301715,Ljungstorp,,lwn,3.07,False,
12301745,Jättedalen,,lwn,2.507,True,
12304460,,,rwn,13.928,True,
12307932,Lärkeskogsleden,,lwn,11.563,False,
12308335,Lambohovs motionsspår,,lwn,2.332,True,
12308978,Alderängsrundan,,lwn,8.845,True,
12310312,Musitjärn runt (förlängning),,lwn,3.367,False,
12310371,Åtjärn runt,,lwn,4.307,True,
12314339,Motionspår i Vallaskogen,,,2.444,True,
12314594,Grön Brantbrink,,lwn,10.633,True,
12316243,Brottets bana,Brottets bana,lwn,2.865,True,
12337969,Lida Röd,,lwn,2.213,True,
12338936,Lida-Storvretsbadet,,lcn,4.515,False,
12339594,Lida - Harbro,,lcn,6.058,True,
12343827,Lida-Brantbrink,,lcn,5.321,True,
12348447,Kolarslingan,,lwn,16.131,False,
12380160,Smörbanan,,lwn,9.674,True,
12391109,Elljusspår Rudan,,lwn,2.602,False,
12397798,Trylenslingan,,lwn,9.819,False,
12398869,Maxingeslingan,,lwn,2.199,False,
12398912,Amuslingan,,lwn,5.145,True,
12406453,Lillåleden,,lwn,7.091,False,
12406488,Munksjöpromenaden,,lwn,5.602,True,
12406557,Korteborundan,,lwn,9.909,False,
12406562,Kaxholmens lövskogspromenad,,lwn,3.866,False,
12406574,Pustaleden,,lwn,1.851,False,
12406632,Öxnegården - Gula spåret,,lwn,4.23,True,
12406633,Öxnegården - Röda spåret,,lwn,2.462,True,
12406634,Öxnegården - Blå spåret,,lwn,1.224,True,
12406635,Öxnegården - Elljusspår,,lwn,2.977,False,
12406636,Öxnegården - Gröna spåret,,lwn,9.013,True,
12406665,Dunkehallaleden,,local,2.691,True,
12406666,Hallbyleden,,lwn,2.85,True,
12406669,Rocksjön runt,,lwn,3.419,True,
12406916,Södra Bråfors,,lwn,1.419,True,
12406917,Norra Bråfors,,lwn,2.363,True,
12412397,Öxnegården - Gamla 15 kilometerspåret,,lwn,15.141,True,
12430922,Karvikstolvan,,lwn,11.938,True,
12430923,BanAnna,,lwn,12.342,False,
12430924,Amperundan,,lwn,16.302,True,
12430925,"Mora-Nisses runda, Hökberg",,lwn,10.262,True,
12431742,Lintjärn runt,,lwn,10.026,True,
12446852,Järvaleden,,lwn,5.353,True,
12470954,Hallbymilen,,local,10.166,True,
12473537,Milspåret,,lwn,9.61,True,
12474521,Gullaboleden,,rwn,47.243,True,
12475263,Slaka motionsspår,,,1.973,True,
12478989,Askaleden (röd),,,3.884,True,
12478990,Askaleden (gul),,,1.975,False,
12485148,Domsandspåret,,lwn,6.549,False,
12485152,Furuvikspåret,,lwn,3.149,True,
12485185,Tjuvanabbenspåret,,lwn,4.475,False,
12487834,Strömsberg - röda leden,,lwn,3.7,False,
12487839,Strömsberg - gula leden,,lwn,5.591,False,
12512626,Vidablickspåret,,lwn,1.38,True,
12528266,Forshagaleden,,lwn,24.293,False,
12528405,Rövarstigen,,lhn,16.596,False,
12531320,Världsarvsleden,,,35.939,False,
12534306,Pildammsparken Blå,,lwn,1.063,True,
12534307,Pildammsparken Röd,,lwn,2.053,True,
12534308,Pildammsparken Gul,,lwn,2.951,True,
12546168,Hallby - Elljusspår,,lwn,4.779,False,
12546705,Vårdbergsleden,,lwn,15.317,False,
12553556,Hackebergsleden,,lwn,7.875,False,
12554427,Sju sjöars led,,lwn,12.707,False,
12554441,Fölenleden,,lwn,8.906,False,
12554501,Herrljunga-Gäseneleden,,rwn,58.099,False,
12554745,Jällbyleden,,lwn,10.022,True,
12557212,Gröna milen,,lwn,10.141,False,
12561720,Östgötaleden: Medevi - Godegård,,nwn,17.448,True,
12562477,Nydalaleden,,rwn,115.865,False,
12567559,Skalberget runt,,lwn,3.441,True,
12567620,Per Gynt och Galjen,,lwn,1.373,False,
12567666,Gimklack,,lwn,1.243,True,
12574428,Östgötaleden: Ågelsjön runt,,nwn,8.568,False,
12574990,Östgötaleden: Anslutningsled Hultsbruk-Graversfors,,nwn,7.692,False,
12579724,Östgötaleden: Anslutningsled Bergkulla-Sörsjön,,nwn,10.434,False,
12584845,Sandskenleden,,lwn,15.593,False,
12588304,Kileneleden,,lwn,5.035,True,
12588474,Jäveröleden,,lwn,20.841,False,
12596291,Godegård runt,,nwn,10.428,True,
12598351,Salstaleden,,lwn,6.738,False,
12598516,Gula slingan,,lwn,6.462,True,
12599958,,,nwn,4.231,True,
12601142,Östgötaleden: Skönnarboleden,,nwn,11.201,False,
12602761,Gruvstigen,,rwn,18.105,True,
12602903,Mineralleden,,rwn,15.501,True,
12604418,Kraftleden,,rwn,21.746,False,
12606135,Backaleden,,lwn,8.992,True,
12606180,Munkebolsleden,,lwn,12.957,True,
12616790,Kyrkstigen,,rwn,38.871,False,
12619565,Örsunds­bro motions­spår 2km gul,,,1.994,True,
12628961,Jursla gammelskog,,lwn,3.671,True,
12630846,Haparanda vandringsled,,lwn,11.416,False,
12632966,Skärgårdsleden,,,19.206,True,
12634588,Hertsöstigen,,lwn,24.135,False,
12637002,Råneå Avaforsbruk,,lwn,10.831,True,
12639664,Uvbergsstigen,,,0.44,True,
12642020,Råneå Jämtöfjärden,,lwn,19.466,False,
12651163,,,lwn,14.269,False,
12667419,Furuögrundsleden,,lwn,10.127,True,
12669075,Junebäckens promenad,,lwn,3.422,False,
12669686,Åbyälvsleden,,lwn,27.075,True,
12680124,Norra Vi leden,,lwn,5.941,True,
12686806,Eliasleden,,lwn,29.451,False,
12702331,Stråsjöleden,,iwn,264.449,True,
12710995,Fyrkantsleden,,,30.342,False,
12716540,Östtjärn-Tallstugan-Fiskdammen,,lwn,7.115,True,
12726154,Lövsundsstigen,,,3.883,False,
12726183,Buten,,,2.079,True,
12765634,Vilskeleden,,lwn,42.046,False,Q107003241
12805011,Åsarps elljusspår,,lwn,2.63,True,
12815982,Brita Kajsas kyrkstig,,rwn,9.858,True,
12842898,Brudstigen,,lcn,5.105,False,
12843781,Lunnsjöskogen,,lwn,2.154,True,
12874182,Jormvägen - Raukasjö,,rwn,17.396,True,
12874183,Raukasjö - Storjola,,rwn,12.305,True,
12874184,Sutme - Slipsikstugan,,rwn,13.314,True,
12874185,Slipsikstugan - Klimpfjäll,,rwn,7.229,True,
12874186,Raukasjö - Slipsikstugan,,rwn,11.211,True,
12874829,Path to Klöverfjällstugan,,lwn,9.505,False,
12874830,Borgafjäll - Saxnäs,,rwn,15.917,True,
12874831,Tomasvallen - Bielitevägen,,lwn,1.613,True,
12874832,Rissjö - Saxnäs,,rwn,26.861,True,
12882243,Borgafjäll,,rwn,16.598,True,
12882244,Storjola - Härbergsdalen,,rwn,24.218,True,
12884365,Hallandsleden,,nwn,21.067,True,
12884699,Connector border Örebrö län/Dalarnas län - Bergslagsleden,,nwn,5.525,True,
12884700,"Västra Vätterleden: Etapp 1, Stenkällegården - Forsvik (shortcut south)",1,nwn,4.318,True,
12884701,"Västra Vätterleden: Etapp 1, Stenkällegården - Forsvik (shortcut north)",1,nwn,4.589,True,
12884778,E1 hiking section of Vasaloppsleden,,rwn,70.865,False,
12884779,Connector Norwegian/Swedish border - Vasaloppsleden,E1,iwn,191.927,False,Q151653
12884780,Connector Sméleden - border Dalarnas län/Örebro län,E1,iwn,13.556,True,
12884781,Connector Vasaloppsleden - Gagnefs fäbodstigar,E1,iwn,119.733,True,Q151653
12884782,Connector Gagnefs fäbodstigar - Sméleden,E1,iwn,22.983,True,Q151653
12884921,Tängen - Sielken,,rwn,6.06,True,
12884922,Gränsjön - Härbergsdalen,,rwn,8.765,False,
12884923,Ankarede - Sielken,,rwn,11.574,True,
12884924,Sielken - Härbergsdalen,,rwn,17.646,True,
12885313,"European Long distance path E1 - Sweden, Norrbottens län (south)",E1,iwn,77.547,True,
12885337,"European Long distance path E1, Norway, Troms (south)",E1,iwn,146.501,True,
12885350,"European Long distance path E1 - Norway, Nordland (north)",E1,iwn,160.255,False,
12887688,Jougdaberg - Blomhöjden,,rwn,8.827,True,
12887689,Gränsjön - Blomhöjden,,rwn,9.784,True,
12888866,Gäddede - Jougdaberg,,rwn,19.618,True,
12889588,Tjåkkelestugorna - Åtnikstugan,,rwn,17.501,False,
12889589,Klimpfjäll - Tjåkkelestugorna,,rwn,19.6,False,
12891871,Tjåkkelestugorna - Grundvik,,rwn,22.073,True,
12891872,Vardofjäll - Grudvik,,rwn,13.291,True,
12891873,Åtnikstugan - Vardofjäll,,rwn,8.126,True,
12893593,Grudvik - Ransarn,,rwn,8.039,True,
12898421,Östgötaleden: Omberg-Borghamn,,nwn,1.193,True,
12899347,Magnhilds runda,,lwn,15.597,False,
12901747,Grönfjäll - Silisen,,rwn,22.163,False,
12901748,Klitvallen - Matsdal,,rwn,7.618,True,
12901749,Grönfjäll - Klitvallsstugan,,rwn,11.41,False,
12901750,Forsmark - Matsdal,,rwn,14.672,True,
12902270,Matsdal - Fättjaur,,rwn,29.891,True,
12904412,Virisen,,rwn,9.381,True,
12905239,Bojtiken - Virisen,,rwn,12.742,True,
12906075,Gränssjö - Bojtiken,,rwn,9.958,True,
12907395,Gielas - Ransarn,,rwn,3.58,True,
12907396,Gränssjö - Vardofjäll,,rwn,13.302,True,
12907615,Övre Selet - Ransarn,,rwn,15.333,True,
12929029,Blerikstugan - Kittelfjäll,,rwn,12.525,True,
12929030,Hendriksfjäll - Grönfjäll,,rwn,2.937,True,
12929031,Kittelfjäll - Grönfjäll,,rwn,11.157,True,
12930118,Marsfjällskåtan - Blerikstugan,,rwn,10.168,True,
12933277,Fatomakke - Blerikstugan,,rwn,18.473,True,
12933278,Fatomakke - Marsfjällskåtan,,rwn,6.491,True,
12934879,Borkasjö - Marsfjällen,,rwn,13.048,True,
12936611,Marsfjället,,rwn,7.68,False,
12936612,Marsliden - Marsfjällskåtan,,rwn,11.164,True,
12946643,"Vandringsstig norr, Långviksträsk",,lwn,2.091,False,
12947058,Sommarstigen,,lwn,6.774,False,
12966026,Gäddede - Västermon,,rwn,20.726,True,
12966027,Väktarmon - Sielken,,rwn,12.302,True,
12966647,Junsterforsen - Bleriken,,rwn,6.586,True,
12966648,Väktardalen,,rwn,18.584,True,
12966649,Sielken - Gränsjön,,rwn,15.707,True,
12966708,Ankarvattnet - Tjärnbäcken,,rwn,8.018,True,
12966709,Ankarede - Tjärnbäcken,,rwn,11.068,True,
12966710,Tjärnbäcken - Raukaselet,,rwn,10.207,True,
12990309,"Gotaleden, Tollered to Norsesund",,rwn,8.588,True,
12993690,Kalvträsklederna,,,26.194,False,
12997839,Kulturslingan,,lwn,33.143,False,
13006636,Backstugeleden,,lwn,9.64,True,
13008112,Vallåsen,,lwn,12.411,True,
13010956,Hellas motion 12,,lwn,11.637,False,
13041152,Elljusspåret,,lwn,2.468,True,
13041153,Röda spåret,,lwn,1.201,True,
13042424,Getsvedjeberget,,lwn,0.799,True,
13055585,,,,0.802,True,
13069685,Hanö runt - Vit slinga,,,2.358,True,
13069686,Vindhalla - Fyren - Bönsäcken,,,1.857,True,
13069687,Pyntenrundan,,,0.689,True,
13069688,Från vit slinga - Vandrarhemmet,,,0.808,True,
13069689,Körvägen - Vandrarhemmet,,,0.954,True,
13069690,Äspudden,,,0.148,True,
13069691,Grottorna och Drakamärket,,,0.412,True,
13090583,Trekommafemman,,lcn,3.874,False,
13090584,Barnkonventionsrundan,,lcn,2.701,True,
13090585,gula slingan,,lcn,4.825,False,
13115203,Östra Torpaslingan,2,lwn,0.461,True,
13115204,Västra Torpaslingan,2,lwn,1.051,True,
13115205,Bokslingan,2,lwn,1.544,True,
13115206,Strandslingan,3,lwn,2.707,True,
13115475,Södra Slingan,3,lwn,2.513,False,
13115482,Norra Slingan,3,lwn,1.408,True,
13115486,Stig,3,lwn,1.766,True,
13115488,Skogsslingan,3,lwn,2.098,True,
13115489,Trollsvansen,2,lwn,0.275,True,
13162780,Led till Stavaheden,,Old trail,8.583,False,
13165994,Malingsbo Camping Gul,,,12.481,True,
13168171,Västra markslingan,,lwn,3.378,True,
13168172,Kyrkhamnsleden,,lwn,5.59,False,
13168640,Norra Lundleden,,lwn,4.018,False,
13168641,Skogsuddeslingan,,lwn,1.493,True,
13171023,Led Åsen - Matsäl,,Old trail,4.054,True,
13178317,Sjörundorna – Spångenrundan,,lwn,6.854,False,
13178318,Sjörundorna – Byasjörundan,,lwn,2.771,True,
13178319,Sjörundorna – Ryenrundan,,lwn,1.115,True,
13178320,Sjörundorna – Sjöarundan,,lwn,4.377,True,
13183352,Fogdarödsslingan,,lwn,4.861,True,
13189022,Bokhultets blå slinga,,lwn,4.822,False,
13189023,Bokhultets rullbara naturstig,,lwn,0.682,True,
13195379,Kyrkvägen,,lwn,7.702,True,
13196944,Kronobergs kulturstig,,lwn,2.653,True,
13196962,Röda stigen Araby,,lwn,1.377,False,
13197051,Reservatsslingan Hovshaga,,lwn,6.586,False,
13236009,Notteryd runt,,lwn,7.398,True,
13236397,Helgö runt,,lwn,6.72,False,
13236398,Jägaregaps stig,,lwn,0.839,True,
13237661,Hissöslingan,,lwn,5.923,False,
13237769,Sjöslingan,,lwn,1.431,False,
13237770,Bokslingan,,lwn,1.45,False,
13241065,Örnkullen,,lwn,3.171,True,
13241066,Gösslundaleden,,lwn,7.018,True,
13241067,Gösslunda parkering – Tingstad flisor,,lwn,3.7,True,
13241068,Tingstad flisor – Penåsa parkering,,lwn,5.203,True,
13241069,Millersten,,lwn,2.768,True,
13241070,Bårby källa,,lwn,5.527,False,
13241071,Stora Alvarleden,,lwn,13.333,True,
13244881,"KSK 2,5 km Elljusspår",,lwn,2.494,True,
13244994,KSK 5 km Motionsspår,,lwn,5.026,True,
13245143,"KSK 3,3 km Motionsspår",,lwn,3.275,True,
13245387,KSK 400 m Salamanderspåret,,lwn,0.417,True,
13245696,"KSK 7,5 km Motionsspår",,lwn,7.352,True,
13245879,KSK 10 km Motionsspår,,lwn,9.896,True,
13248040,Mjögasjöslingan,,lwn,4.706,True,
13248858,"Skene 2,5 km Elljusspår",,lwn,2.484,True,
13248892,Skene 6 km Motionsspår,,lwn,6.158,True,
13254155,"FVIK 2,5 km Motionsspår",,lwn,2.129,True,
13254163,"FVIK 4,2 km Motionsspår",,lwn,4.179,True,
13254266,"FVIK 6,2 km Motionsspår",,lwn,6.081,True,
13254323,FVIK 10 km Motionsspår,,lwn,9.942,True,
13254883,FVIK Trail 10 km,,lwn,10.46,True,
13257915,,23,nwn,8.218,True,
13257934,"Skåneleden 7, Etapp 5: Trelleborg - Skåre",5,nwn,10.228,True,
13259841,"Navåsen 2,5 km Motionsspår",,lwn,2.53,True,
13259882,"Navåsen 2,5 km Elljusspår",,lwn,2.471,True,
13261979,Djupdalshöjden Rundslinga,,lwn,8.277,True,
13262341,Blå stig Haverdal,,lwn,4.195,False,
13262342,Orange stig Haverdal,,lwn,4.732,True,
13262457,Gul stig Haverdal,,lwn,3.743,True,
13262509,Naturstigen Haverdal,,lwn,3.214,True,
13264152,"KSK 2,2 km Motionsspår",,lwn,2.196,True,
13264264,Skene 8 km Motionsspår,,lwn,8.049,True,
13264323,Skene 10 km Motionsspår,,lwn,9.21,True,
13266495,Röd slinga Trollabackarna,,,2.347,True,
13266496,Gul slinga Trollabackarna,,lwn,2.921,True,
13266497,Grön slinga Trollabackarna,,lwn,4.952,False,
13266498,Blå slinga Trollabackarna,,lwn,5.439,False,
13266544,Trollstigen,,lwn,1.004,True,
13271718,Navåsen 4 km Motionsspår,,lwn,4.113,True,
13271730,"Navåsen 5,3 km Motionsspår",,lwn,5.23,True,
13271748,"Navåsen 8,2 km Motionsspår",,lwn,8.305,True,
13271868,"Örby 1,25 km Motionsspår",,lwn,1.282,True,
13271874,"Örby 2,5 km Motionsspår",,lwn,2.5,True,
13271902,"Örby 3,7 km Motionsspår",,lwn,3.655,True,
13272261,"Horred 2,5 km Elljusspår",,lwn,2.604,True,
13272291,Horred 5 km Motionsspår,,lwn,5.431,True,
13272328,Horred 10 km Motionsspår,,lwn,9.339,True,
13281825,,,nwn,1.318,True,
13281826,,,nwn,0.634,True,
13281827,,19,nwn,18.345,True,
13285736,5 km,,lwn,4.845,True,
13285737,"2,5 km",,lwn,2.46,True,
13288423,"Sätila 2,5 km Elljusspår",,lwn,2.476,True,
13288635,Torestorp 2 km Elljusspår,,lwn,2.072,True,
13288708,Nissestigen,,lwn,2.666,True,
13288804,"Öxabäck 1,5 km Elljusspår",,lwn,1.538,True,
13288944,Hälsans stig Kinna,,lwn,3.914,True,
13289290,"Trasten 8,8 km Motionsspår",,lwn,9.028,True,
13289291,"Trasten 5,6 km Motionsspår",,lwn,6.063,True,
13289292,"Trasten 2,2 km Elljusspår",,lwn,2.344,True,
13289293,"Trasten 1,5 km Elljusspår",,lwn,1.651,True,
13293205,Örby 5 km Motionsspår,,lwn,4.812,False,
13293239,Örby 6 km Motionsspår,,lwn,6.011,True,
13293371,Örby 9 km Motionsspår,,lwn,9.574,True,
13293408,Örby 11 km Motionsspår,,lwn,11.178,True,
13335221,Floda-Nääs Sjöpromenad,,lwn,7.287,True,
13337755,Led till Åsklikten,,Venjans intresseförening,1.452,True,
13350119,Nässeldalsrundan,,lwn,5.639,True,
13350181,Råholmastigen,,lwn,2.245,False,
13350284,Frösviksrundan,,lwn,7.161,True,
13350424,Askrikerundan,,lwn,5.531,True,
13350454,Lilla Slottsrundan,,lwn,3.434,True,
13350472,Stora Slottsrundan,,lwn,8.537,True,
13350517,Dammstakärrsrundan,,lwn,10.766,True,
13352097,Stortallsrundan,,lwn,9.816,True,Q122228073
13352166,Strömmingsrundan 10km,,lwn,10.188,True,
13352238,Strömmingsrundan 5km,,lwn,5.174,True,
13362687,Sjömarkens 14 km,,lwn,14.257,True,
13365297,Ledslinga,,lwn,3.361,False,
13367430,"FVIK 2,2 km Platten Motionsspår",,lwn,2.23,True,
13367433,"FVIK 2,5 km Elljusspår",,lwn,2.462,True,
13399160,Grön (10 km),,lwn,9.956,True,
13422531,Älvåsleden,,,12.048,True,
13432005,Anslutningsled Glumslöv,,nwn,3.495,True,
13449499,Motionsspår 5 km,,lwn,4.418,False,
13608043,Grön 9 km,,lwn,7.952,True,
13645463,Joppolaleden,,,6.946,True,
13688695,Genvägen,,lwn,0.176,True,
13690966,"Skåneleden 2, Etapp 6: Lillsjödal - Maglebjär/Tjörnarp",6,nwn,3.194,True,
13693580,Vallensjö runt,,lwn,1.366,False,
13693675,Ulfs leden,,,11.252,True,
13714025,Svampslingan,,lwn,2.889,True,
13744518,Åsslingan,,lwn,6.966,False,
13744616,Evedalsslingan,,lwn,3.223,True,
13748239,Visättra discgolfbana,,lwn,0.443,False,
13754783,Högsbyleden Etapp 2,,rhn,15.953,True,
13754892,Högsbyleden Etapp 4,,rhn,7.763,True,
13754893,Högsbyleden Etapp 3,,rhn,16.074,False,
13755705,Högsbyleden Etapp 6,,rhn,18.082,True,
13755706,Högsbyleden Etapp 5,,rcn,14.9,True,
13800232,,,nwn,14.633,True,
13938190,,,lwn,1.657,True,
13990540,Kaolinrundan,,lwn,2.094,True,
13990563,Topprundan,,lwn,3.396,True,
13990578,Reservatsrundan,,lwn,5.221,True,
13990585,Torprundan,,lwn,4.32,True,
13990592,Vägghallarundan,,lwn,3.678,True,
14036281,Stenbandetspåret,,lwn,1.344,True,
14036282,Banbrospåret,,lwn,2.366,True,
14036283,Gemlasjöspåret,,lwn,2.439,True,
14036284,Skärvet-Feretspåret,,lwn,2.556,True,
14036285,Öja-Öpestorpspåret,,lwn,4.999,True,
14036286,Gemla elljusspår,,lwn,1.405,True,
14071356,Färdväg Uspastorp,4,rwn,16.799,False,
14072203,Färdväg Vadbackabron,5,rwn,11.495,True,
14095535,Blidsberg Blått Spår,,lwn,3.772,True,
14095541,Blidsberg Gult Spår,,lwn,6.666,True,
14095572,Blidsberg Vitt Spår,,lwn,6.433,True,
14117083,"Götaleden, Göteborg - Skatås",,rwn,6.467,True,
14117229,"Gotaleden, Lerum to Floda",,rwn,10.646,True,
14117275,"Gotaleden, Floda to Tollered",,rwn,7.623,True,
14135907,Harspåret,,lwn,3.468,False,
14152398,Blå,,lwn,9.952,True,
14155622,Myttinge,,lwn,11.319,True,
14156872,Röd,,lwn,6.076,True,
14160838,Trollstigen - Den historiska leden,,lwn,2.928,True,
14160839,Trollstigen - Billingetrollets trollstig,,lwn,1.007,True,
14160840,Trollstigen - Den Vidunderliga Vandringen,,lwn,3.649,True,
14175122,Björntrampen,,,1.761,True,
14179841,Norrboleden,,lwn,13.608,False,
14182260,Borgarleden,,lwn,22.452,False,
14189150,Grön,,lwn,3.135,True,
14189194,Brodal,,lwn,6.046,False,
14228991,Äng,,lwn,4.015,True,
14235319,IP,,,2.002,True,
14238686,Nynäs,,lwn,2.482,True,
14245205,Botkyrka kulturspår-Norsborg,,lwn,4.213,False,
14324967,Göteborgs Skärgårdsled Etapp 1,,lwn,9.376,True,
14325119,Göteborgs Skärgårdsled Etapp 2,,lwn,9.051,True,
14325182,Göteborgs Skärgårdsled Etapp 3,,lwn,7.694,True,
14328643,Bohusleden Etapp 21 & 22 - Gamla sträckningen,,rwn,13.007,False,
14330566,Bredsandsslingan,,lwn,3.115,False,
14330885,Höga Åsenslingan,,lwn,15.55,False,
14330909,Kapellslingan,,lwn,1.458,True,
14332089,Tärnudden,,lwn,8.082,True,
14332090,Gamla Gården - Säludden,,lwn,5.645,True,
14332091,Hamnudden,,lwn,6.779,False,
14332092,Säludden,,lwn,7.042,False,
14333204,Hven orange,,,3.656,False,
14336954,Bohusledens gamla sträckning,,,2.328,True,
14355582,Torvalla Gul,,lwn,4.846,True,
14355597,Torvalla Röd,,lwn,2.417,False,
14355610,Torvalla Blå,,lwn,1.513,True,
14359787,Gul (5 km),,lwn,4.705,True,
14367836,"Larsagården 2,6 km",,lwn,2.627,True,
14367837,"Larsagården 4,2 km",,lwn,4.147,True,
14375942,Hammarbyrundan,,lwn,1.474,False,
14383456,Röd (7 km),,lwn,6.703,True,
14391381,Dammtorpssjön runt,,lwn,4.649,False,
14391786,Stockmyren Runda,,lwn,6.836,True,
14392429,Hellas angöring,,lwn,0.391,True,
14424424,Vita Spåret,,,5.264,False,
14428440,Hellas vita 7,,lwn,6.267,True,
14428686,,Röd/Vit,,2.969,True,
14428689,,Grön/Vit,,0.607,True,
14428691,Hellas motion 10,,lwn,9.05,True,
14428719,,Blå/Vit,,1.66,True,
14441426,Hovmantorps elljusspår,,lwn,2.325,True,
14448597,Källtorpssjön runt,,lwn,4.999,True,
14453427,Ulvsjöslingan,,lwn,4.769,True,
14456733,Gamla Idrevägen,,,12.073,False,
14459218,Björkhagsslingan,,lwn,6.14,True,
14459289,Heråmadsleden,,rwn,5.634,True,
14459389,Svingsjöleden,,lwn,7.59,False,
14465385,Onsvalakällan,9,nwn,1.254,True,
14465984,,6,nwn,2.804,True,
14466004,,14,nwn,2.947,True,
14466022,,15,nwn,1.547,True,
14470910,Venjan till Norrgårdssälen,,local trail,12.828,True,
14478986,,,,18.997,True,
14485222,,3,nwn,4.057,True,
14488519,Blå vandring,,lwn,3.617,True,
14488769,Orange vandring,,lwn,3.842,True,
14541846,Ombergets led,,lcn,0.807,True,Q113700033
14542033,Lövölandets led,,lcn,8.052,False,Q113700209
14542931,Äventyrsstigen,,lcn,0.934,False,Q113707071
14543017,Grössjömyrstigen,,lcn,0.902,False,
14546308,Holmsundsleden,,lcn,10.715,False,Q113721705
14546341,Strömbäck-Kont,,lcn,12.918,False,Q113725873
14546564,Grottstigen,,lcn,0.957,True,Q113727794
14546698,Geologistigen korta,,lcn,1.912,False,Q113728050
14547086,Sävarådalens led,,lcn,2.077,False,Q113731971
14560487,Flottarstigen,,lcn,4.36,True,Q113861565
14560529,Tuna fäbodstig,,lcn,6.331,False,Q113861930
14560542,Bergfotsstigen,,lcn,2.347,True,Q113861971
14560655,Fuske fäbodstig,,lcn,5.043,True,Q113862302
14564267,Gula leden,,lcn,5.949,True,Q113884827
14573347,Geologistigen långa,,lcn,3.002,False,Q113952311
14583056,Larseredsrundan,,lwn,4.233,False,
14589088,Kärrgruvorna runt,,,1.213,True,
14599495,Högamonleden,,lwn,13.432,False,
14612339,Hallby 6km,,local,6.057,True,
14622987,"Borgundaberget Röd 2,5 km","Borgundaberget Röd 2,5 km",lwn,2.396,False,
14622988,"Borgundaberget Blå 3,3 km","Borgundaberget Blå 3,3 km",lwn,3.211,True,
14623008,Kallebäcksleden,,lwn,2.165,True,
14648281,Kalhyttan 3 km,red,lwn,2.961,True,
14648282,Kalhyttan 5 km,yellow,lwn,5.072,True,
14648283,Kalhyttan 6 km,white,lwn,5.749,True,
14671954,Grön (10 km),,lwn,9.511,True,
14680767,Södra Vätterleden: Taberg,,rwn,7.981,False,
14680768,Södra Vätterleden: Bottnaryd,,rwn,1.427,True,
14680771,Södra Vätterleden: Nissan–Martinsgården,,rwn,12.345,True,
14680772,Södra Vätterleden: Bottnaryd–Nissan,,rwn,12.204,True,
14680773,Södra Vätterleden: Mullsjö–Bottnaryd,,rwn,28.664,True,
14697322,Hälsans stig,,lwn,4.96,True,
14702502,Hälsingbornsstigen,,,9.115,False,
14719492,Kvarnsjöspångarna,,lwn,0.188,True,
14720945,Järvaleden orange,,lwn,16.669,False,Q31843505
14721158,Åsbostigen,,,2.924,False,
14721181,Långtäktsstigen,,,5.282,False,
14721239,Klackstigen,,,12.433,False,
14761753,Fäboleden,,lwn,9.17,True,
14778868,TGEF led,,,3.066,False,
15021676,,16,nwn,6.668,True,
15021794,,15,nwn,6.55,True,
15022655,,17,nwn,9.711,True,
15024012,,18,nwn,13.302,True,
15063696,Broarna runt,,,3.823,False,
15311390,,,lwn,1.582,True,
15311391,,,lwn,2.566,True,
15326884,,6,nwn,11.775,True,
15328030,,7,nwn,8.584,True,
15328042,Arkelstorpsvikens Vandringsled,,lwn,7.317,False,
15328371,,8A,nwn,8.12,True,
15344465,Sörgården - Eljusspåret,,lwn,2.67,True,
15344638,"Gränsenstugan - 3,5-kilometersspåret",,lwn,3.387,True,
15344639,Gränsenstugan - 14-kilometersspåret,,lwn,14.702,True,
15344640,Gränsenstugan - 10-kilometersspåret,,lwn,10.074,False,
15344717,Stora Slingan,,lwn,2.967,True,
15344718,Lilla Slingan,,lwn,2.07,True,
15348379,Försurningsstigen runt Gårdsjön,,lwn,4.776,True,
15354408,Strömskärsleden,,lwn,3.105,True,
15401390,,,nwn,15.275,False,
15401391,,,nwn,5.812,True,
15402314,Koön Blå,,lwn,3.32,True,
15402315,Koön Grön,,lwn,1.874,True,
15402316,Koön Röd,,lwn,2.998,True,
15402386,Törringelund Gul,,lwn,1.212,True,
15402387,Törringelund Blå,,lwn,1.783,True,
15406015,,A5,rwn,4.256,True,
15406016,,A4,rwn,6.733,True,
15406017,,A3,rwn,7.36,True,
15406018,,5,rwn,10.263,False,
15406019,,4,rwn,7.756,False,
15406020,,3,rwn,7.844,True,
15406021,,2,rwn,7.95,True,
15406022,,1,rwn,8.099,True,
15407352,,,rwn,9.958,True,
15407353,,,rwn,2.708,True,
15409692,,,rwn,4.812,True,
15409693,,,rwn,9.534,True,
15415187,,,rwn,3.485,False,
15415188,,,rwn,50.578,False,
15418027,,,rwn,41.204,True,
15418028,,,rwn,42.708,False,
15418947,,,nwn,1.012,True,
15418948,,,nwn,8.687,True,
15419729,,,nwn,75.799,False,
15419730,,,nwn,22.356,True,
15421679,,,nwn,3.674,True,
15421680,,,nwn,17.587,True,
15421959,,,nwn,23.613,False,
15422103,,,nwn,26.341,False,
15422104,,,nwn,0.624,True,
15422669,,,nwn,0.946,True,
15422670,,,nwn,13.253,False,
15423257,,,nwn,31.208,True,
15423266,,,nwn,16.61,False,
15427009,,,nwn,16.431,True,
15427025,,,nwn,39.842,False,
15427270,,,lwn,8.176,False,
15431559,Muskan Runt,,rwn,8.188,False,
15434266,Sörgården - Gröna spåret,,lwn,9.446,True,
15434267,Sörgården - Gula spåret,,lwn,6.217,True,
15434831,,,rwn,11.577,True,
15434832,,,rwn,2.256,False,
15436378,Dämbaskogen natur- och kulturstig,,local,1.427,True,
15453265,Stora Askörundan,,lwn,7.016,False,
15453266,Lilla Askörundan,,lwn,3.527,False,
15457126,Gula spåret,,lwn,2.459,True,
15457127,Röda spåret,,lwn,1.614,True,
15488555,Paddus,5,lwn,6.04,False,
15489090,Rihtonjira,1,lwn,2.353,True,
15489091,Njakajaure,3,lwn,4.553,True,
15536457,Björkö 11 km track,,lwn,11.033,True,
15537980,Lillaredsstigen,,lwn,3.148,False,
15539793,Högboleden,,lwn,9.806,False,
15542025,Långhultamyrens vandringstig,,lwn,4.585,False,
15555446,Hummelstadsleden,,lwn,6.118,False,
15570424,Svensbokärret runt,,lwn,1.508,True,
15571259,Hattersboleden,,lwn,5.228,False,
15580000,Brurmossens stig,,lwn,4.57,True,
15584055,Sörmlandsleden rundslinga Fjällmossen,,nwn,6.134,False,Q115154209
15584223,Skiren runt,,nwn,3.503,False,Q115154243
15584224,Rundslinga Stavsjörundan,,nwn,16.214,False,Q115154244
15584836,Nävekvarn rundslinga,,nwn,7.971,True,Q115154216
15593161,Gladhammersleden grönt,,lwn,11.723,False,
15596290,Skärsjöslingan,,lwn,2.433,True,
15620065,Norra Mjällåslingan,,lwn,9.731,False,
15620066,Södra Mjällåslingan,,lwn,4.246,False,
15620067,Skogsslingan,,lwn,8.389,False,
15638549,Råbyskogen,,lwn,2.001,True,
15658189,Gula spåret,,lwn,2.925,False,
15658192,Stigen runt Svarta Klippan,,lwn,1.453,True,
15661789,Virsehatt rundan,,lwn,1.078,True,
15661799,Oskarströmslingan,,lwn,2.14,False,
15662016,Blå slingan,,lwn,5.35,True,
15662073,Skedala Lila slinga,,lwn,3.789,True,
15663595,Horns Elljusspår,,lwn,2.003,False,
15665202,Simlångsdalenslingan,,lwn,1.679,True,
15665898,naturstigen Sme-Ana,,lwn,4.492,False,
15674422,Kastellegårdspromenaden,,lwn,4.739,True,
15698240,,,lwn,3.384,True,
15702639,Vieåleden,,lwn,10.961,False,
15709539,Röda slingan,,lwn,4.685,True,
15738959,Sinarpsdalsleden,,lwn,7.496,True,
15738989,Grevie backar runt,,lwn,4.075,False,
15738997,I Birgits fotspår,,lwn,9.089,True,
15739070,Hålehall grön,,lwn,10.283,False,
15744303,Skälhult Naturreservat,,lwn,0.4,True,
15744304,Skälhult Naturreservat,,lwn,2.685,False,
15744374,Lidhultsåsen,,lwn,2.354,True,
15747528,Jälluntoftaleden,,lwn,11.652,True,
15749488,Hålehall gul,,lwn,3.964,False,
15750213,Möllegård gröna slingan,,lwn,2.279,True,
15750221,Skedala Grön slinga,,lwn,7.513,False,
15750248,Tönnersjöslingan,,lwn,3.981,False,
15750253,Gula spåret,,lwn,1.605,True,
15750375,Hästhultsskogen Naturreservat,,lwn,1.566,True,
15762016,Kyrkängsstigen,,lwn,4.154,True,
15762017,Långa myrrundan var 2,,lwn,6.634,False,
15762018,Korta myrrundan,,lwn,0.846,True,
15762019,Långa myrrundan,,lwn,3.883,False,
15762021,Porsbjärs naturreservat södra,,lwn,1.099,False,
15762076,Myrstigen,,lwn,1.099,False,
15762077,Hallarpsleden,,lwn,1.983,False,
15762078,Åsabergsleden,,lwn,1.607,True,
15762106,Vandringsled i sanddynsreservat,,lwn,4.145,False,
15762114,Leden i Göstorp skogs naturreservat,,lwn,3.335,False,
15762223,Naturstig norra,,lwn,2.748,True,
15762611,Flammafallet röd led,,lwn,1.653,False,
15762612,Flammafallet blå led,,lwn,1.884,False,
15762641,Blå slingan,,lwn,2.453,True,
15764298,Rönnö naturreservat vandringsstig,,lwn,12.246,False,
15764334,Rocknenområdet vandringstig,,lwn,2.55,True,
15764365,Hunnsbergetsrunda,,lwn,1.394,True,
15771802,Naturstigen Fågelvägen,,lwn,7.788,True,
15791748,Kuststigen,,lwn,3.947,True,
15795625,Östgötaleden: Mjölby - Sya - Mjölby,,nwn,16.177,False,
15795827,Hälsans Stig - Kungälv,,lcn,5.429,True,
15822156,Stenängsåkersleden,,lwn,2.3,True,
15822157,Västra ängleden,,lwn,1.54,True,
15822158,Karumleden,,lwn,2.685,True,
15868682,,,lwn,1.75,True,
15868719,,,lwn,4.015,True,
15899849,Friluftsfrämjandets Barnspår,,lwn,0.132,True,
15913088,Stensjön,,lwn,4.666,True,
15937008,Tynningö Runt,TR,lwn,9.376,False,
15951030,"""blue diamond""",,,1.753,False,
15953682,,,lwn,2.484,False,
15959096,Skedala Röda slinga,,lwn,6.69,True,
15959101,Skedala Orange slinga,,lwn,3.631,True,
15959118,Skedala grå slinga,,lwn,4.848,True,
15959199,Skedala blå slinga,,lwn,4.651,True,
15959205,Skedala gul slinga,,lwn,5.531,True,
15963715,Särö västerskogen runt,,lwn,3.154,True,
15984445,Grytåsenslingan,,lwn,1.296,True,
15984446,Skogsstugaslingan,,lwn,1.604,True,
16028883,Norteforsen slinga,,lwn,0.978,True,
16050718,Elfviksleden,EL,lwn,1.075,True,
16068959,Ömansmilen,,,9.607,False,
16119974,Borgviks elljusspår,,lwn,2.034,True,
16137345,Torsburgenleden,,rwn,17.403,True,
16145798,Blåa spåret,,lwn,9.937,True,
16148024,Gula spåret,,lwn,5.332,True,
16150076,Pilgrimsleden,,lwn,3.267,True,
16152533,Rundslinga,,lwn,0.65,True,
16152593,Danska Utkiken,,lwn,0.206,True,
16162333,,,lwn,2.291,True,
16163945,Digeröleden,,,11.603,True,
16170661,Gula Slingan,,lwn,1.27,True,
16170714,Blå Slingan,,lwn,3.03,True,
16170715,Röda Slingan,,lwn,4.779,True,
16175704,Lårhöjdsleden,,lwn,14.676,False,
16180016,Röd stig,,lwn,2.842,True,
16180115,Blå stig,,lwn,1.67,True,
16186474,,,lwn,3.465,True,
16186475,,,lwn,5.642,True,
16186476,,,lwn,1.17,True,
16186477,,,lwn,1.387,True,
16186478,,,lwn,3.773,True,
16198530,Klövahallar Gul,,lwn,4.963,True,
16199360,Avstickare från Bohusleden,,lwn,0.535,True,
16199361,Avstickare från Bohusleden,,lwn,0.376,True,
16200178,Skortstensdalen,,lwn,3.441,True,
16200198,Svartesjö,,lwn,2.873,True,
16205266,Grönt Spår,,lwn,7.274,True,
16205317,Blått spår,,lwn,2.519,True,
16205341,Rött spår,,lwn,2.307,True,
16216763,Vit,,lwn,4.975,True,
16216764,Blå,,lwn,3.16,True,
16216765,Röd,,lwn,1.152,True,
16216766,Gul,,,0.837,True,
16217081,Blinkarpsrundan,,,6.745,True,
16218857,Tormestorp Motionsspår,,lwn,1.894,False,
16218946,Gula slingan Tormestorp,,lwn,4.679,True,
16230583,Bjärnum Motionsspår,,lwn,2.629,False,
16230836,Sjöstigen,,lwn,2.986,False,
16230837,Kulturstigen,,lwn,1.003,True,
16230838,Bokstigen,,lwn,0.387,True,
16241647,Sjöbo Ora Gul,,lwn,1.952,True,
16241773,Fylleåleden,,lwn,8.216,True,
16243688,Valpleden,,,4.468,True,
16243711,Nordsjöskogen,,lwn,2.098,True,
16251602,Natur- och kulturstigen,,lwn,3.193,False,
16251603,Pinoleden,,lwn,5.988,True,
16251604,Finnbackeslingan,,lwn,1.851,True,
16253770,Björkelundslingan,,lwn,1.846,True,
16253820,Håraltasjön runt,,lwn,12.085,False,
16253905,Ljungby-Bolmen Marschen,,lwn,1.299,True,
16255468,,,lwn,2.199,True,
16255469,,,lwn,3.003,True,
16255470,,,lwn,1.599,True,
16261842,Gammalskosleden,,lwn,0.654,True,
16276851,Kullstabergsleden,,lcn,6.992,False,Q121615113
16276915,Vandringsled Böle-Hoo,,lcn,31.847,False,Q122206935
16285476,Vättabergsleden,,lcn,4.781,True,Q121368212
16290619,Barnvagnsslingan,,lwn,1.921,True,
16301453,Vandringsled Ammeråmynne,,lcn,2.332,True,Q122327225
16301482,Vandringsled Kyrkholmarna,,lcn,5.78,False,Q122328083
16326372,Sösdala Motionsspår,,lwn,2.083,True,
16326484,Lillsjödal röda slingan,,lwn,5.365,False,
16328803,"Genväg 5,5km",,,6.116,False,
16332495,"Upplandsleden, etapp 20:3",20:3,nwn,20.472,False,
16332536,"Upplandsleden, etapp 20:1",20:1,nwn,9.034,True,
16336994,"Flohult vandringsled 6,6 km",,lwn,6.709,True,
16337069,"Kullanäs vandringsled 4,7 km",,lwn,4.695,True,
16337128,"Ramhulta vandringsled 6,5 km",,lwn,6.563,True,
16337149,"Torrås vandringsled 11,2 km",,lwn,11.711,True,
16341025,,,lwn,2.363,True,
16350676,Trankärrsslingan,,lwn,3.848,True,
16363406,Orup Gul slinga,,,5.069,True,
16363453,Orup Röd slinga,,lwn,2.736,True,
16363577,Orup Blå slinga,,lwn,1.579,True,
16363578,Orup Vit slinga,,lwn,0.647,True,
16381228,Motionsspår Tyringe,,lwn,1.784,True,
16394781,Lursjöleden,,lwn,11.181,False,
16394939,Blå slingan,,lwn,1.671,True,
16438755,Kulturstig: Korta rundan,,lwn,1.693,True,
16438921,"Två Skyttlar 1,5 km Elljusspår",,lwn,1.434,True,
16438922,"Dräggsjön Runt 6,7 km",,lwn,6.522,True,
16438923,"OK Mark 1,5 km Motionsspår",,lwn,1.555,True,
16457269,Kulturstig: Långa rundan,,lwn,3.748,True,
16481092,Vandringsled orange,,lwn,1.361,False,
16490917,,,lwn,1.453,True,
16511812,Vittsjö Motionsspår,,,2.791,True,
16520834,Långasjönäs Blå,,lwn,6.997,True,
16521298,Långasjönäs Röd,,lwn,3.534,True,
16521726,Naturstigen Södra Berget,,lwn,1.278,False,
16521727,Tarzanstigen,,lwn,0.914,False,
16545144,Gryten runt,,lwn,3.563,True,
16545516,Hjörnered Gröna spåret,,lwn,6.982,True,
16545517,Hjörnered Blå spåret,,lwn,5.005,True,
16545518,Hjörnered Gula spåret,,lwn,3.236,True,
16658020,Furusjö Elljusspår,,lwn,1.983,True,
16685815,Kycklingleden,,lwn,4.412,True,
16686993,Boabackenrundan,,lwn,0.882,True,
16692230,Kamrarundan,,lwn,2.915,False,
16736136,Sexkommafyran,,lcn,4.825,False,
16755571,Biosfärleden,,rwn,139.141,False,
16755628,,,lwn,2.171,True,
16756484,Sjöråsleden,,lcn,3.913,True,
16757360,Stora Skuggans elljusspår,,lwn,2.969,False,
16757605,Fiskartorpets elljusspår,,lwn,2.577,True,
16757606,Lill-Jansskogens elljusspår,,lwn,2.81,True,
16759906,Blombergsleden,,lwn,3.826,True,
16763681,Kalberget 6.1km,,lwn,5.807,False,
16763720,Fallbacksrundan 5.5km,,lwn,4.522,True,
16763746,Uvåsberget 12.6km,,lwn,11.876,False,
16763860,Stensvallen-Kalvsvallen 2.6km,,rwn,2.57,True,
16763861,Pervallen-Kalvsvallen 3.6km,,rwn,3.57,False,
16763862,Kalvsvallen-Kalvsjön 5.3km,,rwn,5.311,False,
16763863,Pervallen-Öratjärnen 3km,,rwn,2.971,False,
16763864,Stensvallen-Pervallen 4.6km,,rwn,4.585,False,
16763884,Grövjeskullen runt 13.7km,,lwn,12.184,False,
16764643,Pervallen-Råbergsvallen 5.6km,,rwn,5.675,True,
16765717,Rävlyckan gul,,lwn,4.658,False,
16765718,Rävlyckan röd,,lcn,2.35,True,
16765719,Rävlyckan blå,,lcn,1.33,True,
16774740,Pagelsborgsrundan (vita stolpar),,lwn,5.26,False,
16776127,Edstorpsrundan,,lwn,3.117,True,
16778972,Norra Lunsen,,lwn,37.44,False,
16779042,Kungshamn-Morga,,lwn,11.421,False,
16780092,Näsetrundan,,lwn,0.772,False,
16780430,Kamra's alternative paths,,,2.742,False,
16781839,Mörtströmsrundan,,lwn,8.046,False,
16781946,Camp Järvsö elljuspår,,lwn,2.023,False,
16787311,Krokstorpsrundan,Krokstorpsrundan,lwn,0.904,True,
16788959,Öratjärn-Nor,,rwn,1.85,True,
16788960,Kalvsvallen-Nor,,rwn,5.619,True,
16811231,Tvärleden,,lwn,1.81,True,
16811232,Tolkenleden,,lwn,3.763,True,
16811256,Brännaredsleden,,lwn,3.402,True,
16811341,Klevaleden,,lwn,10.397,True,
16811415,Duvhultsleden,,lwn,1.474,True,
16818384,Fotskäls Vandringsled Röd,,lwn,6.144,False,
16818447,Fotskäls Vandringsled Gul,,lwn,6.027,True,
16818463,Fotskäls Vandringsled Grön,,lwn,1.378,True,
16818489,Fotskäls Vandringsled Blå,,lwn,1.469,True,
16818706,Viskadalens Vandringsled Grön,,lwn,3.721,True,
16818719,Viskadalens Vandringsled Orange,,lwn,4.617,True,
16818742,Viskadalens Vandringsled Yellow,,lwn,4.25,True,
16819028,Hyssnaleden genväg,,lwn,3.144,True,
16819226,Hyssnaleden Etapp 10,,lwn,4.114,True,
16819227,Hyssnaleden Etapp 9,,lwn,4.957,True,
16819228,Hyssnaleden Etapp 8,,lwn,7.419,True,
16819229,Hyssnaleden Etapp 7,,lwn,5.631,True,
16819230,Hyssnaleden Etapp 6,,lwn,1.904,True,
16819231,Hyssnaleden Etapp 5,,lwn,5.342,True,
16819232,Hyssnaleden Etapp 4,,lwn,2.306,True,
16819233,Hyssnaleden Etapp 3,,lwn,2.883,True,
16819234,Hyssnaleden Etapp 2,,lwn,3.709,True,
16819235,Hyssnaleden Etapp 1,,lwn,2.321,True,
16821274,Brokvarn naturstig,,lwn,1.229,True,
16821290,Assbergs raviner,,lwn,2.016,True,Q18287109
16825360,Björkåsen Grön 10 km,,lwn,9.658,True,
16826625,"Björkåsen Gul 5,5 km",,lwn,5.456,True,
16826626,Björkåsen Röd 5 km,,lwn,4.967,True,
16836133,Roasjö Röd,,lwn,10.214,True,
16836146,Roasjö Röd Kort,,lwn,6.26,True,
16836164,Roasjö Gul,,lwn,5.695,True,
16836181,Roasjö Blå,,lwn,6.051,True,
16836708,Roasjö Grön,,lwn,10.245,True,
16836709,Roasjö Grön Kort,,lwn,4.352,True,
16837204,Horred 15 km Motionsspår,,lwn,13.142,True,
16841923,Navåsleden,,lwn,13.056,True,
16920108,Limhamnsfältet 2km,,lwn,2.12,True,
16947384,Skäggetorps upplevelsestig,,lwn,0.218,False,
16997850,Sollerön runt,,lwn,16.752,False,
16997970,Mastrundan,,lwn,13.448,True,
17025904,Hågadalen-Nåsten,,lwn,40.656,False,
17056168,"Öxabäck 3,5 km Motionsspår",,lwn,3.475,True,
17056196,"Öxabäck 6,7 km Motionsspår",,lwn,6.71,True,
17056247,Öxabäck 11 km Motionsspår,,lwn,10.899,True,
17080095,Kungsleden Etapp 5: Sälka - Singi,,nwn,11.802,True,Q134269923
17080115,Kungsleden Etapp 10: Singi - Kaitumjaure,,nwn,12.327,True,Q134269928
17083115,Pilgrimsleden Kindaholm,,lwn,49.764,True,
17085816,Kungsleden Etapp 9: Kebnekaise - Singi,,nwn,14.31,True,Q134269927
17085817,Kungsleden Etapp 8: Nikkaluokta - Kebnekaise,,nwn,18.466,True,Q134269926
17085818,Kungsleden Etapp 7: Kebnekaise - Nikkaluokta,,nwn,18.466,True,Q134269925
17085819,Kungsleden Etapp 6: Singi - Kebnekaise,,nwn,14.31,True,Q134269924
17085863,Kungsleden Etapp 12: Teusajaure - Vakkotavare,,nwn,14.619,True,Q134269930
17085864,Kungsleden Etapp 11: Kaitumjaure - Teusajaure,,nwn,8.778,True,Q134269929
17136864,1 Stockasjön,1,,1.931,False,
17136865,2 Gesebol,2,,3.531,True,
17136866,3 Liberås,3,,4.877,False,
17138066,5 Flathult/Lindedalen,5,,6.82,True,
17138067,6 Pukared,6,,7.777,True,
17138068,7 Gesebo/Olsfors,,,8.096,False,
17138069,8 Gesebolssjön,8,,10.87,False,
17144596,Torestorp 800 m Elljusspår,,lwn,0.846,True,
17145294,Torestorp 5 km Motionsspår,,lwn,5.176,True,
17145494,Örby Start Motionsspår,,lwn,0.389,True,
17172145,Lerjevallen Elljusspår lång,,lwn,1.536,True,
17172146,Lerjevallen Elljusspår Kort,,lwn,1.259,True,
17172147,Lerjevallen Långa Spåret,,lwn,4.393,True,
17172148,Lerjevallen Runt Lerjesjön,,lwn,2.468,True,
17174136,Granbackestigen,,lwn,2.098,True,
17174137,Flansbjärsstigen,,lwn,4.684,True,
17202635,Fågelstigen (grön),,lwn,5.468,True,
17202636,Viltstigen (vit),,lwn,2.937,True,
17202637,Torpstigen (röd),,lwn,2.944,True,
17202638,Skogsstigen (orange),,lwn,2.225,True,
17243012,Ingelstads elljusspår,,lwn,1.338,True,
17289833,Alstigen,,lcn,2.343,False,
17289904,"2,5 km",,lcn,2.294,True,
17289905,gul - 5km,,lcn,4.737,True,
17307664,Kulturstigen,,lwn,7.848,True,
17316174,Östgötaleden: Torpön,,lwn,28.714,True,
17329815,Hällkana Elljusspår,,lwn,2.901,True,
17331704,Ursvik 10 km,,lwn,9.931,True,
17333989,Ursvik 2.5 km,,lwn,2.57,True,
17339348,Tenö 2.5 km,,lwn,2.607,True,
17350563,Ursvik 5 km,,lwn,5.051,True,
17356118,Gulmarkerad väg,,lwn,1.271,True,
17356184,"Vandringsstig söder, Långvikträsk",,lwn,2.912,False,
17364366,Tenö 5 km,,lwn,4.791,True,
17368375,"Upplandsleden, etapp 20:2",20:2,nwn,11.907,True,
17368376,"Upplandsleden, etapp 26",26,nwn,7.77,True,
17368377,"Upplandsleden, etapp 27",27,nwn,8.816,True,
17368378,"Upplandsleden, etapp 28",28,nwn,17.358,True,
17368379,"Upplandsleden, etapp 29",29,nwn,13.657,True,
17368406,"Upplandsleden, etapp 20",20,nwn,16.6,True,
17383325,Vännforsleden,,,6.88,False,
17383333,Långforsleden,,,6.349,False,
17386752,Äventyrsstig,,lwn,0.866,True,
17402751,Ursvik 7 km,,lwn,7.21,True,
17404922,Båstad runt,,lwn,9.087,True,
17427341,,7,lwn,0.277,True,
17427395,Blå stigen,,lwn,3.224,True,
17427396,Röda stigen,,lwn,1.844,True,
17469184,Botnialeden,,lwn,44.833,False,Q129714391
17469845,Sporrakullastigen,,lwn,1.711,True,
17469846,Broddakullastigen,,lwn,2.085,True,
17469847,Rodatorpstigen,,lwn,7.949,True,
17469848,Dalshultastigen,,lwn,2.827,True,
17469849,Trollakullastigen,,lwn,3.899,True,
17478605,Kullamosseslingan,,lwn,4.839,False,
17478746,Snapphanegrottarunda,,lwn,5.215,False,
17511264,Junebäckens källor - Röda leden,,lwn,2.444,True,
17511265,Junebäckens källor - Blåa leden,,lwn,2.187,True,
17530101,Torrekulla blå,,lwn,1.32,True,
17530102,Torrekulla röd,,lwn,2.483,True,
17530103,Torrekulla gul,,lwn,4.107,True,
17544916,Naturstigen,,lwn,1.347,False,
17579549,Sjöleden,,lwn,13.554,False,
17580069,Styvnäsrundan,,lwn,6.751,False,
17583144,Gula Stigen,,lwn,1.257,True,
17583145,Orangea Stigen,,lwn,1.374,False,
17583146,Röda Stigen,,lwn,1.871,True,
17583147,Blå Stigen,,lwn,0.99,True,
17599958,Munkvandring,,lwn,3.392,True,
17601318,Nyckelvandring,,rwn,10.988,False,
17601509,Nyforsrundan,,lwn,1.383,True,
17601669,Vattnets kraft,,rwn,8.756,False,
17627292,Bergaleden,,,2.065,False,
17627547,Blå-vit led,,,5.942,True,
17627548,Gul led,,,3.834,True,
17627549,Röd-vit led,,,3.242,True,
17636545,Stockby 5 km,,lwn,4.967,True,
17644044,Sjöslingan,,lwn,3.066,True,
17644046,Hällmarksslingan,,lwn,5.554,True,
17654776,Stockby 3 km,,lwn,2.824,True,
17698998,,1,nwn,9.784,True,
17702432,,2A,nwn,18.176,True,
17702438,,2,nwn,15.698,True,
17706000,,,lwn,1.636,True,
17719128,Östgötaleden: St. Klintslingan,,nwn,3.931,True,
17744211,Åreskutan Vertikal K,,lwn,4.758,False,
17744212,Västra leden till skutans topp,214,,1.826,True,
17744654,Trollstigen,,,0.348,True,
17756538,Åreskutan runt,211,lwn,25.845,False,
17756539,Björnens triangel,221,lwn,14.622,False,
17756540,Lillskutan,216,lwn,14.07,False,
17775433,Finnmarksleden (Los - NP Hamra),,rwn,23.994,False,
17782144,Saltbergstigen,,,2.449,True,
17782167,Lilla dalens -slingan,,,2.323,True,
17782223,Hälsans Stig - Fittja Alby,,,8.651,False,
17805637,Välliste runt,240,lwn,11.539,True,
17805638,Vällistetoppen,241,lwn,3.753,False,
17809928,Hälsans Stig Öckerö,,lwn,2.288,True,
17817021,Kynnefjäll strövstig,,,6.118,True,
17825956,Norra slingan,,lwn,5.009,False,
17825972,Södra slingan,,lwn,3.403,True,
17826010,Elljusspår,,lwn,1.42,True,
17826052,Blå slinga,,lwn,2.66,True,
17826319,Gäddevik slinga,,lwn,1.422,True,
17826335,Hördalens vandringsled,,lwn,1.731,False,
17830389,Håvdsjöleden,,lwn,16.624,True,
17830465,Kamrisdalen,,lwn,0.622,True,
17830466,Klevens Topp,,lwn,1.434,True,
17833109,Nybyggerundan,,lwn,7.959,True,
17833213,Landehof Elljus,,,3.936,False,
17833214,Landehof 7 km,,,6.278,False,
17833215,Landehof 5km,,,4.77,True,
17833216,Landehof 10km,,,9.109,False,
17833217,Sandsjöslingan,,,2.098,True,
17833218,Fyra tjärnar,,,4.35,True,
17833219,Två tjärnar,,,1.933,True,
17833220,Reflexslingan,,,12.082,False,
17833221,Startslingan,,,3.086,True,
17833284,Kullaleden,,lwn,3.844,True,
17838289,Jägarens sitg,,lwn,5.457,True,
17838301,Grevens runda,,lwn,4.869,False,
17838327,,,lwn,1.417,True,
17838339,Gällinge kulturstig,,lwn,3.081,False,
17838345,"Älgstigen, långa slingan",,lwn,1.376,True,
17838352,"Barmarksled, Vallda Sandö",,lwn,1.591,False,
17838396,Röda stigen,,lwn,4.215,True,
17838703,Lislingan,,lwn,4.133,True,
17838738,Lyngernslingan,,lwn,2.349,True,
17838741,Naturstigen,,lwn,1.496,True,
17838756,,,lwn,5.364,True,
17841827,Smultronställen i naturen,,,0.635,True,
17854224,Böleleden,,lwn,10.422,False,
17873314,Naturstig,,lwn,2.498,True,
17878342,Elljus spåret,,,2.923,False,
17878363,Gula spåret,,,5.181,True,
17878379,Blå spåret,,lwn,9.659,True,
17878603,Björnleden,,lwn,2.067,True,
17881148,Kroppkärrssjön,,lwn,5.367,True,
17883152,"Nipfjället runt, sommarled",,,15.146,True,
17883247,Nipstugan-Burusjön,,,3.748,True,
17883935,Svartåslingan,,lcn,2.386,True,
17884004,Skalhålet,,lwn,1.521,True,
17895029,Lidingölstafetten 4 km,,lwn,3.903,True,
17895030,Lilla Lidingöloppet 3 km,,lwn,2.913,True,
17895031,"Lilla Lidingöloppet 1,7 km",,lwn,1.517,True,
17895200,Lidingöloppet 10 km,,lwn,9.844,True,
17895423,Lillnipen topptur,,,0.713,True,
17899234,Rågmjölsvägen,,rwn,93.845,True,
17904792,Bjällingsmålaleden,,,2.543,True,
17906578,Östfjällsrundan,,lwn,9.029,True,
17906584,Lödragsgraven,,lwn,14.845,True,
17906590,Syndalsturen,,lwn,11.327,True,
17906647,Stor-Närfjällsleden,,lwn,13.961,True,
17906699,Hundfjällsslingan,,lwn,13.001,True,
17907972,Pilgrimsled Roma kloster-Dalhem,,lwn,5.848,False,
17908699,"Kari Traa-leden, Lindvallen",,lwn,2.878,True,
17908726,Södra Hemfjällssturen,,lwn,10.659,True,
17908758,Storfjällsturerna,,lwn,37.017,False,
17908762,"Barmarksled, Fejmån",,lwn,4.273,True,
17908790,Granfjällssätern,,lwn,15.693,True,
17923626,,,lwn,4.107,True,
17930185,,,lwn,1.422,True,
17930186,,,lwn,2.031,True,
17932505,Anslutning mellan Mjällådalen och Västanå,,lwn,1.878,True,
17946000,Blå,,lwn,3.18,True,
17946141,Gul,,lwn,3.727,True,
17950915,Trollrundan,,lwn,1.404,True,
17964230,,,lwn,0.417,True,
17964231,,,lwn,2.026,True,
17964233,Trolldalen,,lwn,2.716,False,
17964234,,,lwn,3.242,True,
17964920,,,lwn,4.395,True,
17982342,Motionsspår Satserup Vit,,lwn,1.663,True,
17982343,Motionsspår Satserup Röd,,lwn,3.49,True,
17982344,Motionsspår Satserup Blå,,lwn,7.223,True,
17989299,Trubbingslingan,,lwn,6.906,True,
17989317,Digerbergslingan,,,4.753,True,
17989319,Till Digerbergslingan -- Till Trubbingslingan,,,1.648,True,
18000187,Mittåkläppen,157,lwn,2.955,True,
18002538,Korta bergsturen,353,lwn,1.072,False,
18023344,Listarumsåsen gulvit,,lwn,2.118,True,
18025505,Ödemarksstigen,,lwn,11.729,True,
18031647,Hamrafjället Västra,558,lwn,7.415,False,
18031670,Svanåfallet,553,lwn,3.032,True,
18031798,Svanåkläppen,554,lwn,8.013,True,
18034675,Tevsjön,351,lwn,5.71,False,
18051060,,,nwn,1.862,True,
18051800,,,nwn,2.601,True,
18051871,,9,nwn,14.245,True,
18051872,,10,nwn,5.138,True,
18071873,,8,nwn,9.501,True,
18078871,Kransmossens femma,,lwn,4.824,True,
18091001,Skogsstigen,,lwn,3.903,True,
18091230,Grytleden - Blue main route,,,19.184,True,
18093108,Grytleden - Purple supplementing route,,,2.549,True,
18094788,Grytleden - Light-blue 1 supplementing route,,,0.981,True,
18094789,Grytleden - Light-blue 2 supplementing route,,,0.834,True,
18095206,Grytleden - Light-blue 4 supplementing route,,,0.695,True,
18101065,Olsarunden,,lwn,6.874,True,
18105935,Kolåsen – Anjan,,rwn,30.887,True,
18105960,Storlien – Storvallen,,lwn,3.502,True,
18117273,Kroktjärnsleden,,lwn,5.166,True,
18122907,,,lwn,0.875,True,
18124260,Omberg och istiden,,lwn,1.884,True,
18153887,Hävlungsleden,,,12.148,True,
18153903,Barnslingan vid Motionscentret i Bratthé,,,1.157,True,
18153904,Hornberget vandringsled,,,3.406,True,
18177480,Lissmasjön runt,,lwn,2.803,True,
18187098,Gul Slinga,Gul,lwn,2.452,True,
18188364,,Grön,lwn,1.348,True,
18218548,Västanåleden,,lwn,7.47,False,
18219629,Stockby 1 km,,lwn,1.049,True,
18219667,Stockby 2 km,,lwn,2.046,True,
18233290,,,lwn,1.15,True,
18244165,,,,0.149,True,
18244166,Rovfågelleden,,,1.822,False,Q78852489
18294948,Tegefjället runt,204,lwn,12.3,False,
18294962,Mullfjället runt,203,lwn,19.611,False,
18294968,Stendalsrundan,210,lwn,9.921,False,
18294984,Östra leden till Åreskutans topp,215,lwn,6.526,True,
18295115,Husåturen,217,lwn,9.832,True,
18298050,Klingerfjärdsleden,,,4.08,False,
18299953,Röda Leden,,lwn,0.22,True,
18299954,Vita Leden,,lwn,0.427,True,
18322819,Lövhagens gula,,,4.609,False,
18330107,Ulvsby motions-/skidspår,,lwn,2.466,True,
18335892,Lilla Ladviksrundan,,lwn,4.113,True,
18345645,Lövhagens röda,,,1.892,True,
18377190,Tunabergsrundan,,lwn,42.447,False,Q115154225
18417059,Sjörundan,,lwn,3.404,True,
18417089,Långvikens led,,lwn,3.746,False,
18417137,Kabelvägen,,lwn,4.008,False,
18417694,Råmossen runt,,lwn,3.196,False,
18417707,Viaspåret,,lwn,2.424,True,
18417712,Stocksätterspåret,,lwn,2.366,False,
18434757,Rundslinga Fadarundan,,lwn,5.107,True,Q500267
18434805,Rundslinga Gälkhyttedammen,,lwn,5.846,False,Q115154211
18437535,"Sätila 1,2 km Elljusspår",,lwn,1.299,True,
18442935,"HIF 3,3 km motionsspår",,lwn,3.361,True,
18458831,St. Olavsleden dagsetapp Borgsjö - Länsgränsen,,iwn,20.082,True,Q18448597
18458832,St. Olavsleden dagsetapp Fränsta - Borgsjö,,iwn,19.122,True,Q18448597
18458833,St. Olavsleden dagsetapp Stöde - Fränsta,,iwn,26.973,True,Q18448597
18458834,St. Olavsleden dagsetapp Matfors - Stöde,,iwn,26.508,True,Q18448597
18458835,St. Olavsleden dagsetapp Selånger - Matfors,,iwn,17.383,True,Q18448597
18458841,St. Olavsleden dagsetapp Länsgränsen – Bräcke,,iwn,20.039,True,Q18448597
18458842,St. Olavsleden dagsetapp Bräcke – Gällö,,iwn,24.436,True,Q18448597
18458847,St. Olavsleden dagsetapp Gällö – Pilgrimstad,,iwn,17.671,True,Q18448597
18458849,St. Olavsleden dagsetapp Pilgrimstad – Brunflo,,iwn,21.635,True,Q18448597
18458867,St. Olavsleden dagsetapp Mörsil – Hålland,,iwn,22.649,True,Q18448597
18458868,St. Olavsleden dagsetapp Alsen – Mörsil,,iwn,23.658,True,Q18448597
18458869,St. Olavsleden dagsetapp Nälden – Alsen,,iwn,20.801,True,Q18448597
18458870,St. Olavsleden dagsetapp Rödön – Nälden,,iwn,18.004,True,Q18448597
18458871,St. Olavsleden dagsetapp Östersund – Rödön,,iwn,20.869,True,Q18448597
18458872,St. Olavsleden dagsetapp Brunflo – Östersund,,iwn,15.08,True,Q18448597
18458890,St. Olavsleden dagsetapp Skalstugan – Riksgränsen – Sul,,iwn,21.331,True,Q18448597
18458891,St. Olavsleden dagsetapp Medstugan – Skalstugan,,iwn,10.553,True,Q18448597
18458892,St. Olavsleden dagsetapp Tännforsen – Medstugan,,iwn,22.107,True,Q18448597
18458893,St. Olavsleden dagsetapp Åre – Tännforsen,,iwn,19.525,True,Q18448597
18458894,St. Olavsleden dagsetapp Hålland – Åre,,iwn,18.424,True,Q18448597
18467654,Helsjön Kungsstigen,,lwn,0.777,True,
18467762,Helsjön Skogsstigen,,lwn,1.709,True,
18468167,Helsjön Texelberget/Bergstigen,,lwn,2.816,True,
18468193,Helsjön Dammstigen,,lwn,1.252,True,
18468217,Helsjön Strandvägen,,lwn,2.783,True,
18469855,Dranstugan Gula rundan,,lwn,6.853,True,
18478051,Osbeck - Gröna slingan,,lwn,3.016,True,
18497356,Gröna stigen,,lwn,1.647,True,
18497357,Blå stigen,,lwn,1.046,True,
18530191,Urskogsleden,,,26.13,False,
18530325,Vindelvaggileden,,rwn,52.01,False,
18546290,Västra Bökhult Blå,,lwn,1.192,False,
18546291,Tvärleden,,lwn,1.982,True,
18546292,Norregårdsleden,,lwn,2.246,True,
18546293,Klöxhult mossarundan,,lwn,7.418,True,
18546294,Klöxhult Älmetrailen,,lwn,2.953,True,
18556141,Uggleskogen Röd,,lwn,1.949,True,
18556142,Uggleskogen Gul,,,4.31,True,
18556143,Uggleskogen Grön,,lwn,6.832,True,
18558254,Elljusslingan,,lwn,1.769,True,
18558255,Maarundan,,lwn,9.481,True,
18558256,Rudolfrundan,,lwn,6.313,True,
18558257,Promenaden,,lwn,3.726,True,
18576310,FVIK Start motionsspår,,lwn,0.245,True,
18581575,Gröna gången,,lwn,2.811,True,
18581576,Håkans väg,,lwn,2.366,True,
18581577,Johannesstigen,,lwn,0.673,True,
18581578,Bokskogen,,lwn,1.437,True,
18581755,Granstigen,,lwn,2.757,False,
18581756,Trädslingan,,lwn,0.872,True,
18581757,Lärkstigen,,lwn,0.733,True,
18606690,Anslutningsled,,lwn,0.838,True,
18606691,Anslutningsled,,lwn,0.181,True,
18617865,Prästamarken,,lwn,1.578,True,
18618038,Motionsspår Kvidinge,,lwn,1.179,True,
18630897,Älekulla motionsspår,,lwn,4.232,True,
18639193,Berghem Motionsspår,,lwn,3.413,True,
18647393,Pilgrimsleden,,,5.23,False,
18651563,"Öxabäck 13,3 km Motionsspår",,lwn,13.208,True,
18657143,Vallbo - Middagsvalen,286,lwn,5.303,True,
18657317,,221,lwn,13.219,False,
18657374,Platåleden,260,lwn,6.409,True,
18680950,Vasasjöslingan,,lwn,3.345,True,
18692530,Norra Ridvadsrundan,262,lwn,7.311,True,
18692531,Byvandringen,261,lwn,2.891,True,
18697521,Hållvallsrundan,263,lwn,15.207,False,
18697522,Fäbodrundturen,264,lwn,3.247,True,
18707918,Kungsleden Etapp 30: Syter - Viterskalet,,nwn,12.646,True,Q134269948
18707919,Kungsleden Etapp 31: Viterskalet - Hemavan,,nwn,11.6,True,Q134269949
18709391,Kungsleden Etapp 26: Ammarnäs - Aigert,,nwn,8.713,True,Q134269944
18709392,Kungsleden Etapp 27: Aigert - Serve,,nwn,19.401,True,Q134269945
18709393,Kungsleden Etapp 28: Serve - Tärnasjö,,nwn,13.742,True,Q134269946
18709394,Kungsleden Etapp 29: Tärnasjö - Syter,,nwn,14.356,True,Q134269947
18769377,,,,0.252,True,
18813216,Ulastigen,,lwn,2.803,True,
18813273,Fjärilsstigen,,lwn,1.485,True,
18813365,Gula spåret,,lwn,4.963,False,
18813478,Röda spåret,,lwn,2.976,False,
18814606,Torupasjön runt,,lwn,1.332,True,
18814702,Östgötaleden: Kisa-Pinnarp alternativ,,nwn,18.996,False,
18841608,Älvsjöskogen - Röd Spår,,lwn,4.645,True,
18845951,Prästöleden,,lwn,5.775,True,
18854893,Gyaskogen Elljusspår,,lwn,1.304,True,
18854894,Gyaskogen Gula slingan,,lwn,4.011,True,
18854895,Gyaskogen Röda slingan,,lwn,2.411,True,
18854896,Gyaskogen Vita slingan,,lwn,1.592,True,
18855471,Motionsspår Röstånga,,lwn,2.823,True,
18855472,Motionsspår Västervåg Svalöv,,,1.12,True,
18859903,Gedaryggen,,lwn,6.289,True,
18860985,Löddeslingan,,lwn,2.393,True,
18864010,Kungsleden Etapp 13: Vakkotavare - Saltoluokta,,nwn,32.311,True,Q134269931
18864487,Kungsleden Etapp 14: Saltoluokta - Sitojaure,,nwn,19.341,True,Q134269932
18864488,Kungsleden Etapp 15: Sitojaure - Aktse,,nwn,12.876,True,Q134269933
18864489,Kungsleden Etapp 16: Aktse - Pårte,,nwn,23.519,True,Q134269934
18864490,Kungsleden Etapp 17: Pårte - Kvikkjokk,,nwn,15.409,True,Q134269935
18864491,Kungsleden Etapp 18: Kvikkjokk - Tsielekjåkkstugan,,nwn,16.115,True,Q134269936
18864492,Kungsleden Etapp 19: Tsielekjåkkstugan - Piteälven,,nwn,21.04,True,Q134269937
18864493,Kungsleden Etapp 20: Piteälven - Gásakláhko,,nwn,14.539,True,Q134269938
18864494,Kungsleden Etapp 21: Gásakláhko - Vuonatjviken,,nwn,16.143,True,Q134269939
18864495,Kungsleden Etapp 22: Vuonatjviken - Jäkkvik,,nwn,24.252,True,Q134269940
18864496,Kungsleden Etapp 23: Jäkkvik - Adolfström,,nwn,20.99,True,Q134269941
18864497,Kungsleden Etapp 24: Adolfström - Sjnultje,,nwn,22.483,True,Q134269942
18864498,Kungsleden Etapp 25: Sjnultje - Ammarnäs,,nwn,48.181,True,Q134269943
18868877,Gul led,,lwn,15.172,True,
18882493,Vittene kulturled,,lwn,1.561,False,
18886167,Gålö Fornstig,,,4.049,False,
18886293,Lilla Gålöslingan,,,3.493,False,
18886359,Gula Spåret,,,2.851,False,
18886498,Stegsholmsrundan,,,2.847,True,
18886726,Uddarp Tillgänglig stig,,lwn,1.709,True,
18886727,Bokstigen,,lwn,3.055,True,
18886728,Natur & Kulturstig,,lwn,5.788,True,
18890226,Djursjöleden,,lwn,19.411,True,
18890230,,E1,iwn,124.704,True,
18899476,Kroppefjällsleden,,lwn,4.073,True,
18906502,Tjörnarpssjön Runt,,lwn,4.834,True,
18906503,Bokskogsrundan,,lwn,2.717,True,
18906504,Tegelbruksrundan,,lwn,5.053,True,
18931528,Abborraleden,,lwn,2.641,False,
18931529,Stora Slingan,,lwn,4.127,True,
18931530,Slinga för alla,,lwn,0.515,False,
18933689,"Upplandsleden, slinga 29:1, Björkbackaslingan",29:1,nwn,4.151,False,
18941569,Elljusspåret,,lwn,2.311,True,
18941570,Oranga spåret,,lwn,7.351,True,
18955250,Nybodammslingan,,lwn,3.425,True,
18956078,Görarps mölla-Gantofta,,lwn,3.438,True,
18956079,Raus Kyrka - Görarps mölla,,lwn,3.256,True,
18960661,Pålsjö skog Gröna Spåret,,lwn,10.146,True,
18960662,Pålsjö Skog Gula Spåret,,lwn,5.123,True,
18960663,Pålsjö Skog Röda Spåret,,lwn,4.09,True,
18964342,Bruces Skog Gröna Spåret,,lwn,7.787,False,
18964343,Bruces Skog Gula Spåret,,lwn,4.824,True,
18964456,Motionsspår Olympia,,,0.866,True,
18964457,Motionsspår Jordbodalen,,lwn,0.89,True,
18964458,Motionsspår Talldungen,,lwn,0.905,True,
18964459,Motionsspår Ramlösa,,lwn,1.904,True,
18983480,Svartkällsrundan,,lwn,3.649,False,
18985203,Eggvenaleden röd,,lwn,4.255,True,
18985204,Kärringaleden,,lwn,3.254,True,
18986331,Eggvenaleden gul,,lwn,1.715,True,
18986332,Eggvenaleden grön,,lwn,3.329,True,
18989872,Vikenrundan,,lwn,6.541,True,
18994424,Lerberget Motionsspår,,lwn,1.185,True,
18994444,Arildslingan,,lwn,4.764,True,
19001662,,,lwn,2.301,True,
19001663,,,lwn,1.404,True,
19012436,Etapp Arholma,,rwn,10.649,False,Q133374147
19012654,Etapp Utö,,rwn,16.579,False,Q133724234
19012684,Etapp Ålö,,rwn,12.224,False,Q133724232
19013472,Etapp Runmarö,,rwn,17.316,False,Q133724246
19013473,Etapp Nämndö,,rwn,11.964,False,Q133554956
19013576,Etapp Landsort,,rwn,9.173,False,Q133449160
19014515,Etapp Svartsö,,rwn,14.515,False,Q133724239
19014571,Etapp Nåttarö,,rwn,8.346,False,Q133724230
19015969,Etapp Rånö,,rwn,10.616,False,Q133724231
19016187,Etapp Furusund,,rwn,6.68,True,Q133724254
19016280,Etapp Fjärdlång,,rwn,8.724,False,Q133724237
19018272,Etapp Finnhamn,,rwn,8.074,False,Q133724249
19018687,Nordkalottruta Etapp 33: Røysvatn - Njallajávrre,,rwn,25.946,True,Q134270743
19020231,Etapp Lidö,,rwn,7.776,False,Q133374185
19020310,Etapp Yxlan,,rwn,20.508,False,Q133724250
19021212,Brösarp Elljusspår,,lwn,1.969,False,
19021213,Brösarp Blå spåret,,lwn,4.701,True,
19021214,Brösarp Röda spåret,,lwn,2.434,True,
19023630,Etapp Möja,,rwn,9.818,False,Q133724252
19023687,Etapp Ornö,,rwn,30.236,False,Q133724236
19042824,Back Pelles Runda,,,2.176,False,
19052333,"Barmarksled, Risnosen",,lwn,2.454,False,
19059029,Nordkalottruta Etapp 13: Treriksröset - Pältsestugan,,iwn,13.44,True,Q134270717
19059065,Nordkalottruta Etapp 12: Kilpisjärvi - Treriksröset,,iwn,18.245,True,Q134270716
19059695,Nordkalottruta Etapp 41: Staddajåkkåstugorna - Pieskehaure,,iwn,29.303,True,Q134270759
19059703,Nordkalottruta Etapp 42: Pieskehaure - Vaimok,,iwn,18.594,True,Q134270760
19059738,Nordkalottruta Etapp 44: Tarrekaise - Kvikkjokk,,iwn,22.643,True,Q134281360
19059897,Nordkalottruta Etapp 43: Vaimok - Tarrekaise,,iwn,22.075,True,Q134281357
19067302,Storforsen Nature Trails,,lwn,0.33,True,
19079703,Etapp Grinda,,rwn,8.032,False,Q133502246
19080874,Etapp Ingmarsö,,rwn,8.375,False,Q133724247
19081125,Etapp Sandhamn,,rwn,7.011,False,Q133724255
19086620,Rundslinga i Reveludden,,,0.951,True,
19093550,Lapplandsleden - Stage 6,,nwn,37.93,True,Q135660781
19093551,Lapplandsleden - Stage 5,,nwn,38.4,False,Q131542770
19093552,Lapplandsleden - Stage 4,,nwn,21.428,True,Q135660776
19093553,Lapplandsleden - Stage 3,,nwn,27.459,True,Q135660764
19093554,Lapplandsleden - Stage 2,,nwn,19.91,True,Q135660756
19093555,Lapplandsleden - Stage 1,,nwn,39.5,True,Q131542780
19096558,High Coast Trail - Stage 7,,nwn,32.711,True,Q3146332
19096559,High Coast Trail - Stage 6,,nwn,24.722,True,Q3146332
19096560,High Coast Trail - Stage 5,,nwn,20.528,True,Q3146332
19096561,High Coast Trail - Stage 4,,nwn,14.136,True,Q3146332
19096562,High Coast Trail - Stage 3,,nwn,9.105,True,Q3146332
19096563,High Coast Trail - Stage 2,,nwn,24.965,True,Q3146332
19096564,High Coast Trail - Stage 1,,nwn,10.641,True,Q3146332
19104281,Hylströmmen stig,,lwn,1.023,True,
19105273,Naturstigen,,rwn,4.732,False,
19107833,5 Km,,,4.996,True,
19107834,3 Km elljusspår,,,3.1,True,
19110277,,,lwn,1.115,True,
19110278,,,lwn,1.858,True,
19110279,,,lwn,0.877,True,
19111625,Padjelantaleden - Section 6,,nwn,26.566,True,Q134426033
19111626,Padjelantaleden - Section 5,,nwn,27.315,True,Q134426017
19111627,Padjelantaleden - Section 2,,nwn,22.128,True,Q134426009
19111628,Padjelantaleden - Section 1,,nwn,14.958,True,Q134425963
19112988,,,lwn,4.56,True,
19116309,Ryggis elljusspår,,lwn,2.583,True,
19116890,Elfdalsslingan,,lwn,3.266,True,
19116891,Åslingan,,lwn,3.806,False,
19119642,Hälsans Stig - Nynäshamn,,lwn,5.979,True,
19130631,"Slinga 1,5km",,lwn,0.915,True,
19132405,Old Hästkovallen pasture trail,,,5.835,False,
19136616,"Barmarksled, Våmhuskölen",,lwn,19.519,False,
19138706,"Upplandsleden, etapp 6",6,nwn,15.65,False,
19141225,Etapp Brottö,,rwn,0.982,True,Q133724240
19146367,Södra Kungsleden - Stage 20,SYL42,nwn,12.782,True,Q135493453
19146369,Södra Kungsleden - Stage 18,SYL40,nwn,19.57,True,Q135493450
19146370,Södra Kungsleden - Stage 17,SYL39,nwn,12.209,True,Q135493449
19146371,Södra Kungsleden - Stage 16,SYL38,nwn,31.467,True,Q135493448
19146372,Södra Kungsleden - Stage 15,FEM48,nwn,28.837,True,Q135493447
19146373,Södra Kungsleden - Stage 14,FEM47,nwn,17.931,True,Q135493446
19146374,Södra Kungsleden - Stage 13,FEM46,nwn,15.506,True,Q135493445
19146375,Södra Kungsleden - Stage 12,,nwn,19.703,True,Q135493444
19146376,Södra Kungsleden - Stage 11,,nwn,20.539,True,Q135493443
19146377,Södra Kungsleden - Stage 10,,nwn,10.204,True,Q135493442
19146378,Södra Kungsleden - Stage 9,,nwn,8.135,True,Q135493441
19146379,Södra Kungsleden - Stage 8,,nwn,12.974,True,Q135493440
19146380,Södra Kungsleden - Stage 7,,nwn,16.891,True,Q135493439
19146381,Södra Kungsleden - Stage 6,,nwn,17.553,True,Q135493438
19146382,Södra Kungsleden - Stage 5,,nwn,11.797,True,Q135493437
19146383,Södra Kungsleden - Stage 3,,nwn,22.127,True,Q135493435
19146384,Södra Kungsleden - Stage 2,,nwn,24.399,True,Q135493434
19146385,Södra Kungsleden - Stage 1,,nwn,20.34,True,Q135493433
19146411,Södra Kungsleden - Stage 4,,nwn,9.383,True,Q135493436
19148986,Flarksjöberget Barmarksleden,,lwn,1.084,True,
19148987,St. Korpmägg slinga,,,1.771,True,
19161376,Nedre Tannbäcksrundan,,,4.028,False,
19196703,Åsrundan,,lwn,1.922,True,
19196768,Dammrundan,,lwn,1.483,True,
19196769,Fornfyndsrundan,,lwn,0.478,True,
19207867,"Skåneleden 7, Etapp 4: Smygehamn - Trelleborg",4,nwn,17.172,True,
19214119,"Skåneleden 7, Etapp 3: Bingsmarken - Smygehamn",3,nwn,13.774,True,
19214216,"Skåneleden 7, Etapp 2: Mossbystrand - Bingsmarken",2,nwn,10.753,True,
19214266,"Skåneleden 7, Etapp 1: Ystad - Mossbystrand",1,nwn,12.304,True,
19219116,Hälsans stig Galgberget,,,3.722,True,
19219605,Vilses stig,,,0.085,True,
19222509,Gul led,,lwn,0.107,True,
19222902,Gammelåsen,,lwn,6.135,False,
19222923,Brottets bana,,lwn,0.906,True,
19230400,Sinnenas stig,,lwn,1.23,False,
19230494,Fäladsrundan,,lwn,6.113,True,
19247016,Bergsborundan,,lwn,15.93,True,
19247367,Torparundan,,lwn,25.891,True,
19256173,Bergön blå led,,lwn,4.783,False,
19256174,Bergön röd led,,lwn,1.135,False,
19256343,Juniskär röd led,,lwn,3.604,True,
19256344,Juniskär blå led,,lwn,3.203,True,
19256345,Juniskär grön led,,lwn,3.096,True,
19268630,Möja naturstig Hamn - Ramsmora,,lwn,4.869,False,Q134974859
19268729,Öjaleden,,lwn,5.728,False,
19275225,Tvärskogsudde motionsspår,,,3.701,True,
19279979,Naturstig,,lwn,7.447,True,
19280005,"Kvarnfallsleden, Gul slinga Knäred",,lwn,4.903,True,
19280046,Krokåslingan,,lwn,1.289,True,
19280104,Vitslinga,,lwn,10.971,True,
19292851,Stordammen runt,,,13.759,False,
19306835,Torkö Stenbrott vandringsled,,rwn,2.028,False,
19306836,Vandringsrundor Stärnö-Boöns naturreservat,,rwn,7.368,False,
19306837,Säljö vandringsled,,rwn,1.746,True,
19306838,Vandringsrunda Knösö,,rwn,1.991,False,
19306839,Vandringsled Almö,,rwn,10.821,False,
19306840,Blåmarkerad vandringsled,,rwn,7.896,False,
19306841,Eriksberg vandringsled,,rwn,15.098,False,
19327450,Skinnskatteberg - Färnaleden,,lwn,14.475,True,
19332867,Bäckslingan,,lwn,3.166,True,
19337849,Skärvaleden och Nättrabyleden,,rwn,10.277,False,
19337850,Järnavik - Ekenäs vandringsled,,rwn,33.908,False,
19340085,Gribshundsleden,,rwn,7.645,False,
19350883,Röda Spåret,,lwn,7.496,True,
19350920,Vita Spåret,,lwn,8.819,True,
19351294,Gula Spåret,,lwn,5.806,True,
19351297,Blå Spåret,,,2.604,True,
19358263,,,,0.528,True,
19358264,Färna 5km Gul,,,0.625,True,
19361713,Helags - Kläppen sommarled,,,11.542,True,
19366831,Lövsjöspåret SvartVit,,lwn,11.996,True,
19371335,Kocktjärnsleden,,lwn,5.027,True,
19373679,Nordslingan,,lwn,7.231,True,
19373687,Sydslingan,,lwn,6.203,True,
19373688,Centralslingan,,lwn,3.969,True,
19377610,Lexby Grön,,lwn,1.783,True,
19377611,Lexby Röd,,lwn,3.127,True,
19377612,Lexby Blå,,lwn,1.835,True,
19378896,Marjeboleden,,lwn,8.236,True,
19389650,Blå Spåret,,lwn,4.947,True,
19394008,Elfvik 5 km,,lwn,4.553,True,
19395941,"Upplandsleden, etapp 4",4,nwn,10.257,True,Q10710163
19398214,Bergsjödal Vit-Svart,,lwn,11.227,True,
19411412,Bosön - Södergarn 7 km,,lwn,6.248,True,
19415626,,,lwn,1.883,True,
19415627,,,lwn,2.588,False,
19416853,Leden runt Bö Tjärn,,,5.028,False,
19430820,Pilgrimsleden Röstabo - Fluren,,,13.135,True,
19434524,Sörmlandsleden: Likstammen - Stora Slingan,,rwn,12.583,True,
19447434,Fjätervålen runt,,,11.655,True,
