{"type": "FeatureCollection",
 "bbox": [ 17.81034678, 59.11048047, 18.23706611, 59.31702172],
 "features": [
  {"bbox":[17.956845,59.161417,17.966839,59.164575],"geometry":{"coordinates":[[17.956845,59.161417,0.0],[17.957495,59.161788,0.0],[17.957999,59.162022,0.0],[17.958111,59.162061,0.0],[17.958449,59.162115,0.0],[17.959023,59.162167,0.0],[17.959358,59.162184,0.0],[17.959641,59.162219,0.0],[17.9599,59.162249,0.0],[17.960201,59.162268,0.0],[17.960341,59.162269,0.0],[17.960523,59.162257,0.0],[17.960628,59.162235,0.0],[17.960769,59.162199,0.0],[17.96096,59.162162,0.0],[17.961179,59.162152,0.0],[17.961402,59.162152,0.0],[17.961722,59.162186,0.0],[17.962001,59.162225,0.0],[17.962151,59.162265,0.0],[17.962309,59.162335,0.0],[17.962472,59.162419,0.0],[17.962645,59.162519,0.0],[17.962747,59.162596,0.0],[17.962835,59.162696,0.0],[17.96291,59.162774,0.0],[17.963021,59.162839,0.0],[17.963194,59.162905,0.0],[17.963416,59.163048,0.0],[17.964075,59.163488,0.0],[17.964437,59.163841,0.0],[17.964726,59.164055,0.0],[17.965248,59.164242,0.0],[17.96585,59.164374,0.0],[17.966494,59.164483,0.0],[17.966839,59.164575,0.0]],"type":"LineString"},"id":"vandringsleder.1338","properties":{"andrad_datum":null,"ansvarig":"Föreningen Sörmlandsleden","namn":"Sörmlandsleden","omrade":"Paradiset, Flemingsberg, Gladöskogen, Gladökvarnsjön","skapad_datum":null},"type":"Feature"}
 ,{"bbox":[17.873257,59.229655,17.880895,59.232021],"geometry":{"coordinates":[[[17.880891,59.230909,0.0],[17.880621,59.230877,0.0],[17.880417,59.230779,0.0],[17.880054,59.23064,0.0],[17.879794,59.230675,0.0],[17.879538,59.230713,0.0],[17.879398,59.230749,0.0],[17.879154,59.230793,0.0],[17.87882,59.230825,0.0],[17.878642,59.23081,0.0],[17.878531,59.230769,0.0],[17.878329,59.230651,0.0],[17.878053,59.230505,0.0],[17.877781,59.230367,0.0],[17.877546,59.230231,0.0],[17.877318,59.230131,0.0],[17.877196,59.230052,0.0],[17.877168,59.229916,0.0],[17.877144,59.229765,0.0],[17.876875,59.229734,0.0],[17.87669,59.229691,0.0],[17.876484,59.22968,0.0],[17.876347,59.229706,0.0],[17.876236,59.229763,0.0],[17.876124,59.229862,0.0],[17.876012,59.229936,0.0],[17.875929,59.230001,0.0],[17.875822,59.230073,0.0],[17.876316,59.230251,0.0],[17.876741,59.230414,0.0],[17.876955,59.230578,0.0],[17.877,59.230704,0.0],[17.877028,59.230897,0.0],[17.876581,59.231182,0.0],[17.876263,59.231387,0.0],[17.876056,59.231505,0.0],[17.875791,59.231712,0.0],[17.875348,59.232021,0.0],[17.875088,59.232014,0.0],[17.874556,59.231923,0.0],[17.874082,59.231859,0.0],[17.873863,59.231848,0.0],[17.873257,59.231775,0.0],[17.873302,59.231742,0.0],[17.873703,59.231727,0.0],[17.873968,59.231601,0.0],[17.874239,59.231419,0.0],[17.874318,59.231231,0.0],[17.874388,59.231065,0.0],[17.874471,59.230927,0.0],[17.874503,59.230753,0.0],[17.874401,59.23056,0.0],[17.874265,59.230438,0.0],[17.874141,59.230333,0.0],[17.87399,59.230058,0.0],[17.874025,59.229968,0.0],[17.874852,59.230019,0.0],[17.875589,59.230101,0.0],[17.875793,59.23006,0.0],[17.876385,59.229655,0.0],[17.876521,59.229655,0.0],[17.87664,59.229668,0.0],[17.876707,59.229676,0.0],[17.876921,59.229727,0.0],[17.877179,59.229753,0.0],[17.877189,59.229897,0.0],[17.877221,59.230047,0.0],[17.877324,59.230114,0.0],[17.877711,59.230305,0.0],[17.87802,59.230456,0.0],[17.878251,59.230585,0.0],[17.878428,59.230678,0.0],[17.878617,59.230776,0.0],[17.878729,59.230799,0.0],[17.879076,59.230785,0.0],[17.879356,59.230734,0.0],[17.879707,59.230665,0.0],[17.880063,59.230618,0.0],[17.880474,59.230784,0.0]],[[17.880474,59.230784,0.0],[17.880633,59.230866,0.0],[17.880895,59.230896,0.0]]],"type":"MultiLineString"},"id":"vandringsleder.1339","properties":{"andrad_datum":"2023-06-26T10:16:19.797","ansvarig":null,"namn":"Kanalrundan, barnvagnsvänlig","omrade":"Flottsbro","skapad_datum":null},"type":"Feature"}
 ,{"bbox":[17.869969,59.2647,17.8748,59.27013],"geometry":{"coordinates":[[[17.872998,59.27013,0.0],[17.873004,59.270047,0.0],[17.872974,59.269965,0.0],[17.87294,59.269904,0.0],[17.872884,59.269842,0.0],[17.87283,59.269802,0.0],[17.872756,59.269741,0.0],[17.872661,59.269674,0.0],[17.872623,59.269602,0.0],[17.872567,59.269532,0.0],[17.872469,59.269434,0.0],[17.872394,59.269381,0.0],[17.872335,59.269339,0.0],[17.872332,59.26933,0.0],[17.872312,59.269316,0.0],[17.872313,59.269311,0.0],[17.872303,59.2693,0.0],[17.872213,59.269253,0.0],[17.872202,59.269234,0.0],[17.872068,59.269133,0.0],[17.871911,59.269064,0.0],[17.871826,59.269021,0.0],[17.871789,59.268996,0.0],[17.871685,59.268908,0.0],[17.871638,59.268889,0.0],[17.871494,59.268812,0.0],[17.871389,59.268738,0.0],[17.871345,59.268684,0.0],[17.871231,59.268625,0.0],[17.871169,59.268592,0.0],[17.87115,59.268522,0.0],[17.871072,59.268481,0.0],[17.870949,59.268375,0.0],[17.870888,59.268357,0.0],[17.870794,59.268294,0.0],[17.870743,59.268228,0.0],[17.870735,59.268202,0.0],[17.87074,59.268168,0.0],[17.870775,59.268151,0.0],[17.870795,59.26814,0.0],[17.870779,59.268088,0.0],[17.870757,59.26807,0.0],[17.870743,59.268055,0.0],[17.870654,59.268015,0.0],[17.870575,59.267963,0.0],[17.87042,59.267915,0.0],[17.870383,59.267907,0.0],[17.870256,59.267861,0.0],[17.870134,59.267797,0.0],[17.870078,59.26775,0.0],[17.870026,59.267719,0.0],[17.869969,59.267695,0.0]],[[17.873485,59.26662,0.0],[17.873136,59.266456,0.0],[17.872741,59.266245,0.0],[17.872549,59.266088,0.0],[17.872402,59.26593,0.0],[17.872334,59.265797,0.0],[17.872159,59.265746,0.0],[17.872098,59.265699,0.0],[17.871999,59.265649,0.0],[17.871907,59.265579,0.0],[17.87177,59.265418,0.0],[17.871479,59.265201,0.0],[17.871229,59.265032,0.0],[17.871056,59.264941,0.0],[17.87085,59.264847,0.0],[17.870707,59.2647,0.0]],[[17.874794,59.269141,0.0],[17.8748,59.269112,0.0],[17.874789,59.269102,0.0],[17.874789,59.269092,0.0],[17.874725,59.269064,0.0],[17.874664,59.269028,0.0],[17.874652,59.268982,0.0],[17.874616,59.268952,0.0],[17.874482,59.268914,0.0],[17.874477,59.268907,0.0],[17.874448,59.26884,0.0],[17.874385,59.268793,0.0],[17.874336,59.268769,0.0],[17.874227,59.268731,0.0],[17.874211,59.268722,0.0],[17.874175,59.268697,0.0],[17.874127,59.268643,0.0],[17.874094,59.268596,0.0],[17.874054,59.268574,0.0]]],"type":"MultiLineString"},"id":"vandringsleder.1342","properties":{"andrad_datum":null,"ansvarig":null,"namn":"Övriga stigar i Korpberget","omrade":"Korberget","skapad_datum":null},"type":"Feature"}
 ,{"bbox":[17.958254,59.164575,18.004538,59.228444],"geometry":{"coordinates":[[17.966839,59.164575,0.0],[17.966951,59.164672,0.0],[17.967107,59.164789,0.0],[17.967177,59.164803,0.0],[17.967315,59.164962,0.0],[17.9674,59.165071,0.0],[17.967512,59.16522,0.0],[17.967662,59.165403,0.0],[17.967844,59.165555,0.0],[17.967988,59.165663,0.0],[17.968193,59.16577,0.0],[17.968286,59.165871,0.0],[17.968321,59.16597,0.0],[17.968739,59.166322,0.0],[17.969123,59.166478,0.0],[17.96983,59.166776,0.0],[17.970569,59.167103,0.0],[17.971145,59.167594,0.0],[17.971237,59.168138,0.0],[17.971041,59.168672,0.0],[17.97105,59.170176,0.0],[17.971036,59.170397,0.0],[17.970784,59.170962,0.0],[17.970714,59.173027,0.0],[17.97095,59.173064,0.0],[17.971729,59.173187,0.0],[17.972226,59.173326,0.0],[17.972989,59.173593,0.0],[17.973371,59.173719,0.0],[17.97306,59.173798,0.0],[17.972695,59.173937,0.0],[17.972532,59.174087,0.0],[17.972461,59.174324,0.0],[17.972647,59.174528,0.0],[17.973292,59.174738,0.0],[17.973846,59.174876,0.0],[17.974302,59.1751,0.0],[17.97505,59.175517,0.0],[17.975182,59.175767,0.0],[17.975159,59.175871,0.0],[17.974854,59.176069,0.0],[17.974285,59.176197,0.0],[17.973676,59.176148,0.0],[17.973005,59.17604,0.0],[17.972603,59.176077,0.0],[17.972206,59.176202,0.0],[17.97214,59.176529,0.0],[17.971951,59.176725,0.0],[17.971904,59.176903,0.0],[17.971859,59.177097,0.0],[17.971723,59.177232,0.0],[17.971482,59.177533,0.0],[17.97138,59.177742,0.0],[17.971419,59.177905,0.0],[17.971753,59.178166,0.0],[17.972055,59.178368,0.0],[17.972486,59.178791,0.0],[17.972999,59.179138,0.0],[17.973153,59.179298,0.0],[17.973253,59.179504,0.0],[17.973383,59.179739,0.0],[17.973612,59.180165,0.0],[17.973979,59.180485,0.0],[17.974977,59.181767,0.0],[17.975084,59.181805,0.0],[17.975196,59.181926,0.0],[17.975631,59.182437,0.0],[17.975726,59.182604,0.0],[17.975957,59.182747,0.0],[17.976225,59.183041,0.0],[17.976501,59.183081,0.0],[17.976795,59.183122,0.0],[17.97725,59.183294,0.0],[17.977587,59.183448,0.0],[17.977913,59.183587,0.0],[17.978348,59.183734,0.0],[17.978648,59.183844,0.0],[17.979017,59.183977,0.0],[17.979417,59.184101,0.0],[17.97985,59.184316,0.0],[17.980066,59.184393,0.0],[17.980451,59.184491,0.0],[17.980801,59.18456,0.0],[17.981022,59.184628,0.0],[17.98122,59.184744,0.0],[17.981388,59.184822,0.0],[17.981649,59.184858,0.0],[17.981963,59.184909,0.0],[17.982339,59.184977,0.0],[17.982587,59.185075,0.0],[17.982782,59.185217,0.0],[17.983035,59.18546,0.0],[17.983127,59.185581,0.0],[17.983357,59.185717,0.0],[17.983678,59.185917,0.0],[17.983917,59.186025,0.0],[17.984353,59.186254,0.0],[17.984738,59.186426,0.0],[17.984987,59.186497,0.0],[17.985209,59.186519,0.0],[17.985458,59.186497,0.0],[17.985702,59.18646,0.0],[17.985947,59.186389,0.0],[17.986347,59.186311,0.0],[17.986742,59.186234,0.0],[17.987036,59.186178,0.0],[17.987263,59.186118,0.0],[17.9876,59.18601,0.0],[17.987969,59.185976,0.0],[17.988446,59.185947,0.0],[17.98889,59.185953,0.0],[17.989408,59.185967,0.0],[17.98967,59.185983,0.0],[17.989915,59.186023,0.0],[17.990318,59.186115,0.0],[17.990553,59.18617,0.0],[17.990735,59.186236,0.0],[17.99099,59.186271,0.0],[17.991036,59.186278,0.0],[17.992073,59.186374,0.0],[17.992467,59.186404,0.0],[17.992829,59.186435,0.0],[17.993135,59.186647,0.0],[17.993354,59.1868,0.0],[17.993604,59.187037,0.0],[17.993742,59.187144,0.0],[17.993802,59.187227,0.0],[17.99383,59.187322,0.0],[17.993834,59.187489,0.0],[17.993914,59.187566,0.0],[17.993988,59.187622,0.0],[17.994199,59.187671,0.0],[17.994535,59.187671,0.0],[17.995469,59.187635,0.0],[17.995518,59.187673,0.0],[17.995567,59.187692,0.0],[17.995701,59.187727,0.0],[17.995841,59.187749,0.0],[17.996053,59.18782,0.0],[17.996231,59.187899,0.0],[17.996424,59.188002,0.0],[17.996634,59.188147,0.0],[17.996751,59.188248,0.0],[17.99685,59.188392,0.0],[17.996971,59.188546,0.0],[17.997014,59.188684,0.0],[17.997024,59.188893,0.0],[17.99704,59.189258,0.0],[17.997089,59.189474,0.0],[17.997168,59.189636,0.0],[17.997262,59.189748,0.0],[17.997407,59.189859,0.0],[17.997412,59.189862,0.0],[17.997426,59.189932,0.0],[17.997475,59.18999,0.0],[17.997545,59.190068,0.0],[17.997587,59.190107,0.0],[17.997676,59.190189,0.0],[17.997743,59.190225,0.0],[17.998043,59.190343,0.0],[17.998324,59.190456,0.0],[17.998536,59.190507,0.0],[17.998837,59.190548,0.0],[17.999234,59.190592,0.0],[17.999509,59.19064,0.0],[17.999816,59.190705,0.0],[18.000149,59.19079,0.0],[18.000405,59.19083,0.0],[18.000761,59.190893,0.0],[18.001129,59.190968,0.0],[18.001519,59.191072,0.0],[18.001761,59.191147,0.0],[18.001941,59.191206,0.0],[18.002148,59.191304,0.0],[18.002314,59.191407,0.0],[18.002507,59.191536,0.0],[18.002823,59.19175,0.0],[18.003118,59.191929,0.0],[18.003213,59.191975,0.0],[18.003402,59.19205,0.0],[18.003529,59.192084,0.0],[18.003694,59.192102,0.0],[18.004065,59.192114,0.0],[18.004354,59.19214,0.0],[18.004538,59.192168,0.0],[18.004446,59.192286,0.0],[18.004266,59.19252,0.0],[18.003959,59.192914,0.0],[18.003636,59.193319,0.0],[18.003443999999998,59.193561,0.0],[18.003288,59.193745,0.0],[18.00318,59.193853,0.0],[18.003076,59.193947,0.0],[18.00295,59.194049,0.0],[18.002815,59.194141,0.0],[18.002688,59.194204,0.0],[18.002529,59.194279,0.0],[18.002401,59.19433,0.0],[18.002173,59.19441,0.0],[18.002044,59.194449,0.0],[18.001893,59.194492,0.0],[18.001726,59.194534,0.0],[18.001523,59.194583,0.0],[18.001341,59.194622,0.0],[18.00123,59.194653,0.0],[18.001191,59.194679,0.0],[18.001171,59.194727,0.0],[18.001558,59.19478,0.0],[18.002246,59.194876,0.0],[18.002171,59.194912,0.0],[18.002076,59.19493,0.0],[18.001725,59.194977,0.0],[17.999816,59.195214,0.0],[17.997706,59.195484,0.0],[17.997403,59.195521,0.0],[17.996053,59.195696,0.0],[17.995296,59.195796,0.0],[17.993476,59.196015,0.0],[17.992957,59.196075,0.0],[17.992624,59.196117,0.0],[17.991391,59.196273,0.0],[17.990816,59.196336,0.0],[17.990815,59.196336,0.0],[17.990673,59.196471,0.0],[17.990375,59.196661,0.0],[17.990098,59.196785,0.0],[17.989873,59.196909,0.0],[17.989699,59.197024,0.0],[17.989579,59.197159,0.0],[17.989518,59.197319,0.0],[17.989464,59.197486,0.0],[17.989371,59.197647,0.0],[17.989507,59.197751,0.0],[17.989568,59.197896,0.0],[17.989614,59.198008,0.0],[17.989623,59.198153,0.0],[17.989513,59.198261,0.0],[17.989287,59.198365,0.0],[17.988933,59.198483,0.0],[17.988703,59.198534,0.0],[17.988497,59.19855,0.0],[17.988188,59.198562,0.0],[17.987684,59.198571,0.0],[17.98749,59.198581,0.0],[17.987223,59.198651,0.0],[17.987035,59.198734,0.0],[17.986794,59.198811,0.0],[17.98659,59.198861,0.0],[17.986373,59.198905,0.0],[17.986082,59.199002,0.0],[17.985983,59.199077,0.0],[17.98595,59.19917,0.0],[17.985856,59.199311,0.0],[17.985562,59.199469,0.0],[17.984972,59.199757,0.0],[17.984711,59.199921,0.0],[17.984474,59.200051,0.0],[17.984278,59.200227,0.0],[17.984236,59.200387,0.0],[17.984167,59.20052,0.0],[17.98415,59.20066,0.0],[17.984055,59.200788,0.0],[17.983879,59.20087,0.0],[17.983753,59.200919,0.0],[17.983632,59.201053,0.0],[17.983525,59.201195,0.0],[17.983378,59.201323,0.0],[17.983185,59.201439,0.0],[17.982902,59.201663,0.0],[17.982937,59.201821,0.0],[17.982907,59.201948,0.0],[17.982824,59.202075,0.0],[17.982734,59.202282,0.0],[17.982609,59.202351,0.0],[17.982427,59.202341,0.0],[17.982234,59.202351,0.0],[17.982258,59.202523,0.0],[17.982294,59.202681,0.0],[17.982231,59.202908,0.0],[17.982244,59.203113,0.0],[17.98214,59.203307,0.0],[17.981995,59.203476,0.0],[17.981931,59.20359,0.0],[17.981838,59.203487,0.0],[17.981695,59.203453,0.0],[17.981461,59.203416,0.0],[17.981177,59.203369,0.0],[17.980842,59.203328,0.0],[17.980495,59.203262,0.0],[17.98013,59.203216,0.0],[17.979844,59.203226,0.0],[17.979535,59.203273,0.0],[17.979211,59.203252,0.0],[17.979009,59.203235,0.0],[17.978708,59.203256,0.0],[17.978349,59.203303,0.0],[17.978145,59.20326,0.0],[17.977894,59.203269,0.0],[17.977731,59.203391,0.0],[17.977578,59.203522,0.0],[17.977523,59.203601,0.0],[17.977441,59.203736,0.0],[17.977246,59.203848,0.0],[17.977063,59.203975,0.0],[17.976778,59.204083,0.0],[17.976583,59.204184,0.0],[17.976331,59.204328,0.0],[17.976121,59.204512,0.0],[17.975872,59.204707,0.0],[17.975663,59.204824,0.0],[17.975409,59.204947,0.0],[17.975123,59.205045,0.0],[17.974825,59.205112,0.0],[17.974332,59.205275,0.0],[17.973978,59.20541,0.0],[17.973898,59.205566,0.0],[17.973805,59.205692,0.0],[17.973779,59.205919,0.0],[17.973747,59.206044,0.0],[17.973763,59.206141,0.0],[17.973484,59.206177,0.0],[17.973196,59.206239,0.0],[17.972856,59.20628,0.0],[17.972587,59.206326,0.0],[17.972408,59.20636,0.0],[17.972147,59.20637,0.0],[17.971846,59.20638,0.0],[17.971535,59.206395,0.0],[17.971294,59.206415,0.0],[17.971006,59.206471,0.0],[17.970677,59.206518,0.0],[17.970347,59.206565,0.0],[17.969911,59.206665,0.0],[17.969465,59.206781,0.0],[17.969009,59.206887,0.0],[17.968385,59.207047,0.0],[17.96779,59.207196,0.0],[17.9674,59.207239,0.0],[17.967148,59.207305,0.0],[17.966898,59.207329,0.0],[17.966628,59.207355,0.0],[17.966462,59.20744,0.0],[17.966319,59.207561,0.0],[17.966292,59.207655,0.0],[17.96636,59.207666,0.0],[17.966413,59.207684,0.0],[17.966487,59.207727,0.0],[17.966547,59.207795,0.0],[17.966653,59.207928,0.0],[17.966686,59.20799,0.0],[17.966731,59.208128,0.0],[17.966786,59.208246,0.0],[17.966831,59.208318,0.0],[17.966878,59.208376,0.0],[17.966938,59.208423,0.0],[17.966984,59.208465,0.0],[17.967048,59.208516,0.0],[17.967119,59.208662,0.0],[17.967131,59.208748,0.0],[17.967117,59.208829,0.0],[17.967053,59.208922,0.0],[17.966972,59.209013,0.0],[17.966906,59.209068,0.0],[17.966852,59.209122,0.0],[17.966833,59.209175,0.0],[17.966827,59.209215,0.0],[17.966832,59.209295,0.0],[17.966818,59.209348,0.0],[17.966756,59.209423,0.0],[17.966618,59.209527,0.0],[17.96634,59.209636,0.0],[17.96622,59.209685,0.0],[17.966145,59.209733,0.0],[17.966105,59.209784,0.0],[17.966075,59.209858,0.0],[17.966035,59.210138,0.0],[17.966034,59.210244,0.0],[17.966046,59.210379,0.0],[17.966054,59.210473,0.0],[17.966064,59.210581,0.0],[17.966042,59.210662,0.0],[17.965974,59.210734,0.0],[17.965878,59.210817,0.0],[17.965794,59.210874,0.0],[17.965724,59.210932,0.0],[17.965702,59.210951,0.0],[17.965657,59.21099,0.0],[17.965574,59.211062,0.0],[17.965492,59.211139,0.0],[17.965418,59.211189,0.0],[17.965339,59.211241,0.0],[17.96525,59.211284,0.0],[17.96456,59.211512,0.0],[17.964434,59.211539,0.0],[17.964339,59.211557,0.0],[17.964239,59.211572,0.0],[17.964117,59.211583,0.0],[17.963931,59.211592,0.0],[17.963736,59.211626,0.0],[17.963127,59.211805,0.0],[17.962591,59.212013,0.0],[17.962513,59.212076,0.0],[17.962481,59.212123,0.0],[17.962446,59.212172,0.0],[17.962339,59.212228,0.0],[17.96169,59.212383,0.0],[17.961454,59.212452,0.0],[17.96098,59.21263,0.0],[17.960782,59.212716,0.0],[17.960665,59.21278,0.0],[17.96052,59.212884,0.0],[17.960215,59.213119,0.0],[17.960113,59.213208,0.0],[17.960058,59.213289,0.0],[17.959953,59.213527,0.0],[17.959818,59.213775,0.0],[17.959765,59.213906,0.0],[17.959621,59.214256,0.0],[17.959386,59.214643,0.0],[17.959255,59.214863,0.0],[17.959133,59.215155,0.0],[17.959103,59.215226,0.0],[17.959062,59.21528,0.0],[17.958983,59.215382,0.0],[17.958927,59.215459,0.0],[17.958913,59.215522,0.0],[17.95891,59.215534,0.0],[17.958934,59.215603,0.0],[17.958983,59.215663,0.0],[17.959016,59.215719,0.0],[17.959023,59.215772,0.0],[17.958992,59.215831,0.0],[17.958964,59.215847,0.0],[17.958932,59.215866,0.0],[17.958846,59.215896,0.0],[17.958749,59.215913,0.0],[17.958671,59.215916,0.0],[17.958636,59.215917,0.0],[17.958518,59.215916,0.0],[17.958474,59.21592,0.0],[17.95841,59.215926,0.0],[17.95833,59.215954,0.0],[17.958277,59.215997,0.0],[17.958262,59.216027,0.0],[17.958254,59.216044,0.0],[17.958256,59.216054,0.0],[17.958269,59.216116,0.0],[17.958323,59.216216,0.0],[17.958359,59.216294,0.0],[17.958397,59.216357,0.0],[17.958398,59.216357,0.0],[17.958536,59.216349,0.0],[17.958688,59.21634,0.0],[17.958877,59.216367,0.0],[17.959043,59.2164,0.0],[17.959233,59.216435,0.0],[17.959398,59.216466,0.0],[17.959438,59.216472,0.0],[17.959669,59.216506,0.0],[17.959886,59.216541,0.0],[17.960014,59.216553,0.0],[17.960154,59.21658,0.0],[17.960355,59.216632,0.0],[17.960533,59.216678,0.0],[17.960595,59.216693,0.0],[17.960635,59.216703,0.0],[17.960774,59.216738,0.0],[17.960966,59.21678,0.0],[17.961151,59.216815,0.0],[17.961329,59.216848,0.0],[17.961493,59.216864,0.0],[17.961669,59.216873,0.0],[17.961845,59.216882,0.0],[17.96215,59.216889,0.0],[17.962374,59.216909,0.0],[17.962692,59.216946,0.0],[17.962927,59.216966,0.0],[17.963084,59.216976,0.0],[17.963299,59.216994,0.0],[17.96365,59.217023,0.0],[17.963941,59.217051,0.0],[17.964353,59.217075,0.0],[17.964386,59.217077,0.0],[17.964672,59.217093,0.0],[17.964943,59.217124,0.0],[17.965182,59.217192,0.0],[17.965443,59.217254,0.0],[17.965727,59.217309,0.0],[17.965976,59.217365,0.0],[17.966179,59.217422,0.0],[17.96643,59.217507,0.0],[17.966681,59.217593,0.0],[17.96686,59.217656,0.0],[17.967053,59.217737,0.0],[17.967352,59.217846,0.0],[17.967512,59.217886,0.0],[17.967609,59.217922,0.0],[17.967706,59.217946,0.0],[17.967785,59.217957,0.0],[17.96788,59.217958,0.0],[17.96798,59.217939,0.0],[17.968086,59.217934,0.0],[17.968226,59.217941,0.0],[17.968352,59.217941,0.0],[17.968511,59.217973,0.0],[17.968654,59.218014,0.0],[17.968774,59.218066,0.0],[17.968936,59.218138,0.0],[17.969062,59.218188,0.0],[17.969212,59.218252,0.0],[17.969383,59.218306,0.0],[17.969669,59.218304,0.0],[17.969841,59.21829,0.0],[17.970027,59.218215,0.0],[17.970209,59.218166,0.0],[17.970524,59.2181,0.0],[17.970772,59.218048,0.0],[17.97094,59.218005,0.0],[17.971087,59.217939,0.0],[17.971231,59.217908,0.0],[17.971444,59.217916,0.0],[17.971563,59.217951,0.0],[17.971731,59.217934,0.0],[17.97203,59.217877,0.0],[17.972446,59.217822,0.0],[17.972948,59.217782,0.0],[17.973282,59.217759,0.0],[17.973486,59.217747,0.0],[17.973692,59.217735,0.0],[17.973877,59.217732,0.0],[17.974017,59.217735,0.0],[17.974162,59.217718,0.0],[17.974311,59.217693,0.0],[17.974405,59.217677,0.0],[17.974556,59.21766,0.0],[17.974701,59.217652,0.0],[17.974813,59.217653,0.0],[17.974953,59.217656,0.0],[17.975076,59.217657,0.0],[17.975211,59.217664,0.0],[17.975408,59.217686,0.0],[17.975516,59.217707,0.0],[17.975665,59.217751,0.0],[17.975827,59.2178,0.0],[17.976059,59.217839,0.0],[17.976277,59.21791,0.0],[17.976397,59.217948,0.0],[17.976545,59.217986,0.0],[17.976737,59.218079,0.0],[17.976944,59.2181,0.0],[17.977112,59.218111,0.0],[17.977321,59.218139,0.0],[17.977458,59.218171,0.0],[17.977594,59.218192,0.0],[17.97777,59.218244,0.0],[17.977984,59.218349,0.0],[17.978199,59.218463,0.0],[17.978336,59.218544,0.0],[17.978476,59.218559,0.0],[17.978608,59.2186,0.0],[17.978881,59.21867,0.0],[17.97909,59.218781,0.0],[17.979291,59.218859,0.0],[17.979493,59.21895,0.0],[17.9797,59.219041,0.0],[17.97998,59.219169,0.0],[17.980297,59.219315,0.0],[17.980651,59.219516,0.0],[17.980899,59.219627,0.0],[17.981069,59.219739,0.0],[17.981191,59.219906,0.0],[17.98132,59.220033,0.0],[17.981557,59.220156,0.0],[17.981795,59.220278,0.0],[17.982024,59.220363,0.0],[17.982246,59.220411,0.0],[17.982271,59.220417,0.0],[17.982342,59.220407,0.0],[17.982357,59.220404,0.0],[17.982422,59.220415,0.0],[17.982471,59.220439,0.0],[17.982458,59.220454,0.0],[17.98238,59.220558,0.0],[17.982355,59.220592,0.0],[17.982337,59.22063,0.0],[17.982357,59.220693,0.0],[17.98236,59.220718,0.0],[17.982385,59.220783,0.0],[17.982425,59.220874,0.0],[17.982425,59.220874,0.0],[17.982457,59.220949,0.0],[17.982484,59.221032,0.0],[17.982493,59.221145,0.0],[17.982486,59.221205,0.0],[17.982457,59.221355,0.0],[17.98242,59.221489,0.0],[17.982419,59.221493,0.0],[17.982398,59.22159,0.0],[17.982391,59.221651,0.0],[17.982404,59.221773,0.0],[17.982452,59.221924,0.0],[17.982469,59.222012,0.0],[17.982408,59.222088,0.0],[17.982445,59.222175,0.0],[17.982478,59.222233,0.0],[17.982562,59.222333,0.0],[17.982667,59.222431,0.0],[17.98278,59.222511,0.0],[17.983121,59.222753,0.0],[17.983394,59.222976,0.0],[17.983428,59.223089,0.0],[17.983428,59.223331,0.0],[17.983479,59.223526,0.0],[17.983507,59.223729,0.0],[17.9836,59.223986,0.0],[17.98361,59.224142,0.0],[17.983377,59.224318,0.0],[17.983124,59.224416,0.0],[17.982963,59.224536,0.0],[17.982956,59.224669,0.0],[17.983039,59.224762,0.0],[17.983229,59.224868,0.0],[17.98336,59.225007,0.0],[17.983597,59.225136,0.0],[17.983728,59.225283,0.0],[17.983768,59.225423,0.0],[17.983811,59.225625,0.0],[17.983881,59.225757,0.0],[17.984047,59.225848,0.0],[17.984236,59.225939,0.0],[17.984319,59.226055,0.0],[17.984341,59.226157,0.0],[17.984304,59.226298,0.0],[17.984359,59.22643,0.0],[17.984487,59.22653,0.0],[17.984693,59.226644,0.0],[17.984987,59.226701,0.0],[17.98522,59.226768,0.0],[17.985317,59.22686,0.0],[17.985369,59.226953,0.0],[17.985328,59.227032,0.0],[17.985212,59.227128,0.0],[17.985096,59.227224,0.0],[17.984843,59.227314,0.0],[17.984726,59.227402,0.0],[17.984599,59.227561,0.0],[17.9844,59.227799,0.0],[17.984318,59.227949,0.0],[17.984113,59.228085,0.0],[17.984121,59.228209,0.0],[17.984174,59.228327,0.0],[17.984313,59.228444,0.0]],"type":"LineString"},"id":"vandringsleder.1348","properties":{"andrad_datum":null,"ansvarig":"Föreningen Sörmlandsleden","namn":"Sörmlandsleden","omrade":"Paradiset, Flemingsberg, Gladöskogen, Gladökvarnsjön","skapad_datum":null},"type":"Feature"}
 ,{"bbox":[18.004259,59.128141,18.027076,59.148709],"geometry":{"coordinates":[[18.004259,59.128141,0.0],[18.004471,59.128215,0.0],[18.004763,59.128328,0.0],[18.004998,59.128432,0.0],[18.005207,59.128546,0.0],[18.005359,59.128633,0.0],[18.005501,59.128692,0.0],[18.005678,59.128741,0.0],[18.005871,59.128752,0.0],[18.00605,59.128824,0.0],[18.006175,59.128925,0.0],[18.006273,59.129023,0.0],[18.006307,59.12913,0.0],[18.00646,59.129231,0.0],[18.006567,59.129324,0.0],[18.006754,59.129382,0.0],[18.007021,59.129405,0.0],[18.007318,59.129457,0.0],[18.00766,59.129503,0.0],[18.007937,59.129536,0.0],[18.008261,59.129587,0.0],[18.008564,59.129601,0.0],[18.008977,59.129613,0.0],[18.009233,59.129608,0.0],[18.00959,59.129607,0.0],[18.009801,59.129608,0.0],[18.009983,59.129581,0.0],[18.010153,59.129527,0.0],[18.010382,59.129523,0.0],[18.010692,59.129526,0.0],[18.011054,59.129582,0.0],[18.011298,59.129664,0.0],[18.011447,59.12981,0.0],[18.011537,59.129982,0.0],[18.011563,59.130079,0.0],[18.011639,59.130175,0.0],[18.011756,59.130285,0.0],[18.011869,59.130508,0.0],[18.01208,59.130689,0.0],[18.012191,59.130871,0.0],[18.012333,59.131063,0.0],[18.012532,59.131228,0.0],[18.012742,59.131398,0.0],[18.012955,59.131614,0.0],[18.013063,59.131756,0.0],[18.013262,59.1319,0.0],[18.013478,59.132009,0.0],[18.013687,59.132096,0.0],[18.013907,59.132207,0.0],[18.014109,59.132322,0.0],[18.014329,59.132436,0.0],[18.014512,59.13252,0.0],[18.014747,59.132589,0.0],[18.015045,59.132679,0.0],[18.015321,59.132693,0.0],[18.015552,59.132698,0.0],[18.01572,59.132704,0.0],[18.015979,59.132732,0.0],[18.016176,59.132769,0.0],[18.016392,59.132807,0.0],[18.016678,59.132843,0.0],[18.016964,59.132893,0.0],[18.017298,59.132983,0.0],[18.0177,59.133026,0.0],[18.01798,59.133108,0.0],[18.018269,59.133189,0.0],[18.018637,59.133265,0.0],[18.019094,59.133339,0.0],[18.01956,59.133418,0.0],[18.019918,59.133471,0.0],[18.020105,59.133486,0.0],[18.020353,59.133486,0.0],[18.020702,59.133544,0.0],[18.021,59.133625,0.0],[18.021155,59.133703,0.0],[18.021306,59.133745,0.0],[18.021563,59.133773,0.0],[18.021906,59.133789,0.0],[18.022197,59.133807,0.0],[18.022445,59.133852,0.0],[18.022622,59.133876,0.0],[18.022848,59.133836,0.0],[18.023063,59.133765,0.0],[18.023339,59.133697,0.0],[18.023616,59.133638,0.0],[18.023911,59.133593,0.0],[18.024207,59.133556,0.0],[18.024419,59.133575,0.0],[18.02457,59.133604,0.0],[18.024797,59.133587,0.0],[18.024918,59.133558,0.0],[18.025067,59.133555,0.0],[18.025225,59.133552,0.0],[18.025409,59.133554,0.0],[18.025611,59.133555,0.0],[18.02584,59.133573,0.0],[18.026009,59.133607,0.0],[18.026203,59.13363,0.0],[18.026373,59.133668,0.0],[18.026596,59.133727,0.0],[18.026695,59.133771,0.0],[18.026929,59.133852,0.0],[18.027076,59.133943,0.0],[18.026957,59.133964,0.0],[18.026837,59.133985,0.0],[18.026481,59.134042,0.0],[18.026255,59.134102,0.0],[18.025976,59.134232,0.0],[18.025763,59.134368,0.0],[18.025616,59.134457,0.0],[18.025469,59.134549,0.0],[18.025417,59.134647,0.0],[18.02548,59.134728,0.0],[18.025572,59.134798,0.0],[18.025626,59.134849,0.0],[18.025652,59.134909,0.0],[18.025612,59.134969,0.0],[18.025456,59.135024,0.0],[18.02514,59.135097,0.0],[18.024888,59.135135,0.0],[18.024701,59.135172,0.0],[18.024523,59.135227,0.0],[18.024411,59.1353,0.0],[18.024264,59.135392,0.0],[18.024131,59.135462,0.0],[18.02397,59.135566,0.0],[18.023823,59.13565,0.0],[18.023704,59.135735,0.0],[18.023599,59.135785,0.0],[18.023405,59.13583,0.0],[18.023222,59.13581,0.0],[18.022943,59.135774,0.0],[18.022868,59.135742,0.0],[18.022648,59.135712,0.0],[18.022464,59.135689,0.0],[18.022245,59.13567,0.0],[18.022056,59.135673,0.0],[18.021904,59.135687,0.0],[18.021723,59.135709,0.0],[18.021514,59.135727,0.0],[18.021319,59.135753,0.0],[18.021168,59.135789,0.0],[18.021047,59.135829,0.0],[18.020913,59.135895,0.0],[18.020865,59.135958,0.0],[18.020743,59.136099,0.0],[18.020554,59.136166,0.0],[18.020364,59.1362,0.0],[18.020166,59.136249,0.0],[18.019986,59.136306,0.0],[18.019814,59.136367,0.0],[18.01966,59.136419,0.0],[18.019531,59.136462,0.0],[18.01935,59.136497,0.0],[18.01915,59.136522,0.0],[18.01888,59.136541,0.0],[18.018619,59.136572,0.0],[18.018403,59.136616,0.0],[18.018256,59.136646,0.0],[18.018015,59.136704,0.0],[18.017843,59.136761,0.0],[18.017646,59.136818,0.0],[18.017464,59.136848,0.0],[18.017246,59.136861,0.0],[18.017028,59.136878,0.0],[18.016845,59.136899,0.0],[18.016702,59.136978,0.0],[18.016445,59.137081,0.0],[18.016232,59.137162,0.0],[18.015973,59.137225,0.0],[18.016325,59.137529,0.0],[18.016831,59.137763,0.0],[18.017027,59.137909,0.0],[18.01741,59.13828,0.0],[18.017658,59.138591,0.0],[18.017806,59.138735,0.0],[18.017232,59.139745,0.0],[18.017039,59.140206,0.0],[18.017038,59.140957,0.0],[18.017033,59.141275,0.0],[18.017779,59.141695,0.0],[18.018455,59.142193,0.0],[18.01967,59.142605,0.0],[18.020674,59.143162,0.0],[18.020856,59.143262,0.0],[18.020834,59.143401,0.0],[18.020717,59.143646,0.0],[18.020657,59.143909,0.0],[18.020661,59.144066,0.0],[18.020609,59.144243,0.0],[18.020638,59.144393,0.0],[18.020487,59.144422,0.0],[18.020363,59.144673,0.0],[18.02027,59.144805,0.0],[18.020221,59.144943,0.0],[18.020031,59.145156,0.0],[18.019756,59.145429,0.0],[18.019602,59.145608,0.0],[18.019515,59.145832,0.0],[18.019527,59.146021,0.0],[18.019502,59.146224,0.0],[18.019539,59.1464,0.0],[18.019397,59.146566,0.0],[18.01944,59.14684,0.0],[18.019378,59.146959,0.0],[18.019272,59.147091,0.0],[18.019129,59.147251,0.0],[18.018995,59.147534,0.0],[18.01893,59.147712,0.0],[18.018891,59.147902,0.0],[18.018827,59.1481,0.0],[18.018888,59.148249,0.0],[18.018871,59.148387,0.0],[18.01878,59.148552,0.0],[18.018752,59.148709,0.0]],"type":"LineString"},"id":"vandringsleder.1349","properties":{"andrad_datum":null,"ansvarig":"Föreningen Sörmlandsleden","namn":"Sörmlandsleden","omrade":"Paradiset, Flemingsberg, Gladöskogen, Gladökvarnsjön","skapad_datum":null},"type":"Feature"}
 ,{"bbox":[17.966839,59.14611,18.018752,59.164627],"geometry":{"coordinates":[[18.018752,59.148709,0.0],[18.01838,59.148782,0.0],[18.018117,59.148807,0.0],[18.017862,59.148786,0.0],[18.017653,59.148739,0.0],[18.017374,59.148658,0.0],[18.01714,59.148667,0.0],[18.016975,59.148685,0.0],[18.016653,59.148711,0.0],[18.016533,59.148658,0.0],[18.016353,59.148606,0.0],[18.016064,59.14852,0.0],[18.015854,59.148443,0.0],[18.01565,59.148326,0.0],[18.015458,59.148219,0.0],[18.015281,59.148066,0.0],[18.015225,59.147946,0.0],[18.015226,59.147811,0.0],[18.015158,59.147661,0.0],[18.015081,59.147542,0.0],[18.014945,59.147479,0.0],[18.014697,59.147417,0.0],[18.01443,59.147372,0.0],[18.014201,59.14731,0.0],[18.014032,59.147273,0.0],[18.013869,59.147175,0.0],[18.013695,59.147058,0.0],[18.01348,59.146905,0.0],[18.013346,59.146792,0.0],[18.013153,59.146685,0.0],[18.013094,59.146658,0.0],[18.012951,59.146593,0.0],[18.01271,59.146496,0.0],[18.012527,59.146389,0.0],[18.012284,59.146408,0.0],[18.011969,59.146383,0.0],[18.011721,59.146322,0.0],[18.011569,59.146234,0.0],[18.011417,59.146167,0.0],[18.011189,59.14611,0.0],[18.01091,59.146115,0.0],[18.010646,59.146114,0.0],[18.010412,59.146128,0.0],[18.010281,59.146221,0.0],[18.010114,59.14636,0.0],[18.009966,59.146483,0.0],[18.009855,59.14659,0.0],[18.009718,59.146738,0.0],[18.009841,59.146874,0.0],[18.010062,59.147072,0.0],[18.010205,59.147214,0.0],[18.010312,59.147356,0.0],[18.010358,59.1475,0.0],[18.010343,59.147645,0.0],[18.010293,59.147757,0.0],[18.01029,59.147765,0.0],[18.010136,59.147843,0.0],[18.009943,59.147884,0.0],[18.009552,59.147897,0.0],[18.009063,59.147905,0.0],[18.008742,59.147854,0.0],[18.008381,59.147754,0.0],[18.008044,59.147653,0.0],[18.007838,59.147493,0.0],[18.007698,59.147313,0.0],[18.007465,59.147109,0.0],[18.007101,59.146971,0.0],[18.006675,59.146802,0.0],[18.00627,59.146589,0.0],[18.005893,59.146432,0.0],[18.005579,59.146298,0.0],[18.005096,59.1463,0.0],[18.004782,59.146336,0.0],[18.004429,59.146419,0.0],[18.004164,59.146508,0.0],[18.004136,59.14657,0.0],[18.004033,59.146681,0.0],[18.0039,59.146826,0.0],[18.003783,59.147004,0.0],[18.003614,59.147179,0.0],[18.003486,59.147319,0.0],[18.003438,59.147251,0.0],[18.003415,59.14722,0.0],[18.003298,59.147119000000004,0.0],[18.003237,59.147084,0.0],[18.003002,59.146987,0.0],[18.002771,59.146892,0.0],[18.002527,59.146792,0.0],[18.002458,59.146757,0.0],[18.002192,59.14677,0.0],[18.001967,59.146755,0.0],[18.001699,59.146697,0.0],[18.001352,59.146651,0.0],[18.001006,59.146636,0.0],[18.000722,59.14663,0.0],[18.000478,59.146614,0.0],[18.000198,59.14667,0.0],[18.000001,59.146757,0.0],[17.999786,59.146886,0.0],[17.999549,59.146983,0.0],[17.999187,59.147031,0.0],[17.998884,59.147047,0.0],[17.998683,59.147071,0.0],[17.998445,59.147158,0.0],[17.998127,59.147257,0.0],[17.997771,59.147399,0.0],[17.997557,59.147538,0.0],[17.997205,59.147731,0.0],[17.996951,59.147892,0.0],[17.996722,59.148114,0.0],[17.996504,59.148191,0.0],[17.996331,59.148339,0.0],[17.996141,59.14853,0.0],[17.995853,59.148785,0.0],[17.995685,59.149017,0.0],[17.995517,59.149228,0.0],[17.995242,59.149378,0.0],[17.994972,59.149435,0.0],[17.994754,59.149511,0.0],[17.9946,59.149639,0.0],[17.994468,59.149798,0.0],[17.994376,59.149934,0.0],[17.994161,59.150063,0.0],[17.994065,59.150148,0.0],[17.993808,59.150256,0.0],[17.993694,59.150363,0.0],[17.993393,59.15042,0.0],[17.993342,59.150577,0.0],[17.993066,59.150696,0.0],[17.992886,59.15073,0.0],[17.992752,59.150857,0.0],[17.992524,59.151101,0.0],[17.992474,59.151258,0.0],[17.992267,59.151522,0.0],[17.992116,59.151691,0.0],[17.992025,59.151849,0.0],[17.99187,59.151966,0.0],[17.991613,59.152064,0.0],[17.991332,59.15212,0.0],[17.99107,59.152146,0.0],[17.990762,59.152218,0.0],[17.990344,59.152352,0.0],[17.990134,59.152415,0.0],[17.990069,59.152452,0.0],[17.989921,59.152601,0.0],[17.989838,59.152667,0.0],[17.989538,59.152889,0.0],[17.989197,59.153103,0.0],[17.988955,59.153209,0.0],[17.988582,59.153326,0.0],[17.988289,59.153381,0.0],[17.987965,59.153385,0.0],[17.987483,59.153373,0.0],[17.987027,59.153343,0.0],[17.986761,59.153284,0.0],[17.986234,59.153129,0.0],[17.985601,59.152931,0.0],[17.985082,59.152805,0.0],[17.984655,59.152719,0.0],[17.983963,59.152571,0.0],[17.983093,59.152409,0.0],[17.982741,59.15238,0.0],[17.98251,59.152473,0.0],[17.982263,59.15257,0.0],[17.982061,59.152684,0.0],[17.981897,59.152795,0.0],[17.981763,59.152881,0.0],[17.981383,59.152873,0.0],[17.9807,59.152852,0.0],[17.980215,59.152844,0.0],[17.979747,59.152835,0.0],[17.97931,59.152845,0.0],[17.97905,59.15287,0.0],[17.978763,59.152912,0.0],[17.978484,59.152981,0.0],[17.978273,59.153061,0.0],[17.978129,59.153146,0.0],[17.977955,59.153269,0.0],[17.977793,59.153423,0.0],[17.977604,59.153636,0.0],[17.977404,59.153852,0.0],[17.977236,59.154023,0.0],[17.977192,59.154066,0.0],[17.977145,59.154113,0.0],[17.97684,59.154399,0.0],[17.976636,59.154588,0.0],[17.976635,59.154588,0.0],[17.976256,59.154902,0.0],[17.976037,59.155098,0.0],[17.975864,59.155226999999996,0.0],[17.97568,59.155388,0.0],[17.975407,59.155608,0.0],[17.97518,59.15581,0.0],[17.97497,59.155989,0.0],[17.974739,59.156201,0.0],[17.974497,59.15639,0.0],[17.974285,59.156517,0.0],[17.974023,59.156653,0.0],[17.973808,59.156736,0.0],[17.973574,59.156816,0.0],[17.973206,59.156917,0.0],[17.972895,59.157004,0.0],[17.972598,59.157096,0.0],[17.972375,59.157189,0.0],[17.972129,59.157327,0.0],[17.971888,59.157478,0.0],[17.971596,59.157669,0.0],[17.97132,59.157838,0.0],[17.971075,59.157992,0.0],[17.970949,59.158097,0.0],[17.970718,59.158271,0.0],[17.970407,59.158478,0.0],[17.970094,59.158678,0.0],[17.969817,59.158864,0.0],[17.969653,59.159,0.0],[17.969555,59.159097,0.0],[17.969472,59.159222,0.0],[17.969407,59.159355,0.0],[17.969374,59.15947,0.0],[17.969361,59.159605,0.0],[17.969375,59.159735,0.0],[17.969437,59.1599,0.0],[17.969488,59.160035,0.0],[17.969552,59.160164,0.0],[17.969595,59.160331,0.0],[17.969596,59.160499,0.0],[17.969576,59.160674,0.0],[17.969556999999998,59.160925,0.0],[17.969536,59.161105,0.0],[17.969526,59.16124,0.0],[17.969526,59.161437,0.0],[17.96956,59.161556,0.0],[17.969625,59.161704,0.0],[17.969734,59.161883,0.0],[17.969856,59.16207,0.0],[17.969891,59.162178,0.0],[17.969899,59.162312,0.0],[17.969877,59.162472,0.0],[17.96981,59.162683,0.0],[17.969737,59.162856,0.0],[17.969676,59.163026,0.0],[17.969604,59.16323,0.0],[17.969507,59.163471,0.0],[17.969439,59.163673,0.0],[17.969381,59.163862,0.0],[17.969323,59.164049,0.0],[17.969303,59.164185,0.0],[17.969309,59.164328,0.0],[17.969341,59.164453,0.0],[17.96919,59.164498,0.0],[17.968837,59.164568,0.0],[17.968462,59.164604,0.0],[17.967999,59.164627,0.0],[17.967535,59.164614,0.0],[17.967118,59.164602,0.0],[17.966839,59.164575,0.0]],"type":"LineString"},"id":"vandringsleder.1350","properties":{"andrad_datum":null,"ansvarig":"Föreningen Sörmlandsleden","namn":"Sörmlandsleden","omrade":"Paradiset, Flemingsberg, Gladöskogen, Gladökvarnsjön","skapad_datum":null},"type":"Feature"}
 ,{"bbox":[18.018533,59.140348,18.124494,59.162968],"geometry":{"coordinates":[[18.018752,59.148709,0.0],[18.018621,59.148849,0.0],[18.018561,59.148896,0.0],[18.018533,59.148955,0.0],[18.018741,59.149023,0.0],[18.019102,59.149096,0.0],[18.019531,59.149232,0.0],[18.01982,59.149371,0.0],[18.019996,59.149532,0.0],[18.020297,59.149657,0.0],[18.020791,59.149825,0.0],[18.02131,59.14998,0.0],[18.021717,59.150163,0.0],[18.022124,59.150352,0.0],[18.022527,59.150476,0.0],[18.022906,59.150633,0.0],[18.023157,59.150779,0.0],[18.023313,59.15092,0.0],[18.023482,59.151166,0.0],[18.023549,59.15142,0.0],[18.023586,59.151602,0.0],[18.023759,59.151717,0.0],[18.024043,59.151778,0.0],[18.024265,59.151859,0.0],[18.024465,59.151999000000004,0.0],[18.024571,59.152063,0.0],[18.024651,59.15231,0.0],[18.024698,59.152447,0.0],[18.024809,59.152589,0.0],[18.024958,59.152723,0.0],[18.025031,59.152873,0.0],[18.025091,59.153016,0.0],[18.025063,59.153114,0.0],[18.02506,59.153113,0.0],[18.024771,59.15308,0.0],[18.024341,59.153126,0.0],[18.024095,59.153261,0.0],[18.023822,59.153384,0.0],[18.023421,59.153469,0.0],[18.023331,59.153654,0.0],[18.023278,59.153818,0.0],[18.023074,59.154011,0.0],[18.022861,59.154151,0.0],[18.022911,59.15425,0.0],[18.023133,59.154337,0.0],[18.023329,59.154419,0.0],[18.023666,59.154511,0.0],[18.023849,59.154587,0.0],[18.024082,59.154648,0.0],[18.02434,59.15469,0.0],[18.024597,59.154724,0.0],[18.024873,59.154759,0.0],[18.02521,59.154858,0.0],[18.025548,59.154957,0.0],[18.025945,59.155002,0.0],[18.026292,59.155042,0.0],[18.026786,59.155007,0.0],[18.027064,59.15497,0.0],[18.027445,59.154844,0.0],[18.027449,59.154842,0.0],[18.027452,59.154833000000004,0.0],[18.027487,59.154718,0.0],[18.02763,59.154634,0.0],[18.027694,59.154476,0.0],[18.027692,59.154299,0.0],[18.027857,59.154125,0.0],[18.028024,59.153974,0.0],[18.028321,59.153826,0.0],[18.028616,59.153659,0.0],[18.028903,59.153506,0.0],[18.029189,59.153401,0.0],[18.029626,59.153136,0.0],[18.029701,59.153095,0.0],[18.029704,59.153093,0.0],[18.029869,59.152966,0.0],[18.030103,59.152845,0.0],[18.030271,59.152691,0.0],[18.030325,59.15254,0.0],[18.03029,59.152397,0.0],[18.030396,59.152264,0.0],[18.030475,59.152099,0.0],[18.030632,59.151972,0.0],[18.030765,59.151859,0.0],[18.031049,59.151736,0.0],[18.031439,59.151651,0.0],[18.031725,59.151548,0.0],[18.031939,59.151512,0.0],[18.032741,59.15155,0.0],[18.033642,59.151496,0.0],[18.034751,59.151448,0.0],[18.035161,59.151673,0.0],[18.035595,59.151975,0.0],[18.036038,59.152123,0.0],[18.036773,59.15212,0.0],[18.037422,59.152011,0.0],[18.037446,59.15191,0.0],[18.037526,59.151713,0.0],[18.037589,59.151545,0.0],[18.037732,59.151319,0.0],[18.03795,59.151101,0.0],[18.038184,59.150849,0.0],[18.038324,59.150717,0.0],[18.038386,59.150607,0.0],[18.038495,59.150414,0.0],[18.038636,59.150307,0.0],[18.038888,59.150188,0.0],[18.039297,59.150057,0.0],[18.039554,59.15001,0.0],[18.039905,59.14998,0.0],[18.040275,59.149964,0.0],[18.040598,59.149939,0.0],[18.040805,59.149934,0.0],[18.040808,59.149933,0.0],[18.040818,59.149836,0.0],[18.040923,59.149683,0.0],[18.041011,59.149472,0.0],[18.041062,59.149275,0.0],[18.041061,59.149073,0.0],[18.041056,59.14889,0.0],[18.040945,59.148761,0.0],[18.041088,59.148693,0.0],[18.041182,59.14858,0.0],[18.041351,59.148433,0.0],[18.041457,59.148314,0.0],[18.041424,59.148197,0.0],[18.041316,59.1481,0.0],[18.041321,59.147983,0.0],[18.041415,59.147863,0.0],[18.041547,59.147743,0.0],[18.041693,59.147629,0.0],[18.041764,59.14755,0.0],[18.041856,59.147404,0.0],[18.041939,59.147298,0.0],[18.041919,59.147187,0.0],[18.041834,59.147065,0.0],[18.041684,59.146904,0.0],[18.041569,59.146808,0.0],[18.041381,59.14666,0.0],[18.041209,59.146559,0.0],[18.041072,59.146398,0.0],[18.041126,59.146259,0.0],[18.041129,59.146109,0.0],[18.041082,59.145966,0.0],[18.040931,59.145811,0.0],[18.040665,59.145633,0.0],[18.040314,59.145515,0.0],[18.040267,59.145385,0.0],[18.040093,59.145257,0.0],[18.039932,59.145122,0.0],[18.039679,59.144963,0.0],[18.039705,59.144864,0.0],[18.039763,59.144772,0.0],[18.040041,59.144748,0.0],[18.040383,59.144716,0.0],[18.040457,59.144719,0.0],[18.040689,59.14473,0.0],[18.040868,59.14474,0.0],[18.041018,59.144705,0.0],[18.041099,59.144579,0.0],[18.041163,59.144388,0.0],[18.041266,59.144203,0.0],[18.041395,59.144037,0.0],[18.041531,59.14397,0.0],[18.04178,59.143894,0.0],[18.042058,59.143856,0.0],[18.042361,59.143825,0.0],[18.042577,59.143814,0.0],[18.042866,59.143764,0.0],[18.043052,59.143682,0.0],[18.043312,59.143573,0.0],[18.043526,59.14353,0.0],[18.043804,59.143499,0.0],[18.044045,59.143495,0.0],[18.044267,59.143583,0.0],[18.044464,59.143664,0.0],[18.044741,59.14381,0.0],[18.04514,59.144071,0.0],[18.045525,59.14432,0.0],[18.04572,59.144486,0.0],[18.045999,59.144652,0.0],[18.046263,59.14481,0.0],[18.04658,59.144975,0.0],[18.046864,59.145042,0.0],[18.047148,59.145096,0.0],[18.047468,59.145123,0.0],[18.047723,59.145138,0.0],[18.048053,59.14512,0.0],[18.048418,59.145054,0.0],[18.048806,59.144956,0.0],[18.04923,59.144825,0.0],[18.049489,59.144689,0.0],[18.049721,59.144541,0.0],[18.049917,59.144427,0.0],[18.050202,59.144311,0.0],[18.050361,59.14421,0.0],[18.050446,59.144136,0.0],[18.050539,59.144004,0.0],[18.050627,59.143793,0.0],[18.050705,59.143622,0.0],[18.050745,59.143464,0.0],[18.050763,59.143346,0.0],[18.050804,59.143195,0.0],[18.050847,59.143077,0.0],[18.050893,59.143004,0.0],[18.051159,59.14298,0.0],[18.051408,59.142988,0.0],[18.051708,59.142911,0.0],[18.051892,59.142803,0.0],[18.052087,59.142541,0.0],[18.052093,59.142536,0.0],[18.052097,59.142533,0.0],[18.052189,59.142452,0.0],[18.052488,59.142379,0.0],[18.052728,59.142317,0.0],[18.052836,59.142263,0.0],[18.05299,59.14213,0.0],[18.053062,59.141993,0.0],[18.053117,59.141899,0.0],[18.053229,59.141807,0.0],[18.053387,59.141744,0.0],[18.053498,59.141665,0.0],[18.053608,59.141574,0.0],[18.053731,59.1415,0.0],[18.053912,59.141425,0.0],[18.05407,59.141363,0.0],[18.05418,59.141277,0.0],[18.054302,59.14118,0.0],[18.054548,59.141044,0.0],[18.054816,59.140891,0.0],[18.055041,59.140779,0.0],[18.055314,59.140691,0.0],[18.055552,59.140609,0.0],[18.055858,59.140492,0.0],[18.055858,59.140497,0.0],[18.056038,59.140577,0.0],[18.056278,59.140698,0.0],[18.056507,59.140837,0.0],[18.056852,59.140963,0.0],[18.057127,59.141077,0.0],[18.057357,59.141228,0.0],[18.057649,59.141426,0.0],[18.057752,59.141579,0.0],[18.057849,59.141649,0.0],[18.057935,59.141725,0.0],[18.058053,59.141797,0.0],[18.058262,59.141888,0.0],[18.058594,59.142002,0.0],[18.058793,59.142098,0.0],[18.058981,59.142178,0.0],[18.059229,59.142251,0.0],[18.059639,59.142282,0.0],[18.060028,59.142314,0.0],[18.06037,59.142292,0.0],[18.060672,59.142303,0.0],[18.060953,59.142342,0.0],[18.061141,59.142416,0.0],[18.061326,59.142457,0.0],[18.061552,59.142459,0.0],[18.06182,59.142465,0.0],[18.062015,59.142484,0.0],[18.062233,59.142541,0.0],[18.06242,59.142609,0.0],[18.062544,59.14269,0.0],[18.062638,59.142821,0.0],[18.062713,59.142968,0.0],[18.062695,59.143086,0.0],[18.062694,59.14309,0.0],[18.062781,59.143193,0.0],[18.062935,59.143251,0.0],[18.063121,59.143309,0.0],[18.063243,59.143362,0.0],[18.063326,59.143476,0.0],[18.06341,59.143607,0.0],[18.063439,59.143728,0.0],[18.063596,59.14383,0.0],[18.063762,59.14391,0.0],[18.063994,59.144005,0.0],[18.064237,59.144111,0.0],[18.064409,59.144186,0.0],[18.064615,59.144226,0.0],[18.064853,59.144244,0.0],[18.065125,59.1443,0.0],[18.065335,59.14439,0.0],[18.065648,59.144569,0.0],[18.065667,59.144567,0.0],[18.065951,59.144518,0.0],[18.066277,59.144417,0.0],[18.066577,59.144338,0.0],[18.06676,59.144315,0.0],[18.067001,59.144302,0.0],[18.067305,59.144282,0.0],[18.067592,59.144257,0.0],[18.068017,59.144205,0.0],[18.06824,59.144177,0.0],[18.068432,59.144109,0.0],[18.068544,59.144023,0.0],[18.068638,59.143905,0.0],[18.068643,59.143901,0.0],[18.068775,59.143813,0.0],[18.068871,59.14377,0.0],[18.06921,59.143676,0.0],[18.069479,59.143582,0.0],[18.069771,59.143459,0.0],[18.069851,59.14343,0.0],[18.070031,59.143392,0.0],[18.070325,59.143348,0.0],[18.070506,59.143298,0.0],[18.070586,59.143254,0.0],[18.070638,59.143204,0.0],[18.070839,59.142973,0.0],[18.071037,59.142737,0.0],[18.07119,59.142538,0.0],[18.071213,59.142487,0.0],[18.071247,59.142381,0.0],[18.071247,59.142223,0.0],[18.071255,59.142071,0.0],[18.071274,59.141942,0.0],[18.071262,59.141862,0.0],[18.071209,59.141719,0.0],[18.071175,59.141635,0.0],[18.071166,59.141582,0.0],[18.07117,59.141543,0.0],[18.071195,59.141495,0.0],[18.071234,59.141426,0.0],[18.071309,59.141276,0.0],[18.071379,59.141138,0.0],[18.071424,59.141049,0.0],[18.071433,59.141013,0.0],[18.071432,59.14096,0.0],[18.071382,59.140888,0.0],[18.071256,59.140746,0.0],[18.071218,59.140684,0.0],[18.071215,59.140639,0.0],[18.071215,59.140637,0.0],[18.071229,59.140605,0.0],[18.071264,59.140578,0.0],[18.071562,59.140497,0.0],[18.072074,59.140348,0.0],[18.072384,59.140372,0.0],[18.072583,59.140411,0.0],[18.072802,59.140439,0.0],[18.07298,59.140478,0.0],[18.073106,59.140508,0.0],[18.073174,59.140597,0.0],[18.073234,59.140728,0.0],[18.073275,59.140871,0.0],[18.073299,59.141083,0.0],[18.073327,59.141189,0.0],[18.073366,59.141315,0.0],[18.073516,59.141398,0.0],[18.073613,59.141453,0.0],[18.073662,59.141541,0.0],[18.073749,59.141689,0.0],[18.073846,59.141867,0.0],[18.073849,59.142047,0.0],[18.073831,59.142153,0.0],[18.073886,59.142337,0.0],[18.074008,59.142506,0.0],[18.074122,59.142679,0.0],[18.074232,59.142806,0.0],[18.074403,59.142899,0.0],[18.074451,59.142965,0.0],[18.074675,59.14304,0.0],[18.074863,59.14306,0.0],[18.0751,59.143151,0.0],[18.075377,59.143208,0.0],[18.075666,59.143265,0.0],[18.075964,59.143288,0.0],[18.076069,59.143382,0.0],[18.076165,59.14351,0.0],[18.076327,59.143631,0.0],[18.076396,59.14385,0.0],[18.076439,59.143922,0.0],[18.076505,59.14409,0.0],[18.076603,59.14424,0.0],[18.076786,59.14436,0.0],[18.077039,59.144404,0.0],[18.077272,59.144453,0.0],[18.077559,59.14455,0.0],[18.077617,59.144624,0.0],[18.077591,59.144715,0.0],[18.077668,59.144778,0.0],[18.077913,59.144849,0.0],[18.078145,59.144898,0.0],[18.078443,59.144979,0.0],[18.078648,59.145082,0.0],[18.078888,59.1451,0.0],[18.07914,59.145127,0.0],[18.079411,59.145123,0.0],[18.079396,59.145214,0.0],[18.079392,59.14531,0.0],[18.079511,59.145372,0.0],[18.079756,59.145443,0.0],[18.080077,59.145577,0.0],[18.080483,59.145725,0.0],[18.080846,59.145847,0.0],[18.081037,59.145908,0.0],[18.081184,59.145922,0.0],[18.08137,59.145938,0.0],[18.081449,59.146085,0.0],[18.0815,59.146241,0.0],[18.081526,59.146455,0.0],[18.081497,59.146579,0.0],[18.081451,59.146653,0.0],[18.081376,59.146722,0.0],[18.081316,59.146787,0.0],[18.081283,59.146887,0.0],[18.081224,59.147128,0.0],[18.081149,59.147491,0.0],[18.081129,59.147618,0.0],[18.081078,59.147939,0.0],[18.081056,59.148259,0.0],[18.081017,59.148496,0.0],[18.080991,59.148723,0.0],[18.081004,59.149164,0.0],[18.080986,59.149391,0.0],[18.080981,59.149539,0.0],[18.081007,59.149659,0.0],[18.081036,59.149726,0.0],[18.081052,59.149763,0.0],[18.081112,59.149855,0.0],[18.081102,59.149904,0.0],[18.081044,59.149962,0.0],[18.080865,59.150079,0.0],[18.080589,59.150203,0.0],[18.080414,59.150252,0.0],[18.080112,59.150308,0.0],[18.079764,59.150362,0.0],[18.07966,59.150399,0.0],[18.079604,59.150432,0.0],[18.079533,59.150536,0.0],[18.079433,59.150717,0.0],[18.079342,59.150821,0.0],[18.079208,59.150942,0.0],[18.079122,59.151049,0.0],[18.078968,59.15124,0.0],[18.078894,59.151366,0.0],[18.078804,59.151505,0.0],[18.078679,59.151635,0.0],[18.078926,59.151752,0.0],[18.079039,59.151948,0.0],[18.079072,59.152068,0.0],[18.079248,59.152194,0.0],[18.079374,59.152329,0.0],[18.079486,59.152499,0.0],[18.079548,59.15267,0.0],[18.079736,59.152736,0.0],[18.080039,59.152765,0.0],[18.080227,59.152813,0.0],[18.080315,59.15288,0.0],[18.080504,59.152954,0.0],[18.080744,59.153036,0.0],[18.080968,59.153127,0.0],[18.08131,59.153241,0.0],[18.081536,59.153366,0.0],[18.081881,59.153515,0.0],[18.082209,59.153664,0.0],[18.082529,59.153684,0.0],[18.08278,59.15368,0.0],[18.083164,59.153665,0.0],[18.08346,59.153591,0.0],[18.083743,59.15356,0.0],[18.083918,59.153669,0.0],[18.084096,59.153838,0.0],[18.084276,59.154015,0.0],[18.084336,59.154169,0.0],[18.084453,59.154287,0.0],[18.084691,59.154343,0.0],[18.084799,59.154453,0.0],[18.08479,59.154574,0.0],[18.084982,59.154699,0.0],[18.085238,59.154764,0.0],[18.085496,59.154862,0.0],[18.085904,59.15495,0.0],[18.086142,59.155014,0.0],[18.086609,59.15523,0.0],[18.087208,59.155426,0.0],[18.087554,59.155592,0.0],[18.087963,59.155696,0.0],[18.088319,59.155759,0.0],[18.088705,59.155778,0.0],[18.089042,59.155807,0.0],[18.089217,59.155915,0.0],[18.089438,59.155972,0.0],[18.089656,59.155976,0.0],[18.089808,59.155991,0.0],[18.089932,59.1561,0.0],[18.09009,59.156201,0.0],[18.090065,59.156339,0.0],[18.090024,59.156477,0.0],[18.090214,59.15656,0.0],[18.090432,59.156556,0.0],[18.090612,59.156501,0.0],[18.090706,59.156397,0.0],[18.090746,59.156241,0.0],[18.090736,59.156095,0.0],[18.090711,59.155975,0.0],[18.090942,59.155928,0.0],[18.09124,59.155871,0.0],[18.091516,59.155746,0.0],[18.09191,59.155618,0.0],[18.092148,59.155425,0.0],[18.092319,59.155345,0.0],[18.092768,59.155302,0.0],[18.093122,59.155339,0.0],[18.093366,59.155481,0.0],[18.093665,59.155691,0.0],[18.094015,59.155667,0.0],[18.09425,59.15568,0.0],[18.094406,59.155764,0.0],[18.09466,59.155794,0.0],[18.094735,59.155804,0.0],[18.094989,59.155839,0.0],[18.095449,59.155952,0.0],[18.09589,59.15603,0.0],[18.096264,59.156118,0.0],[18.096589,59.156224,0.0],[18.096943,59.156252,0.0],[18.097229,59.156273,0.0],[18.097585,59.156336,0.0],[18.097938,59.156355,0.0],[18.098247,59.15624,0.0],[18.098217000000002,59.156445,0.0],[18.098188,59.156728,0.0],[18.09817,59.156848,0.0],[18.098085,59.157029,0.0],[18.098033,59.157103,0.0],[18.098322,59.157144,0.0],[18.098706,59.157283,0.0],[18.099017,59.157447,0.0],[18.09927,59.157562,0.0],[18.099483,59.157726,0.0],[18.099567,59.15783,0.0],[18.099693,59.157927,0.0],[18.099865,59.157997,0.0],[18.10018,59.158103,0.0],[18.100436,59.158267,0.0],[18.100608,59.158388,0.0],[18.100834,59.158476,0.0],[18.101039,59.158557,0.0],[18.101186,59.158613,0.0],[18.101359,59.158698,0.0],[18.101561,59.158785,0.0],[18.101874,59.158862,0.0],[18.102144,59.158938,0.0],[18.102277,59.158987,0.0],[18.102489,59.159118,0.0],[18.102686,59.15919,0.0],[18.10286,59.15923,0.0],[18.102694,59.159354,0.0],[18.10235,59.159578,0.0],[18.102383,59.159735,0.0],[18.102598,59.159845,0.0],[18.102802,59.159936,0.0],[18.103406,59.160214,0.0],[18.103777,59.160326,0.0],[18.103879,59.160518,0.0],[18.104153,59.160617,0.0],[18.104558,59.160678,0.0],[18.105342,59.160732,0.0],[18.105378,59.16092,0.0],[18.105546,59.161167,0.0],[18.10572,59.161417,0.0],[18.105912,59.161633,0.0],[18.105849,59.161733,0.0],[18.105693,59.161862,0.0],[18.105647,59.161956,0.0],[18.105631,59.162077,0.0],[18.10547,59.162189,0.0],[18.105439,59.16229,0.0],[18.105528,59.162363,0.0],[18.105802,59.162273,0.0],[18.105888,59.16226,0.0],[18.106113,59.162226,0.0],[18.10648,59.16227,0.0],[18.106929,59.162313,0.0],[18.107294,59.16234,0.0],[18.107496,59.16215,0.0],[18.107805,59.161839,0.0],[18.108008,59.161666,0.0],[18.108413,59.161468,0.0],[18.108742,59.161473,0.0],[18.109135,59.16149,0.0],[18.109489,59.161527,0.0],[18.109686,59.161797,0.0],[18.109766,59.162,0.0],[18.109962,59.162217,0.0],[18.110273,59.162423,0.0],[18.110494,59.162513,0.0],[18.110804,59.162694,0.0],[18.111245,59.162873,0.0],[18.111598,59.162968,0.0],[18.112061,59.162968,0.0],[18.112226,59.162872,0.0],[18.112592,59.162764,0.0],[18.113065,59.162662,0.0],[18.113685,59.162549,0.0],[18.114175,59.162473,0.0],[18.114707,59.162514,0.0],[18.115048,59.162519,0.0],[18.115482,59.162511,0.0],[18.115943,59.162464,0.0],[18.116276,59.162512,0.0],[18.116795,59.162626,0.0],[18.116839,59.162605,0.0],[18.116978,59.162597,0.0],[18.117042,59.162586,0.0],[18.11709,59.162562,0.0],[18.117139,59.162493,0.0],[18.117192,59.162407,0.0],[18.117244,59.162311,0.0],[18.11737,59.161992,0.0],[18.117405,59.16191,0.0],[18.11746,59.161842,0.0],[18.117552,59.161786,0.0],[18.117751,59.161639,0.0],[18.117964,59.161471,0.0],[18.11806,59.161422,0.0],[18.118251,59.161344,0.0],[18.118351,59.161255,0.0],[18.118504,59.161176,0.0],[18.118741,59.161147,0.0],[18.118972,59.161046,0.0],[18.119146,59.160981,0.0],[18.119383,59.160962,0.0],[18.119648,59.160916,0.0],[18.120041,59.160869,0.0],[18.120389,59.160873,0.0],[18.120541,59.160921,0.0],[18.120674,59.16099,0.0],[18.120841,59.161028,0.0],[18.121062,59.161075,0.0],[18.121178,59.161169,0.0],[18.121222,59.16124,0.0],[18.121483,59.161276,0.0],[18.121588,59.161361,0.0],[18.121843,59.161443,0.0],[18.121932,59.161411,0.0],[18.12201,59.161354,0.0],[18.122175,59.161234,0.0],[18.12231,59.161171,0.0],[18.122436,59.161302,0.0],[18.122599,59.161373,0.0],[18.122883,59.161386,0.0],[18.123246,59.161418,0.0],[18.123449,59.161403,0.0],[18.123799,59.161284,0.0],[18.124187,59.161184,0.0],[18.124494,59.161227,0.0]],"type":"LineString"},"id":"vandringsleder.1351","properties":{"andrad_datum":null,"ansvarig":"Föreningen Sörmlandsleden","namn":"Sörmlandsleden","omrade":"Paradiset, Flemingsberg, Gladöskogen, Gladökvarnsjön","skapad_datum":null},"type":"Feature"}
 ,{"bbox":[18.031733,59.199684,18.040561,59.206836],"geometry":{"coordinates":[[18.038044,59.204346],[18.038129,59.204362],[18.038184,59.204377],[18.038252,59.204391],[18.038269,59.204368],[18.038299,59.204361],[18.038357,59.204348],[18.038411,59.204364],[18.038581,59.204402],[18.03865,59.204408],[18.038729,59.204428],[18.038787,59.204437],[18.038831,59.204449],[18.038862,59.204451],[18.038888,59.204444],[18.038952,59.204425],[18.038988,59.204426],[18.039019,59.204431],[18.039033,59.204439],[18.039077,59.204438],[18.039129,59.204445],[18.039182,59.204463],[18.039253,59.204491],[18.039276,59.204506],[18.039297,59.204548],[18.039334,59.204575],[18.039396,59.204605],[18.03946,59.204636],[18.039471,59.204648],[18.039483,59.204673],[18.039501,59.204712],[18.039508,59.204743],[18.039511,59.204803],[18.039506,59.204858],[18.039506,59.204925],[18.039504,59.204976],[18.039495,59.205009],[18.039488,59.205037],[18.039483,59.205073],[18.039476,59.205101],[18.039465,59.205163],[18.039447,59.205196],[18.039401,59.205233],[18.03935,59.205259],[18.039318,59.205281],[18.039321,59.205305],[18.039353,59.205326],[18.039442,59.205339],[18.039562,59.205339],[18.039605,59.205334],[18.039636,59.205337],[18.039638,59.205354],[18.039635,59.205363],[18.03966,59.205409],[18.039699,59.205475],[18.039752,59.205533],[18.039819,59.205604],[18.039885,59.205663],[18.039957,59.20571],[18.040007,59.205739],[18.04009,59.205797],[18.040191,59.205882],[18.040343,59.206032],[18.040441,59.206139],[18.040499,59.206212],[18.040561,59.206339],[18.040543,59.206403],[18.040506,59.20646],[18.040446,59.206509],[18.040348,59.206575],[18.040245,59.206623],[18.040059,59.206692],[18.039967,59.206723],[18.03981,59.206748],[18.039692,59.206764],[18.039008,59.206823],[18.03887,59.206836],[18.038809,59.206821],[18.038758,59.206795],[18.038693,59.206757],[18.038521,59.206686],[18.038242,59.206601],[18.038014,59.206538],[18.037789,59.206478],[18.037551,59.206404],[18.03731,59.206334],[18.037116,59.206279],[18.036495,59.206158],[18.036029,59.206061],[18.035795,59.206018],[18.03563,59.20599],[18.035547,59.205984],[18.035459,59.205972],[18.03525,59.205978],[18.03511,59.206005],[18.035038,59.206024],[18.034967,59.20603],[18.034888,59.205988],[18.034866,59.205923],[18.034834,59.205837],[18.034801,59.20574],[18.034735,59.205669],[18.034661,59.205624],[18.034622,59.205581],[18.034603,59.205561],[18.034606,59.205537],[18.0347,59.20545],[18.03474,59.205411],[18.034783,59.20534],[18.034819,59.205267],[18.034849,59.205196],[18.034851,59.205138],[18.034847,59.205048],[18.034851,59.204951],[18.034803,59.204871],[18.034729,59.204816],[18.034638,59.204763],[18.034518,59.204717],[18.034415,59.204686],[18.034362,59.204656],[18.034289,59.204605],[18.034206,59.20455],[18.034073,59.204456],[18.033984,59.204398],[18.033872,59.204323],[18.033679,59.204191],[18.033498,59.20407],[18.033215,59.203876],[18.033607,59.203613],[18.034205,59.203084],[18.034085,59.202985],[18.033563,59.202924],[18.03349,59.202873],[18.033077,59.202746],[18.032642,59.202549],[18.03233,59.202445],[18.032119,59.202297],[18.031752,59.201926],[18.031733,59.201847],[18.031773,59.201781],[18.031839,59.201713],[18.031915,59.201649],[18.032041,59.201577],[18.03215,59.201528],[18.032263,59.201478],[18.032315,59.201452],[18.032377,59.201421],[18.032398,59.201353],[18.032412,59.201301],[18.032426,59.201258],[18.032417,59.201214],[18.032367,59.201175],[18.032297,59.201134],[18.032276,59.2011],[18.032459,59.201029],[18.032766,59.200754],[18.033093,59.200605],[18.033377,59.200375],[18.03389,59.200093],[18.034834,59.1999],[18.035196,59.199977],[18.035754,59.199782],[18.036654,59.199684],[18.037153,59.199718],[18.037583,59.199901],[18.03787,59.200004],[18.038226,59.199992],[18.038473,59.199995],[18.038703,59.200021],[18.039076,59.200074],[18.039359,59.200169],[18.039666,59.200365],[18.039765,59.200498],[18.03979,59.200698],[18.039876,59.200819],[18.039942,59.200875],[18.039561,59.201209],[18.039382,59.201332],[18.039227,59.201523],[18.039058,59.201589],[18.038979,59.201655],[18.038856,59.201702],[18.038764,59.201736],[18.03858,59.201839],[18.038498,59.201928],[18.038397,59.202074],[18.038358,59.202134],[18.038246,59.202211],[18.038077,59.202327],[18.038001,59.202412],[18.037876,59.202598],[18.037878,59.202645],[18.03794,59.202747],[18.037958,59.202783],[18.037966,59.202808],[18.037944,59.202909],[18.037903,59.20296],[18.037905,59.20298],[18.037843,59.203126],[18.037839,59.203162],[18.03785,59.203279],[18.037848,59.203421],[18.037918,59.203833],[18.037957,59.203911],[18.038051,59.203982],[18.038154,59.204044],[18.038183,59.204066],[18.03815,59.20408],[18.038189,59.204099],[18.038202,59.20412],[18.038182,59.204175],[18.038115,59.204261],[18.038055,59.204331],[18.038044,59.204346]],"type":"LineString"},"id":"vandringsleder.1558","properties":{"andrad_datum":"2024-09-05T11:31:01.043","ansvarig":null,"namn":"Kvarnen runt","omrade":"Orlångens naturreservat","skapad_datum":null},"type":"Feature"}
 ,{"bbox":[18.158601,59.221404,18.172879,59.228807],"geometry":{"coordinates":[[18.158601,59.22853,0.0],[18.158731,59.22852,0.0],[18.158874,59.228524,0.0],[18.159054,59.228558,0.0],[18.159318,59.228623,0.0],[18.159641,59.228659,0.0],[18.160032,59.228679,0.0],[18.160372,59.228738,0.0],[18.160747,59.228786,0.0],[18.161027,59.228773,0.0],[18.161176,59.228756,0.0],[18.161372,59.228732,0.0],[18.161424,59.228725,0.0],[18.161513,59.228712,0.0],[18.161783,59.228651,0.0],[18.162055,59.22857,0.0],[18.162274,59.228468,0.0],[18.16231,59.228452,0.0],[18.162395,59.228414,0.0],[18.162652,59.228326,0.0],[18.162903,59.228202,0.0],[18.163116,59.228082,0.0],[18.163487,59.227951,0.0],[18.163807,59.227866,0.0],[18.164148,59.227816,0.0],[18.164387,59.227762,0.0],[18.164745,59.227705,0.0],[18.165043,59.22767,0.0],[18.165221,59.22761,0.0],[18.165292,59.227586,0.0],[18.16546,59.22754,0.0],[18.16559,59.227483,0.0],[18.165698,59.22745,0.0],[18.165749,59.227421,0.0],[18.165857,59.227365,0.0],[18.166093,59.22724,0.0],[18.166143,59.227213,0.0],[18.166169,59.227191,0.0],[18.166228,59.227172,0.0],[18.16634,59.227144,0.0],[18.166495,59.227125,0.0],[18.166661,59.227085,0.0],[18.166724,59.227069,0.0],[18.166801,59.227058,0.0],[18.16693,59.227029,0.0],[18.16702,59.227004,0.0],[18.167039,59.227,0.0],[18.167123,59.226983,0.0],[18.167221,59.226957,0.0],[18.167491,59.226921,0.0],[18.167689,59.226879,0.0],[18.167726,59.226875,0.0],[18.167779,59.226864,0.0],[18.16782,59.226854,0.0],[18.167949,59.226816,0.0],[18.168013,59.226743,0.0],[18.168047,59.226684,0.0],[18.168105,59.226595,0.0],[18.168137,59.226524,0.0],[18.168226,59.226436,0.0],[18.168306,59.226389,0.0],[18.16839,59.22635,0.0],[18.168535,59.226295,0.0],[18.168627,59.226267,0.0],[18.168777,59.226227,0.0],[18.168816,59.226219,0.0],[18.168856,59.226203,0.0],[18.168939,59.226152,0.0],[18.169035,59.226093,0.0],[18.169162,59.226049,0.0],[18.169234,59.226015,0.0],[18.169292,59.225982,0.0],[18.169451,59.225944,0.0],[18.169517,59.225869,0.0],[18.169539,59.22583,0.0],[18.169573,59.225762,0.0],[18.169586,59.225712,0.0],[18.169647,59.225625,0.0],[18.169651,59.225578,0.0],[18.169705,59.225549,0.0],[18.169668,59.225531,0.0],[18.169633,59.225495,0.0],[18.169636,59.225425,0.0],[18.169652,59.225378,0.0],[18.16963,59.225321,0.0],[18.169631,59.225236,0.0],[18.169635,59.225191,0.0],[18.169639,59.225161,0.0],[18.169613,59.225051,0.0],[18.169531,59.224991,0.0],[18.169425,59.224881,0.0],[18.169379,59.22479,0.0],[18.169299,59.224711,0.0],[18.169168,59.224621,0.0],[18.169151,59.22459,0.0],[18.169153,59.224521,0.0],[18.169189,59.22442,0.0],[18.169178,59.224334,0.0],[18.169204,59.224321,0.0],[18.169229,59.224303,0.0],[18.16924,59.224256,0.0],[18.169245,59.224239,0.0],[18.169244,59.224232,0.0],[18.169244,59.224231,0.0],[18.169271,59.224193,0.0],[18.169292,59.224161,0.0],[18.169332,59.224109,0.0],[18.169325,59.224076,0.0],[18.169294,59.224028,0.0],[18.169291,59.224023,0.0],[18.169295,59.224025,0.0],[18.169277,59.224002,0.0],[18.16926,59.223938,0.0],[18.169265,59.223875,0.0],[18.169286,59.223792,0.0],[18.169272,59.223659,0.0],[18.169256,59.223609,0.0],[18.169243,59.223533,0.0],[18.169236,59.223522,0.0],[18.169217,59.223466,0.0],[18.169218,59.22337,0.0],[18.169226,59.223302,0.0],[18.16918,59.22322,0.0],[18.169215,59.223168,0.0],[18.16922,59.223135,0.0],[18.169267,59.223065,0.0],[18.169294,59.22305,0.0],[18.169382,59.223036,0.0],[18.169424,59.223012,0.0],[18.169454,59.222997,0.0],[18.169524,59.222941,0.0],[18.169589,59.222894,0.0],[18.169651,59.222848,0.0],[18.169694,59.222843,0.0],[18.169764,59.222822,0.0],[18.169929,59.222771,0.0],[18.169976,59.222777,0.0],[18.170113,59.222786,0.0],[18.170296,59.222728,0.0],[18.170338,59.222698,0.0],[18.170357,59.222659,0.0],[18.170379,59.222631,0.0],[18.170432,59.222573,0.0],[18.170517,59.222552,0.0],[18.170645,59.222552,0.0],[18.170797,59.222565,0.0],[18.170832,59.222556,0.0],[18.170938,59.22252,0.0],[18.170958,59.22246,0.0],[18.170972,59.222387,0.0],[18.171015,59.222312,0.0],[18.171051,59.222272,0.0],[18.171007,59.222216,0.0],[18.170939,59.222158,0.0],[18.170908,59.222132,0.0],[18.170886,59.222044,0.0],[18.170902,59.221995,0.0],[18.170912,59.22197,0.0],[18.170912,59.221945,0.0],[18.170934,59.221871,0.0],[18.170959,59.221841,0.0],[18.170977,59.221791,0.0],[18.170999,59.221737,0.0],[18.171002,59.221688,0.0],[18.171062,59.221622,0.0],[18.17117,59.221557,0.0],[18.171313,59.221534,0.0],[18.171355,59.221485,0.0],[18.171416,59.221404,0.0],[18.171477,59.221406,0.0],[18.171599,59.221435,0.0],[18.171659,59.221465,0.0],[18.171751,59.221537,0.0],[18.171821,59.221587,0.0],[18.171854,59.221601,0.0],[18.17197,59.221648,0.0],[18.172043,59.221723,0.0],[18.172051,59.22176,0.0],[18.172032,59.221803,0.0],[18.172069,59.221874,0.0],[18.172081,59.22188,0.0],[18.172234,59.221942,0.0],[18.172334,59.221985,0.0],[18.172416,59.22199,0.0],[18.172418,59.22199,0.0],[18.172459,59.222021,0.0],[18.172493,59.222057,0.0],[18.17257,59.222097,0.0],[18.172591,59.222164,0.0],[18.172621,59.222226,0.0],[18.172637,59.222273,0.0],[18.172654,59.222327,0.0],[18.172669,59.222383,0.0],[18.172645,59.222410000000004,0.0],[18.172653,59.222452,0.0],[18.172686,59.222484,0.0],[18.172766,59.222548,0.0],[18.172879,59.222611,0.0],[18.172842,59.222688,0.0],[18.172831,59.222709,0.0],[18.172794,59.222792,0.0],[18.17278,59.222863,0.0],[18.172788,59.222886,0.0],[18.172851,59.222979,0.0],[18.172876,59.22301,0.0],[18.172864,59.223075,0.0],[18.172777,59.223151,0.0],[18.172738,59.223188,0.0],[18.172613,59.223275,0.0],[18.172514,59.223324,0.0],[18.172424,59.223376,0.0],[18.172379,59.223413,0.0],[18.172375,59.223423,0.0],[18.172382,59.223433,0.0],[18.172398,59.223499,0.0],[18.172394,59.223588,0.0],[18.172336,59.223679,0.0],[18.172306,59.22371,0.0],[18.172313,59.223732,0.0],[18.172304,59.223767,0.0],[18.172291,59.223838,0.0],[18.172248,59.223852,0.0],[18.172196,59.223892,0.0],[18.172075,59.223954,0.0],[18.171892,59.224042,0.0],[18.171842,59.224072,0.0],[18.17163,59.224109,0.0],[18.171549,59.224137,0.0],[18.171509,59.224151,0.0],[18.171372,59.224182,0.0],[18.171212,59.22421,0.0],[18.171091,59.224243,0.0],[18.171003,59.224268,0.0],[18.170984,59.224278,0.0],[18.170894,59.224321,0.0],[18.170857,59.224401,0.0],[18.170852,59.22441,0.0],[18.170835,59.224431,0.0],[18.170833,59.224487,0.0],[18.17084,59.224495,0.0],[18.170832,59.224552,0.0],[18.170794,59.224564,0.0],[18.170736,59.224603,0.0],[18.170675,59.224624,0.0],[18.170662,59.224627,0.0],[18.170636,59.224657,0.0],[18.170546,59.224729,0.0],[18.170484,59.224819,0.0],[18.170448,59.22486,0.0],[18.170404,59.224931,0.0],[18.170374,59.225026,0.0],[18.170322,59.225103,0.0],[18.170256,59.225142,0.0],[18.170215,59.225184,0.0],[18.170148,59.225262,0.0],[18.170135,59.225297,0.0],[18.170051,59.225372,0.0],[18.170072,59.22543,0.0],[18.170077,59.225518,0.0],[18.170101,59.225595,0.0],[18.170067,59.225694,0.0],[18.170014,59.225749,0.0],[18.169972,59.225815,0.0],[18.169932,59.22584,0.0],[18.169818,59.225901,0.0],[18.169756,59.225951,0.0],[18.169724,59.225965,0.0],[18.169583,59.225966,0.0],[18.169422,59.225969,0.0],[18.169338,59.225982,0.0],[18.169221,59.226036,0.0],[18.169042,59.226104,0.0],[18.168915,59.226183,0.0],[18.168895,59.226198,0.0],[18.168833,59.226227,0.0],[18.168776,59.226237,0.0],[18.168709,59.22625,0.0],[18.168571,59.226296,0.0],[18.16838,59.22637,0.0],[18.168255,59.226431,0.0],[18.168242,59.226444,0.0],[18.168165,59.226528,0.0],[18.168114,59.226628,0.0],[18.168065,59.22671,0.0],[18.168041,59.226765,0.0],[18.167974,59.226823,0.0],[18.167925,59.226842,0.0],[18.167767,59.226884,0.0],[18.16761,59.226924,0.0],[18.167494,59.226943,0.0],[18.16725,59.226973,0.0],[18.167109,59.227005,0.0],[18.166981,59.227039,0.0],[18.166897,59.227063,0.0],[18.166691,59.227101,0.0],[18.166496,59.227138,0.0],[18.166363,59.227155,0.0],[18.166249,59.227203,0.0],[18.166176,59.22723,0.0],[18.166069,59.2273,0.0],[18.165932,59.227372,0.0],[18.165896,59.227407,0.0],[18.165843,59.227422,0.0],[18.165785,59.227462,0.0],[18.165727,59.227476,0.0],[18.165551,59.227551,0.0],[18.165351,59.227615,0.0],[18.165285,59.227637,0.0],[18.165218,59.227651,0.0],[18.165173,59.227671,0.0],[18.165043,59.227704,0.0],[18.164969,59.227722,0.0],[18.164822,59.22772,0.0],[18.164674,59.227738,0.0],[18.164585,59.227762,0.0],[18.16441,59.227787,0.0],[18.16425,59.227818,0.0],[18.164128,59.227852,0.0],[18.163907,59.22788,0.0],[18.163724,59.227918,0.0],[18.163548,59.227961,0.0],[18.163412,59.227995,0.0],[18.163281,59.228056,0.0],[18.163157,59.228099,0.0],[18.163032,59.228163,0.0],[18.162842,59.228262,0.0],[18.162738,59.228314,0.0],[18.162703,59.228338,0.0],[18.162667,59.228351,0.0],[18.162535,59.228394,0.0],[18.162436,59.228428,0.0],[18.162327,59.228484,0.0],[18.162245,59.228515,0.0],[18.162151,59.228559,0.0],[18.16216,59.228572,0.0],[18.162021,59.228622,0.0],[18.161819,59.228688,0.0],[18.161652,59.228712,0.0],[18.161544,59.228746,0.0],[18.161439,59.228751,0.0],[18.161271,59.228768,0.0],[18.161147,59.228784,0.0],[18.161077,59.228788,0.0],[18.160932,59.228799,0.0],[18.160735,59.228807,0.0],[18.160591,59.228796,0.0],[18.160422,59.228777,0.0],[18.160341,59.228754,0.0],[18.160165,59.228737,0.0],[18.160077,59.228717,0.0],[18.160011,59.228702,0.0],[18.159811,59.228698,0.0],[18.159676,59.228688,0.0],[18.159598,59.228679,0.0],[18.159587,59.228679,0.0],[18.159502,59.228672,0.0],[18.159094,59.228598,0.0],[18.15898,59.228563,0.0],[18.158874,59.228545,0.0],[18.158672,59.228547,0.0],[18.158606,59.228553,0.0]],"type":"LineString"},"id":"vandringsleder.1559","properties":{"andrad_datum":"2023-06-26T13:59:18.337","ansvarig":null,"namn":"Sydslingan","omrade":"Trångsundsskogens naturreservat","skapad_datum":null},"type":"Feature"}
 ,{"bbox":[18.158607,59.227704,18.167215,59.233016],"geometry":{"coordinates":[[18.158607,59.22854,0.0],[18.158871,59.228534,0.0],[18.158964,59.228548,0.0],[18.159116,59.228587,0.0],[18.159297,59.228628,0.0],[18.159496,59.228658,0.0],[18.15964,59.228672,0.0],[18.159798,59.22868,0.0],[18.160002,59.228686,0.0],[18.160083,59.228696,0.0],[18.160168,59.228714,0.0],[18.160344,59.228739,0.0],[18.160376,59.228742,0.0],[18.160619,59.228778,0.0],[18.160682,59.228845,0.0],[18.160741,59.228881,0.0],[18.160842,59.228938,0.0],[18.160891,59.228976,0.0],[18.160917,59.229016,0.0],[18.160989,59.229069,0.0],[18.161052,59.229163,0.0],[18.161128,59.229244,0.0],[18.161236,59.229334,0.0],[18.16131,59.229376,0.0],[18.161356,59.229395,0.0],[18.161463,59.229432,0.0],[18.161624,59.229469,0.0],[18.161716,59.229518,0.0],[18.161817,59.229575,0.0],[18.161958,59.229654,0.0],[18.161982,59.229688,0.0],[18.161981,59.229735,0.0],[18.162005,59.229749,0.0],[18.162107,59.229823,0.0],[18.162171,59.229898,0.0],[18.162227,59.229971,0.0],[18.162254,59.230067,0.0],[18.162347,59.230131,0.0],[18.16253,59.230212,0.0],[18.162654,59.230304,0.0],[18.162758,59.230355,0.0],[18.162846,59.230419,0.0],[18.162904,59.230452,0.0],[18.162974,59.230508,0.0],[18.163031,59.230552,0.0],[18.163113,59.230574,0.0],[18.163234,59.230605,0.0],[18.163403,59.23066,0.0],[18.163419,59.230666,0.0],[18.16351,59.23073,0.0],[18.163536,59.230744,0.0],[18.163675,59.230818,0.0],[18.163718,59.230829,0.0],[18.163841,59.23087,0.0],[18.16389,59.230861,0.0],[18.164074,59.230832,0.0],[18.164185,59.230864,0.0],[18.164336,59.230936,0.0],[18.164346,59.230958,0.0],[18.164399,59.231034,0.0],[18.164408,59.231046,0.0],[18.164456,59.231105,0.0],[18.164463,59.231136,0.0],[18.164469,59.231171,0.0],[18.16446,59.231202,0.0],[18.164458,59.231222,0.0],[18.164469,59.231308,0.0],[18.1645,59.2314,0.0],[18.164513,59.231506,0.0],[18.164527,59.231573,0.0],[18.164517,59.231586,0.0],[18.164517,59.231592,0.0],[18.164524,59.231623,0.0],[18.16459,59.231733,0.0],[18.164628,59.231807,0.0],[18.164714,59.231922,0.0],[18.16479,59.231986,0.0],[18.164834,59.232019,0.0],[18.164872,59.232048,0.0],[18.164933,59.232107,0.0],[18.164942,59.232119,0.0],[18.164999,59.232189,0.0],[18.165022,59.232223,0.0],[18.165041,59.232256,0.0],[18.165113,59.232309,0.0],[18.165126,59.232344,0.0],[18.165148,59.23238,0.0],[18.165214,59.232418,0.0],[18.165229,59.232456,0.0],[18.165262,59.232482,0.0],[18.165274,59.23251,0.0],[18.165321,59.232516,0.0],[18.165411,59.232561,0.0],[18.165498,59.232592,0.0],[18.165627,59.232654,0.0],[18.165668,59.232673,0.0],[18.165681,59.232685,0.0],[18.165752,59.232712,0.0],[18.165793,59.232723,0.0],[18.165967,59.232771,0.0],[18.16601,59.232792,0.0],[18.166111,59.232834,0.0],[18.166219,59.232879,0.0],[18.166311,59.232912,0.0],[18.166395,59.232917,0.0],[18.16659,59.232936,0.0],[18.1667,59.232937,0.0],[18.166776,59.232965,0.0],[18.166816,59.232969,0.0],[18.166966,59.23299,0.0],[18.167053,59.233005,0.0],[18.167089,59.233016,0.0],[18.16717,59.232993,0.0],[18.167199,59.232956,0.0],[18.167215,59.232918,0.0],[18.167207,59.232854,0.0],[18.167195,59.232782,0.0],[18.167188,59.232719,0.0],[18.16719,59.232638,0.0],[18.167174,59.232564,0.0],[18.167172,59.232533,0.0],[18.167182,59.232484,0.0],[18.167177,59.232442,0.0],[18.167136,59.23236,0.0],[18.167109,59.2323,0.0],[18.1671,59.232267,0.0],[18.167053,59.232181,0.0],[18.167022,59.232164,0.0],[18.16694,59.232086,0.0],[18.166857,59.231995,0.0],[18.166803,59.231963,0.0],[18.166715,59.231919,0.0],[18.166602,59.231833,0.0],[18.166551,59.23173,0.0],[18.166559,59.231712,0.0],[18.166645,59.23163,0.0],[18.166676,59.231593,0.0],[18.166766,59.231544,0.0],[18.16681,59.231444,0.0],[18.166833,59.231417,0.0],[18.166841,59.231424,0.0],[18.166838,59.231449,0.0],[18.166859,59.231424,0.0],[18.166861,59.231412,0.0],[18.16692,59.231351,0.0],[18.166978,59.231285,0.0],[18.166992,59.231249,0.0],[18.16702,59.231181,0.0],[18.166999,59.231145,0.0],[18.166966,59.231107,0.0],[18.166919,59.231075,0.0],[18.166876,59.231025,0.0],[18.166878,59.23094,0.0],[18.166877,59.23093,0.0],[18.166856,59.230875,0.0],[18.166843,59.230764,0.0],[18.166827,59.230705,0.0],[18.16684,59.230643,0.0],[18.166807,59.230559,0.0],[18.166823,59.230522,0.0],[18.166811,59.230496,0.0],[18.166759,59.230434,0.0],[18.166637,59.230301,0.0],[18.166641,59.230286,0.0],[18.166648,59.230245,0.0],[18.166675,59.230145,0.0],[18.166704,59.230084,0.0],[18.166717,59.230007,0.0],[18.166717,59.229983,0.0],[18.166682,59.229933,0.0],[18.166679,59.229868,0.0],[18.166726,59.229765,0.0],[18.166724,59.229752,0.0],[18.166722,59.22972,0.0],[18.166648,59.229616,0.0],[18.166626,59.229565,0.0],[18.166602,59.229537,0.0],[18.166599,59.22954,0.0],[18.166613,59.229502,0.0],[18.166662,59.22947,0.0],[18.166638,59.229423,0.0],[18.166572,59.229346,0.0],[18.166539,59.229279,0.0],[18.166512,59.229276,0.0],[18.166504,59.229262,0.0],[18.166431,59.229217,0.0],[18.166378,59.229182,0.0],[18.166305,59.229113,0.0],[18.166226,59.229066,0.0],[18.166203,59.229037,0.0],[18.166161,59.229015,0.0],[18.16608,59.228979,0.0],[18.165943,59.22894,0.0],[18.165858,59.228845,0.0],[18.165758,59.228725,0.0],[18.165711,59.228638,0.0],[18.165694,59.228617,0.0],[18.165606,59.228555,0.0],[18.165496,59.228515,0.0],[18.16542,59.2285,0.0],[18.165344,59.228454,0.0],[18.165266,59.228361,0.0],[18.165257,59.22835,0.0],[18.16519,59.228243,0.0],[18.165169,59.228151,0.0],[18.165167,59.228087,0.0],[18.165196,59.227999,0.0],[18.165196,59.227902,0.0],[18.165083,59.22778,0.0],[18.165046,59.227727,0.0],[18.164976,59.227704,0.0],[18.164842,59.227707,0.0],[18.164698,59.227724,0.0],[18.164573,59.227746,0.0],[18.164397,59.227775,0.0],[18.164228,59.227809,0.0],[18.164098,59.227832,0.0],[18.163893,59.227851,0.0],[18.163701,59.227885,0.0],[18.16355,59.227936,0.0],[18.163412,59.227995,0.0],[18.163283,59.228043,0.0],[18.163157,59.228099,0.0],[18.163032,59.228163,0.0],[18.162835,59.228261,0.0],[18.162708,59.228343,0.0],[18.162625,59.228412,0.0],[18.162561,59.228438,0.0],[18.162532,59.228448,0.0],[18.162349,59.228517,0.0],[18.162175,59.228565,0.0],[18.16216,59.228572,0.0],[18.162021,59.228622,0.0],[18.161819,59.228688,0.0],[18.161652,59.228712,0.0],[18.161544,59.228746,0.0],[18.161439,59.228751,0.0],[18.161271,59.228768,0.0],[18.161147,59.228784,0.0],[18.161077,59.228788,0.0],[18.160932,59.228799,0.0],[18.160731,59.228795,0.0],[18.16062,59.228778,0.0]],"type":"LineString"},"id":"vandringsleder.1560","properties":{"andrad_datum":"2023-06-26T14:09:40.190","ansvarig":null,"namn":"Norrslingan","omrade":"Trångsundsskogens naturresrevat","skapad_datum":null},"type":"Feature"}
 ,{"bbox":[17.890515,59.242721,17.948925,59.267655],"geometry":{"coordinates":[[17.934611,59.257802,0.0],[17.934483,59.257791,0.0],[17.934467,59.257796,0.0],[17.934442,59.257803,0.0],[17.934388,59.257817,0.0],[17.9343,59.257865,0.0],[17.934291,59.257886,0.0],[17.934233,59.257917,0.0],[17.93422,59.257995,0.0],[17.934229,59.258015,0.0],[17.934271,59.258052,0.0],[17.934351,59.258104,0.0],[17.934393,59.258164,0.0],[17.934469,59.258233,0.0],[17.934531,59.258284,0.0],[17.934596,59.258382,0.0],[17.934626,59.258457,0.0],[17.93468,59.25852,0.0],[17.93476,59.258622,0.0],[17.934803,59.258706,0.0],[17.934819,59.258802,0.0],[17.934812,59.258883,0.0],[17.934741,59.258992,0.0],[17.934683,59.259124,0.0],[17.934695,59.259232,0.0],[17.934758,59.259326,0.0],[17.934773,59.259305,0.0],[17.934768,59.259302,0.0],[17.934777,59.259278,0.0],[17.934823,59.259331,0.0],[17.93482,59.259386,0.0],[17.934807,59.259482,0.0],[17.93477,59.259597,0.0],[17.934777,59.259613,0.0],[17.934788,59.25966,0.0],[17.93467,59.25967,0.0],[17.934518,59.259704,0.0],[17.934339,59.259721,0.0],[17.934157,59.259736,0.0],[17.934102,59.259744,0.0],[17.934071,59.259764,0.0],[17.933971,59.259785,0.0],[17.933864,59.259815,0.0],[17.933752,59.259834,0.0],[17.933612,59.259876,0.0],[17.933501,59.259933,0.0],[17.933492,59.259938,0.0],[17.933437,59.259955,0.0],[17.933274,59.259956,0.0],[17.933182,59.259915,0.0],[17.933096,59.259889,0.0],[17.932922,59.259851,0.0],[17.932839,59.25985,0.0],[17.932766,59.259861,0.0],[17.932748,59.259867,0.0],[17.932672,59.259901,0.0],[17.932628,59.259917,0.0],[17.93254,59.25993,0.0],[17.932358,59.259927,0.0],[17.932237,59.259945,0.0],[17.932144,59.259976,0.0],[17.932039,59.259971,0.0],[17.931857,59.259973,0.0],[17.93175,59.259982,0.0],[17.931636,59.259963,0.0],[17.931472,59.259975,0.0],[17.931268,59.2599,0.0],[17.931091,59.259853,0.0],[17.930995,59.259819,0.0],[17.930852,59.259783,0.0],[17.9308,59.259769,0.0],[17.930668,59.259705,0.0],[17.930628,59.259679,0.0],[17.930588,59.259643,0.0],[17.930531,59.25957,0.0],[17.930414,59.259516,0.0],[17.930373,59.259509,0.0],[17.930182,59.259461,0.0],[17.930139,59.259461,0.0],[17.929995,59.259409,0.0],[17.929876,59.25937,0.0],[17.929807,59.259344,0.0],[17.929671,59.259287,0.0],[17.9296,59.259278,0.0],[17.929424,59.259248,0.0],[17.929307,59.259219,0.0],[17.929188,59.259197,0.0],[17.929129,59.259187,0.0],[17.929075,59.259179,0.0],[17.928997,59.259156,0.0],[17.928918,59.259097,0.0],[17.928875,59.259052,0.0],[17.928722,59.259018,0.0],[17.928665,59.259017,0.0],[17.928529,59.258979,0.0],[17.928464,59.258939,0.0],[17.928434,59.25889,0.0],[17.928438,59.258836,0.0],[17.928457,59.258784,0.0],[17.928442,59.258719,0.0],[17.928359,59.258643,0.0],[17.928247,59.258553,0.0],[17.928191,59.258525,0.0],[17.928172,59.258499,0.0],[17.928104,59.258416,0.0],[17.928041,59.258309,0.0],[17.927981,59.258222,0.0],[17.927954,59.258122,0.0],[17.927904,59.258041,0.0],[17.927895,59.257999,0.0],[17.927839,59.257918,0.0],[17.927781,59.257836,0.0],[17.927762,59.257819,0.0],[17.927721,59.257785,0.0],[17.927709,59.257787,0.0],[17.927671,59.25779,0.0],[17.927654,59.25779,0.0],[17.927638,59.257798,0.0],[17.927543,59.257841,0.0],[17.92752,59.257853,0.0],[17.927453,59.257892,0.0],[17.927292,59.257916,0.0],[17.927203,59.257936,0.0],[17.927105,59.257916,0.0],[17.927001,59.257911,0.0],[17.926839,59.257899,0.0],[17.926677,59.257886,0.0],[17.926541,59.257891,0.0],[17.926388,59.257882,0.0],[17.926188,59.257846,0.0],[17.92605,59.257789,0.0],[17.925908,59.257737,0.0],[17.92583,59.257702,0.0],[17.925754,59.257615,0.0],[17.925691,59.257576,0.0],[17.925543,59.257531,0.0],[17.925439,59.257492,0.0],[17.925411,59.257489,0.0],[17.925402,59.257481,0.0],[17.925247,59.257461,0.0],[17.92511,59.257441,0.0],[17.925012,59.257456,0.0],[17.924908,59.25745,0.0],[17.924869,59.257439,0.0],[17.924719,59.257436,0.0],[17.92461,59.257434,0.0],[17.924451,59.257429,0.0],[17.924371,59.257443,0.0],[17.924234,59.257499,0.0],[17.9242,59.25751,0.0],[17.924137,59.257568,0.0],[17.924024,59.257589,0.0],[17.923994,59.2576,0.0],[17.923889,59.257636,0.0],[17.923809,59.257652,0.0],[17.923731,59.257666,0.0],[17.923589,59.25773,0.0],[17.923488,59.257757,0.0],[17.92335,59.257775,0.0],[17.923277,59.257798,0.0],[17.923252,59.257838,0.0],[17.923162,59.257902,0.0],[17.923117,59.257929,0.0],[17.923018,59.257991,0.0],[17.922991,59.258024,0.0],[17.922875,59.25809,0.0],[17.922787,59.258143,0.0],[17.922736,59.258166,0.0],[17.922661,59.258187,0.0],[17.922596,59.258203,0.0],[17.922421,59.258211,0.0],[17.922177,59.258227,0.0],[17.922126,59.258239,0.0],[17.922012,59.258252,0.0],[17.921859,59.258263,0.0],[17.921724,59.25828,0.0],[17.921584,59.258285,0.0],[17.921397,59.25831,0.0],[17.921177,59.258331,0.0],[17.92108,59.258326,0.0],[17.920933,59.258343,0.0],[17.920841,59.258376,0.0],[17.920649,59.258412,0.0],[17.920473,59.25848,0.0],[17.920439,59.258485,0.0],[17.920296,59.258517,0.0],[17.920226,59.258574,0.0],[17.920164,59.25865,0.0],[17.920065,59.258708,0.0],[17.920056,59.258712,0.0],[17.919957,59.258767,0.0],[17.91992,59.258782,0.0],[17.919812,59.258839,0.0],[17.919789,59.25885,0.0],[17.919748,59.258902,0.0],[17.919686,59.258936,0.0],[17.919647,59.258946,0.0],[17.91954,59.258955,0.0],[17.919468,59.258978,0.0],[17.919378,59.258981,0.0],[17.919261,59.259009,0.0],[17.919153,59.259027,0.0],[17.919001,59.259024,0.0],[17.918864,59.259041,0.0],[17.918759,59.259033,0.0],[17.918706,59.259042,0.0],[17.918627999999998,59.259055,0.0],[17.91861,59.259058,0.0],[17.918473,59.259102,0.0],[17.918402,59.259134,0.0],[17.918332,59.259174,0.0],[17.91828,59.259207,0.0],[17.918196,59.259305,0.0],[17.91808,59.259366,0.0],[17.917955,59.259389,0.0],[17.91775,59.259387,0.0],[17.917659,59.259382,0.0],[17.917534,59.259334,0.0],[17.91745,59.259288,0.0],[17.91743,59.25927,0.0],[17.917399,59.259244,0.0],[17.91733,59.259213,0.0],[17.917294,59.259173,0.0],[17.917265,59.259135,0.0],[17.91726,59.259129,0.0],[17.917237,59.259111,0.0],[17.917183,59.259033,0.0],[17.917182,59.25895,0.0],[17.917181,59.258886,0.0],[17.917098,59.258833,0.0],[17.916953,59.258808,0.0],[17.916901,59.25879,0.0],[17.916817,59.258753,0.0],[17.916667,59.258697,0.0],[17.916602,59.258694,0.0],[17.916458,59.25865,0.0],[17.916371,59.258618,0.0],[17.916355,59.258606,0.0],[17.916211,59.258492,0.0],[17.916035,59.258387,0.0],[17.915966,59.258315,0.0],[17.915956,59.258302,0.0],[17.915886,59.258237,0.0],[17.915831,59.258187,0.0],[17.915736,59.258109,0.0],[17.915571,59.258078,0.0],[17.915526,59.258084,0.0],[17.915374,59.258104,0.0],[17.915217,59.25809,0.0],[17.915024,59.258077,0.0],[17.914794,59.25809,0.0],[17.914641,59.258118,0.0],[17.914436,59.25817,0.0],[17.914349,59.258191,0.0],[17.914192,59.258218,0.0],[17.913994,59.258233,0.0],[17.913852,59.258245,0.0],[17.913622,59.258251,0.0],[17.91357,59.258252,0.0],[17.913336,59.258238,0.0],[17.913293,59.258256,0.0],[17.913121,59.258279,0.0],[17.913065,59.258277,0.0],[17.912983,59.258283,0.0],[17.912734,59.258323,0.0],[17.912616,59.258352,0.0],[17.912582,59.258359,0.0],[17.912464,59.258413,0.0],[17.912392,59.258502,0.0],[17.912237,59.258605,0.0],[17.912143,59.258696,0.0],[17.91202,59.258787,0.0],[17.912043,59.258862,0.0],[17.912046,59.258882,0.0],[17.912024,59.25894,0.0],[17.912065,59.258986,0.0],[17.912103,59.259095,0.0],[17.912163,59.259154,0.0],[17.912156,59.259218,0.0],[17.912174,59.259292,0.0],[17.912196,59.259332,0.0],[17.91221,59.259421,0.0],[17.912246,59.259489,0.0],[17.912223,59.259529,0.0],[17.912132,59.259527,0.0],[17.912078,59.259552,0.0],[17.912061,59.259614,0.0],[17.912015,59.259681,0.0],[17.911903,59.259737,0.0],[17.911783,59.259799,0.0],[17.911804,59.259815,0.0],[17.911696,59.259819,0.0],[17.911591,59.259821,0.0],[17.911388,59.259816,0.0],[17.911224,59.259812,0.0],[17.911174,59.259806,0.0],[17.910984,59.259742,0.0],[17.910871,59.259676,0.0],[17.910679,59.259621,0.0],[17.910531,59.259577,0.0],[17.910368,59.259533,0.0],[17.910214,59.259493,0.0],[17.910109,59.259468,0.0],[17.909881,59.259462,0.0],[17.909748,59.259489,0.0],[17.909531,59.259449,0.0],[17.909383,59.259416,0.0],[17.909275,59.259382,0.0],[17.909114,59.259334,0.0],[17.909,59.259271,0.0],[17.908894,59.259235,0.0],[17.908646,59.259151,0.0],[17.908444,59.25909,0.0],[17.908306,59.259044,0.0],[17.908144,59.25901,0.0],[17.908006,59.258995,0.0],[17.907756,59.258958,0.0],[17.907596,59.25895,0.0],[17.907441,59.258874,0.0],[17.907371,59.258791,0.0],[17.907131,59.258704,0.0],[17.907031,59.258698,0.0],[17.906854,59.25871,0.0],[17.906686,59.258741,0.0],[17.906554,59.258768,0.0],[17.906354,59.258769,0.0],[17.906245,59.258767,0.0],[17.906162,59.2588,0.0],[17.90609,59.258824,0.0],[17.905951,59.258824,0.0],[17.905809,59.258827,0.0],[17.905705,59.258816,0.0],[17.905677,59.258808,0.0],[17.905504,59.258824,0.0],[17.90539,59.258797,0.0],[17.905204,59.258783,0.0],[17.905048,59.25879,0.0],[17.904949,59.258767,0.0],[17.904905,59.258734,0.0],[17.90488,59.258727,0.0],[17.904858,59.258727,0.0],[17.904837,59.258719,0.0],[17.904823,59.25868,0.0],[17.904813,59.258611,0.0],[17.904761,59.258544,0.0],[17.904711,59.258482,0.0],[17.904688,59.258372,0.0],[17.904639,59.258299,0.0],[17.904585,59.258239,0.0],[17.904523,59.258123,0.0],[17.904449,59.258009,0.0],[17.904435,59.25798,0.0],[17.904394,59.25791,0.0],[17.904321,59.257792,0.0],[17.904289,59.257756,0.0],[17.904265,59.257678,0.0],[17.904258,59.257636,0.0],[17.904247,59.257604,0.0],[17.904253,59.257527,0.0],[17.904241,59.257451,0.0],[17.904228,59.257362,0.0],[17.90423,59.257336,0.0],[17.904269,59.257248,0.0],[17.904379,59.257169,0.0],[17.904382,59.257157,0.0],[17.904419,59.257122,0.0],[17.904464,59.25703,0.0],[17.904484,59.257024,0.0],[17.904612,59.256932,0.0],[17.904645,59.25689,0.0],[17.904682,59.256876,0.0],[17.904802,59.256876,0.0],[17.904995,59.256883,0.0],[17.905141,59.256861,0.0],[17.90522,59.256845,0.0],[17.905315,59.256831,0.0],[17.905405,59.256852,0.0],[17.905492,59.256883,0.0],[17.905607,59.256957,0.0],[17.90565,59.256962,0.0],[17.905812,59.256942,0.0],[17.905885,59.256906,0.0],[17.905921,59.256889,0.0],[17.906039,59.256832,0.0],[17.906088,59.256812,0.0],[17.906185,59.256712,0.0],[17.906269,59.256638,0.0],[17.90629,59.256621,0.0],[17.906322,59.256599,0.0],[17.906382,59.256562,0.0],[17.906497,59.256517,0.0],[17.906532,59.256444,0.0],[17.906516,59.256352,0.0],[17.90653,59.256284,0.0],[17.90651,59.256258,0.0],[17.906488,59.256178,0.0],[17.906485,59.256087,0.0],[17.906462,59.256024,0.0],[17.906304,59.255931,0.0],[17.906268,59.255916,0.0],[17.906122,59.25587,0.0],[17.906009,59.25582,0.0],[17.905894,59.255735,0.0],[17.905817,59.255672,0.0],[17.905841,59.255589,0.0],[17.905871,59.255546,0.0],[17.905864,59.255452,0.0],[17.905885,59.255401,0.0],[17.905897,59.255393,0.0],[17.905833,59.255373,0.0],[17.905744,59.255302,0.0],[17.905726,59.255319,0.0],[17.905666,59.255334,0.0],[17.905538,59.255267,0.0],[17.905488,59.255259,0.0],[17.905392,59.255214,0.0],[17.905351,59.25523,0.0],[17.90524,59.25523,0.0],[17.905141,59.255197,0.0],[17.90512,59.255189,0.0],[17.904976,59.255114,0.0],[17.904903,59.255109,0.0],[17.904792,59.255032,0.0],[17.904773,59.254976,0.0],[17.904761,59.254919,0.0],[17.904798,59.254865,0.0],[17.904796,59.254829,0.0],[17.904818,59.254772,0.0],[17.904799,59.254743,0.0],[17.904817,59.254718,0.0],[17.904821,59.254676,0.0],[17.904842,59.254665,0.0],[17.904855,59.254619,0.0],[17.904874,59.254603,0.0],[17.904881,59.254579,0.0],[17.904889,59.254533,0.0],[17.904893,59.254493,0.0],[17.904885,59.254434,0.0],[17.904875,59.254436,0.0],[17.904754,59.254439,0.0],[17.904604,59.254426,0.0],[17.904549,59.254424,0.0],[17.904405,59.254398,0.0],[17.90428,59.254376,0.0],[17.904222,59.254352,0.0],[17.904175,59.254311,0.0],[17.90413,59.254261,0.0],[17.904119,59.254258,0.0],[17.904091,59.254241,0.0],[17.904037,59.254226,0.0],[17.904012,59.254216,0.0],[17.903921,59.254187,0.0],[17.903911,59.254186,0.0],[17.903781,59.254185,0.0],[17.903772,59.254185,0.0],[17.903647,59.254166,0.0],[17.903637,59.254169,0.0],[17.903561,59.254168,0.0],[17.903478,59.254152,0.0],[17.903444,59.254162,0.0],[17.903285,59.254186,0.0],[17.903231,59.254164,0.0],[17.903117,59.254202,0.0],[17.903113,59.254199,0.0],[17.902925,59.254202,0.0],[17.902828,59.254239,0.0],[17.902716,59.254250999999996,0.0],[17.902595,59.254317,0.0],[17.902361,59.254285,0.0],[17.902324,59.254285,0.0],[17.902278,59.254286,0.0],[17.902173,59.25426,0.0],[17.90205,59.25422,0.0],[17.901978,59.254203,0.0],[17.901848,59.254138,0.0],[17.901729,59.254103,0.0],[17.90171,59.254095,0.0],[17.901642,59.254062,0.0],[17.901635,59.254055,0.0],[17.901596,59.254022,0.0],[17.901585,59.254006,0.0],[17.901549,59.253929,0.0],[17.901552,59.253926,0.0],[17.901555,59.253898,0.0],[17.901549,59.25383,0.0],[17.901535,59.253818,0.0],[17.901523,59.253794,0.0],[17.901446,59.253695,0.0],[17.90145,59.253656,0.0],[17.901491,59.253573,0.0],[17.901538,59.253522,0.0],[17.901539,59.253514,0.0],[17.901534,59.253508,0.0],[17.901547,59.253511,0.0],[17.901545,59.253506,0.0],[17.90157,59.253441,0.0],[17.901579,59.253432,0.0],[17.901615,59.253352,0.0],[17.901612,59.253266,0.0],[17.901588,59.253242,0.0],[17.901514,59.253203,0.0],[17.901381,59.253152,0.0],[17.901361,59.253144,0.0],[17.901292,59.253114,0.0],[17.901223,59.25308,0.0],[17.901087,59.253019,0.0],[17.901037,59.252992,0.0],[17.900986,59.252975,0.0],[17.900844,59.25293,0.0],[17.900771,59.252955,0.0],[17.900702,59.252963,0.0],[17.900631,59.252977,0.0],[17.900591,59.252988,0.0],[17.900587,59.252989,0.0],[17.900566,59.252983,0.0],[17.90054,59.252949,0.0],[17.90045,59.252865,0.0],[17.900412,59.252835,0.0],[17.900326,59.252744,0.0],[17.900286,59.252712,0.0],[17.900204,59.252654,0.0],[17.900137,59.252608,0.0],[17.900088,59.2526,0.0],[17.900062,59.252594,0.0],[17.899956,59.252553,0.0],[17.899894,59.252513,0.0],[17.899791,59.252488,0.0],[17.899748,59.252476,0.0],[17.899603,59.25246,0.0],[17.899389,59.252436,0.0],[17.899359,59.252449,0.0],[17.899284,59.252414,0.0],[17.899148,59.252389,0.0],[17.899056,59.252367,0.0],[17.898979,59.252369,0.0],[17.898919,59.252352,0.0],[17.898777,59.252367,0.0],[17.898632,59.252372,0.0],[17.898562,59.252372,0.0],[17.898414,59.252332,0.0],[17.898365,59.25232,0.0],[17.898309,59.252338,0.0],[17.898036,59.252281,0.0],[17.898004,59.252287,0.0],[17.897869,59.252278,0.0],[17.897715,59.252292,0.0],[17.897538,59.252307,0.0],[17.897492,59.252299,0.0],[17.897285,59.252262,0.0],[17.897215,59.252259,0.0],[17.896992,59.252234,0.0],[17.896969,59.252221,0.0],[17.89684,59.252199,0.0],[17.896619,59.252182,0.0],[17.89658,59.252171,0.0],[17.89655,59.252145,0.0],[17.896512,59.252131,0.0],[17.896456,59.252101,0.0],[17.896429,59.252076,0.0],[17.896434,59.252021,0.0],[17.896446,59.251957,0.0],[17.896455,59.251944,0.0],[17.896512,59.25187,0.0],[17.896537,59.251849,0.0],[17.896614,59.251801,0.0],[17.896644,59.251796,0.0],[17.896671,59.251778,0.0],[17.896688,59.251671,0.0],[17.896682,59.251633,0.0],[17.896686,59.251618,0.0],[17.896696,59.251593,0.0],[17.896727,59.251514,0.0],[17.896726,59.251511,0.0],[17.896608,59.251453,0.0],[17.896555,59.251449,0.0],[17.896435,59.251369,0.0],[17.896418,59.25137,0.0],[17.896272,59.251294,0.0],[17.896183,59.251262,0.0],[17.896071,59.251244,0.0],[17.895863,59.251233,0.0],[17.895687,59.251255,0.0],[17.895591,59.251251,0.0],[17.895504,59.251243,0.0],[17.895338,59.251208,0.0],[17.895285,59.251192,0.0],[17.895123,59.251176,0.0],[17.894974,59.251176,0.0],[17.894882,59.251161,0.0],[17.894845,59.251146,0.0],[17.89475,59.251131,0.0],[17.894706,59.251131,0.0],[17.894623,59.251098,0.0],[17.894507,59.251053,0.0],[17.894393,59.251017,0.0],[17.8943,59.250976,0.0],[17.894213,59.250952,0.0],[17.894165,59.250958,0.0],[17.894089,59.25092,0.0],[17.893997,59.250893,0.0],[17.893874,59.250825,0.0],[17.893813,59.2508,0.0],[17.893781,59.250789,0.0],[17.89374,59.250768,0.0],[17.893676,59.250754,0.0],[17.893567,59.25073,0.0],[17.893496,59.250711,0.0],[17.893439,59.250674,0.0],[17.893422,59.250661,0.0],[17.893396,59.250628,0.0],[17.893358,59.250594,0.0],[17.893301,59.250543,0.0],[17.89319,59.250492,0.0],[17.893105,59.250456,0.0],[17.893076,59.25044,0.0],[17.89303,59.250423,0.0],[17.892873,59.250373,0.0],[17.892812,59.250341,0.0],[17.892772,59.250332,0.0],[17.892719,59.250297,0.0],[17.892626,59.250247,0.0],[17.89254,59.25023,0.0],[17.892457,59.250217,0.0],[17.892395,59.250204,0.0],[17.89225,59.25017,0.0],[17.892188,59.250162,0.0],[17.892066,59.250165,0.0],[17.892012,59.250141,0.0],[17.891912,59.250124,0.0],[17.89179,59.250112,0.0],[17.891605,59.250086,0.0],[17.891591,59.250087,0.0],[17.891429,59.250103,0.0],[17.891417,59.250105,0.0],[17.89134,59.250085,0.0],[17.891215,59.250044,0.0],[17.891091,59.250008,0.0],[17.890976,59.249998,0.0],[17.890878,59.249982,0.0],[17.890871,59.249978,0.0],[17.89075,59.249914,0.0],[17.890746,59.249915,0.0],[17.89063,59.249888,0.0],[17.890612,59.249889,0.0],[17.890529,59.249872,0.0],[17.890515,59.249849,0.0],[17.890531,59.249841,0.0],[17.89056,59.249772,0.0],[17.890577,59.249749,0.0],[17.890633,59.249703,0.0],[17.890724,59.249637,0.0],[17.890743,59.249606,0.0],[17.890784,59.249577,0.0],[17.890846,59.249523,0.0],[17.890851,59.24952,0.0],[17.890934,59.249498,0.0],[17.891074,59.249417,0.0],[17.891162,59.24929,0.0],[17.891172,59.249285,0.0],[17.891192,59.24928,0.0],[17.891197,59.24928,0.0],[17.891202,59.249279,0.0],[17.891219,59.249231,0.0],[17.891179,59.249174,0.0],[17.891269,59.249102,0.0],[17.89128,59.249089,0.0],[17.891339,59.24903,0.0],[17.89138,59.249002,0.0],[17.891405,59.24899,0.0],[17.891452,59.248971,0.0],[17.891529,59.248935,0.0],[17.891542,59.248915,0.0],[17.89168,59.248887,0.0],[17.891715,59.248876,0.0],[17.891772,59.248743,0.0],[17.891856,59.248675,0.0],[17.891913,59.248643,0.0],[17.891959,59.248538,0.0],[17.892018,59.248499,0.0],[17.892027,59.248496,0.0],[17.892095,59.248391,0.0],[17.89219,59.24837,0.0],[17.89226,59.248306,0.0],[17.892382,59.248242,0.0],[17.89248,59.248206,0.0],[17.892466,59.248182,0.0],[17.892499,59.24813,0.0],[17.892546,59.248095,0.0],[17.89269,59.248053,0.0],[17.892715,59.248046,0.0],[17.892754,59.248014,0.0],[17.892847,59.247991,0.0],[17.892858,59.247989,0.0],[17.893002,59.247934,0.0],[17.893047,59.247924,0.0],[17.893163,59.247903,0.0],[17.893227,59.247849,0.0],[17.893348,59.247851,0.0],[17.893542,59.247854,0.0],[17.893663,59.247827,0.0],[17.893846,59.247787,0.0],[17.893884,59.247769,0.0],[17.893903,59.247767,0.0],[17.894078,59.247759,0.0],[17.894236,59.247743,0.0],[17.894283,59.247735,0.0],[17.894319,59.24772,0.0],[17.894357,59.247691,0.0],[17.894422,59.247621,0.0],[17.89449,59.247536,0.0],[17.89452,59.247509,0.0],[17.894645,59.247448,0.0],[17.894713,59.247416,0.0],[17.894752,59.247404,0.0],[17.894862,59.247372,0.0],[17.894915,59.247332,0.0],[17.894929,59.247254,0.0],[17.894936,59.247159,0.0],[17.894936,59.24714,0.0],[17.894875,59.247072,0.0],[17.894855,59.247036,0.0],[17.894781,59.246976,0.0],[17.894746,59.246943,0.0],[17.894695,59.246896,0.0],[17.894637,59.246834,0.0],[17.894629,59.24683,0.0],[17.894559,59.246793,0.0],[17.894501,59.246741,0.0],[17.89447,59.246712,0.0],[17.894453,59.246677,0.0],[17.894419,59.246592,0.0],[17.894396,59.246545,0.0],[17.89434,59.2465,0.0],[17.894237,59.246436,0.0],[17.894231,59.246433,0.0],[17.894212,59.24641,0.0],[17.894148,59.246352,0.0],[17.894074,59.246295,0.0],[17.894009,59.246221,0.0],[17.893936,59.246184,0.0],[17.893915,59.246178,0.0],[17.893839,59.246165,0.0],[17.893744,59.246122,0.0],[17.893662,59.246096,0.0],[17.893517,59.246015,0.0],[17.893428,59.245979,0.0],[17.89337,59.245952,0.0],[17.893363,59.245944,0.0],[17.893367,59.245932,0.0],[17.893386,59.245906,0.0],[17.893507,59.245857,0.0],[17.893637,59.245796,0.0],[17.893747,59.245785,0.0],[17.893828,59.245749000000004,0.0],[17.893963,59.24573,0.0],[17.894041,59.245737,0.0],[17.894189,59.245756,0.0],[17.894237,59.24577,0.0],[17.894404,59.245719,0.0],[17.894491,59.245745,0.0],[17.894656,59.245783,0.0],[17.894764,59.24575,0.0],[17.894842,59.245736,0.0],[17.894912,59.24573,0.0],[17.895008,59.245689,0.0],[17.895179,59.245663,0.0],[17.895254,59.245639,0.0],[17.895291,59.245632,0.0],[17.895312,59.245634,0.0],[17.895524,59.245648,0.0],[17.89562,59.245643,0.0],[17.895714,59.245635,0.0],[17.895858,59.24563,0.0],[17.895987,59.245656,0.0],[17.896002,59.245636,0.0],[17.896161,59.2456,0.0],[17.896246,59.24561,0.0],[17.896284,59.245648,0.0],[17.896335,59.245657,0.0],[17.896416,59.245693,0.0],[17.896413,59.245748,0.0],[17.896427,59.245816,0.0],[17.896513,59.245897,0.0],[17.89656,59.245967,0.0],[17.89655,59.246031,0.0],[17.896603,59.246138,0.0],[17.896695,59.24623,0.0],[17.896808,59.246278,0.0],[17.896862,59.246299,0.0],[17.89688,59.246316,0.0],[17.896908,59.246326,0.0],[17.897008,59.246371,0.0],[17.897042,59.246415,0.0],[17.897179,59.246485,0.0],[17.897337,59.246543,0.0],[17.89737,59.246543,0.0],[17.897498,59.246544,0.0],[17.897567,59.246554,0.0],[17.897604,59.246588,0.0],[17.897628,59.246615,0.0],[17.897698,59.246674,0.0],[17.897801,59.24673,0.0],[17.897998,59.246761,0.0],[17.898049,59.246744,0.0],[17.898111,59.246735,0.0],[17.898269,59.246719,0.0],[17.898388,59.246707,0.0],[17.898457,59.246689,0.0],[17.898667,59.246667,0.0],[17.898738,59.246673,0.0],[17.898832,59.246642,0.0],[17.89885,59.246636,0.0],[17.89896,59.246618,0.0],[17.899077,59.246587,0.0],[17.899178,59.246584,0.0],[17.899323,59.246547,0.0],[17.899435,59.246531,0.0],[17.899478,59.246527,0.0],[17.899565,59.246508,0.0],[17.899697,59.246491,0.0],[17.899812,59.246499,0.0],[17.899989,59.246539,0.0],[17.900009,59.246535,0.0],[17.900087,59.246578,0.0],[17.900176,59.246601,0.0],[17.900361,59.246632,0.0],[17.900405,59.246652,0.0],[17.900421,59.246687,0.0],[17.90043,59.246704,0.0],[17.900534,59.246716,0.0],[17.900522,59.246707,0.0],[17.900584,59.246719,0.0],[17.900768,59.246716,0.0],[17.90084,59.24674,0.0],[17.900846,59.246747,0.0],[17.900921,59.246751,0.0],[17.901021,59.246726,0.0],[17.901021,59.246713,0.0],[17.901098,59.246678,0.0],[17.901133,59.246634,0.0],[17.901166,59.246614,0.0],[17.901231,59.246582,0.0],[17.901264,59.246548,0.0],[17.901257,59.246481,0.0],[17.901221,59.246421,0.0],[17.901179,59.246339,0.0],[17.901134,59.246318,0.0],[17.901136,59.246297,0.0],[17.901068,59.246226,0.0],[17.901037,59.246147,0.0],[17.901004,59.246105,0.0],[17.900991,59.246081,0.0],[17.900985,59.246016,0.0],[17.900954,59.245923,0.0],[17.900944,59.245894,0.0],[17.900934,59.24587,0.0],[17.90093,59.245863,0.0],[17.900851,59.245826,0.0],[17.900834,59.245818,0.0],[17.900753,59.245785,0.0],[17.900706,59.245711,0.0],[17.900606,59.245649,0.0],[17.900525,59.245643,0.0],[17.90041,59.245645,0.0],[17.900258,59.245691,0.0],[17.900214,59.245667,0.0],[17.900113,59.245625,0.0],[17.900083,59.245628,0.0],[17.899974,59.245584,0.0],[17.899956,59.24558,0.0],[17.89985,59.245564,0.0],[17.899753,59.245542,0.0],[17.89969,59.245529,0.0],[17.89955,59.245499,0.0],[17.899419,59.245482,0.0],[17.89936,59.245476,0.0],[17.899295,59.245449,0.0],[17.899218,59.245408,0.0],[17.899176,59.245411,0.0],[17.89919,59.245381,0.0],[17.899277,59.245326,0.0],[17.899273,59.245309,0.0],[17.899338,59.245245,0.0],[17.899355,59.245212,0.0],[17.899414,59.245152,0.0],[17.899555,59.245079,0.0],[17.899577,59.245046,0.0],[17.899726,59.245057,0.0],[17.899758,59.245055,0.0],[17.899908,59.245031,0.0],[17.899972,59.244981,0.0],[17.900163,59.244979,0.0],[17.900276,59.244933,0.0],[17.900474,59.244898,0.0],[17.900573,59.244859,0.0],[17.900709,59.244822,0.0],[17.900778,59.244809,0.0],[17.900793,59.244784,0.0],[17.900825,59.244781,0.0],[17.900965,59.244759,0.0],[17.901086,59.244746,0.0],[17.90116,59.244682,0.0],[17.901255,59.244671,0.0],[17.901283,59.244678,0.0],[17.901326,59.244669,0.0],[17.901363,59.244657,0.0],[17.901388,59.244636,0.0],[17.901428,59.244652,0.0],[17.901551,59.244629,0.0],[17.901546,59.244638,0.0],[17.901558,59.244617,0.0],[17.901692,59.244511,0.0],[17.901683,59.244506,0.0],[17.901716,59.2445,0.0],[17.901886,59.244419,0.0],[17.902015,59.244426,0.0],[17.902099,59.244418,0.0],[17.902309,59.244396,0.0],[17.902414,59.244389,0.0],[17.90245,59.244384,0.0],[17.902454,59.244344,0.0],[17.902483,59.244343,0.0],[17.902544,59.244268,0.0],[17.902549,59.244212,0.0],[17.90251,59.244185,0.0],[17.902602,59.244127,0.0],[17.902593,59.244128,0.0],[17.90258,59.244072,0.0],[17.902674,59.243961,0.0],[17.902722,59.243915,0.0],[17.90274,59.243894,0.0],[17.902824,59.243858,0.0],[17.902847,59.243848,0.0],[17.902815,59.243785,0.0],[17.902916,59.243738,0.0],[17.90298,59.243714,0.0],[17.903081,59.243701,0.0],[17.903093,59.243695,0.0],[17.903249,59.243687,0.0],[17.903436,59.243663,0.0],[17.903497,59.243686,0.0],[17.903536,59.243713,0.0],[17.90368,59.243711,0.0],[17.903675,59.243713,0.0],[17.903776,59.243711,0.0],[17.903807,59.243704,0.0],[17.90393,59.243659,0.0],[17.904059,59.24362,0.0],[17.90412,59.243599,0.0],[17.904124,59.24361,0.0],[17.904187,59.243616,0.0],[17.904373,59.243597,0.0],[17.904399,59.243634,0.0],[17.904538,59.243661,0.0],[17.904613,59.243666,0.0],[17.904645,59.243674,0.0],[17.904679,59.243687,0.0],[17.904865,59.243734,0.0],[17.90506,59.243727,0.0],[17.905161,59.243748,0.0],[17.905198,59.24379,0.0],[17.905296,59.243846,0.0],[17.905321,59.24386,0.0],[17.905438,59.243905,0.0],[17.905529,59.243955,0.0],[17.905551,59.243989,0.0],[17.905549,59.24399,0.0],[17.905689,59.244015,0.0],[17.905776,59.244036,0.0],[17.905846,59.24405,0.0],[17.90596,59.244032,0.0],[17.906089,59.244039,0.0],[17.906254,59.243983,0.0],[17.906271,59.243984,0.0],[17.906266,59.243962,0.0],[17.90638,59.243881,0.0],[17.906337,59.243871,0.0],[17.906354,59.243831,0.0],[17.906339,59.243824,0.0],[17.906364,59.243753,0.0],[17.906373,59.243726,0.0],[17.90648,59.24373,0.0],[17.906577,59.24373,0.0],[17.906585,59.243738,0.0],[17.906601,59.243747,0.0],[17.906687,59.243693,0.0],[17.906797,59.243678,0.0],[17.906885,59.243543,0.0],[17.906983,59.243612,0.0],[17.90706,59.243507,0.0],[17.907079,59.24348,0.0],[17.907219,59.24354,0.0],[17.907352,59.243478,0.0],[17.907395,59.243443,0.0],[17.907565,59.243421,0.0],[17.907739,59.243393,0.0],[17.907765,59.243362,0.0],[17.907861,59.243291,0.0],[17.907927,59.243204,0.0],[17.908038,59.243236,0.0],[17.908197,59.243171,0.0],[17.908232,59.243085,0.0],[17.908181,59.243051,0.0],[17.908306,59.24299,0.0],[17.908385,59.242962,0.0],[17.908411,59.24293,0.0],[17.908419,59.242899,0.0],[17.908586,59.242829,0.0],[17.908648,59.2428,0.0],[17.908802,59.24278,0.0],[17.908843,59.242772,0.0],[17.908955,59.242726,0.0],[17.909047,59.242749,0.0],[17.909115,59.242723,0.0],[17.909225,59.24274,0.0],[17.90931,59.242755,0.0],[17.909532,59.242721,0.0],[17.909653,59.242753,0.0],[17.90976,59.242735,0.0],[17.909877,59.24282,0.0],[17.909894,59.242846,0.0],[17.909986,59.242873,0.0],[17.909974,59.242927,0.0],[17.910021,59.242981,0.0],[17.910045,59.243046,0.0],[17.909994,59.243174,0.0],[17.909887,59.243275,0.0],[17.909874,59.243307,0.0],[17.90987,59.24338,0.0],[17.909837,59.243411,0.0],[17.90978,59.243473,0.0],[17.909592,59.243561,0.0],[17.909495,59.243614,0.0],[17.90942,59.243692,0.0],[17.909351,59.24375,0.0],[17.909391,59.2438,0.0],[17.909277,59.243845,0.0],[17.909192,59.244001,0.0],[17.909118,59.244042,0.0],[17.909104,59.24405,0.0],[17.909068,59.244072,0.0],[17.90904,59.244089,0.0],[17.909056,59.244099,0.0],[17.908997,59.244204,0.0],[17.909097,59.244294,0.0],[17.909079,59.244419,0.0],[17.90906,59.244434,0.0],[17.909036,59.244442,0.0],[17.908985,59.244437,0.0],[17.908778,59.244407,0.0],[17.908763,59.244423,0.0],[17.908725,59.244541,0.0],[17.908672,59.244583,0.0],[17.908631,59.244592,0.0],[17.908603,59.244579,0.0],[17.908515,59.244632,0.0],[17.908337,59.244636,0.0],[17.90833,59.244639,0.0],[17.908272,59.244753,0.0],[17.908321,59.244756,0.0],[17.908387,59.244931,0.0],[17.908545,59.244919,0.0],[17.908644,59.244972,0.0],[17.90871,59.244974,0.0],[17.908743,59.244984,0.0],[17.908846,59.245026,0.0],[17.90898,59.245021,0.0],[17.909051,59.245045,0.0],[17.909116,59.245076,0.0],[17.909117,59.245036,0.0],[17.90914,59.245118,0.0],[17.909126,59.245186,0.0],[17.909155,59.245245,0.0],[17.909166,59.245269,0.0],[17.909195,59.245373,0.0],[17.90921,59.245392,0.0],[17.909193,59.245493,0.0],[17.909148,59.245504,0.0],[17.909069,59.245521,0.0],[17.908935,59.245573,0.0],[17.908831,59.245602,0.0],[17.908804,59.24567,0.0],[17.908805,59.245762,0.0],[17.908849,59.245856,0.0],[17.908905,59.245899,0.0],[17.908934,59.245913,0.0],[17.908967,59.245926,0.0],[17.908965,59.245931,0.0],[17.908927,59.246024,0.0],[17.908938,59.246099,0.0],[17.908987,59.24612,0.0],[17.909,59.246127,0.0],[17.909004,59.246154,0.0],[17.90901,59.246231,0.0],[17.908973,59.246262,0.0],[17.908912,59.24633,0.0],[17.908861,59.24638,0.0],[17.908789,59.246446,0.0],[17.908801,59.246505,0.0],[17.908865,59.24652,0.0],[17.908936,59.246596,0.0],[17.90897,59.246612,0.0],[17.90904,59.246684,0.0],[17.909093,59.246717,0.0],[17.909143,59.24675,0.0],[17.909286,59.246797,0.0],[17.909272,59.246857,0.0],[17.909396,59.246929,0.0],[17.909395,59.246942,0.0],[17.909444,59.246973,0.0],[17.909548,59.247038,0.0],[17.909607,59.247129,0.0],[17.909705,59.247168,0.0],[17.909791,59.247185,0.0],[17.909882,59.24723,0.0],[17.909882,59.247235,0.0],[17.909983,59.247226,0.0],[17.91008,59.247252,0.0],[17.910111,59.247267,0.0],[17.910245,59.247341,0.0],[17.910333,59.247274,0.0],[17.910366,59.247268,0.0],[17.910451,59.247286,0.0],[17.910457,59.247299,0.0],[17.910486,59.247403,0.0],[17.910481,59.247437,0.0],[17.910455,59.247483,0.0],[17.91044,59.247569,0.0],[17.910535,59.247603,0.0],[17.910494,59.247597,0.0],[17.910621,59.247709,0.0],[17.910645,59.247712,0.0],[17.910681,59.247742,0.0],[17.910677,59.247791,0.0],[17.910679,59.24785,0.0],[17.910647,59.247875,0.0],[17.910554,59.247954,0.0],[17.910518,59.247952,0.0],[17.910478,59.24802,0.0],[17.910424,59.248072,0.0],[17.910371,59.248092,0.0],[17.91028,59.248174,0.0],[17.910193,59.248204,0.0],[17.910121,59.248266,0.0],[17.910032,59.248295,0.0],[17.909979,59.248349,0.0],[17.909865,59.248418,0.0],[17.90985,59.24843,0.0],[17.909863,59.248477,0.0],[17.909812,59.248494,0.0],[17.909702,59.248571,0.0],[17.90963,59.248619,0.0],[17.909608,59.248687,0.0],[17.909523,59.248724,0.0],[17.909512,59.248764,0.0],[17.909514,59.248769,0.0],[17.909476,59.2488,0.0],[17.909484,59.248858,0.0],[17.909513,59.2489,0.0],[17.909545,59.248988,0.0],[17.909569,59.249068,0.0],[17.909534,59.249071,0.0],[17.90945,59.24907,0.0],[17.909351,59.249113,0.0],[17.909305,59.249126,0.0],[17.909208,59.249176,0.0],[17.909175,59.249203,0.0],[17.909031,59.249169,0.0],[17.909032,59.249182,0.0],[17.908928,59.249259,0.0],[17.908787,59.249295,0.0],[17.908696,59.249341,0.0],[17.908676,59.249421,0.0],[17.908663,59.249469,0.0],[17.908685,59.249556,0.0],[17.908761,59.2496,0.0],[17.908903,59.24958,0.0],[17.908935,59.249657,0.0],[17.909038,59.249701,0.0],[17.909121,59.249731,0.0],[17.90917,59.249763,0.0],[17.909329,59.249797,0.0],[17.909384,59.24984,0.0],[17.909493,59.249858,0.0],[17.909546,59.24988,0.0],[17.909512,59.249955,0.0],[17.909524,59.25003,0.0],[17.909508,59.250109,0.0],[17.90949,59.25015,0.0],[17.909457,59.25023,0.0],[17.909422,59.250257,0.0],[17.909382,59.250308,0.0],[17.909332,59.250354,0.0],[17.909225,59.250439,0.0],[17.909257,59.250521,0.0],[17.9092,59.25062,0.0],[17.909193,59.250683,0.0],[17.909151,59.250789,0.0],[17.909156,59.250807,0.0],[17.909137,59.250826,0.0],[17.909116,59.250829,0.0],[17.90907,59.25086,0.0],[17.909014,59.250906,0.0],[17.908936,59.2509,0.0],[17.908964,59.250933,0.0],[17.908956,59.250945,0.0],[17.908887,59.251031,0.0],[17.908888,59.251059,0.0],[17.908883,59.251145,0.0],[17.909026,59.251156,0.0],[17.909143,59.251218,0.0],[17.909155,59.251239,0.0],[17.909165,59.251259,0.0],[17.909233,59.251273,0.0],[17.909293,59.2513,0.0],[17.90938,59.25132,0.0],[17.909453,59.251337,0.0],[17.909469,59.251352,0.0],[17.909484,59.251359,0.0],[17.909574,59.251398,0.0],[17.909676,59.251444,0.0],[17.909718,59.251447,0.0],[17.909829,59.251508,0.0],[17.909959,59.251545,0.0],[17.91001,59.251585,0.0],[17.910056,59.251639,0.0],[17.910079,59.251729,0.0],[17.910153,59.251686,0.0],[17.910207,59.251846,0.0],[17.910311,59.251898,0.0],[17.910323,59.25195,0.0],[17.910398,59.252029,0.0],[17.910438,59.252111,0.0],[17.910452,59.252125,0.0],[17.910457,59.252131,0.0],[17.910421,59.252193,0.0],[17.910422,59.252204,0.0],[17.910434,59.252253,0.0],[17.910424,59.25228,0.0],[17.910391,59.252304,0.0],[17.91037,59.252335,0.0],[17.910289,59.252364,0.0],[17.910249,59.252397,0.0],[17.910267,59.252393,0.0],[17.910263,59.252414,0.0],[17.910115,59.252453,0.0],[17.910089,59.25257,0.0],[17.910038,59.252692,0.0],[17.909899,59.252774,0.0],[17.909749,59.25285,0.0],[17.909651,59.252908,0.0],[17.909553,59.252953,0.0],[17.909461,59.253011,0.0],[17.909321,59.253082,0.0],[17.909275,59.253116,0.0],[17.909197,59.253164,0.0],[17.909125,59.253216,0.0],[17.909048,59.253282,0.0],[17.908987,59.253377,0.0],[17.909005,59.253394,0.0],[17.908922,59.253449,0.0],[17.908801,59.253488,0.0],[17.908743,59.253585,0.0],[17.908735,59.253596,0.0],[17.908646,59.253676,0.0],[17.908505,59.253795,0.0],[17.908452,59.25385,0.0],[17.908414,59.253912,0.0],[17.908419,59.254004,0.0],[17.908527,59.25399,0.0],[17.908612,59.253988,0.0],[17.90869,59.253982,0.0],[17.908789,59.253971,0.0],[17.90881,59.253993,0.0],[17.908832,59.254011,0.0],[17.90881,59.254017,0.0],[17.908799,59.254029,0.0],[17.908748,59.254071,0.0],[17.908705,59.254108,0.0],[17.908682,59.254156,0.0],[17.908651,59.254197,0.0],[17.908654,59.254276,0.0],[17.908729,59.254369,0.0],[17.908796,59.254435,0.0],[17.908867,59.254523,0.0],[17.908914,59.254567,0.0],[17.908937,59.254572,0.0],[17.909115,59.254575,0.0],[17.909234,59.254584,0.0],[17.909449,59.254582,0.0],[17.909631,59.25463,0.0],[17.909657,59.254635,0.0],[17.909789,59.254688,0.0],[17.909938,59.254737,0.0],[17.910024,59.254794,0.0],[17.910043,59.254866,0.0],[17.910043,59.254927,0.0],[17.910081,59.255015,0.0],[17.910111,59.255035,0.0],[17.910244,59.255111,0.0],[17.910312,59.255163,0.0],[17.910381,59.255193,0.0],[17.910487,59.255266,0.0],[17.910584,59.255337,0.0],[17.910629,59.255399,0.0],[17.910712,59.25548,0.0],[17.910726,59.255487,0.0],[17.910798,59.255577,0.0],[17.91088,59.255661,0.0],[17.910962,59.255771,0.0],[17.911053,59.255873,0.0],[17.911079,59.255897,0.0],[17.911147,59.255965,0.0],[17.911226,59.256039,0.0],[17.911394,59.256122,0.0],[17.911516,59.256162,0.0],[17.911614,59.256226,0.0],[17.911666,59.256287,0.0],[17.911715,59.256342,0.0],[17.911752,59.256375,0.0],[17.911829,59.256444,0.0],[17.911914,59.256504,0.0],[17.911988,59.256517,0.0],[17.912047,59.256542,0.0],[17.912084,59.256573,0.0],[17.912146,59.256587,0.0],[17.912188,59.256593,0.0],[17.912226,59.256592,0.0],[17.912285,59.256604,0.0],[17.912312,59.256608,0.0],[17.912351,59.256588,0.0],[17.912365,59.256587,0.0],[17.912441,59.256605,0.0],[17.912526,59.256616,0.0],[17.912591,59.256609,0.0],[17.912711,59.256635,0.0],[17.912794,59.256638,0.0],[17.912841,59.256642,0.0],[17.913008,59.256655,0.0],[17.913154,59.256679,0.0],[17.913201,59.256676,0.0],[17.913239,59.256667,0.0],[17.913291,59.256654,0.0],[17.913347,59.256679,0.0],[17.913482,59.256749,0.0],[17.913558,59.256781,0.0],[17.913618,59.256807,0.0],[17.913758,59.256849,0.0],[17.913886,59.25686,0.0],[17.914098,59.256855,0.0],[17.91431,59.256858,0.0],[17.914527,59.256885,0.0],[17.914623,59.256894,0.0],[17.914755,59.256884,0.0],[17.914888,59.256856,0.0],[17.915029,59.256823,0.0],[17.91523,59.256801,0.0],[17.915302,59.256815,0.0],[17.915453,59.256838,0.0],[17.915606,59.256879,0.0],[17.91569,59.25689,0.0],[17.915895,59.256952,0.0],[17.916057,59.256988,0.0],[17.9162,59.257005,0.0],[17.916368,59.25701,0.0],[17.916484,59.257012,0.0],[17.916662,59.257021,0.0],[17.916826,59.256996,0.0],[17.916885,59.25698,0.0],[17.916964,59.257,0.0],[17.917049,59.25703,0.0],[17.917087,59.257056,0.0],[17.917202,59.257157,0.0],[17.917277,59.257227,0.0],[17.917305,59.257285,0.0],[17.917376,59.257373,0.0],[17.917535,59.257457,0.0],[17.917724,59.257479,0.0],[17.917869,59.257475,0.0],[17.918068,59.257493,0.0],[17.918301,59.257553,0.0],[17.918375,59.257567,0.0],[17.918507,59.257594,0.0],[17.918683,59.257599,0.0],[17.918814,59.257639,0.0],[17.918955,59.257638,0.0],[17.918979,59.257653,0.0],[17.9191,59.257687,0.0],[17.919233,59.25771,0.0],[17.919372,59.257706,0.0],[17.919565,59.257704,0.0],[17.919746,59.257721,0.0],[17.919908,59.257703,0.0],[17.920027,59.25769,0.0],[17.920042,59.257686,0.0],[17.920167,59.25764,0.0],[17.920312,59.257572,0.0],[17.920459,59.257545,0.0],[17.920515,59.257547,0.0],[17.920723,59.257568,0.0],[17.920933,59.25756,0.0],[17.921052,59.257528,0.0],[17.921277,59.257489,0.0],[17.921477,59.25743,0.0],[17.921619,59.257411,0.0],[17.921705,59.25739,0.0],[17.921786,59.25741,0.0],[17.921831,59.257393,0.0],[17.921904,59.257391,0.0],[17.92203,59.257404,0.0],[17.922188,59.257441,0.0],[17.922247,59.257472,0.0],[17.922328,59.2575,0.0],[17.922497,59.257523,0.0],[17.922628,59.257494,0.0],[17.922801,59.257431,0.0],[17.922892,59.25738,0.0],[17.922931,59.257366,0.0],[17.922919,59.257363,0.0],[17.922928,59.257365,0.0],[17.922976,59.257303,0.0],[17.923022,59.257213,0.0],[17.923104,59.257155,0.0],[17.923271,59.257083,0.0],[17.923343,59.25705,0.0],[17.92344,59.256961,0.0],[17.923435,59.256955,0.0],[17.923461,59.256926,0.0],[17.923522,59.256881,0.0],[17.923652,59.256814,0.0],[17.923688,59.256805,0.0],[17.923784,59.256786,0.0],[17.923941,59.256796,0.0],[17.924048,59.256827,0.0],[17.924184,59.256837,0.0],[17.924347,59.25681,0.0],[17.92452,59.256785,0.0],[17.924617,59.256758,0.0],[17.924662,59.256749,0.0],[17.924805,59.256685,0.0],[17.924856,59.256649,0.0],[17.924892,59.256544,0.0],[17.92493,59.256469,0.0],[17.924944,59.256444,0.0],[17.924891,59.256334,0.0],[17.924875,59.256327,0.0],[17.924846,59.256324,0.0],[17.924708,59.256268,0.0],[17.924698,59.256224,0.0],[17.924672,59.256177,0.0],[17.924613,59.256146,0.0],[17.924584,59.256086,0.0],[17.924539,59.25601,0.0],[17.92452,59.255969,0.0],[17.924471,59.255956,0.0],[17.924468,59.255892,0.0],[17.924512,59.25581,0.0],[17.924519,59.255767,0.0],[17.9245,59.255714,0.0],[17.924405,59.255643,0.0],[17.924308,59.255568,0.0],[17.924224,59.255527,0.0],[17.924099,59.255454,0.0],[17.924064,59.255448,0.0],[17.923967,59.255436,0.0],[17.923867,59.255372,0.0],[17.923851,59.255361,0.0],[17.92375,59.255309,0.0],[17.923694,59.255287,0.0],[17.923605,59.255275,0.0],[17.923501,59.25526,0.0],[17.923364,59.255241,0.0],[17.923283,59.255229,0.0],[17.923239,59.255231,0.0],[17.923191,59.255238,0.0],[17.923105,59.255225,0.0],[17.923085,59.255222,0.0],[17.922989,59.255183,0.0],[17.922925,59.255126,0.0],[17.922853,59.255104,0.0],[17.922823,59.255101,0.0],[17.922791,59.25508,0.0],[17.922752,59.255032,0.0],[17.922708,59.255003,0.0],[17.922668,59.254968,0.0],[17.922656,59.254894,0.0],[17.922714,59.254787,0.0],[17.922715,59.254761,0.0],[17.922752,59.254681,0.0],[17.922877,59.254649,0.0],[17.922925,59.254634,0.0],[17.922971,59.254601,0.0],[17.923022,59.254562,0.0],[17.923026,59.254555,0.0],[17.923037,59.254532,0.0],[17.923102,59.254487,0.0],[17.923177,59.254468,0.0],[17.92326,59.254467,0.0],[17.923372,59.254467,0.0],[17.923443,59.254483,0.0],[17.923487,59.254486,0.0],[17.92354,59.254486,0.0],[17.923603,59.254494,0.0],[17.92377,59.254513,0.0],[17.923842,59.25452,0.0],[17.92395,59.25452,0.0],[17.923976,59.254504,0.0],[17.924063,59.25448,0.0],[17.924084,59.254476,0.0],[17.924229,59.254456,0.0],[17.92436,59.2544,0.0],[17.924461,59.254375,0.0],[17.92449,59.254344,0.0],[17.924462,59.254329,0.0],[17.924531,59.254285,0.0],[17.924558,59.254248,0.0],[17.92457,59.254206,0.0],[17.924568,59.254141,0.0],[17.924644,59.254048,0.0],[17.924685,59.253981,0.0],[17.924725,59.253932,0.0],[17.924732,59.253911,0.0],[17.924735,59.253912,0.0],[17.92492,59.253868,0.0],[17.92515,59.25384,0.0],[17.925329,59.253868,0.0],[17.925441,59.253915,0.0],[17.925599,59.253993,0.0],[17.925764,59.254037,0.0],[17.926001,59.254079,0.0],[17.926303,59.254097,0.0],[17.926393,59.2541,0.0],[17.926484,59.254111,0.0],[17.926597,59.254126,0.0],[17.926793,59.254177,0.0],[17.926827,59.254192,0.0],[17.926957,59.254244,0.0],[17.927017,59.254253,0.0],[17.92715,59.25429,0.0],[17.927194,59.25434,0.0],[17.927337,59.2544,0.0],[17.927459,59.254468,0.0],[17.927561,59.254559,0.0],[17.927674,59.254647,0.0],[17.927719,59.254693,0.0],[17.927864,59.254773,0.0],[17.927909,59.254808,0.0],[17.928018,59.254867,0.0],[17.928032,59.254877,0.0],[17.928103,59.254931,0.0],[17.928215,59.255031,0.0],[17.92824,59.255049,0.0],[17.928264,59.255079,0.0],[17.928294,59.255096,0.0],[17.928382,59.255155,0.0],[17.92847,59.255228,0.0],[17.928516,59.255258,0.0],[17.928619,59.255326,0.0],[17.928748,59.255373,0.0],[17.928878,59.25546,0.0],[17.928974,59.255507,0.0],[17.929056,59.255561,0.0],[17.929162,59.255646,0.0],[17.929228,59.25573,0.0],[17.929371,59.255758,0.0],[17.929548,59.255818,0.0],[17.929735,59.255903,0.0],[17.929834,59.255967,0.0],[17.929962,59.255973,0.0],[17.930129,59.256018,0.0],[17.93018,59.256049,0.0],[17.930255,59.256117,0.0],[17.930363,59.256158,0.0],[17.930663,59.256286,0.0],[17.930678,59.256299,0.0],[17.930777,59.256339,0.0],[17.930947,59.256446,0.0],[17.931028,59.256463,0.0],[17.931152,59.256493,0.0],[17.931412,59.25656,0.0],[17.931566,59.256607,0.0],[17.931655,59.256663,0.0],[17.93178,59.256701,0.0],[17.931978,59.256721,0.0],[17.932024,59.256754,0.0],[17.932096,59.25673,0.0],[17.932165,59.256701,0.0],[17.932191,59.256692,0.0],[17.932242,59.256712,0.0],[17.932327,59.256715,0.0],[17.932363,59.256725,0.0],[17.932421,59.256713,0.0],[17.932481,59.256728,0.0],[17.93261,59.256698,0.0],[17.932762,59.256664,0.0],[17.932835,59.256708,0.0],[17.932854,59.256698,0.0],[17.932875,59.256713,0.0],[17.932908,59.256747,0.0],[17.932959,59.256772,0.0],[17.933099,59.256814,0.0],[17.933119,59.256823,0.0],[17.933179,59.256837,0.0],[17.93325,59.256852,0.0],[17.933399,59.25688,0.0],[17.933529,59.256905,0.0],[17.93355,59.256904,0.0],[17.933608,59.256899,0.0],[17.933716,59.256898,0.0],[17.933793,59.256875,0.0],[17.93388,59.256818,0.0],[17.933995,59.256781,0.0],[17.934081,59.256786,0.0],[17.934057,59.256685,0.0],[17.934044,59.256651,0.0],[17.934017,59.256624,0.0],[17.933987,59.256556,0.0],[17.933899,59.256462,0.0],[17.933836,59.256385,0.0],[17.933717,59.25629,0.0],[17.933581,59.25622,0.0],[17.933368,59.25612,0.0],[17.933322,59.256078,0.0],[17.933216,59.255962,0.0],[17.933171,59.255884,0.0],[17.933152,59.255844,0.0],[17.933026,59.25575,0.0],[17.932828,59.25565,0.0],[17.932796,59.255635,0.0],[17.932715,59.255549,0.0],[17.932678,59.255456,0.0],[17.932666,59.25537,0.0],[17.932667,59.255319,0.0],[17.932656,59.255274,0.0],[17.932553,59.255157,0.0],[17.932503,59.255053,0.0],[17.93251,59.255003,0.0],[17.932483,59.25498,0.0],[17.932453,59.254942,0.0],[17.93248,59.254893,0.0],[17.932442,59.254863,0.0],[17.932476,59.25485,0.0],[17.932543,59.254804,0.0],[17.932661,59.254763,0.0],[17.932672,59.254771,0.0],[17.932705,59.254777,0.0],[17.932782,59.254792,0.0],[17.932888,59.254798,0.0],[17.932929,59.254802,0.0],[17.933061,59.254791,0.0],[17.933283,59.254771,0.0],[17.933342,59.254735,0.0],[17.933554,59.254702,0.0],[17.933659,59.254716,0.0],[17.933864,59.254729,0.0],[17.933985,59.254703,0.0],[17.934189,59.254647,0.0],[17.934374,59.254634,0.0],[17.93443,59.254628,0.0],[17.934627,59.254632,0.0],[17.934702,59.254654,0.0],[17.934826,59.254698,0.0],[17.934972,59.254767,0.0],[17.935109,59.254803,0.0],[17.93529,59.254886,0.0],[17.935343,59.254912,0.0],[17.935497,59.255021,0.0],[17.935588,59.255168,0.0],[17.935693,59.255253,0.0],[17.935844,59.255307,0.0],[17.936079,59.255324,0.0],[17.936258,59.255334,0.0],[17.93634,59.255356,0.0],[17.936503,59.255418,0.0],[17.936636,59.255478,0.0],[17.936769,59.255572,0.0],[17.936924,59.255671,0.0],[17.936973,59.255694,0.0],[17.937105,59.255744,0.0],[17.93735,59.255798,0.0],[17.93752,59.255801,0.0],[17.937713,59.255864,0.0],[17.93791,59.255847,0.0],[17.937975,59.255864,0.0],[17.937988,59.255863,0.0],[17.938138,59.255888,0.0],[17.938413,59.255949,0.0],[17.938502,59.255945,0.0],[17.938763,59.255921,0.0],[17.938838,59.255933,0.0],[17.939094,59.256005,0.0],[17.939184,59.256016,0.0],[17.939451,59.256085,0.0],[17.939775,59.256184,0.0],[17.939932,59.256251,0.0],[17.940057,59.256301,0.0],[17.940218,59.25639,0.0],[17.940249,59.256478,0.0],[17.940254,59.256489,0.0],[17.940321,59.25656,0.0],[17.940391,59.256584,0.0],[17.940445,59.256609,0.0],[17.94053,59.256685,0.0],[17.940691,59.25674,0.0],[17.940824,59.256775,0.0],[17.940961,59.256773,0.0],[17.941115,59.256713,0.0],[17.941261,59.256632,0.0],[17.941336,59.256608,0.0],[17.941367,59.256602,0.0],[17.941444,59.256587,0.0],[17.941552,59.256516,0.0],[17.941587,59.256486,0.0],[17.941608,59.256458,0.0],[17.941725,59.256494000000004,0.0],[17.941807,59.256476,0.0],[17.941831,59.256414,0.0],[17.941843,59.256319,0.0],[17.94183,59.256291,0.0],[17.941823,59.256267,0.0],[17.941862,59.256188,0.0],[17.941905,59.25615,0.0],[17.942075,59.256082,0.0],[17.942135,59.256052,0.0],[17.942212,59.256052,0.0],[17.942277,59.256014,0.0],[17.942339,59.255999,0.0],[17.942472,59.255956,0.0],[17.942518,59.255952,0.0],[17.942567,59.255956,0.0],[17.942681,59.255952,0.0],[17.942782,59.255998,0.0],[17.94296,59.256017,0.0],[17.943142,59.25601,0.0],[17.943302,59.255976,0.0],[17.943341,59.255976,0.0],[17.943374,59.256044,0.0],[17.943403,59.2561,0.0],[17.943472,59.256175,0.0],[17.94348,59.25624,0.0],[17.943474,59.256301,0.0],[17.943472,59.256385,0.0],[17.94347,59.256434,0.0],[17.943486,59.256485,0.0],[17.943529,59.256525,0.0],[17.943613,59.256545,0.0],[17.94369,59.256553,0.0],[17.943758,59.25656,0.0],[17.943841,59.256589,0.0],[17.943969,59.256581,0.0],[17.944056,59.256547,0.0],[17.944105,59.256495,0.0],[17.944133,59.256467,0.0],[17.944205,59.256401,0.0],[17.944232,59.256362,0.0],[17.944399,59.256337,0.0],[17.944495,59.256344,0.0],[17.944597,59.256321,0.0],[17.944767,59.256298,0.0],[17.944887,59.256333,0.0],[17.944886,59.256335,0.0],[17.944957,59.256377,0.0],[17.945088,59.256446,0.0],[17.945132,59.256486,0.0],[17.945198,59.256531,0.0],[17.945314,59.256589,0.0],[17.945422,59.256652,0.0],[17.945508,59.256725,0.0],[17.945536,59.25674,0.0],[17.945633,59.256787,0.0],[17.94573,59.256817,0.0],[17.945785,59.256838,0.0],[17.94589,59.256849,0.0],[17.946025,59.256847,0.0],[17.946134,59.256842,0.0],[17.946271,59.256847,0.0],[17.946391,59.256895,0.0],[17.946528,59.256968,0.0],[17.946616,59.256983,0.0],[17.946643,59.256983,0.0],[17.946845,59.256978,0.0],[17.946826,59.257001,0.0],[17.946813,59.257026,0.0],[17.94678,59.257073,0.0],[17.946765,59.257125,0.0],[17.946944,59.25718,0.0],[17.946977,59.257249,0.0],[17.946977,59.257252,0.0],[17.947036,59.257348,0.0],[17.947074,59.257392,0.0],[17.947147,59.257479,0.0],[17.94728,59.257571,0.0],[17.947512,59.257693,0.0],[17.94757,59.257746,0.0],[17.947643,59.257795,0.0],[17.947834,59.257852,0.0],[17.94799,59.257954,0.0],[17.948134,59.258024,0.0],[17.948262,59.258107,0.0],[17.948416,59.258161,0.0],[17.94854,59.258249,0.0],[17.948687,59.258345,0.0],[17.94883,59.258432,0.0],[17.948925,59.258525,0.0],[17.948904,59.258631,0.0],[17.948795,59.258734,0.0],[17.948723,59.258794,0.0],[17.948706,59.258879,0.0],[17.948624,59.258978,0.0],[17.948626,59.259027,0.0],[17.948649,59.259146,0.0],[17.94865,59.259159,0.0],[17.948591,59.259267,0.0],[17.948567,59.259384,0.0],[17.948581,59.259419,0.0],[17.948492,59.259481,0.0],[17.948434,59.259531,0.0],[17.948414,59.259545,0.0],[17.948282,59.25964,0.0],[17.948242,59.259702,0.0],[17.948191,59.259768,0.0],[17.948132,59.259809,0.0],[17.947975,59.259901,0.0],[17.947942,59.259944,0.0],[17.947836,59.260007,0.0],[17.9477,59.260082,0.0],[17.947648,59.260131,0.0],[17.947559,59.260194,0.0],[17.947423,59.260291,0.0],[17.947299,59.260358,0.0],[17.947198,59.260406,0.0],[17.947185,59.260457,0.0],[17.947164,59.260528,0.0],[17.947184,59.260615,0.0],[17.947184,59.260626,0.0],[17.947142,59.260704,0.0],[17.947145,59.260713,0.0],[17.94713,59.260771,0.0],[17.947119,59.26081,0.0],[17.947118,59.260894,0.0],[17.947088,59.260988,0.0],[17.947026,59.261065,0.0],[17.947043,59.261125,0.0],[17.946995,59.261223,0.0],[17.946985,59.261277,0.0],[17.946897,59.261346,0.0],[17.946764,59.261491,0.0],[17.94674,59.261559,0.0],[17.946727,59.261629,0.0],[17.946708,59.261654,0.0],[17.946645,59.261722,0.0],[17.946643,59.261764,0.0],[17.946638,59.261847,0.0],[17.946626,59.261858,0.0],[17.94661,59.261914,0.0],[17.946592,59.261956,0.0],[17.94656,59.261974,0.0],[17.946491,59.26204,0.0],[17.946548,59.262117,0.0],[17.946565,59.262161,0.0],[17.946534,59.262237,0.0],[17.946525,59.262299,0.0],[17.946454,59.262401,0.0],[17.946394,59.26246,0.0],[17.946301,59.262522,0.0],[17.946255,59.262608,0.0],[17.946107,59.262712,0.0],[17.946098,59.262729,0.0],[17.946054,59.26282,0.0],[17.94596,59.262883,0.0],[17.945834,59.262949,0.0],[17.945584,59.263037,0.0],[17.945434,59.263108,0.0],[17.945328,59.263165,0.0],[17.945268,59.263208,0.0],[17.945267,59.263213,0.0],[17.945184,59.2633,0.0],[17.94511,59.263372,0.0],[17.944956,59.263459,0.0],[17.944856,59.263508,0.0],[17.94468,59.26353,0.0],[17.94452,59.263561,0.0],[17.944355,59.263585,0.0],[17.944291,59.263601,0.0],[17.944072,59.26364,0.0],[17.943958,59.263655,0.0],[17.943905,59.263675,0.0],[17.943819,59.263715,0.0],[17.943803,59.263711,0.0],[17.943662,59.263764,0.0],[17.943586,59.263803,0.0],[17.943573,59.26389,0.0],[17.943594,59.263922,0.0],[17.943597,59.264026,0.0],[17.943662,59.264113,0.0],[17.943745,59.2642,0.0],[17.94377,59.264256,0.0],[17.943766,59.264363,0.0],[17.943739,59.264414,0.0],[17.943668,59.26451,0.0],[17.943658,59.264527,0.0],[17.943627,59.264622,0.0],[17.943651,59.2647,0.0],[17.943648,59.264711,0.0],[17.943626,59.26481,0.0],[17.943638,59.264869,0.0],[17.943673,59.264961,0.0],[17.94369,59.265047,0.0],[17.943689,59.265142,0.0],[17.94373,59.265203,0.0],[17.943764,59.265299,0.0],[17.943806,59.265351,0.0],[17.943808,59.265393,0.0],[17.943815,59.265464,0.0],[17.943841,59.265494,0.0],[17.943857,59.265555,0.0],[17.943895,59.265657,0.0],[17.943892,59.265712,0.0],[17.943931,59.265771,0.0],[17.943952,59.265796,0.0],[17.943965,59.26588,0.0],[17.943946,59.265917,0.0],[17.943925,59.266003,0.0],[17.943966,59.266058,0.0],[17.944017,59.266142,0.0],[17.944097,59.266195,0.0],[17.944109,59.26629,0.0],[17.944055,59.266382,0.0],[17.943983,59.266437,0.0],[17.943884,59.26653,0.0],[17.943836,59.266652,0.0],[17.943823,59.266751,0.0],[17.943854,59.266808,0.0],[17.943843,59.266861,0.0],[17.94385,59.266886,0.0],[17.943865,59.266961,0.0],[17.943821,59.267031,0.0],[17.943808,59.26711,0.0],[17.943847,59.267183,0.0],[17.943879,59.267288,0.0],[17.9439,59.267361,0.0],[17.944132,59.267594,0.0],[17.944125,59.267655,0.0],[17.944006,59.26764,0.0],[17.943728,59.267604,0.0],[17.943522,59.267574,0.0],[17.943338,59.267544,0.0],[17.943143,59.267529,0.0],[17.942976,59.267497,0.0],[17.942753,59.267449,0.0],[17.9426,59.267417,0.0],[17.942387,59.267365,0.0],[17.94214,59.26734,0.0],[17.941865,59.267318,0.0],[17.941667,59.267302,0.0],[17.941416,59.2673,0.0],[17.941064,59.267322,0.0],[17.940693,59.267337,0.0],[17.940376,59.267301,0.0],[17.940101,59.26729,0.0],[17.939756,59.267259,0.0],[17.939509,59.267227,0.0],[17.939245,59.267191,0.0],[17.938907,59.267136,0.0],[17.938698,59.26709,0.0],[17.938517,59.267089,0.0],[17.938266,59.267066,0.0],[17.937981,59.267057,0.0],[17.93773,59.267011,0.0],[17.937493,59.267012,0.0],[17.937267,59.267012,0.0],[17.937103,59.267012,0.0],[17.936846,59.267003,0.0],[17.936539,59.267008,0.0],[17.936407,59.267015,0.0],[17.936233,59.267021,0.0],[17.936083,59.267024,0.0],[17.935745,59.267016,0.0],[17.935366,59.266951,0.0],[17.934918,59.266908,0.0],[17.934706,59.266867,0.0],[17.934606,59.266729,0.0],[17.934511,59.266574,0.0],[17.934504,59.266541,0.0],[17.934513,59.266417,0.0],[17.934522,59.266403,0.0],[17.934585,59.266284,0.0],[17.934626,59.266178,0.0],[17.934741,59.266045,0.0],[17.93484,59.265961,0.0],[17.93493,59.265895,0.0],[17.934955,59.265852,0.0],[17.935082,59.265744,0.0],[17.935141,59.265701,0.0],[17.935202,59.265628,0.0],[17.935224,59.265602,0.0],[17.935346,59.265551,0.0],[17.93552,59.265494,0.0],[17.935746,59.26541,0.0],[17.936069,59.265327,0.0],[17.936103,59.265319,0.0],[17.936299,59.265197,0.0],[17.936306,59.26518,0.0],[17.936387,59.265125,0.0],[17.936516,59.265082,0.0],[17.936539,59.265074,0.0],[17.936592,59.265045,0.0],[17.936652,59.265005,0.0],[17.936701,59.265006,0.0],[17.936724,59.265004,0.0],[17.936727,59.265003,0.0],[17.936798,59.26499,0.0],[17.936951,59.264991,0.0],[17.937196,59.264979,0.0],[17.937318,59.264983,0.0],[17.937402,59.264981,0.0],[17.937586,59.264939,0.0],[17.937733,59.264887,0.0],[17.937869,59.264814,0.0],[17.938,59.264731,0.0],[17.938053,59.26467,0.0],[17.938069,59.264657,0.0],[17.938244,59.264581,0.0],[17.938263,59.264565,0.0],[17.938327,59.264529,0.0],[17.938377,59.264497,0.0],[17.938482,59.264455,0.0],[17.938603,59.264298,0.0],[17.938601,59.264165,0.0],[17.938558,59.264073,0.0],[17.938621,59.264003,0.0],[17.938814,59.263888,0.0],[17.938851,59.263848,0.0],[17.93899,59.263734,0.0],[17.939109,59.263622,0.0],[17.93918,59.263489,0.0],[17.93921,59.26343,0.0],[17.939258,59.263384,0.0],[17.939419,59.263318,0.0],[17.939617,59.263239,0.0],[17.939833,59.263139,0.0],[17.939895,59.263075,0.0],[17.940015,59.262954,0.0],[17.940053,59.262862,0.0],[17.940221,59.262783,0.0],[17.940256,59.262758,0.0],[17.940273,59.262745,0.0],[17.9404,59.262638,0.0],[17.94048,59.262601,0.0],[17.940652,59.262528,0.0],[17.940679,59.262508,0.0],[17.940843,59.262443,0.0],[17.941051,59.262376,0.0],[17.941132,59.262341,0.0],[17.941248,59.262306,0.0],[17.941515,59.262237,0.0],[17.94157,59.262226,0.0],[17.941632,59.262228,0.0],[17.941858,59.262223,0.0],[17.941932,59.26222,0.0],[17.941961,59.262216,0.0],[17.942115,59.262203,0.0],[17.942159,59.262197,0.0],[17.942198,59.262193,0.0],[17.942377,59.262192,0.0],[17.942561,59.2622,0.0],[17.94274,59.262152,0.0],[17.94277,59.262137,0.0],[17.942909,59.262075,0.0],[17.943024,59.262041,0.0],[17.94307,59.262071,0.0],[17.943135,59.262047,0.0],[17.943354,59.26195,0.0],[17.943521,59.261886,0.0],[17.943684,59.261796,0.0],[17.943844,59.261691,0.0],[17.943865,59.261645,0.0],[17.943884,59.261559,0.0],[17.94389,59.261458,0.0],[17.943873,59.261334,0.0],[17.943833,59.26125,0.0],[17.943864,59.261211,0.0],[17.94385,59.261149,0.0],[17.943782,59.261069,0.0],[17.943708,59.260985,0.0],[17.943634,59.260877,0.0],[17.943538,59.260813,0.0],[17.943426,59.260751,0.0],[17.943311,59.260673,0.0],[17.94317,59.260598,0.0],[17.942926,59.260526,0.0],[17.942772,59.260476,0.0],[17.942607,59.260417,0.0],[17.942527,59.260383,0.0],[17.942356,59.260309,0.0],[17.94217,59.260255,0.0],[17.942053,59.260206,0.0],[17.941879,59.260148,0.0],[17.941719,59.260082,0.0],[17.941651,59.259994,0.0],[17.941574,59.259885,0.0],[17.941587,59.259823,0.0],[17.941578,59.259823,0.0],[17.941639,59.259747,0.0],[17.941735,59.259663,0.0],[17.941791,59.259611,0.0],[17.941836,59.259566,0.0],[17.94188,59.25947,0.0],[17.94188,59.25935,0.0],[17.941824,59.259267,0.0],[17.941781,59.259245,0.0],[17.941628,59.259203,0.0],[17.941481,59.25923,0.0],[17.941302,59.259257,0.0],[17.941279,59.25927,0.0],[17.941212,59.259281,0.0],[17.940983,59.259242,0.0],[17.940802,59.259199,0.0],[17.940591,59.259153,0.0],[17.940438,59.259108,0.0],[17.940224,59.259113,0.0],[17.940074,59.259078,0.0],[17.939824,59.259126,0.0],[17.939688,59.25919,0.0],[17.93957,59.259179,0.0],[17.93945,59.259177,0.0],[17.939223,59.259197,0.0],[17.938999,59.259205,0.0],[17.938772,59.259246,0.0],[17.938585,59.25925,0.0],[17.938535,59.25925,0.0],[17.938527,59.259215,0.0],[17.938561,59.259201,0.0],[17.938591,59.259177,0.0],[17.938585,59.25916,0.0],[17.9386,59.25916,0.0],[17.938586,59.259148,0.0],[17.938386,59.259086,0.0],[17.938124,59.259017,0.0],[17.937869,59.258983,0.0],[17.937607,59.258945,0.0],[17.937402,59.258913,0.0],[17.937367,59.258908,0.0],[17.937374,59.258884,0.0],[17.937412,59.258903,0.0],[17.937422,59.258902,0.0],[17.937398,59.258869,0.0],[17.937383,59.258851,0.0],[17.937314,59.258837,0.0],[17.937213,59.258801,0.0],[17.937028,59.258771,0.0],[17.936743,59.258698,0.0],[17.9366,59.258624,0.0],[17.936517,59.258538,0.0],[17.936433,59.258474,0.0],[17.936256,59.258418,0.0],[17.936129,59.258396,0.0],[17.936082,59.258354,0.0],[17.93607,59.258344,0.0],[17.935933,59.258287,0.0],[17.935784,59.25823,0.0],[17.935773,59.25822,0.0],[17.935636,59.258163,0.0],[17.935559,59.258125,0.0],[17.9355,59.258096,0.0],[17.935494,59.25809,0.0],[17.935469,59.258049,0.0],[17.935363,59.258037,0.0],[17.935222,59.257959,0.0],[17.935032,59.257914,0.0],[17.934945,59.257867,0.0],[17.934774,59.257785,0.0],[17.934612,59.257802,0.0]],"type":"LineString"},"id":"vandringsleder.1561","properties":{"andrad_datum":"2023-06-26T13:56:32.457","ansvarig":null,"namn":"Skatan","omrade":"Gömmarens naturreservat","skapad_datum":null},"type":"Feature"}
 ,{"bbox":[17.934631,59.256876,17.948919,59.267623],"geometry":{"coordinates":[[17.936425,59.266999,0.0],[17.936406,59.266972,0.0],[17.936376,59.266954,0.0],[17.93636,59.266945,0.0],[17.936271,59.266959,0.0],[17.936245,59.26696,0.0],[17.936072,59.266949,0.0],[17.936032,59.266947,0.0],[17.936004,59.266944,0.0],[17.935811,59.266898,0.0],[17.935724,59.266876,0.0],[17.935552,59.26686,0.0],[17.93544,59.266813,0.0],[17.935362,59.266771,0.0],[17.935171,59.266652,0.0],[17.935128,59.266629,0.0],[17.935057,59.266595,0.0],[17.935043,59.266586,0.0],[17.934945,59.266553,0.0],[17.934854,59.266471,0.0],[17.934811,59.266447,0.0],[17.93476,59.266387,0.0],[17.934739,59.266377,0.0],[17.934688,59.266357,0.0],[17.934631,59.266326,0.0],[17.934676,59.266249,0.0],[17.934749,59.266127,0.0],[17.934753,59.266118,0.0],[17.934751,59.266102,0.0],[17.934747,59.266081,0.0],[17.934789,59.266053,0.0],[17.934861,59.266043,0.0],[17.934878,59.266032,0.0],[17.934917,59.265972,0.0],[17.934921,59.265961,0.0],[17.935025,59.265908,0.0],[17.93516,59.265755,0.0],[17.935305,59.265571,0.0],[17.935354,59.265563,0.0],[17.935417,59.265553,0.0],[17.935616,59.265489,0.0],[17.935727,59.265409,0.0],[17.935762,59.265398,0.0],[17.93592,59.265372,0.0],[17.936144,59.265323,0.0],[17.93622,59.265317,0.0],[17.936278,59.265305,0.0],[17.936302,59.265187,0.0],[17.93631,59.265171,0.0],[17.93633,59.265112,0.0],[17.936429,59.265093,0.0],[17.936455,59.265082,0.0],[17.936491,59.265063,0.0],[17.936524,59.265047,0.0],[17.936537,59.265045,0.0],[17.936624,59.265016,0.0],[17.936701,59.265026,0.0],[17.936777,59.265024,0.0],[17.937001,59.264973,0.0],[17.937041,59.264973,0.0],[17.937108,59.264967,0.0],[17.93723,59.264946,0.0],[17.937515,59.264952,0.0],[17.937811,59.264872,0.0],[17.937812,59.264855,0.0],[17.938,59.264735,0.0],[17.938052,59.264689,0.0],[17.938061,59.264678,0.0],[17.93814,59.264659,0.0],[17.938169,59.264644,0.0],[17.938385,59.264513,0.0],[17.938487,59.264479,0.0],[17.938569,59.264455,0.0],[17.938582,59.264429,0.0],[17.938653,59.26436,0.0],[17.938641,59.264242,0.0],[17.938629,59.264237,0.0],[17.938619,59.26413,0.0],[17.938596,59.264111,0.0],[17.938597,59.264093,0.0],[17.938595,59.264073,0.0],[17.938603,59.264063,0.0],[17.938609,59.264056,0.0],[17.938637,59.264043,0.0],[17.938648,59.264023,0.0],[17.938666,59.264012,0.0],[17.938684,59.26399,0.0],[17.938704,59.263981,0.0],[17.938735,59.263973,0.0],[17.938738,59.263965,0.0],[17.938804,59.263923,0.0],[17.938875,59.263888,0.0],[17.93898,59.263804,0.0],[17.938988,59.263792,0.0],[17.939113,59.263711,0.0],[17.939116,59.263701,0.0],[17.939114,59.263672,0.0],[17.939114,59.263654,0.0],[17.939148,59.263587,0.0],[17.939189,59.263499,0.0],[17.939201,59.263492,0.0],[17.939239,59.263447,0.0],[17.939271,59.263406,0.0],[17.939299,59.263391,0.0],[17.939323,59.263371,0.0],[17.939394,59.263365,0.0],[17.939432,59.263346,0.0],[17.939468,59.263333,0.0],[17.939505,59.263314,0.0],[17.939644,59.263265,0.0],[17.939722,59.263246,0.0],[17.939744,59.263237,0.0],[17.939828,59.263195,0.0],[17.93985,59.263189,0.0],[17.939899,59.263161,0.0],[17.939969,59.263115,0.0],[17.939969,59.263112,0.0],[17.940005,59.263025,0.0],[17.940011,59.263004,0.0],[17.940062,59.262914,0.0],[17.940188,59.262856,0.0],[17.940201,59.26285,0.0],[17.940273,59.2628,0.0],[17.940311,59.262754,0.0],[17.940374,59.262714,0.0],[17.94041,59.262682,0.0],[17.940456,59.262666,0.0],[17.940488,59.26265,0.0],[17.940527,59.262637,0.0],[17.940558,59.262622,0.0],[17.940598,59.262603,0.0],[17.940635,59.262583,0.0],[17.940802,59.262526,0.0],[17.940934,59.262463,0.0],[17.940991,59.262443,0.0],[17.941039,59.262425,0.0],[17.941071,59.262418,0.0],[17.941135,59.262393,0.0],[17.941264,59.262348,0.0],[17.941314,59.262337,0.0],[17.941376,59.262304,0.0],[17.941491,59.262263,0.0],[17.941635,59.262235,0.0],[17.941796,59.262221,0.0],[17.94191,59.262223,0.0],[17.941944,59.262222,0.0],[17.941985,59.26222,0.0],[17.942036,59.262219,0.0],[17.942091,59.262215,0.0],[17.942152,59.262212,0.0],[17.942202,59.262211,0.0],[17.942238,59.262214,0.0],[17.942278,59.262214,0.0],[17.942323,59.262204,0.0],[17.94246,59.262223,0.0],[17.942479,59.262219,0.0],[17.942615,59.262206,0.0],[17.942712,59.262169,0.0],[17.942729,59.262157,0.0],[17.942878,59.262119,0.0],[17.942984,59.262116,0.0],[17.943154,59.26209,0.0],[17.943343,59.261978,0.0],[17.943547,59.261956,0.0],[17.943694,59.261902,0.0],[17.943867,59.261854,0.0],[17.94388,59.261841,0.0],[17.943933,59.261721,0.0],[17.943979,59.261578,0.0],[17.943994,59.261483,0.0],[17.943955,59.261434,0.0],[17.943839,59.26119,0.0],[17.943835,59.261184,0.0],[17.943834,59.26112,0.0],[17.943746,59.261057,0.0],[17.943651,59.261002,0.0],[17.943611,59.26097,0.0],[17.94356,59.260876,0.0],[17.943373,59.260821,0.0],[17.943157,59.26069,0.0],[17.943039,59.260697,0.0],[17.942888,59.260641,0.0],[17.942761,59.260566,0.0],[17.942649,59.26053,0.0],[17.942606,59.26051,0.0],[17.942557,59.260453,0.0],[17.942552,59.260451,0.0],[17.942404,59.260406,0.0],[17.942388,59.260397,0.0],[17.9422,59.260277,0.0],[17.942156,59.260265,0.0],[17.942112,59.260255,0.0],[17.9421,59.260248,0.0],[17.941821,59.260199,0.0],[17.94178,59.260189,0.0],[17.941763,59.260184,0.0],[17.941701,59.260107,0.0],[17.941672,59.260023,0.0],[17.941667,59.260009,0.0],[17.941589,59.259929,0.0],[17.941565,59.259913,0.0],[17.941559,59.259903,0.0],[17.941554,59.259888,0.0],[17.941597,59.259848,0.0],[17.941618,59.259803,0.0],[17.94165,59.259769,0.0],[17.941652,59.259765,0.0],[17.941728,59.259691,0.0],[17.941738,59.259691,0.0],[17.941794,59.259639,0.0],[17.9418,59.259629,0.0],[17.941912,59.259435,0.0],[17.941907,59.259426,0.0],[17.94194,59.259424,0.0],[17.942027,59.259309,0.0],[17.942123,59.259275,0.0],[17.942263,59.259214,0.0],[17.942399,59.259119,0.0],[17.94251,59.259051,0.0],[17.942627,59.258991,0.0],[17.942666,59.258979,0.0],[17.942682,59.258973,0.0],[17.94283,59.258911,0.0],[17.94316,59.258841,0.0],[17.943187000000002,59.258824,0.0],[17.943199,59.258812,0.0],[17.943181,59.258783,0.0],[17.943283,59.258693,0.0],[17.943428,59.258571,0.0],[17.943617,59.258472,0.0],[17.943655,59.258451,0.0],[17.943939,59.258196,0.0],[17.944222,59.258053,0.0],[17.94424,59.25804,0.0],[17.944274,59.257983,0.0],[17.944286,59.257953,0.0],[17.944312,59.257937,0.0],[17.944332,59.257919,0.0],[17.944371,59.257888,0.0],[17.944383,59.257884,0.0],[17.944495,59.257843,0.0],[17.94456,59.257819,0.0],[17.944602,59.257805,0.0],[17.944625,59.257802,0.0],[17.944753,59.257747,0.0],[17.944831,59.257688,0.0],[17.944979,59.257614,0.0],[17.945065,59.257562,0.0],[17.945155,59.25751,0.0],[17.945321,59.257374,0.0],[17.94534,59.25736,0.0],[17.945485,59.257298,0.0],[17.94561,59.25719,0.0],[17.945616,59.257186,0.0],[17.945677,59.25709,0.0],[17.945765,59.256909,0.0],[17.945794,59.256895,0.0],[17.945812,59.256891,0.0],[17.945892,59.25688,0.0],[17.946017,59.256883,0.0],[17.946033,59.256879,0.0],[17.946108,59.256877,0.0],[17.946183,59.256876,0.0],[17.946309,59.256932,0.0],[17.946325,59.256943,0.0],[17.946367,59.25699,0.0],[17.946378,59.256999,0.0],[17.946658,59.257034,0.0],[17.94668,59.257039,0.0],[17.946832,59.257072,0.0],[17.946902,59.257097,0.0],[17.946923,59.257118,0.0],[17.946939,59.257141,0.0],[17.94694,59.257147,0.0],[17.946963,59.257238,0.0],[17.94698,59.257374,0.0],[17.947206,59.257512,0.0],[17.947333,59.257641,0.0],[17.947684,59.257797,0.0],[17.947726,59.257812,0.0],[17.947769,59.257833,0.0],[17.947869,59.257893,0.0],[17.94808,59.258,0.0],[17.94818,59.258065,0.0],[17.94834,59.258166,0.0],[17.948502,59.258269,0.0],[17.948519,59.258289,0.0],[17.948648,59.258357,0.0],[17.948667,59.258371,0.0],[17.948722,59.258401,0.0],[17.948757,59.258414,0.0],[17.948794,59.258426,0.0],[17.948825,59.258435,0.0],[17.94885,59.258451,0.0],[17.948887,59.258495,0.0],[17.948903,59.258516,0.0],[17.948919,59.258611,0.0],[17.948912,59.258635,0.0],[17.948868,59.258659,0.0],[17.948787,59.258714,0.0],[17.948739,59.258789,0.0],[17.94874,59.258794,0.0],[17.948644,59.258915,0.0],[17.948625,59.258934000000004,0.0],[17.948619,59.259001,0.0],[17.948618,59.259014,0.0],[17.948634,59.259063,0.0],[17.948654,59.259084,0.0],[17.94865,59.259133,0.0],[17.948636,59.259156,0.0],[17.948624,59.259181,0.0],[17.948614,59.259193,0.0],[17.94859,59.25926,0.0],[17.948591,59.259275,0.0],[17.948572,59.259342,0.0],[17.948565,59.259366,0.0],[17.948551,59.259397,0.0],[17.948532,59.259451,0.0],[17.948424,59.259547,0.0],[17.948389,59.259568,0.0],[17.948375,59.259579,0.0],[17.948273,59.25965,0.0],[17.948253,59.259696,0.0],[17.948247,59.259733,0.0],[17.948203,59.259802,0.0],[17.948193,59.259813,0.0],[17.948111,59.259875,0.0],[17.948093,59.259882,0.0],[17.948004,59.259955,0.0],[17.947965,59.259975,0.0],[17.947936,59.259996,0.0],[17.947903,59.260011,0.0],[17.947873,59.260041,0.0],[17.947656,59.260184,0.0],[17.947509,59.26026,0.0],[17.947498,59.260267,0.0],[17.947412,59.260355,0.0],[17.947326,59.260422,0.0],[17.947286,59.260439,0.0],[17.947227,59.260509,0.0],[17.947189,59.260555,0.0],[17.947171,59.260604,0.0],[17.947188,59.260633,0.0],[17.947146,59.260716,0.0],[17.947146,59.260741,0.0],[17.94715,59.260761,0.0],[17.947146,59.260782,0.0],[17.947142,59.260809,0.0],[17.947144,59.260827,0.0],[17.947126,59.260864,0.0],[17.947147,59.260919,0.0],[17.947121,59.261031,0.0],[17.947118,59.26111,0.0],[17.947084,59.261144,0.0],[17.946966,59.261326,0.0],[17.94696,59.261352,0.0],[17.946873,59.261408,0.0],[17.946856,59.261431,0.0],[17.946833,59.26145,0.0],[17.946777,59.261479,0.0],[17.94677,59.261492,0.0],[17.946747,59.261593,0.0],[17.946672,59.261719,0.0],[17.946671,59.261725,0.0],[17.946661,59.261867,0.0],[17.946665,59.261879,0.0],[17.94663,59.261948,0.0],[17.946626,59.261959,0.0],[17.946569,59.262136,0.0],[17.946568,59.262162,0.0],[17.946608,59.262193,0.0],[17.946613,59.262207,0.0],[17.946617,59.262291,0.0],[17.946599,59.262342,0.0],[17.94652,59.262424,0.0],[17.946349,59.262557,0.0],[17.946331,59.262571,0.0],[17.946305,59.262653,0.0],[17.94613,59.262809,0.0],[17.945859,59.262998,0.0],[17.945825,59.263018,0.0],[17.945782,59.263033,0.0],[17.945748,59.263045,0.0],[17.945733,59.263044,0.0],[17.945629,59.263071,0.0],[17.945589,59.263083,0.0],[17.94558,59.26309,0.0],[17.945464,59.263154,0.0],[17.945383,59.263176,0.0],[17.945328,59.263181,0.0],[17.945317,59.263208,0.0],[17.945301,59.26322,0.0],[17.945285,59.263251,0.0],[17.945279,59.263275,0.0],[17.945266,59.263298,0.0],[17.945258,59.263309,0.0],[17.945204,59.263358,0.0],[17.945143,59.263402,0.0],[17.945132,59.26341,0.0],[17.94506,59.263488,0.0],[17.945029,59.263497,0.0],[17.945016,59.263499,0.0],[17.944917,59.26354,0.0],[17.944549,59.263566,0.0],[17.944415,59.26362,0.0],[17.94417,59.263616,0.0],[17.943967,59.263697,0.0],[17.943941,59.263696,0.0],[17.943857,59.263721,0.0],[17.94384,59.263726,0.0],[17.943641,59.263819,0.0],[17.943595,59.263841,0.0],[17.943512,59.263912,0.0],[17.94351,59.263915,0.0],[17.943624,59.264023,0.0],[17.943773,59.264245,0.0],[17.943804,59.264323,0.0],[17.94381,59.264337,0.0],[17.943774,59.264394,0.0],[17.943773,59.264423,0.0],[17.943797,59.264458,0.0],[17.94371,59.264547,0.0],[17.943687,59.264549,0.0],[17.943663,59.264629,0.0],[17.943671,59.264704,0.0],[17.943642,59.264759,0.0],[17.943652,59.264916,0.0],[17.943656,59.264951,0.0],[17.943661,59.265073,0.0],[17.943661,59.265085,0.0],[17.943663,59.265106,0.0],[17.943707,59.265136,0.0],[17.943716,59.265147,0.0],[17.943775,59.265222,0.0],[17.943787,59.265238,0.0],[17.943805,59.265271,0.0],[17.943809,59.265287,0.0],[17.943826,59.265494,0.0],[17.943837,59.265503,0.0],[17.943869,59.265548,0.0],[17.943872,59.265588,0.0],[17.943883,59.265611,0.0],[17.943897,59.265635,0.0],[17.943935,59.265675,0.0],[17.943996,59.265828,0.0],[17.944002,59.265852,0.0],[17.943992,59.265892,0.0],[17.943985,59.265917,0.0],[17.94398,59.265943,0.0],[17.943972,59.265966,0.0],[17.943974,59.265993,0.0],[17.943969,59.266036,0.0],[17.943975,59.266063,0.0],[17.943989,59.266089,0.0],[17.944004,59.266118,0.0],[17.944018,59.266132,0.0],[17.944074,59.266171,0.0],[17.944101,59.266188,0.0],[17.944123,59.26621,0.0],[17.944158,59.266236,0.0],[17.944144,59.266263,0.0],[17.944131,59.266273,0.0],[17.944139,59.266312,0.0],[17.944142,59.266326,0.0],[17.944103,59.266365,0.0],[17.944075,59.26638,0.0],[17.944061,59.266389,0.0],[17.943999,59.266431,0.0],[17.943999,59.266438,0.0],[17.943969,59.266454,0.0],[17.943953,59.266462,0.0],[17.943937,59.26647,0.0],[17.943924,59.26648,0.0],[17.943902,59.266501,0.0],[17.943906,59.266526,0.0],[17.943909,59.266534,0.0],[17.943865,59.266563,0.0],[17.943839,59.266603,0.0],[17.943832,59.266618,0.0],[17.943847,59.266635,0.0],[17.943844,59.266642,0.0],[17.943826,59.266699,0.0],[17.943826,59.266711,0.0],[17.943824,59.266724,0.0],[17.943826,59.266771,0.0],[17.94383,59.266787,0.0],[17.943826,59.266795,0.0],[17.943827,59.266866,0.0],[17.943835,59.266951,0.0],[17.943842,59.266967,0.0],[17.943843,59.266981,0.0],[17.943841,59.266991,0.0],[17.94384,59.267002,0.0],[17.94384,59.267013,0.0],[17.94384,59.267025,0.0],[17.943837,59.267041999999996,0.0],[17.943839,59.267057,0.0],[17.943836,59.267069,0.0],[17.943832,59.267091,0.0],[17.943847,59.267107,0.0],[17.94385,59.267115,0.0],[17.943854,59.267126,0.0],[17.943844,59.267172,0.0],[17.943838,59.26718,0.0],[17.943836,59.267185,0.0],[17.943832,59.267215,0.0],[17.943846,59.267311,0.0],[17.943849,59.26732,0.0],[17.943854,59.267325,0.0],[17.943862,59.26742,0.0],[17.94389,59.26744,0.0],[17.943889,59.267451,0.0],[17.94389,59.26746,0.0],[17.943889,59.267461,0.0],[17.943905,59.267498,0.0],[17.943892,59.267507,0.0],[17.943896,59.267518,0.0],[17.943905,59.267531,0.0],[17.943909,59.267544,0.0],[17.943911,59.267554,0.0],[17.94391,59.267564,0.0],[17.943913,59.267567,0.0],[17.943909,59.267623,0.0],[17.943553,59.267591,0.0],[17.943222,59.267559,0.0],[17.943006,59.267521,0.0],[17.942839,59.267492,0.0],[17.9427,59.267446,0.0],[17.942617,59.267413,0.0],[17.942422,59.267366,0.0],[17.942233,59.267366,0.0],[17.941658,59.26732,0.0],[17.941359,59.267307,0.0],[17.941077,59.267307,0.0],[17.940891,59.267327,0.0],[17.940755,59.267329,0.0],[17.940542,59.267328,0.0],[17.94022,59.267287,0.0],[17.939877,59.267231,0.0],[17.939491,59.26718,0.0],[17.938582,59.267099,0.0],[17.937664,59.267033,0.0],[17.937364,59.267014,0.0],[17.936888,59.267019,0.0],[17.936441,59.267017,0.0],[17.936425,59.266999,0.0]],"type":"LineString"},"id":"vandringsleder.1562","properties":{"andrad_datum":"2023-06-26T10:08:06.007","ansvarig":null,"namn":"Domherren","omrade":"Gömmarens naturreservat","skapad_datum":null},"type":"Feature"}
 ,{"bbox":[17.904228,59.25384,17.948925,59.267655],"geometry":{"coordinates":[[17.904877,59.25873,0.0],[17.904858,59.258727,0.0],[17.904837,59.258719,0.0],[17.904823,59.25868,0.0],[17.904813,59.258611,0.0],[17.904761,59.258544,0.0],[17.904711,59.258482,0.0],[17.904688,59.258372,0.0],[17.904639,59.258299,0.0],[17.904585,59.258239,0.0],[17.904523,59.258123,0.0],[17.904449,59.258009,0.0],[17.904435,59.25798,0.0],[17.904394,59.25791,0.0],[17.904321,59.257792,0.0],[17.904289,59.257756,0.0],[17.904265,59.257678,0.0],[17.904258,59.257636,0.0],[17.904247,59.257604,0.0],[17.904253,59.257527,0.0],[17.904241,59.257451,0.0],[17.904228,59.257362,0.0],[17.90423,59.257336,0.0],[17.904269,59.257248,0.0],[17.904379,59.257169,0.0],[17.904382,59.257157,0.0],[17.904419,59.257122,0.0],[17.904464,59.25703,0.0],[17.904484,59.257024,0.0],[17.904612,59.256932,0.0],[17.904645,59.25689,0.0],[17.904682,59.256876,0.0],[17.904802,59.256876,0.0],[17.904995,59.256883,0.0],[17.905141,59.256861,0.0],[17.90522,59.256845,0.0],[17.905315,59.256831,0.0],[17.905405,59.256852,0.0],[17.905492,59.256883,0.0],[17.905607,59.256957,0.0],[17.90565,59.256962,0.0],[17.905812,59.256942,0.0],[17.905885,59.256906,0.0],[17.905921,59.256889,0.0],[17.906039,59.256832,0.0],[17.906088,59.256812,0.0],[17.906185,59.256712,0.0],[17.906269,59.256638,0.0],[17.90629,59.256621,0.0],[17.906322,59.256599,0.0],[17.906382,59.256562,0.0],[17.906497,59.256517,0.0],[17.906532,59.256444,0.0],[17.906516,59.256352,0.0],[17.90653,59.256284,0.0],[17.90651,59.256258,0.0],[17.906488,59.256178,0.0],[17.906485,59.256087,0.0],[17.906462,59.256024,0.0],[17.906304,59.255931,0.0],[17.906268,59.255916,0.0],[17.906122,59.25587,0.0],[17.906009,59.25582,0.0],[17.905894,59.255735,0.0],[17.905904,59.255672,0.0],[17.905955,59.255557,0.0],[17.906522,59.255036,0.0],[17.907013,59.254801,0.0],[17.907651,59.254724,0.0],[17.908232,59.254555,0.0],[17.908867,59.254523,0.0],[17.909115,59.254575,0.0],[17.909234,59.254584,0.0],[17.909449,59.254582,0.0],[17.909631,59.25463,0.0],[17.909657,59.254635,0.0],[17.909789,59.254688,0.0],[17.909938,59.254737,0.0],[17.910024,59.254794,0.0],[17.910043,59.254866,0.0],[17.910043,59.254927,0.0],[17.910081,59.255015,0.0],[17.910111,59.255035,0.0],[17.910244,59.255111,0.0],[17.910312,59.255163,0.0],[17.910381,59.255193,0.0],[17.910487,59.255266,0.0],[17.910584,59.255337,0.0],[17.910629,59.255399,0.0],[17.910712,59.25548,0.0],[17.910726,59.255487,0.0],[17.910798,59.255577,0.0],[17.91088,59.255661,0.0],[17.910962,59.255771,0.0],[17.911053,59.255873,0.0],[17.911079,59.255897,0.0],[17.911147,59.255965,0.0],[17.911226,59.256039,0.0],[17.911394,59.256122,0.0],[17.911516,59.256162,0.0],[17.911614,59.256226,0.0],[17.911666,59.256287,0.0],[17.911715,59.256342,0.0],[17.911752,59.256375,0.0],[17.911829,59.256444,0.0],[17.911914,59.256504,0.0],[17.911988,59.256517,0.0],[17.912047,59.256542,0.0],[17.912084,59.256573,0.0],[17.912146,59.256587,0.0],[17.912188,59.256593,0.0],[17.912226,59.256592,0.0],[17.912285,59.256604,0.0],[17.912312,59.256608,0.0],[17.912351,59.256588,0.0],[17.912365,59.256587,0.0],[17.912441,59.256605,0.0],[17.912526,59.256616,0.0],[17.912591,59.256609,0.0],[17.912711,59.256635,0.0],[17.912794,59.256638,0.0],[17.912841,59.256642,0.0],[17.913008,59.256655,0.0],[17.913154,59.256679,0.0],[17.913201,59.256676,0.0],[17.913239,59.256667,0.0],[17.913291,59.256654,0.0],[17.913347,59.256679,0.0],[17.913482,59.256749,0.0],[17.913558,59.256781,0.0],[17.913618,59.256807,0.0],[17.913758,59.256849,0.0],[17.913886,59.25686,0.0],[17.914098,59.256855,0.0],[17.91431,59.256858,0.0],[17.914527,59.256885,0.0],[17.914623,59.256894,0.0],[17.914755,59.256884,0.0],[17.914888,59.256856,0.0],[17.915029,59.256823,0.0],[17.91523,59.256801,0.0],[17.915302,59.256815,0.0],[17.915453,59.256838,0.0],[17.915606,59.256879,0.0],[17.91569,59.25689,0.0],[17.915895,59.256952,0.0],[17.916057,59.256988,0.0],[17.9162,59.257005,0.0],[17.916368,59.25701,0.0],[17.916484,59.257012,0.0],[17.916662,59.257021,0.0],[17.916826,59.256996,0.0],[17.916885,59.25698,0.0],[17.916964,59.257,0.0],[17.917049,59.25703,0.0],[17.917087,59.257056,0.0],[17.917202,59.257157,0.0],[17.917277,59.257227,0.0],[17.917305,59.257285,0.0],[17.917376,59.257373,0.0],[17.917535,59.257457,0.0],[17.917724,59.257479,0.0],[17.917869,59.257475,0.0],[17.918068,59.257493,0.0],[17.918301,59.257553,0.0],[17.918375,59.257567,0.0],[17.918507,59.257594,0.0],[17.918683,59.257599,0.0],[17.918814,59.257639,0.0],[17.918955,59.257638,0.0],[17.918979,59.257653,0.0],[17.9191,59.257687,0.0],[17.919233,59.25771,0.0],[17.919372,59.257706,0.0],[17.919565,59.257704,0.0],[17.919746,59.257721,0.0],[17.919908,59.257703,0.0],[17.920027,59.25769,0.0],[17.920042,59.257686,0.0],[17.920167,59.25764,0.0],[17.920312,59.257572,0.0],[17.920459,59.257545,0.0],[17.920515,59.257547,0.0],[17.920723,59.257568,0.0],[17.920933,59.25756,0.0],[17.921052,59.257528,0.0],[17.921277,59.257489,0.0],[17.921477,59.25743,0.0],[17.921619,59.257411,0.0],[17.921705,59.25739,0.0],[17.921786,59.25741,0.0],[17.921831,59.257393,0.0],[17.921904,59.257391,0.0],[17.92203,59.257404,0.0],[17.922188,59.257441,0.0],[17.922247,59.257472,0.0],[17.922328,59.2575,0.0],[17.922497,59.257523,0.0],[17.922628,59.257494,0.0],[17.922801,59.257431,0.0],[17.922892,59.25738,0.0],[17.922931,59.257366,0.0],[17.922919,59.257363,0.0],[17.922928,59.257365,0.0],[17.922976,59.257303,0.0],[17.923022,59.257213,0.0],[17.923104,59.257155,0.0],[17.923271,59.257083,0.0],[17.923343,59.25705,0.0],[17.92344,59.256961,0.0],[17.923435,59.256955,0.0],[17.923461,59.256926,0.0],[17.923522,59.256881,0.0],[17.923652,59.256814,0.0],[17.923688,59.256805,0.0],[17.923784,59.256786,0.0],[17.923941,59.256796,0.0],[17.924048,59.256827,0.0],[17.924184,59.256837,0.0],[17.924347,59.25681,0.0],[17.92452,59.256785,0.0],[17.924617,59.256758,0.0],[17.924662,59.256749,0.0],[17.924805,59.256685,0.0],[17.924856,59.256649,0.0],[17.924892,59.256544,0.0],[17.92493,59.256469,0.0],[17.924944,59.256444,0.0],[17.924891,59.256334,0.0],[17.924875,59.256327,0.0],[17.924846,59.256324,0.0],[17.924708,59.256268,0.0],[17.924698,59.256224,0.0],[17.924672,59.256177,0.0],[17.924613,59.256146,0.0],[17.924584,59.256086,0.0],[17.924539,59.25601,0.0],[17.92452,59.255969,0.0],[17.924471,59.255956,0.0],[17.924468,59.255892,0.0],[17.924512,59.25581,0.0],[17.924519,59.255767,0.0],[17.9245,59.255714,0.0],[17.924405,59.255643,0.0],[17.924308,59.255568,0.0],[17.924224,59.255527,0.0],[17.924099,59.255454,0.0],[17.924064,59.255448,0.0],[17.923967,59.255436,0.0],[17.923867,59.255372,0.0],[17.923851,59.255361,0.0],[17.92375,59.255309,0.0],[17.923694,59.255287,0.0],[17.923605,59.255275,0.0],[17.923501,59.25526,0.0],[17.923364,59.255241,0.0],[17.923283,59.255229,0.0],[17.923239,59.255231,0.0],[17.923191,59.255238,0.0],[17.923105,59.255225,0.0],[17.923085,59.255222,0.0],[17.922989,59.255183,0.0],[17.922925,59.255126,0.0],[17.922853,59.255104,0.0],[17.922823,59.255101,0.0],[17.922791,59.25508,0.0],[17.922752,59.255032,0.0],[17.922708,59.255003,0.0],[17.922668,59.254968,0.0],[17.922656,59.254894,0.0],[17.922714,59.254787,0.0],[17.922715,59.254761,0.0],[17.922752,59.254681,0.0],[17.922877,59.254649,0.0],[17.922925,59.254634,0.0],[17.922971,59.254601,0.0],[17.923022,59.254562,0.0],[17.923026,59.254555,0.0],[17.923037,59.254532,0.0],[17.923102,59.254487,0.0],[17.923177,59.254468,0.0],[17.92326,59.254467,0.0],[17.923372,59.254467,0.0],[17.923443,59.254483,0.0],[17.923487,59.254486,0.0],[17.92354,59.254486,0.0],[17.923603,59.254494,0.0],[17.92377,59.254513,0.0],[17.923842,59.25452,0.0],[17.92395,59.25452,0.0],[17.923976,59.254504,0.0],[17.924063,59.25448,0.0],[17.924084,59.254476,0.0],[17.924229,59.254456,0.0],[17.92436,59.2544,0.0],[17.924461,59.254375,0.0],[17.92449,59.254344,0.0],[17.924462,59.254329,0.0],[17.924531,59.254285,0.0],[17.924558,59.254248,0.0],[17.92457,59.254206,0.0],[17.924568,59.254141,0.0],[17.924644,59.254048,0.0],[17.924685,59.253981,0.0],[17.924725,59.253932,0.0],[17.924732,59.253911,0.0],[17.924735,59.253912,0.0],[17.92492,59.253868,0.0],[17.92515,59.25384,0.0],[17.925329,59.253868,0.0],[17.925441,59.253915,0.0],[17.925599,59.253993,0.0],[17.925764,59.254037,0.0],[17.926001,59.254079,0.0],[17.926303,59.254097,0.0],[17.926393,59.2541,0.0],[17.926484,59.254111,0.0],[17.926597,59.254126,0.0],[17.926793,59.254177,0.0],[17.926827,59.254192,0.0],[17.926957,59.254244,0.0],[17.927017,59.254253,0.0],[17.92715,59.25429,0.0],[17.927194,59.25434,0.0],[17.927337,59.2544,0.0],[17.927459,59.254468,0.0],[17.927561,59.254559,0.0],[17.927674,59.254647,0.0],[17.927719,59.254693,0.0],[17.927864,59.254773,0.0],[17.927909,59.254808,0.0],[17.928018,59.254867,0.0],[17.928032,59.254877,0.0],[17.928103,59.254931,0.0],[17.928215,59.255031,0.0],[17.92824,59.255049,0.0],[17.928264,59.255079,0.0],[17.928294,59.255096,0.0],[17.928382,59.255155,0.0],[17.92847,59.255228,0.0],[17.928516,59.255258,0.0],[17.928619,59.255326,0.0],[17.928748,59.255373,0.0],[17.928878,59.25546,0.0],[17.928974,59.255507,0.0],[17.929056,59.255561,0.0],[17.929162,59.255646,0.0],[17.929228,59.25573,0.0],[17.929371,59.255758,0.0],[17.929548,59.255818,0.0],[17.929735,59.255903,0.0],[17.929834,59.255967,0.0],[17.929962,59.255973,0.0],[17.930129,59.256018,0.0],[17.93018,59.256049,0.0],[17.930255,59.256117,0.0],[17.930363,59.256158,0.0],[17.930663,59.256286,0.0],[17.930678,59.256299,0.0],[17.930777,59.256339,0.0],[17.930947,59.256446,0.0],[17.931028,59.256463,0.0],[17.931152,59.256493,0.0],[17.931412,59.25656,0.0],[17.931566,59.256607,0.0],[17.931655,59.256663,0.0],[17.93178,59.256701,0.0],[17.931978,59.256721,0.0],[17.932024,59.256754,0.0],[17.932096,59.25673,0.0],[17.932165,59.256701,0.0],[17.932191,59.256692,0.0],[17.932242,59.256712,0.0],[17.932327,59.256715,0.0],[17.932363,59.256725,0.0],[17.932421,59.256713,0.0],[17.932481,59.256728,0.0],[17.93261,59.256698,0.0],[17.932762,59.256664,0.0],[17.932835,59.256708,0.0],[17.932854,59.256698,0.0],[17.932875,59.256713,0.0],[17.932908,59.256747,0.0],[17.932959,59.256772,0.0],[17.933099,59.256814,0.0],[17.933119,59.256823,0.0],[17.933179,59.256837,0.0],[17.93325,59.256852,0.0],[17.933399,59.25688,0.0],[17.933529,59.256905,0.0],[17.93355,59.256904,0.0],[17.933608,59.256899,0.0],[17.933716,59.256898,0.0],[17.933793,59.256875,0.0],[17.93388,59.256818,0.0],[17.933995,59.256781,0.0],[17.934081,59.256786,0.0],[17.934057,59.256685,0.0],[17.934044,59.256651,0.0],[17.934017,59.256624,0.0],[17.933987,59.256556,0.0],[17.933899,59.256462,0.0],[17.933836,59.256385,0.0],[17.933717,59.25629,0.0],[17.933581,59.25622,0.0],[17.933368,59.25612,0.0],[17.933322,59.256078,0.0],[17.933216,59.255962,0.0],[17.933171,59.255884,0.0],[17.933152,59.255844,0.0],[17.933026,59.25575,0.0],[17.932828,59.25565,0.0],[17.932796,59.255635,0.0],[17.932715,59.255549,0.0],[17.932678,59.255456,0.0],[17.932666,59.25537,0.0],[17.932667,59.255319,0.0],[17.932656,59.255274,0.0],[17.932553,59.255157,0.0],[17.932503,59.255053,0.0],[17.93251,59.255003,0.0],[17.932483,59.25498,0.0],[17.932453,59.254942,0.0],[17.93248,59.254893,0.0],[17.932442,59.254863,0.0],[17.932476,59.25485,0.0],[17.932543,59.254804,0.0],[17.932661,59.254763,0.0],[17.932672,59.254771,0.0],[17.932705,59.254777,0.0],[17.932782,59.254792,0.0],[17.932888,59.254798,0.0],[17.932929,59.254802,0.0],[17.933061,59.254791,0.0],[17.933283,59.254771,0.0],[17.933342,59.254735,0.0],[17.933554,59.254702,0.0],[17.933659,59.254716,0.0],[17.933864,59.254729,0.0],[17.933985,59.254703,0.0],[17.934189,59.254647,0.0],[17.934374,59.254634,0.0],[17.93443,59.254628,0.0],[17.934627,59.254632,0.0],[17.934702,59.254654,0.0],[17.934826,59.254698,0.0],[17.934972,59.254767,0.0],[17.935109,59.254803,0.0],[17.93529,59.254886,0.0],[17.935343,59.254912,0.0],[17.935497,59.255021,0.0],[17.935588,59.255168,0.0],[17.935693,59.255253,0.0],[17.935844,59.255307,0.0],[17.936079,59.255324,0.0],[17.936258,59.255334,0.0],[17.93634,59.255356,0.0],[17.936503,59.255418,0.0],[17.936636,59.255478,0.0],[17.936769,59.255572,0.0],[17.936924,59.255671,0.0],[17.936973,59.255694,0.0],[17.937105,59.255744,0.0],[17.93735,59.255798,0.0],[17.93752,59.255801,0.0],[17.937713,59.255864,0.0],[17.93791,59.255847,0.0],[17.937975,59.255864,0.0],[17.937988,59.255863,0.0],[17.938138,59.255888,0.0],[17.938413,59.255949,0.0],[17.938502,59.255945,0.0],[17.938763,59.255921,0.0],[17.938838,59.255933,0.0],[17.939094,59.256005,0.0],[17.939184,59.256016,0.0],[17.939451,59.256085,0.0],[17.939775,59.256184,0.0],[17.939932,59.256251,0.0],[17.940057,59.256301,0.0],[17.940218,59.25639,0.0],[17.940249,59.256478,0.0],[17.940254,59.256489,0.0],[17.940321,59.25656,0.0],[17.940391,59.256584,0.0],[17.940445,59.256609,0.0],[17.94053,59.256685,0.0],[17.940691,59.25674,0.0],[17.940824,59.256775,0.0],[17.940961,59.256773,0.0],[17.941115,59.256713,0.0],[17.941261,59.256632,0.0],[17.941336,59.256608,0.0],[17.941367,59.256602,0.0],[17.941444,59.256587,0.0],[17.941552,59.256516,0.0],[17.941587,59.256486,0.0],[17.941608,59.256458,0.0],[17.941725,59.256494000000004,0.0],[17.941807,59.256476,0.0],[17.941831,59.256414,0.0],[17.941843,59.256319,0.0],[17.94183,59.256291,0.0],[17.941823,59.256267,0.0],[17.941862,59.256188,0.0],[17.941905,59.25615,0.0],[17.942075,59.256082,0.0],[17.942135,59.256052,0.0],[17.942212,59.256052,0.0],[17.942277,59.256014,0.0],[17.942339,59.255999,0.0],[17.942472,59.255956,0.0],[17.942518,59.255952,0.0],[17.942567,59.255956,0.0],[17.942681,59.255952,0.0],[17.942782,59.255998,0.0],[17.94296,59.256017,0.0],[17.943142,59.25601,0.0],[17.943302,59.255976,0.0],[17.943341,59.255976,0.0],[17.943374,59.256044,0.0],[17.943403,59.2561,0.0],[17.943472,59.256175,0.0],[17.94348,59.25624,0.0],[17.943474,59.256301,0.0],[17.943472,59.256385,0.0],[17.94347,59.256434,0.0],[17.943486,59.256485,0.0],[17.943529,59.256525,0.0],[17.943613,59.256545,0.0],[17.94369,59.256553,0.0],[17.943758,59.25656,0.0],[17.943841,59.256589,0.0],[17.943969,59.256581,0.0],[17.944056,59.256547,0.0],[17.944105,59.256495,0.0],[17.944133,59.256467,0.0],[17.944205,59.256401,0.0],[17.944232,59.256362,0.0],[17.944399,59.256337,0.0],[17.944495,59.256344,0.0],[17.944597,59.256321,0.0],[17.944767,59.256298,0.0],[17.944887,59.256333,0.0],[17.944886,59.256335,0.0],[17.944957,59.256377,0.0],[17.945088,59.256446,0.0],[17.945132,59.256486,0.0],[17.945198,59.256531,0.0],[17.945314,59.256589,0.0],[17.945422,59.256652,0.0],[17.945508,59.256725,0.0],[17.945536,59.25674,0.0],[17.945633,59.256787,0.0],[17.94573,59.256817,0.0],[17.945785,59.256838,0.0],[17.94589,59.256849,0.0],[17.946025,59.256847,0.0],[17.946134,59.256842,0.0],[17.946271,59.256847,0.0],[17.946391,59.256895,0.0],[17.946528,59.256968,0.0],[17.946616,59.256983,0.0],[17.946643,59.256983,0.0],[17.946845,59.256978,0.0],[17.946826,59.257001,0.0],[17.946813,59.257026,0.0],[17.94678,59.257073,0.0],[17.946765,59.257125,0.0],[17.946944,59.25718,0.0],[17.946977,59.257249,0.0],[17.946977,59.257252,0.0],[17.947036,59.257348,0.0],[17.947074,59.257392,0.0],[17.947147,59.257479,0.0],[17.94728,59.257571,0.0],[17.947512,59.257693,0.0],[17.94757,59.257746,0.0],[17.947643,59.257795,0.0],[17.947834,59.257852,0.0],[17.94799,59.257954,0.0],[17.948134,59.258024,0.0],[17.948262,59.258107,0.0],[17.948416,59.258161,0.0],[17.94854,59.258249,0.0],[17.948687,59.258345,0.0],[17.94883,59.258432,0.0],[17.948925,59.258525,0.0],[17.948904,59.258631,0.0],[17.948795,59.258734,0.0],[17.948723,59.258794,0.0],[17.948706,59.258879,0.0],[17.948624,59.258978,0.0],[17.948626,59.259027,0.0],[17.948649,59.259146,0.0],[17.94865,59.259159,0.0],[17.948591,59.259267,0.0],[17.948567,59.259384,0.0],[17.948581,59.259419,0.0],[17.948492,59.259481,0.0],[17.948434,59.259531,0.0],[17.948414,59.259545,0.0],[17.948282,59.25964,0.0],[17.948242,59.259702,0.0],[17.948191,59.259768,0.0],[17.948132,59.259809,0.0],[17.947975,59.259901,0.0],[17.947942,59.259944,0.0],[17.947836,59.260007,0.0],[17.9477,59.260082,0.0],[17.947648,59.260131,0.0],[17.947559,59.260194,0.0],[17.947423,59.260291,0.0],[17.947299,59.260358,0.0],[17.947198,59.260406,0.0],[17.947185,59.260457,0.0],[17.947164,59.260528,0.0],[17.947184,59.260615,0.0],[17.947184,59.260626,0.0],[17.947142,59.260704,0.0],[17.947145,59.260713,0.0],[17.94713,59.260771,0.0],[17.947119,59.26081,0.0],[17.947118,59.260894,0.0],[17.947088,59.260988,0.0],[17.947026,59.261065,0.0],[17.947043,59.261125,0.0],[17.946995,59.261223,0.0],[17.946985,59.261277,0.0],[17.946897,59.261346,0.0],[17.946764,59.261491,0.0],[17.94674,59.261559,0.0],[17.946727,59.261629,0.0],[17.946708,59.261654,0.0],[17.946645,59.261722,0.0],[17.946643,59.261764,0.0],[17.946638,59.261847,0.0],[17.946626,59.261858,0.0],[17.94661,59.261914,0.0],[17.946592,59.261956,0.0],[17.94656,59.261974,0.0],[17.946491,59.26204,0.0],[17.946548,59.262117,0.0],[17.946565,59.262161,0.0],[17.946534,59.262237,0.0],[17.946525,59.262299,0.0],[17.946454,59.262401,0.0],[17.946394,59.26246,0.0],[17.946301,59.262522,0.0],[17.946255,59.262608,0.0],[17.946107,59.262712,0.0],[17.946098,59.262729,0.0],[17.946054,59.26282,0.0],[17.94596,59.262883,0.0],[17.945834,59.262949,0.0],[17.945584,59.263037,0.0],[17.945434,59.263108,0.0],[17.945328,59.263165,0.0],[17.945268,59.263208,0.0],[17.945267,59.263213,0.0],[17.945184,59.2633,0.0],[17.94511,59.263372,0.0],[17.944956,59.263459,0.0],[17.944856,59.263508,0.0],[17.94468,59.26353,0.0],[17.94452,59.263561,0.0],[17.944355,59.263585,0.0],[17.944291,59.263601,0.0],[17.944072,59.26364,0.0],[17.943958,59.263655,0.0],[17.943905,59.263675,0.0],[17.943819,59.263715,0.0],[17.943803,59.263711,0.0],[17.943662,59.263764,0.0],[17.943586,59.263803,0.0],[17.943573,59.26389,0.0],[17.943594,59.263922,0.0],[17.943597,59.264026,0.0],[17.943662,59.264113,0.0],[17.943745,59.2642,0.0],[17.94377,59.264256,0.0],[17.943766,59.264363,0.0],[17.943739,59.264414,0.0],[17.943668,59.26451,0.0],[17.943658,59.264527,0.0],[17.943627,59.264622,0.0],[17.943651,59.2647,0.0],[17.943648,59.264711,0.0],[17.943626,59.26481,0.0],[17.943638,59.264869,0.0],[17.943673,59.264961,0.0],[17.94369,59.265047,0.0],[17.943689,59.265142,0.0],[17.94373,59.265203,0.0],[17.943764,59.265299,0.0],[17.943806,59.265351,0.0],[17.943808,59.265393,0.0],[17.943815,59.265464,0.0],[17.943841,59.265494,0.0],[17.943857,59.265555,0.0],[17.943895,59.265657,0.0],[17.943892,59.265712,0.0],[17.943931,59.265771,0.0],[17.943952,59.265796,0.0],[17.943965,59.26588,0.0],[17.943946,59.265917,0.0],[17.943925,59.266003,0.0],[17.943966,59.266058,0.0],[17.944017,59.266142,0.0],[17.944097,59.266195,0.0],[17.944109,59.26629,0.0],[17.944055,59.266382,0.0],[17.943983,59.266437,0.0],[17.943884,59.26653,0.0],[17.943836,59.266652,0.0],[17.943823,59.266751,0.0],[17.943854,59.266808,0.0],[17.943843,59.266861,0.0],[17.94385,59.266886,0.0],[17.943865,59.266961,0.0],[17.943821,59.267031,0.0],[17.943808,59.26711,0.0],[17.943847,59.267183,0.0],[17.943879,59.267288,0.0],[17.9439,59.267361,0.0],[17.944132,59.267594,0.0],[17.944125,59.267655,0.0],[17.944006,59.26764,0.0],[17.943728,59.267604,0.0],[17.943522,59.267574,0.0],[17.943338,59.267544,0.0],[17.943143,59.267529,0.0],[17.942976,59.267497,0.0],[17.942753,59.267449,0.0],[17.9426,59.267417,0.0],[17.942387,59.267365,0.0],[17.94214,59.26734,0.0],[17.941865,59.267318,0.0],[17.941667,59.267302,0.0],[17.941416,59.2673,0.0],[17.941064,59.267322,0.0],[17.940693,59.267337,0.0],[17.940376,59.267301,0.0],[17.940101,59.26729,0.0],[17.939756,59.267259,0.0],[17.939509,59.267227,0.0],[17.939245,59.267191,0.0],[17.938907,59.267136,0.0],[17.938698,59.26709,0.0],[17.938517,59.267089,0.0],[17.938266,59.267066,0.0],[17.937981,59.267057,0.0],[17.93773,59.267011,0.0],[17.937493,59.267012,0.0],[17.937267,59.267012,0.0],[17.937103,59.267012,0.0],[17.936846,59.267003,0.0],[17.936539,59.267008,0.0],[17.936407,59.267015,0.0],[17.936233,59.267021,0.0],[17.936083,59.267024,0.0],[17.935745,59.267016,0.0],[17.935366,59.266951,0.0],[17.934918,59.266908,0.0],[17.934706,59.266867,0.0],[17.934606,59.266729,0.0],[17.934511,59.266574,0.0],[17.934504,59.266541,0.0],[17.934513,59.266417,0.0],[17.934522,59.266403,0.0],[17.934585,59.266284,0.0],[17.934626,59.266178,0.0],[17.934741,59.266045,0.0],[17.93484,59.265961,0.0],[17.93493,59.265895,0.0],[17.934955,59.265852,0.0],[17.935082,59.265744,0.0],[17.935141,59.265701,0.0],[17.935202,59.265628,0.0],[17.935224,59.265602,0.0],[17.935346,59.265551,0.0],[17.93552,59.265494,0.0],[17.935746,59.26541,0.0],[17.936069,59.265327,0.0],[17.936103,59.265319,0.0],[17.936299,59.265197,0.0],[17.936306,59.26518,0.0],[17.936387,59.265125,0.0],[17.936516,59.265082,0.0],[17.936539,59.265074,0.0],[17.936592,59.265045,0.0],[17.936652,59.265005,0.0],[17.936701,59.265006,0.0],[17.936724,59.265004,0.0],[17.936727,59.265003,0.0],[17.936798,59.26499,0.0],[17.936951,59.264991,0.0],[17.937196,59.264979,0.0],[17.937318,59.264983,0.0],[17.937402,59.264981,0.0],[17.937586,59.264939,0.0],[17.937733,59.264887,0.0],[17.937869,59.264814,0.0],[17.938,59.264731,0.0],[17.938053,59.26467,0.0],[17.938069,59.264657,0.0],[17.938244,59.264581,0.0],[17.938263,59.264565,0.0],[17.938327,59.264529,0.0],[17.938377,59.264497,0.0],[17.938482,59.264455,0.0],[17.938603,59.264298,0.0],[17.938601,59.264165,0.0],[17.938558,59.264073,0.0],[17.938621,59.264003,0.0],[17.938814,59.263888,0.0],[17.938851,59.263848,0.0],[17.93899,59.263734,0.0],[17.939109,59.263622,0.0],[17.93918,59.263489,0.0],[17.93921,59.26343,0.0],[17.939258,59.263384,0.0],[17.939419,59.263318,0.0],[17.939617,59.263239,0.0],[17.939833,59.263139,0.0],[17.939895,59.263075,0.0],[17.940015,59.262954,0.0],[17.940053,59.262862,0.0],[17.940221,59.262783,0.0],[17.940256,59.262758,0.0],[17.940273,59.262745,0.0],[17.9404,59.262638,0.0],[17.94048,59.262601,0.0],[17.940652,59.262528,0.0],[17.940679,59.262508,0.0],[17.940843,59.262443,0.0],[17.941051,59.262376,0.0],[17.941132,59.262341,0.0],[17.941248,59.262306,0.0],[17.941515,59.262237,0.0],[17.94157,59.262226,0.0],[17.941632,59.262228,0.0],[17.941858,59.262223,0.0],[17.941932,59.26222,0.0],[17.941961,59.262216,0.0],[17.942115,59.262203,0.0],[17.942159,59.262197,0.0],[17.942198,59.262193,0.0],[17.942377,59.262192,0.0],[17.942561,59.2622,0.0],[17.94274,59.262152,0.0],[17.94277,59.262137,0.0],[17.942909,59.262075,0.0],[17.943024,59.262041,0.0],[17.94307,59.262071,0.0],[17.943135,59.262047,0.0],[17.943354,59.26195,0.0],[17.943521,59.261886,0.0],[17.943684,59.261796,0.0],[17.943844,59.261691,0.0],[17.943865,59.261645,0.0],[17.943884,59.261559,0.0],[17.94389,59.261458,0.0],[17.943873,59.261334,0.0],[17.943833,59.26125,0.0],[17.943864,59.261211,0.0],[17.94385,59.261149,0.0],[17.943782,59.261069,0.0],[17.943708,59.260985,0.0],[17.943634,59.260877,0.0],[17.943538,59.260813,0.0],[17.943426,59.260751,0.0],[17.943311,59.260673,0.0],[17.94317,59.260598,0.0],[17.942926,59.260526,0.0],[17.942772,59.260476,0.0],[17.942607,59.260417,0.0],[17.942527,59.260383,0.0],[17.942356,59.260309,0.0],[17.94217,59.260255,0.0],[17.942053,59.260206,0.0],[17.941879,59.260148,0.0],[17.941719,59.260082,0.0],[17.941651,59.259994,0.0],[17.941574,59.259885,0.0],[17.941587,59.259823,0.0],[17.941578,59.259823,0.0],[17.941639,59.259747,0.0],[17.941735,59.259663,0.0],[17.941791,59.259611,0.0],[17.941836,59.259566,0.0],[17.94188,59.25947,0.0],[17.94188,59.25935,0.0],[17.941824,59.259267,0.0],[17.941781,59.259245,0.0],[17.941628,59.259203,0.0],[17.941481,59.25923,0.0],[17.941302,59.259257,0.0],[17.941279,59.25927,0.0],[17.941212,59.259281,0.0],[17.940983,59.259242,0.0],[17.940802,59.259199,0.0],[17.940591,59.259153,0.0],[17.940438,59.259108,0.0],[17.940224,59.259113,0.0],[17.940074,59.259078,0.0],[17.939824,59.259126,0.0],[17.939688,59.25919,0.0],[17.93957,59.259179,0.0],[17.93945,59.259177,0.0],[17.939223,59.259197,0.0],[17.938999,59.259205,0.0],[17.938772,59.259246,0.0],[17.938585,59.25925,0.0],[17.938535,59.25925,0.0],[17.938527,59.259215,0.0],[17.938561,59.259201,0.0],[17.938591,59.259177,0.0],[17.938585,59.25916,0.0],[17.9386,59.25916,0.0],[17.938586,59.259148,0.0],[17.938386,59.259086,0.0],[17.938124,59.259017,0.0],[17.937869,59.258983,0.0],[17.937607,59.258945,0.0],[17.937402,59.258913,0.0],[17.937367,59.258908,0.0],[17.937374,59.258884,0.0],[17.937412,59.258903,0.0],[17.937422,59.258902,0.0],[17.937398,59.258869,0.0],[17.937383,59.258851,0.0],[17.937314,59.258837,0.0],[17.937213,59.258801,0.0],[17.937028,59.258771,0.0],[17.936743,59.258698,0.0],[17.9366,59.258624,0.0],[17.936517,59.258538,0.0],[17.936433,59.258474,0.0],[17.936256,59.258418,0.0],[17.936129,59.258396,0.0],[17.936082,59.258354,0.0],[17.93607,59.258344,0.0],[17.935933,59.258287,0.0],[17.935784,59.25823,0.0],[17.935773,59.25822,0.0],[17.935636,59.258163,0.0],[17.935559,59.258125,0.0],[17.9355,59.258096,0.0],[17.935494,59.25809,0.0],[17.935469,59.258049,0.0],[17.935363,59.258037,0.0],[17.935222,59.257959,0.0],[17.935032,59.257914,0.0],[17.934945,59.257867,0.0],[17.934774,59.257785,0.0],[17.934612,59.257802,0.0],[17.934611,59.257802,0.0],[17.934483,59.257791,0.0],[17.934467,59.257796,0.0],[17.934442,59.257803,0.0],[17.934388,59.257817,0.0],[17.9343,59.257865,0.0],[17.934291,59.257886,0.0],[17.934233,59.257917,0.0],[17.93422,59.257995,0.0],[17.934229,59.258015,0.0],[17.934271,59.258052,0.0],[17.934351,59.258104,0.0],[17.934393,59.258164,0.0],[17.934469,59.258233,0.0],[17.934531,59.258284,0.0],[17.934596,59.258382,0.0],[17.934626,59.258457,0.0],[17.93468,59.25852,0.0],[17.93476,59.258622,0.0],[17.934803,59.258706,0.0],[17.934819,59.258802,0.0],[17.934812,59.258883,0.0],[17.934741,59.258992,0.0],[17.934683,59.259124,0.0],[17.934695,59.259232,0.0],[17.934758,59.259326,0.0],[17.934773,59.259305,0.0],[17.934768,59.259302,0.0],[17.934777,59.259278,0.0],[17.934823,59.259331,0.0],[17.93482,59.259386,0.0],[17.934807,59.259482,0.0],[17.93477,59.259597,0.0],[17.934777,59.259613,0.0],[17.934788,59.25966,0.0],[17.93467,59.25967,0.0],[17.934518,59.259704,0.0],[17.934339,59.259721,0.0],[17.934157,59.259736,0.0],[17.934102,59.259744,0.0],[17.934071,59.259764,0.0],[17.933971,59.259785,0.0],[17.933864,59.259815,0.0],[17.933752,59.259834,0.0],[17.933612,59.259876,0.0],[17.933501,59.259933,0.0],[17.933492,59.259938,0.0],[17.933437,59.259955,0.0],[17.933274,59.259956,0.0],[17.933182,59.259915,0.0],[17.933096,59.259889,0.0],[17.932922,59.259851,0.0],[17.932839,59.25985,0.0],[17.932766,59.259861,0.0],[17.932748,59.259867,0.0],[17.932672,59.259901,0.0],[17.932628,59.259917,0.0],[17.93254,59.25993,0.0],[17.932358,59.259927,0.0],[17.932237,59.259945,0.0],[17.932144,59.259976,0.0],[17.932039,59.259971,0.0],[17.931857,59.259973,0.0],[17.93175,59.259982,0.0],[17.931636,59.259963,0.0],[17.931472,59.259975,0.0],[17.931268,59.2599,0.0],[17.931091,59.259853,0.0],[17.930995,59.259819,0.0],[17.930852,59.259783,0.0],[17.9308,59.259769,0.0],[17.930668,59.259705,0.0],[17.930628,59.259679,0.0],[17.930588,59.259643,0.0],[17.930531,59.25957,0.0],[17.930414,59.259516,0.0],[17.930373,59.259509,0.0],[17.930182,59.259461,0.0],[17.930139,59.259461,0.0],[17.929995,59.259409,0.0],[17.929876,59.25937,0.0],[17.929807,59.259344,0.0],[17.929671,59.259287,0.0],[17.9296,59.259278,0.0],[17.929424,59.259248,0.0],[17.929307,59.259219,0.0],[17.929188,59.259197,0.0],[17.929129,59.259187,0.0],[17.929075,59.259179,0.0],[17.928997,59.259156,0.0],[17.928918,59.259097,0.0],[17.928875,59.259052,0.0],[17.928722,59.259018,0.0],[17.928665,59.259017,0.0],[17.928529,59.258979,0.0],[17.928464,59.258939,0.0],[17.928434,59.25889,0.0],[17.928438,59.258836,0.0],[17.928457,59.258784,0.0],[17.928442,59.258719,0.0],[17.928359,59.258643,0.0],[17.928247,59.258553,0.0],[17.928191,59.258525,0.0],[17.928172,59.258499,0.0],[17.928104,59.258416,0.0],[17.928041,59.258309,0.0],[17.927981,59.258222,0.0],[17.927954,59.258122,0.0],[17.927904,59.258041,0.0],[17.927895,59.257999,0.0],[17.927839,59.257918,0.0],[17.927781,59.257836,0.0],[17.927762,59.257819,0.0],[17.927721,59.257785,0.0],[17.927709,59.257787,0.0],[17.927671,59.25779,0.0],[17.927654,59.25779,0.0],[17.927638,59.257798,0.0],[17.927543,59.257841,0.0],[17.92752,59.257853,0.0],[17.927453,59.257892,0.0],[17.927292,59.257916,0.0],[17.927203,59.257936,0.0],[17.927105,59.257916,0.0],[17.927001,59.257911,0.0],[17.926839,59.257899,0.0],[17.926677,59.257886,0.0],[17.926541,59.257891,0.0],[17.926388,59.257882,0.0],[17.926188,59.257846,0.0],[17.92605,59.257789,0.0],[17.925908,59.257737,0.0],[17.92583,59.257702,0.0],[17.925754,59.257615,0.0],[17.925691,59.257576,0.0],[17.925543,59.257531,0.0],[17.925439,59.257492,0.0],[17.925411,59.257489,0.0],[17.925402,59.257481,0.0],[17.925247,59.257461,0.0],[17.92511,59.257441,0.0],[17.925012,59.257456,0.0],[17.924908,59.25745,0.0],[17.924869,59.257439,0.0],[17.924719,59.257436,0.0],[17.92461,59.257434,0.0],[17.924451,59.257429,0.0],[17.924371,59.257443,0.0],[17.924234,59.257499,0.0],[17.9242,59.25751,0.0],[17.924137,59.257568,0.0],[17.924024,59.257589,0.0],[17.923994,59.2576,0.0],[17.923889,59.257636,0.0],[17.923809,59.257652,0.0],[17.923731,59.257666,0.0],[17.923589,59.25773,0.0],[17.923488,59.257757,0.0],[17.92335,59.257775,0.0],[17.923277,59.257798,0.0],[17.923252,59.257838,0.0],[17.923162,59.257902,0.0],[17.923117,59.257929,0.0],[17.923018,59.257991,0.0],[17.922991,59.258024,0.0],[17.922875,59.25809,0.0],[17.922787,59.258143,0.0],[17.922736,59.258166,0.0],[17.922661,59.258187,0.0],[17.922596,59.258203,0.0],[17.922421,59.258211,0.0],[17.922177,59.258227,0.0],[17.922126,59.258239,0.0],[17.922012,59.258252,0.0],[17.921859,59.258263,0.0],[17.921724,59.25828,0.0],[17.921584,59.258285,0.0],[17.921397,59.25831,0.0],[17.921177,59.258331,0.0],[17.92108,59.258326,0.0],[17.920933,59.258343,0.0],[17.920841,59.258376,0.0],[17.920649,59.258412,0.0],[17.920473,59.25848,0.0],[17.920439,59.258485,0.0],[17.920296,59.258517,0.0],[17.920226,59.258574,0.0],[17.920164,59.25865,0.0],[17.920065,59.258708,0.0],[17.920056,59.258712,0.0],[17.919957,59.258767,0.0],[17.91992,59.258782,0.0],[17.919812,59.258839,0.0],[17.919789,59.25885,0.0],[17.919748,59.258902,0.0],[17.919686,59.258936,0.0],[17.919647,59.258946,0.0],[17.91954,59.258955,0.0],[17.919468,59.258978,0.0],[17.919378,59.258981,0.0],[17.919261,59.259009,0.0],[17.919153,59.259027,0.0],[17.919001,59.259024,0.0],[17.918864,59.259041,0.0],[17.918759,59.259033,0.0],[17.918706,59.259042,0.0],[17.918627999999998,59.259055,0.0],[17.91861,59.259058,0.0],[17.918473,59.259102,0.0],[17.918402,59.259134,0.0],[17.918332,59.259174,0.0],[17.91828,59.259207,0.0],[17.918196,59.259305,0.0],[17.91808,59.259366,0.0],[17.917955,59.259389,0.0],[17.91775,59.259387,0.0],[17.917659,59.259382,0.0],[17.917534,59.259334,0.0],[17.91745,59.259288,0.0],[17.91743,59.25927,0.0],[17.917399,59.259244,0.0],[17.91733,59.259213,0.0],[17.917294,59.259173,0.0],[17.917265,59.259135,0.0],[17.91726,59.259129,0.0],[17.917237,59.259111,0.0],[17.917183,59.259033,0.0],[17.917182,59.25895,0.0],[17.917181,59.258886,0.0],[17.917098,59.258833,0.0],[17.916953,59.258808,0.0],[17.916901,59.25879,0.0],[17.916817,59.258753,0.0],[17.916667,59.258697,0.0],[17.916602,59.258694,0.0],[17.916458,59.25865,0.0],[17.916371,59.258618,0.0],[17.916355,59.258606,0.0],[17.916211,59.258492,0.0],[17.916035,59.258387,0.0],[17.915966,59.258315,0.0],[17.915956,59.258302,0.0],[17.915886,59.258237,0.0],[17.915831,59.258187,0.0],[17.915736,59.258109,0.0],[17.915571,59.258078,0.0],[17.915526,59.258084,0.0],[17.915374,59.258104,0.0],[17.915217,59.25809,0.0],[17.915024,59.258077,0.0],[17.914794,59.25809,0.0],[17.914641,59.258118,0.0],[17.914436,59.25817,0.0],[17.914349,59.258191,0.0],[17.914192,59.258218,0.0],[17.913994,59.258233,0.0],[17.913852,59.258245,0.0],[17.913622,59.258251,0.0],[17.91357,59.258252,0.0],[17.913336,59.258238,0.0],[17.913293,59.258256,0.0],[17.913121,59.258279,0.0],[17.913065,59.258277,0.0],[17.912983,59.258283,0.0],[17.912734,59.258323,0.0],[17.912616,59.258352,0.0],[17.912582,59.258359,0.0],[17.912464,59.258413,0.0],[17.912392,59.258502,0.0],[17.912237,59.258605,0.0],[17.912143,59.258696,0.0],[17.91202,59.258787,0.0],[17.912043,59.258862,0.0],[17.912046,59.258882,0.0],[17.912024,59.25894,0.0],[17.912065,59.258986,0.0],[17.912103,59.259095,0.0],[17.912163,59.259154,0.0],[17.912156,59.259218,0.0],[17.912174,59.259292,0.0],[17.912196,59.259332,0.0],[17.91221,59.259421,0.0],[17.912246,59.259489,0.0],[17.912223,59.259529,0.0],[17.912132,59.259527,0.0],[17.912078,59.259552,0.0],[17.912061,59.259614,0.0],[17.912015,59.259681,0.0],[17.911903,59.259737,0.0],[17.911783,59.259799,0.0],[17.911804,59.259815,0.0],[17.911696,59.259819,0.0],[17.911591,59.259821,0.0],[17.911388,59.259816,0.0],[17.911224,59.259812,0.0],[17.911174,59.259806,0.0],[17.910984,59.259742,0.0],[17.910871,59.259676,0.0],[17.910679,59.259621,0.0],[17.910531,59.259577,0.0],[17.910368,59.259533,0.0],[17.910214,59.259493,0.0],[17.910109,59.259468,0.0],[17.909881,59.259462,0.0],[17.909748,59.259489,0.0],[17.909531,59.259449,0.0],[17.909383,59.259416,0.0],[17.909275,59.259382,0.0],[17.909114,59.259334,0.0],[17.909,59.259271,0.0],[17.908894,59.259235,0.0],[17.908646,59.259151,0.0],[17.908444,59.25909,0.0],[17.908306,59.259044,0.0],[17.908144,59.25901,0.0],[17.908006,59.258995,0.0],[17.907756,59.258958,0.0],[17.907596,59.25895,0.0],[17.907441,59.258874,0.0],[17.907371,59.258791,0.0],[17.907131,59.258704,0.0],[17.907031,59.258698,0.0],[17.906854,59.25871,0.0],[17.906686,59.258741,0.0],[17.906554,59.258768,0.0],[17.906354,59.258769,0.0],[17.906245,59.258767,0.0],[17.906162,59.2588,0.0],[17.90609,59.258824,0.0],[17.905951,59.258824,0.0],[17.905809,59.258827,0.0],[17.905705,59.258816,0.0],[17.905677,59.258808,0.0],[17.905504,59.258824,0.0],[17.90539,59.258797,0.0],[17.905204,59.258783,0.0],[17.905048,59.25879,0.0],[17.904949,59.258767,0.0],[17.904905,59.258734,0.0],[17.904881,59.258731,0.0]],"type":"LineString"},"id":"vandringsleder.1563","properties":{"andrad_datum":"2023-06-26T10:04:34.087","ansvarig":null,"namn":"Grönfinken","omrade":"Gömmarens naturreservat","skapad_datum":null},"type":"Feature"}
 ,{"bbox":[17.932442,59.254628,17.948925,59.267619],"geometry":{"coordinates":[[17.943928,59.267619,0.0],[17.943865,59.267356,0.0],[17.943879,59.267288,0.0],[17.943847,59.267183,0.0],[17.943808,59.26711,0.0],[17.943821,59.267031,0.0],[17.943865,59.266961,0.0],[17.94385,59.266886,0.0],[17.943843,59.266861,0.0],[17.943854,59.266808,0.0],[17.943823,59.266751,0.0],[17.943836,59.266652,0.0],[17.943884,59.26653,0.0],[17.943983,59.266437,0.0],[17.944055,59.266382,0.0],[17.944109,59.26629,0.0],[17.944097,59.266195,0.0],[17.944017,59.266142,0.0],[17.943966,59.266058,0.0],[17.943925,59.266003,0.0],[17.943946,59.265917,0.0],[17.943965,59.26588,0.0],[17.943952,59.265796,0.0],[17.943931,59.265771,0.0],[17.943892,59.265712,0.0],[17.943895,59.265657,0.0],[17.943857,59.265555,0.0],[17.943841,59.265494,0.0],[17.943815,59.265464,0.0],[17.943808,59.265393,0.0],[17.943806,59.265351,0.0],[17.943764,59.265299,0.0],[17.94373,59.265203,0.0],[17.943689,59.265142,0.0],[17.94369,59.265047,0.0],[17.943673,59.264961,0.0],[17.943638,59.264869,0.0],[17.943626,59.26481,0.0],[17.943648,59.264711,0.0],[17.943651,59.2647,0.0],[17.943627,59.264622,0.0],[17.943658,59.264527,0.0],[17.943668,59.26451,0.0],[17.943739,59.264414,0.0],[17.943766,59.264363,0.0],[17.94377,59.264256,0.0],[17.943745,59.2642,0.0],[17.943662,59.264113,0.0],[17.943597,59.264026,0.0],[17.943594,59.263922,0.0],[17.943573,59.26389,0.0],[17.943586,59.263803,0.0],[17.943662,59.263764,0.0],[17.943803,59.263711,0.0],[17.943819,59.263715,0.0],[17.943905,59.263675,0.0],[17.943958,59.263655,0.0],[17.944072,59.26364,0.0],[17.944291,59.263601,0.0],[17.944355,59.263585,0.0],[17.94452,59.263561,0.0],[17.94468,59.26353,0.0],[17.944856,59.263508,0.0],[17.944956,59.263459,0.0],[17.94511,59.263372,0.0],[17.945184,59.2633,0.0],[17.945267,59.263213,0.0],[17.945268,59.263208,0.0],[17.945328,59.263165,0.0],[17.945434,59.263108,0.0],[17.945584,59.263037,0.0],[17.945834,59.262949,0.0],[17.94596,59.262883,0.0],[17.946054,59.26282,0.0],[17.946098,59.262729,0.0],[17.946107,59.262712,0.0],[17.946255,59.262608,0.0],[17.946301,59.262522,0.0],[17.946394,59.26246,0.0],[17.946454,59.262401,0.0],[17.946525,59.262299,0.0],[17.946534,59.262237,0.0],[17.946565,59.262161,0.0],[17.946548,59.262117,0.0],[17.946491,59.26204,0.0],[17.94656,59.261974,0.0],[17.946592,59.261956,0.0],[17.94661,59.261914,0.0],[17.946626,59.261858,0.0],[17.946638,59.261847,0.0],[17.946643,59.261764,0.0],[17.946645,59.261722,0.0],[17.946708,59.261654,0.0],[17.946727,59.261629,0.0],[17.94674,59.261559,0.0],[17.946764,59.261491,0.0],[17.946897,59.261346,0.0],[17.946985,59.261277,0.0],[17.946995,59.261223,0.0],[17.947043,59.261125,0.0],[17.947026,59.261065,0.0],[17.947088,59.260988,0.0],[17.947118,59.260894,0.0],[17.947119,59.26081,0.0],[17.94713,59.260771,0.0],[17.947145,59.260713,0.0],[17.947142,59.260704,0.0],[17.947184,59.260626,0.0],[17.947184,59.260615,0.0],[17.947164,59.260528,0.0],[17.947185,59.260457,0.0],[17.947198,59.260406,0.0],[17.947299,59.260358,0.0],[17.947423,59.260291,0.0],[17.947559,59.260194,0.0],[17.947648,59.260131,0.0],[17.9477,59.260082,0.0],[17.947836,59.260007,0.0],[17.947942,59.259944,0.0],[17.947975,59.259901,0.0],[17.948132,59.259809,0.0],[17.948191,59.259768,0.0],[17.948242,59.259702,0.0],[17.948282,59.25964,0.0],[17.948414,59.259545,0.0],[17.948434,59.259531,0.0],[17.948492,59.259481,0.0],[17.948581,59.259419,0.0],[17.948567,59.259384,0.0],[17.948591,59.259267,0.0],[17.94865,59.259159,0.0],[17.948649,59.259146,0.0],[17.948626,59.259027,0.0],[17.948624,59.258978,0.0],[17.948706,59.258879,0.0],[17.948723,59.258794,0.0],[17.948795,59.258734,0.0],[17.948904,59.258631,0.0],[17.948925,59.258525,0.0],[17.94883,59.258432,0.0],[17.948687,59.258345,0.0],[17.94854,59.258249,0.0],[17.948416,59.258161,0.0],[17.948262,59.258107,0.0],[17.948134,59.258024,0.0],[17.94799,59.257954,0.0],[17.947834,59.257852,0.0],[17.947643,59.257795,0.0],[17.94757,59.257746,0.0],[17.947512,59.257693,0.0],[17.94728,59.257571,0.0],[17.947147,59.257479,0.0],[17.947074,59.257392,0.0],[17.947036,59.257348,0.0],[17.946977,59.257252,0.0],[17.946977,59.257249,0.0],[17.946944,59.25718,0.0],[17.946765,59.257125,0.0],[17.94678,59.257073,0.0],[17.946813,59.257026,0.0],[17.946826,59.257001,0.0],[17.946845,59.256978,0.0],[17.946643,59.256983,0.0],[17.946616,59.256983,0.0],[17.946528,59.256968,0.0],[17.946391,59.256895,0.0],[17.946271,59.256847,0.0],[17.946134,59.256842,0.0],[17.946025,59.256847,0.0],[17.94589,59.256849,0.0],[17.945785,59.256838,0.0],[17.94573,59.256817,0.0],[17.945633,59.256787,0.0],[17.945536,59.25674,0.0],[17.945508,59.256725,0.0],[17.945422,59.256652,0.0],[17.945314,59.256589,0.0],[17.945198,59.256531,0.0],[17.945132,59.256486,0.0],[17.945088,59.256446,0.0],[17.944957,59.256377,0.0],[17.944886,59.256335,0.0],[17.944887,59.256333,0.0],[17.944767,59.256298,0.0],[17.944597,59.256321,0.0],[17.944495,59.256344,0.0],[17.944479,59.256369,0.0],[17.944399,59.256337,0.0],[17.944232,59.256362,0.0],[17.944205,59.256401,0.0],[17.944133,59.256467,0.0],[17.944105,59.256495,0.0],[17.944056,59.256547,0.0],[17.943969,59.256581,0.0],[17.943841,59.256589,0.0],[17.943758,59.25656,0.0],[17.943699,59.256541,0.0],[17.94369,59.256553,0.0],[17.943613,59.256545,0.0],[17.943529,59.256525,0.0],[17.943486,59.256485,0.0],[17.94347,59.256434,0.0],[17.943472,59.256385,0.0],[17.943474,59.256301,0.0],[17.94348,59.25624,0.0],[17.943472,59.256175,0.0],[17.943403,59.2561,0.0],[17.943374,59.256044,0.0],[17.943341,59.255976,0.0],[17.943302,59.255976,0.0],[17.943142,59.25601,0.0],[17.94296,59.256017,0.0],[17.942782,59.255998,0.0],[17.942681,59.255952,0.0],[17.942567,59.255956,0.0],[17.942518,59.255952,0.0],[17.942472,59.255956,0.0],[17.942339,59.255999,0.0],[17.942277,59.256014,0.0],[17.942212,59.256052,0.0],[17.942135,59.256052,0.0],[17.942075,59.256082,0.0],[17.941905,59.25615,0.0],[17.941862,59.256188,0.0],[17.941823,59.256267,0.0],[17.94183,59.256291,0.0],[17.941843,59.256319,0.0],[17.941831,59.256414,0.0],[17.941807,59.256476,0.0],[17.941725,59.256494000000004,0.0],[17.941608,59.256458,0.0],[17.941587,59.256486,0.0],[17.941552,59.256516,0.0],[17.941444,59.256587,0.0],[17.941367,59.256602,0.0],[17.941336,59.256608,0.0],[17.941261,59.256632,0.0],[17.941115,59.256713,0.0],[17.940961,59.256773,0.0],[17.940824,59.256775,0.0],[17.940691,59.25674,0.0],[17.94053,59.256685,0.0],[17.940445,59.256609,0.0],[17.940391,59.256584,0.0],[17.940321,59.25656,0.0],[17.940254,59.256489,0.0],[17.940249,59.256478,0.0],[17.940218,59.25639,0.0],[17.940057,59.256301,0.0],[17.939932,59.256251,0.0],[17.939775,59.256184,0.0],[17.939451,59.256085,0.0],[17.939184,59.256016,0.0],[17.939094,59.256005,0.0],[17.938838,59.255933,0.0],[17.938763,59.255921,0.0],[17.938502,59.255945,0.0],[17.938413,59.255949,0.0],[17.938138,59.255888,0.0],[17.937988,59.255863,0.0],[17.937975,59.255864,0.0],[17.93791,59.255847,0.0],[17.937713,59.255864,0.0],[17.93752,59.255801,0.0],[17.93735,59.255798,0.0],[17.937105,59.255744,0.0],[17.936973,59.255694,0.0],[17.936924,59.255671,0.0],[17.936769,59.255572,0.0],[17.936636,59.255478,0.0],[17.936503,59.255418,0.0],[17.93634,59.255356,0.0],[17.936258,59.255334,0.0],[17.936079,59.255324,0.0],[17.935844,59.255307,0.0],[17.935693,59.255253,0.0],[17.935588,59.255168,0.0],[17.935497,59.255021,0.0],[17.935343,59.254912,0.0],[17.93529,59.254886,0.0],[17.935109,59.254803,0.0],[17.934972,59.254767,0.0],[17.934826,59.254698,0.0],[17.934702,59.254654,0.0],[17.934627,59.254632,0.0],[17.93443,59.254628,0.0],[17.934374,59.254634,0.0],[17.934189,59.254647,0.0],[17.933985,59.254703,0.0],[17.933864,59.254729,0.0],[17.933659,59.254716,0.0],[17.933554,59.254702,0.0],[17.933342,59.254735,0.0],[17.933283,59.254771,0.0],[17.933061,59.254791,0.0],[17.932929,59.254802,0.0],[17.932888,59.254798,0.0],[17.932782,59.254792,0.0],[17.932705,59.254777,0.0],[17.932672,59.254771,0.0],[17.932661,59.254763,0.0],[17.932543,59.254804,0.0],[17.932476,59.25485,0.0],[17.932442,59.254863,0.0],[17.93248,59.254893,0.0],[17.932453,59.254942,0.0],[17.932483,59.25498,0.0],[17.93251,59.255003,0.0],[17.932503,59.255053,0.0],[17.932553,59.255157,0.0],[17.932656,59.255274,0.0],[17.932667,59.255319,0.0],[17.932666,59.25537,0.0],[17.932678,59.255456,0.0],[17.932715,59.255549,0.0],[17.932796,59.255635,0.0],[17.932828,59.25565,0.0],[17.933026,59.25575,0.0],[17.933152,59.255844,0.0],[17.933171,59.255884,0.0],[17.933216,59.255962,0.0],[17.933322,59.256078,0.0],[17.933368,59.25612,0.0],[17.933581,59.25622,0.0],[17.933717,59.25629,0.0],[17.933836,59.256385,0.0],[17.933899,59.256462,0.0],[17.933987,59.256556,0.0],[17.934017,59.256624,0.0],[17.934044,59.256651,0.0],[17.934057,59.256685,0.0],[17.934108,59.256793,0.0],[17.934191,59.256876,0.0],[17.934221,59.256961,0.0],[17.934196,59.257022,0.0],[17.934211,59.257105,0.0],[17.934198,59.257133,0.0],[17.934213,59.25724,0.0],[17.934185,59.257282,0.0],[17.934171,59.25732,0.0],[17.934186,59.257326,0.0],[17.934209,59.257391,0.0],[17.934207,59.25744,0.0],[17.934183,59.257487,0.0],[17.93412,59.257537,0.0],[17.934121,59.257545,0.0],[17.934135,59.257568,0.0],[17.934148,59.257589,0.0],[17.934223,59.257639,0.0],[17.934352,59.257693,0.0],[17.934515,59.257734,0.0],[17.93469,59.257772,0.0],[17.934774,59.257785,0.0],[17.934945,59.257867,0.0],[17.935032,59.257914,0.0],[17.935222,59.257959,0.0],[17.935363,59.258037,0.0],[17.935469,59.258049,0.0],[17.935494,59.25809,0.0],[17.9355,59.258096,0.0],[17.935559,59.258125,0.0],[17.935636,59.258163,0.0],[17.935773,59.25822,0.0],[17.935784,59.25823,0.0],[17.935933,59.258287,0.0],[17.93607,59.258344,0.0],[17.936082,59.258354,0.0],[17.936129,59.258396,0.0],[17.936256,59.258418,0.0],[17.936433,59.258474,0.0],[17.936517,59.258538,0.0],[17.9366,59.258624,0.0],[17.936743,59.258698,0.0],[17.937028,59.258771,0.0],[17.937213,59.258801,0.0],[17.937314,59.258837,0.0],[17.937383,59.258851,0.0],[17.937398,59.258869,0.0],[17.937422,59.258902,0.0],[17.937412,59.258903,0.0],[17.937374,59.258884,0.0],[17.937367,59.258908,0.0],[17.937402,59.258913,0.0],[17.937607,59.258945,0.0],[17.937869,59.258983,0.0],[17.938124,59.259017,0.0],[17.938386,59.259086,0.0],[17.938586,59.259148,0.0],[17.9386,59.25916,0.0],[17.938585,59.25916,0.0],[17.938591,59.259177,0.0],[17.938561,59.259201,0.0],[17.938527,59.259215,0.0],[17.938535,59.25925,0.0],[17.938585,59.25925,0.0],[17.938772,59.259246,0.0],[17.938999,59.259205,0.0],[17.939223,59.259197,0.0],[17.93945,59.259177,0.0],[17.93957,59.259179,0.0],[17.939688,59.25919,0.0],[17.939824,59.259126,0.0],[17.940074,59.259078,0.0],[17.940224,59.259113,0.0],[17.940438,59.259108,0.0],[17.940591,59.259153,0.0],[17.940802,59.259199,0.0],[17.940983,59.259242,0.0],[17.941212,59.259281,0.0],[17.941279,59.25927,0.0],[17.941302,59.259257,0.0],[17.941481,59.25923,0.0],[17.941628,59.259203,0.0],[17.941781,59.259245,0.0],[17.941824,59.259267,0.0],[17.94188,59.25935,0.0],[17.94188,59.25947,0.0],[17.941836,59.259566,0.0],[17.941791,59.259611,0.0],[17.941735,59.259663,0.0],[17.941639,59.259747,0.0],[17.941578,59.259823,0.0],[17.941587,59.259823,0.0],[17.941574,59.259885,0.0],[17.941651,59.259994,0.0],[17.941719,59.260082,0.0],[17.941879,59.260148,0.0],[17.942053,59.260206,0.0],[17.94217,59.260255,0.0],[17.942356,59.260309,0.0],[17.942527,59.260383,0.0],[17.942607,59.260417,0.0],[17.942772,59.260476,0.0],[17.942926,59.260526,0.0],[17.94317,59.260598,0.0],[17.943311,59.260673,0.0],[17.943426,59.260751,0.0],[17.943538,59.260813,0.0],[17.943634,59.260877,0.0],[17.943708,59.260985,0.0],[17.943782,59.261069,0.0],[17.94385,59.261149,0.0],[17.943864,59.261211,0.0],[17.943833,59.26125,0.0],[17.943873,59.261334,0.0],[17.94389,59.261458,0.0],[17.943884,59.261559,0.0],[17.943865,59.261645,0.0],[17.943844,59.261691,0.0],[17.943684,59.261796,0.0],[17.943521,59.261886,0.0],[17.943354,59.26195,0.0],[17.943135,59.262047,0.0],[17.94307,59.262071,0.0],[17.942909,59.262075,0.0],[17.94277,59.262137,0.0],[17.94274,59.262152,0.0],[17.942561,59.2622,0.0],[17.942377,59.262192,0.0],[17.942198,59.262193,0.0],[17.942159,59.262197,0.0],[17.942115,59.262203,0.0],[17.941961,59.262216,0.0],[17.941932,59.26222,0.0],[17.941858,59.262223,0.0],[17.941632,59.262228,0.0],[17.94157,59.262226,0.0],[17.941515,59.262237,0.0],[17.941248,59.262306,0.0],[17.941132,59.262341,0.0],[17.941051,59.262376,0.0],[17.940843,59.262443,0.0],[17.940679,59.262508,0.0],[17.940652,59.262528,0.0],[17.94048,59.262601,0.0],[17.9404,59.262638,0.0],[17.940273,59.262745,0.0],[17.940256,59.262758,0.0],[17.940221,59.262783,0.0],[17.940053,59.262862,0.0],[17.940015,59.262954,0.0],[17.939895,59.263075,0.0],[17.939833,59.263139,0.0],[17.939617,59.263239,0.0],[17.939419,59.263318,0.0],[17.939258,59.263384,0.0],[17.93921,59.26343,0.0],[17.93918,59.263489,0.0],[17.939109,59.263622,0.0],[17.93899,59.263734,0.0],[17.938851,59.263848,0.0],[17.938814,59.263888,0.0],[17.938621,59.264003,0.0],[17.938558,59.264073,0.0],[17.938601,59.264165,0.0],[17.938603,59.264298,0.0],[17.938482,59.264455,0.0],[17.938377,59.264497,0.0],[17.938327,59.264529,0.0],[17.938263,59.264565,0.0],[17.938244,59.264581,0.0],[17.938069,59.264657,0.0],[17.938053,59.26467,0.0],[17.938,59.264731,0.0],[17.937869,59.264814,0.0],[17.937733,59.264887,0.0],[17.937586,59.264939,0.0],[17.937402,59.264981,0.0],[17.937318,59.264983,0.0],[17.937196,59.264979,0.0],[17.936951,59.264991,0.0],[17.936798,59.26499,0.0],[17.936727,59.265003,0.0],[17.936724,59.265004,0.0],[17.936701,59.265006,0.0],[17.936652,59.265005,0.0],[17.936592,59.265045,0.0],[17.936539,59.265074,0.0],[17.936516,59.265082,0.0],[17.936387,59.265125,0.0],[17.936306,59.26518,0.0],[17.936299,59.265197,0.0],[17.936103,59.265319,0.0],[17.936069,59.265327,0.0],[17.935746,59.26541,0.0],[17.93552,59.265494,0.0],[17.935346,59.265551,0.0],[17.935224,59.265602,0.0],[17.935202,59.265628,0.0],[17.935141,59.265701,0.0],[17.935082,59.265744,0.0],[17.934955,59.265852,0.0],[17.93493,59.265895,0.0],[17.93484,59.265961,0.0],[17.934741,59.266045,0.0],[17.934626,59.266178,0.0],[17.934585,59.266284,0.0],[17.934522,59.266403,0.0],[17.934513,59.266417,0.0],[17.934504,59.266541,0.0],[17.934511,59.266574,0.0],[17.934606,59.266729,0.0],[17.934706,59.266867,0.0],[17.934918,59.266908,0.0],[17.935366,59.266951,0.0],[17.935745,59.267016,0.0],[17.936059,59.267029,0.0],[17.936239,59.267034,0.0],[17.936481,59.26702,0.0],[17.936601,59.267016,0.0],[17.936911,59.267021,0.0],[17.937212,59.267008,0.0],[17.937565,59.267034,0.0],[17.937884,59.267048,0.0],[17.938091,59.267057,0.0],[17.938289,59.267074,0.0],[17.938409,59.267092,0.0],[17.938711,59.267105,0.0],[17.938935,59.267136,0.0],[17.939055,59.267141,0.0],[17.939219,59.26715,0.0],[17.939391,59.267163,0.0],[17.939632,59.267194,0.0],[17.939813,59.26722,0.0],[17.939994,59.267247,0.0],[17.9402,59.267287,0.0],[17.940415,59.267309,0.0],[17.940562,59.267331,0.0],[17.940725,59.26734,0.0],[17.940898,59.267331,0.0],[17.941001,59.267318,0.0],[17.941113,59.267314,0.0],[17.941328,59.2673,0.0],[17.941509,59.267314,0.0],[17.941724,59.267331,0.0],[17.941965,59.267349,0.0],[17.942198,59.267376,0.0],[17.942465,59.267389,0.0],[17.94268,59.267451,0.0],[17.942947,59.267513,0.0],[17.943179,59.267557,0.0],[17.943317,59.267575,0.0],[17.943575,59.267601,0.0],[17.943747,59.267606,0.0],[17.943851,59.267619,0.0],[17.943928,59.267619,0.0]],"type":"LineString"},"id":"vandringsleder.1618","properties":{"andrad_datum":"2023-06-26T10:09:41.697","ansvarig":null,"namn":"Gulsparven","omrade":"Gömmarens naturreservat","skapad_datum":null},"type":"Feature"}
 ,{"bbox":[17.90861,59.248752,17.930972,59.255587],"geometry":{"coordinates":[[17.923365,59.250926,0.0],[17.923397,59.250989,0.0],[17.923461,59.251003,0.0],[17.924229,59.251215,0.0],[17.924449,59.251284,0.0],[17.924647,59.251333,0.0],[17.92494,59.251405,0.0],[17.925019,59.251426,0.0],[17.925083,59.25145,0.0],[17.925069,59.251488,0.0],[17.925092,59.251495,0.0],[17.925139,59.251508,0.0],[17.925225,59.251628,0.0],[17.925286,59.25171,0.0],[17.925288,59.25172,0.0],[17.925325,59.251755,0.0],[17.925292,59.251756,0.0],[17.925349,59.251762,0.0],[17.925504,59.251792,0.0],[17.925529,59.2518,0.0],[17.925614,59.251819,0.0],[17.925766,59.251843,0.0],[17.925951,59.25186,0.0],[17.926084,59.251868,0.0],[17.926254,59.251866,0.0],[17.92643,59.251896,0.0],[17.926564,59.2519,0.0],[17.926615,59.251908,0.0],[17.926742,59.251943,0.0],[17.926865,59.251985,0.0],[17.926952,59.251994,0.0],[17.926997,59.251979,0.0],[17.927034,59.251975,0.0],[17.927009,59.251971,0.0],[17.927016,59.251963,0.0],[17.927127,59.251944,0.0],[17.927199,59.251945,0.0],[17.927311,59.251919,0.0],[17.927467,59.251898,0.0],[17.927589,59.251864,0.0],[17.927707,59.251845,0.0],[17.92786,59.251803,0.0],[17.927956,59.251781,0.0],[17.928091,59.251742,0.0],[17.928129,59.251739,0.0],[17.928161,59.251727,0.0],[17.928354,59.251666,0.0],[17.928511,59.251617,0.0],[17.92865,59.251556,0.0],[17.928801,59.251518,0.0],[17.928958,59.25157,0.0],[17.928994,59.251592,0.0],[17.929051,59.251642,0.0],[17.92912,59.251645,0.0],[17.929178,59.251645,0.0],[17.929324,59.251669,0.0],[17.929541,59.251695,0.0],[17.929593,59.251716,0.0],[17.92967,59.251746,0.0],[17.929796,59.251788,0.0],[17.929846,59.251795,0.0],[17.929909,59.251808,0.0],[17.929949,59.251814,0.0],[17.930064,59.251813,0.0],[17.930062,59.251823,0.0],[17.930148,59.251836,0.0],[17.930191,59.251838,0.0],[17.930388,59.251852,0.0],[17.930453,59.251859,0.0],[17.930604,59.251861,0.0],[17.930805,59.251883,0.0],[17.930918,59.251957,0.0],[17.930972,59.252098,0.0],[17.930948,59.252189,0.0],[17.930842,59.252259,0.0],[17.930718,59.252297,0.0],[17.930649,59.252312,0.0],[17.930542,59.252377,0.0],[17.930465,59.252421,0.0],[17.930349,59.252547,0.0],[17.930221,59.252636,0.0],[17.930049,59.252672,0.0],[17.929898,59.252738,0.0],[17.929879,59.252743,0.0],[17.929703,59.25279,0.0],[17.92968,59.252806,0.0],[17.929454,59.252922,0.0],[17.929371,59.25292,0.0],[17.929272,59.252948,0.0],[17.929098,59.252996,0.0],[17.929058,59.252989,0.0],[17.928894,59.252967,0.0],[17.928802,59.252962,0.0],[17.928739,59.252967,0.0],[17.928697,59.252946,0.0],[17.928636,59.252966,0.0],[17.928639,59.25297,0.0],[17.928488,59.252899,0.0],[17.928415,59.252894,0.0],[17.928332,59.252886,0.0],[17.928247,59.252906,0.0],[17.928113,59.252918,0.0],[17.928108,59.252923,0.0],[17.928096,59.252914,0.0],[17.928076,59.252903,0.0],[17.928079,59.252927,0.0],[17.928098,59.252952,0.0],[17.928112,59.252961,0.0],[17.928083,59.252976,0.0],[17.928037,59.25298,0.0],[17.928024,59.252972,0.0],[17.927985,59.25295,0.0],[17.927989,59.252933,0.0],[17.927908,59.252953,0.0],[17.927746,59.252998,0.0],[17.9276,59.253019,0.0],[17.927569,59.253043,0.0],[17.927561,59.253056,0.0],[17.927494,59.253081,0.0],[17.927402,59.253151,0.0],[17.927258,59.253203,0.0],[17.92721,59.253268,0.0],[17.926942,59.253308,0.0],[17.926839,59.253326,0.0],[17.926734,59.253346,0.0],[17.926559,59.253386,0.0],[17.926345,59.253387,0.0],[17.926166,59.253407,0.0],[17.925985,59.253441,0.0],[17.925756,59.253449,0.0],[17.925735,59.253422,0.0],[17.92561,59.253382,0.0],[17.925476,59.253372,0.0],[17.925278,59.253375,0.0],[17.925103,59.253364,0.0],[17.925037,59.253353,0.0],[17.924861,59.253319,0.0],[17.924817,59.253335,0.0],[17.924811,59.253353,0.0],[17.92476,59.253364,0.0],[17.924662,59.253392,0.0],[17.924672,59.253399,0.0],[17.924599,59.253458,0.0],[17.924552,59.253525,0.0],[17.92447,59.253621,0.0],[17.924372,59.253694,0.0],[17.924335,59.253704,0.0],[17.924179,59.253697,0.0],[17.924049,59.253702,0.0],[17.923828,59.253689,0.0],[17.923806,59.253694,0.0],[17.923602,59.2537,0.0],[17.923581,59.2537,0.0],[17.92331,59.253679,0.0],[17.923284,59.253678,0.0],[17.923056,59.253663,0.0],[17.922945,59.253636,0.0],[17.922874,59.253618,0.0],[17.922755,59.253628,0.0],[17.922515,59.253686,0.0],[17.922413,59.253735,0.0],[17.922272,59.253778,0.0],[17.922187,59.253796,0.0],[17.921937,59.253831,0.0],[17.921748,59.25387,0.0],[17.921593,59.253919,0.0],[17.921514,59.253993,0.0],[17.921366,59.254066,0.0],[17.921234,59.254086,0.0],[17.921069,59.254091,0.0],[17.920732,59.254074,0.0],[17.920641,59.254072,0.0],[17.920527,59.254075,0.0],[17.920406,59.254043,0.0],[17.920356,59.254031,0.0],[17.92032,59.254022,0.0],[17.920205,59.254011,0.0],[17.920073,59.253997,0.0],[17.919965,59.253977,0.0],[17.919841,59.253967,0.0],[17.919773,59.253967,0.0],[17.919726,59.253957,0.0],[17.919655,59.253951,0.0],[17.919635,59.253956,0.0],[17.919624,59.254004,0.0],[17.91959,59.25405,0.0],[17.91958,59.25406,0.0],[17.919476,59.25409,0.0],[17.919359,59.254127,0.0],[17.919282,59.254183,0.0],[17.919236,59.254229,0.0],[17.919121,59.254275,0.0],[17.919024,59.254362,0.0],[17.918981,59.254378,0.0],[17.91884,59.254437,0.0],[17.918769,59.254511,0.0],[17.918762,59.254519,0.0],[17.918735,59.254601,0.0],[17.918619,59.254685,0.0],[17.918596,59.254798,0.0],[17.918579,59.254885,0.0],[17.918504,59.25497,0.0],[17.918392,59.255071,0.0],[17.918201,59.255067,0.0],[17.918101,59.255048,0.0],[17.917827,59.254999,0.0],[17.91773,59.254981,0.0],[17.917515,59.25494,0.0],[17.917374,59.254888,0.0],[17.91721,59.254877,0.0],[17.917007,59.254903,0.0],[17.916756,59.254932,0.0],[17.916618,59.254936,0.0],[17.916395,59.254916,0.0],[17.91627,59.254949,0.0],[17.916135,59.254979,0.0],[17.916005,59.254999,0.0],[17.915841,59.255017,0.0],[17.915751,59.255016,0.0],[17.915566,59.255049,0.0],[17.915429,59.255057,0.0],[17.915279,59.255101,0.0],[17.915208,59.255093,0.0],[17.915103,59.255133,0.0],[17.915036,59.255176,0.0],[17.914974,59.255248,0.0],[17.914824,59.255285,0.0],[17.914715,59.255295,0.0],[17.914645,59.255322,0.0],[17.914561,59.255382,0.0],[17.914478,59.255454,0.0],[17.914467,59.255463,0.0],[17.914381,59.255551,0.0],[17.9142,59.255587,0.0],[17.913982,59.255539,0.0],[17.913812,59.255451,0.0],[17.913622,59.255393,0.0],[17.913438,59.255325,0.0],[17.913322,59.255266,0.0],[17.913204,59.255183,0.0],[17.913072,59.255112,0.0],[17.913024,59.255099,0.0],[17.912888,59.255083,0.0],[17.912717,59.255041,0.0],[17.912678,59.255034,0.0],[17.912546,59.25499,0.0],[17.912523,59.254925,0.0],[17.912247,59.254885,0.0],[17.912165,59.254831,0.0],[17.911872,59.254745,0.0],[17.911645,59.254502,0.0],[17.911613,59.254456,0.0],[17.911528,59.254417,0.0],[17.911482,59.254356,0.0],[17.911408,59.254319,0.0],[17.911328,59.254250999999996,0.0],[17.91133,59.254242,0.0],[17.911285,59.254159,0.0],[17.911255,59.254131,0.0],[17.91114,59.254091,0.0],[17.91101,59.254031,0.0],[17.910933,59.253982,0.0],[17.910821,59.253952,0.0],[17.910696,59.253913,0.0],[17.910633,59.253904,0.0],[17.910472,59.253865,0.0],[17.910275,59.253833,0.0],[17.910134,59.253825,0.0],[17.90998,59.253829,0.0],[17.909819,59.253819,0.0],[17.909766,59.253815,0.0],[17.909722,59.253814,0.0],[17.909665,59.253809,0.0],[17.909609,59.253815,0.0],[17.909528,59.253828,0.0],[17.909446,59.253836,0.0],[17.909309,59.253842,0.0],[17.90924,59.253863,0.0],[17.909136,59.253889,0.0],[17.909105,59.253893,0.0],[17.909001,59.253898,0.0],[17.908913,59.253882,0.0],[17.908762,59.253882,0.0],[17.90867,59.253884,0.0],[17.90863,59.253885,0.0],[17.90861,59.253871,0.0],[17.908644,59.253859,0.0],[17.908706,59.253725,0.0],[17.908823,59.25363,0.0],[17.908948,59.253519,0.0],[17.909137,59.253352,0.0],[17.9093,59.253201,0.0],[17.90953,59.253084,0.0],[17.909771,59.252963,0.0],[17.909942,59.252872,0.0],[17.909968,59.252842,0.0],[17.909972,59.252845,0.0],[17.909978,59.252856,0.0],[17.909998,59.252865,0.0],[17.910086,59.252821,0.0],[17.910077,59.252817,0.0],[17.910076,59.252807,0.0],[17.910075,59.2528,0.0],[17.910162,59.252773,0.0],[17.910213,59.2528,0.0],[17.910317,59.252743,0.0],[17.91048,59.252652,0.0],[17.910624,59.25258,0.0],[17.910857,59.252486,0.0],[17.910959,59.2524,0.0],[17.911122,59.252323,0.0],[17.911387,59.252239,0.0],[17.911553,59.252187,0.0],[17.911747,59.25214,0.0],[17.911921,59.252098,0.0],[17.912141,59.25201,0.0],[17.91232,59.25198,0.0],[17.912551,59.25192,0.0],[17.91277,59.251889,0.0],[17.912818,59.25188,0.0],[17.91292,59.25182,0.0],[17.912952,59.251805,0.0],[17.913255,59.251714,0.0],[17.913493,59.251648,0.0],[17.913575,59.251604,0.0],[17.913569,59.251541,0.0],[17.913719,59.251498,0.0],[17.913941,59.251461,0.0],[17.914051,59.251441,0.0],[17.914284,59.251405,0.0],[17.914454,59.251388,0.0],[17.914731,59.251345,0.0],[17.914762,59.251339,0.0],[17.914814,59.251357,0.0],[17.914829,59.25135,0.0],[17.914916,59.251333,0.0],[17.91514,59.251277,0.0],[17.915316,59.251242,0.0],[17.915546,59.251197,0.0],[17.915734,59.251159,0.0],[17.915951,59.251128,0.0],[17.916109,59.251113,0.0],[17.916346,59.251068,0.0],[17.916415,59.251047,0.0],[17.916627,59.251009,0.0],[17.916719,59.250985,0.0],[17.916923,59.250908,0.0],[17.917143,59.250834,0.0],[17.917384,59.250758,0.0],[17.917525,59.250722,0.0],[17.917729,59.250634,0.0],[17.917751,59.250624,0.0],[17.917833,59.250586,0.0],[17.917991,59.250529,0.0],[17.918118,59.250451,0.0],[17.918244,59.250355,0.0],[17.91838,59.250237,0.0],[17.918508,59.250139,0.0],[17.918693,59.250027,0.0],[17.918831,59.249969,0.0],[17.918974,59.249899,0.0],[17.919181,59.249842,0.0],[17.919348,59.249817,0.0],[17.919376,59.249815,0.0],[17.919455,59.249805,0.0],[17.919656,59.249805,0.0],[17.919815,59.249795,0.0],[17.920061,59.249766,0.0],[17.920227,59.24974,0.0],[17.920455,59.249714,0.0],[17.920484,59.249712,0.0],[17.920617,59.249663,0.0],[17.920856,59.24955,0.0],[17.920987,59.249457,0.0],[17.921122,59.249374,0.0],[17.921233,59.249297,0.0],[17.921387,59.249211,0.0],[17.921531,59.249138,0.0],[17.921635,59.249065,0.0],[17.921774,59.248997,0.0],[17.921873,59.248926,0.0],[17.921986,59.248825,0.0],[17.92204,59.248783,0.0],[17.922131,59.248752,0.0],[17.922213,59.248775,0.0],[17.922317,59.248776,0.0],[17.922383,59.248801,0.0],[17.922395,59.248886,0.0],[17.922376,59.24891,0.0],[17.922315,59.249002,0.0],[17.922327,59.249096,0.0],[17.922445,59.249208,0.0],[17.922511,59.249328,0.0],[17.922562,59.249424,0.0],[17.922633,59.249499,0.0],[17.922718,59.249589,0.0],[17.92279,59.249676,0.0],[17.922896,59.249745,0.0],[17.923011,59.249848,0.0],[17.923046,59.249858,0.0],[17.923099,59.249825,0.0],[17.923103,59.249814,0.0],[17.923185,59.249872,0.0],[17.923237,59.249971,0.0],[17.923371,59.250506,0.0],[17.923365,59.250926,0.0]],"type":"LineString"},"id":"vandringsleder.1619","properties":{"andrad_datum":"2023-06-26T10:13:52.090","ansvarig":null,"namn":"Gömmarrundan","omrade":"Gömmarens naturresrevat","skapad_datum":null},"type":"Feature"}
 ,{"bbox":[17.934537,59.194159,17.977727,59.216115],"geometry":{"coordinates":[[17.942945,59.209137,0.0],[17.942967,59.209066,0.0],[17.942969,59.208956,0.0],[17.942977,59.208873,0.0],[17.942974,59.208737,0.0],[17.942891,59.208609,0.0],[17.942874,59.208604,0.0],[17.942646,59.208533,0.0],[17.942533,59.208505,0.0],[17.942409,59.208485,0.0],[17.942262,59.208465,0.0],[17.942143,59.208444,0.0],[17.941905,59.208402,0.0],[17.941659,59.208345,0.0],[17.941471,59.208292,0.0],[17.94135,59.208276,0.0],[17.941066,59.208243,0.0],[17.940784,59.20822,0.0],[17.940545,59.208166,0.0],[17.940308,59.208138,0.0],[17.94022,59.208148,0.0],[17.940128,59.20815,0.0],[17.939993,59.208175,0.0],[17.939893,59.208194,0.0],[17.939655,59.208234,0.0],[17.939421,59.208272,0.0],[17.93921,59.208299,0.0],[17.93908,59.208303,0.0],[17.939033,59.208313,0.0],[17.93894,59.208303,0.0],[17.938757,59.208241,0.0],[17.938561,59.208175,0.0],[17.938377,59.208126,0.0],[17.938219,59.208058,0.0],[17.938004,59.207988,0.0],[17.937817,59.207921,0.0],[17.937755,59.207894,0.0],[17.937407,59.207792,0.0],[17.937197,59.207735,0.0],[17.937039,59.207692,0.0],[17.936976,59.207675,0.0],[17.936936,59.207669,0.0],[17.936867,59.207649,0.0],[17.936836,59.207661,0.0],[17.936813,59.20766,0.0],[17.936715,59.207643,0.0],[17.936487,59.207609,0.0],[17.936283,59.207579,0.0],[17.9361,59.207565,0.0],[17.935882,59.207538,0.0],[17.935825,59.207529,0.0],[17.935733,59.207513,0.0],[17.935546,59.207471,0.0],[17.935355,59.207413,0.0],[17.935225,59.207346,0.0],[17.935056,59.207205,0.0],[17.934966,59.207107,0.0],[17.934871,59.207016,0.0],[17.934835,59.206988,0.0],[17.93477,59.206922,0.0],[17.934721,59.206868,0.0],[17.934649,59.206749,0.0],[17.934591,59.206641,0.0],[17.934537,59.206537,0.0],[17.934547,59.206443,0.0],[17.934585,59.206335,0.0],[17.934627,59.206274,0.0],[17.93471,59.206184,0.0],[17.934771,59.206058,0.0],[17.934751,59.206009,0.0],[17.934767,59.205922,0.0],[17.934844,59.205807,0.0],[17.934833,59.205721,0.0],[17.934843,59.205576,0.0],[17.934893,59.205498,0.0],[17.93502,59.205355,0.0],[17.935233,59.205257,0.0],[17.935445,59.205223,0.0],[17.935568,59.205229,0.0],[17.935753,59.205228,0.0],[17.935768,59.205226,0.0],[17.935951,59.20516,0.0],[17.936066,59.205072,0.0],[17.936097,59.20495,0.0],[17.936105,59.204888,0.0],[17.936068,59.204808,0.0],[17.936053,59.204766,0.0],[17.936043,59.204722,0.0],[17.935998,59.204636,0.0],[17.935936,59.204534,0.0],[17.935829,59.20441,0.0],[17.935775,59.204328,0.0],[17.935838,59.204229,0.0],[17.935969,59.204131,0.0],[17.936019,59.204088,0.0],[17.936105,59.204052,0.0],[17.936276,59.203954,0.0],[17.936407,59.203836,0.0],[17.936445,59.203751,0.0],[17.936482,59.203677,0.0],[17.936493,59.203661,0.0],[17.936522,59.203622,0.0],[17.936543,59.203605,0.0],[17.936636,59.203529,0.0],[17.936771,59.203442,0.0],[17.936922,59.203349,0.0],[17.937007,59.203285,0.0],[17.937051,59.203247,0.0],[17.937164,59.203117,0.0],[17.937195,59.203012,0.0],[17.937259,59.202908,0.0],[17.937262,59.202902,0.0],[17.937336,59.202813,0.0],[17.937399,59.202731,0.0],[17.937445,59.202631,0.0],[17.937424,59.202526,0.0],[17.937331,59.202438,0.0],[17.937206,59.20238,0.0],[17.93703,59.202284,0.0],[17.936902,59.202214,0.0],[17.936731,59.20218,0.0],[17.936442,59.202152,0.0],[17.936152,59.202133,0.0],[17.935963,59.202112,0.0],[17.935767,59.202087,0.0],[17.935632,59.202067,0.0],[17.935582,59.202038,0.0],[17.935575,59.202036,0.0],[17.935446,59.201968,0.0],[17.935418,59.201918,0.0],[17.935429,59.201784,0.0],[17.935433,59.201678,0.0],[17.935448,59.201553,0.0],[17.935466,59.2015,0.0],[17.935461,59.201493,0.0],[17.935517,59.201421,0.0],[17.935583,59.201285,0.0],[17.935639,59.201184,0.0],[17.935666,59.201088,0.0],[17.935741,59.200957,0.0],[17.9358,59.200868,0.0],[17.935858,59.200758,0.0],[17.935852,59.200731,0.0],[17.935743,59.200624,0.0],[17.935673,59.200591,0.0],[17.935588,59.200563,0.0],[17.935427,59.200503,0.0],[17.935326,59.200459,0.0],[17.935185,59.200387,0.0],[17.935057,59.200293,0.0],[17.934923,59.200197,0.0],[17.934905,59.200121,0.0],[17.934967,59.199986,0.0],[17.935086,59.199882,0.0],[17.935175,59.199754,0.0],[17.935216,59.199669,0.0],[17.935268,59.199546,0.0],[17.935302,59.199442,0.0],[17.935344,59.19935,0.0],[17.935399,59.199213,0.0],[17.935429,59.199085,0.0],[17.935436,59.198982,0.0],[17.935455,59.198892,0.0],[17.935573,59.198741,0.0],[17.935682,59.198629,0.0],[17.935789,59.198514,0.0],[17.935927,59.198379,0.0],[17.935962,59.198348,0.0],[17.93604,59.198282,0.0],[17.93606,59.198251,0.0],[17.936101,59.198188,0.0],[17.936212,59.198118,0.0],[17.936434,59.198066,0.0],[17.936605,59.198052,0.0],[17.936808,59.198083,0.0],[17.936949,59.198115,0.0],[17.937171,59.198084,0.0],[17.937267,59.197987,0.0],[17.937274,59.197973,0.0],[17.937354,59.197839,0.0],[17.937475,59.197714,0.0],[17.937596,59.197607,0.0],[17.937734,59.197503,0.0],[17.937809,59.197476,0.0],[17.937857,59.197452,0.0],[17.937949,59.197426,0.0],[17.938037,59.197428,0.0],[17.938171,59.197476,0.0],[17.938334,59.197495,0.0],[17.938415,59.197509,0.0],[17.938505,59.197521,0.0],[17.938747,59.197537,0.0],[17.938988,59.197537,0.0],[17.939121,59.197511,0.0],[17.939241,59.197486,0.0],[17.939381,59.197421,0.0],[17.93948,59.197339,0.0],[17.939646,59.197269,0.0],[17.939863,59.197233,0.0],[17.940053,59.197265,0.0],[17.94021,59.197279,0.0],[17.940378,59.197336,0.0],[17.940616,59.1974,0.0],[17.940812,59.197408,0.0],[17.940982,59.197367,0.0],[17.941191,59.197311,0.0],[17.941343,59.197265,0.0],[17.941563,59.197197,0.0],[17.941697,59.197166,0.0],[17.941865,59.197084,0.0],[17.941997,59.196994,0.0],[17.942065,59.19691,0.0],[17.942184,59.196817,0.0],[17.94237,59.19675,0.0],[17.9425,59.196691,0.0],[17.942689,59.196603,0.0],[17.942815,59.196524,0.0],[17.942944,59.196469,0.0],[17.943077,59.196418,0.0],[17.943232,59.196345,0.0],[17.943403,59.196271,0.0],[17.943543,59.196191,0.0],[17.94367,59.196129,0.0],[17.943782,59.196048,0.0],[17.943934,59.195945,0.0],[17.944095,59.195854,0.0],[17.944266,59.195727,0.0],[17.944354,59.195634,0.0],[17.944483,59.19553,0.0],[17.944604000000002,59.195447,0.0],[17.944756,59.195379,0.0],[17.944908,59.195299,0.0],[17.945102,59.195195,0.0],[17.945309,59.195137,0.0],[17.945371,59.195104,0.0],[17.945461,59.195107,0.0],[17.945508,59.195053,0.0],[17.945533,59.195028,0.0],[17.945633,59.19501,0.0],[17.945784,59.194954,0.0],[17.945975,59.194904,0.0],[17.946175,59.194881,0.0],[17.946374,59.194891,0.0],[17.946568,59.194934,0.0],[17.946757,59.19495,0.0],[17.946936,59.194962,0.0],[17.947145,59.194979,0.0],[17.947353,59.194947,0.0],[17.947511,59.194934,0.0],[17.947641,59.194897,0.0],[17.947838,59.194852,0.0],[17.948016,59.194806,0.0],[17.948339,59.194765,0.0],[17.948428,59.194736,0.0],[17.94865,59.194712,0.0],[17.948841,59.194693,0.0],[17.948967,59.194641,0.0],[17.949202,59.194563,0.0],[17.949366,59.194512,0.0],[17.949491,59.194443,0.0],[17.949734,59.194382,0.0],[17.950015,59.19434,0.0],[17.95016,59.194299,0.0],[17.950333,59.194247,0.0],[17.950498,59.194206,0.0],[17.950719,59.194159,0.0],[17.950915,59.194169,0.0],[17.951165,59.194171,0.0],[17.951401,59.194176,0.0],[17.951633,59.194193,0.0],[17.951818,59.194263,0.0],[17.951918,59.194332,0.0],[17.951966,59.194365,0.0],[17.952186,59.1944,0.0],[17.952325,59.194423,0.0],[17.952555,59.194413,0.0],[17.952846,59.194397,0.0],[17.953062,59.194402,0.0],[17.953281,59.194409,0.0],[17.953503,59.194428,0.0],[17.95378,59.194445,0.0],[17.953944,59.19442,0.0],[17.954154,59.194392,0.0],[17.954373,59.1944,0.0],[17.954612,59.194446,0.0],[17.954787,59.194497,0.0],[17.954924,59.194554,0.0],[17.9551,59.194628,0.0],[17.955155,59.19473,0.0],[17.955186,59.194854,0.0],[17.955271,59.194951,0.0],[17.955384,59.195007,0.0],[17.955565,59.195048,0.0],[17.955621,59.195149,0.0],[17.955631,59.195246,0.0],[17.955589,59.195321,0.0],[17.955564,59.19538,0.0],[17.955593,59.195434,0.0],[17.955666,59.195485,0.0],[17.955797,59.19556,0.0],[17.955828,59.195573,0.0],[17.955992,59.195617,0.0],[17.956171,59.195661,0.0],[17.956335,59.195666,0.0],[17.956478,59.195652,0.0],[17.956606,59.195681,0.0],[17.956774,59.195686,0.0],[17.956972,59.195735,0.0],[17.957068,59.195802,0.0],[17.957096,59.195915,0.0],[17.957151,59.196028,0.0],[17.957041,59.196129,0.0],[17.956882,59.196193,0.0],[17.956734,59.196243,0.0],[17.956648,59.196305,0.0],[17.956501,59.196401,0.0],[17.956404,59.196486,0.0],[17.956418,59.196506,0.0],[17.956544,59.19659,0.0],[17.95658,59.196639,0.0],[17.956665,59.196738,0.0],[17.956708,59.196815,0.0],[17.956696,59.196915,0.0],[17.956742,59.197015,0.0],[17.956899,59.197106,0.0],[17.957054,59.197156,0.0],[17.957227,59.197205,0.0],[17.957367,59.197242,0.0],[17.957427,59.197255,0.0],[17.957544,59.197336,0.0],[17.957576,59.19745,0.0],[17.957514,59.197546,0.0],[17.957435,59.197636,0.0],[17.957335,59.197704,0.0],[17.957186,59.197782,0.0],[17.957122,59.197879,0.0],[17.957122,59.197982,0.0],[17.957163,59.198033,0.0],[17.957165,59.198068,0.0],[17.957158,59.198164,0.0],[17.957141,59.198253,0.0],[17.957136,59.198295,0.0],[17.957078,59.198367,0.0],[17.95702,59.198403,0.0],[17.956988,59.198447,0.0],[17.957014,59.198472,0.0],[17.956989,59.198506,0.0],[17.956983,59.198537,0.0],[17.956943,59.198616,0.0],[17.956925,59.198654,0.0],[17.956905,59.19868,0.0],[17.956872,59.19868,0.0],[17.956837,59.198694,0.0],[17.956767,59.198766,0.0],[17.95666,59.198855,0.0],[17.956617,59.198919,0.0],[17.956592,59.199013,0.0],[17.956583,59.199091,0.0],[17.956585,59.199195,0.0],[17.95659,59.199206,0.0],[17.956643,59.199277,0.0],[17.956689,59.199377,0.0],[17.956721,59.199474,0.0],[17.956728,59.19958,0.0],[17.956807,59.199647,0.0],[17.956895,59.199735,0.0],[17.956905,59.199744,0.0],[17.957046,59.199805,0.0],[17.957227,59.199855,0.0],[17.957403,59.199898,0.0],[17.957526,59.200001,0.0],[17.957568,59.200122,0.0],[17.957636,59.200251,0.0],[17.957671,59.200324,0.0],[17.957791,59.200408,0.0],[17.957911,59.200466,0.0],[17.957991,59.200496,0.0],[17.958091,59.200561,0.0],[17.958212,59.200657,0.0],[17.958324,59.200714,0.0],[17.958418,59.200804,0.0],[17.958498,59.20089,0.0],[17.958589,59.200956,0.0],[17.958661,59.201008,0.0],[17.958759,59.201071,0.0],[17.958848,59.201128,0.0],[17.95891,59.201165,0.0],[17.958977,59.20122,0.0],[17.959057,59.201279,0.0],[17.959155,59.20133,0.0],[17.959252,59.201387,0.0],[17.959328,59.201447,0.0],[17.959441,59.20153,0.0],[17.959569,59.201585,0.0],[17.959624,59.201618,0.0],[17.959717,59.201652,0.0],[17.959812,59.201732,0.0],[17.9599,59.2018,0.0],[17.959916,59.201903,0.0],[17.959937,59.201996,0.0],[17.959932,59.202032,0.0],[17.959932,59.202069,0.0],[17.95993,59.202077,0.0],[17.959916,59.202146,0.0],[17.959921,59.202226,0.0],[17.959953,59.202337,0.0],[17.960077,59.202408,0.0],[17.960145,59.202432,0.0],[17.960231,59.202447,0.0],[17.960333,59.202462,0.0],[17.960481,59.202521,0.0],[17.960561,59.202551,0.0],[17.960644,59.202607,0.0],[17.960772,59.20265,0.0],[17.960985,59.202713,0.0],[17.961107,59.202747,0.0],[17.961253,59.202763,0.0],[17.961461,59.202753,0.0],[17.961616,59.202729,0.0],[17.961867,59.202702,0.0],[17.962038,59.202674,0.0],[17.962209,59.202684,0.0],[17.962397,59.202686,0.0],[17.962457,59.202699,0.0],[17.962687,59.202704,0.0],[17.962921,59.202682,0.0],[17.962995,59.202665,0.0],[17.963243,59.202576,0.0],[17.963326,59.202511,0.0],[17.963356,59.202462,0.0],[17.963512,59.202446,0.0],[17.963684,59.202479,0.0],[17.963804,59.202476,0.0],[17.963964,59.202467,0.0],[17.964014,59.202481,0.0],[17.964044,59.202491,0.0],[17.964134,59.202494,0.0],[17.964308,59.202508,0.0],[17.96444,59.202519,0.0],[17.964649,59.202571,0.0],[17.964793,59.20259,0.0],[17.964888,59.202599,0.0],[17.965096,59.202623,0.0],[17.965138,59.202612,0.0],[17.965244,59.202572,0.0],[17.965344,59.202552,0.0],[17.965454,59.202568,0.0],[17.965489,59.202578,0.0],[17.965704,59.202673,0.0],[17.965853,59.202735,0.0],[17.965996,59.202782,0.0],[17.966159,59.202837,0.0],[17.966291,59.202885,0.0],[17.966453,59.202932,0.0],[17.966587,59.202973,0.0],[17.966791,59.202992,0.0],[17.966926,59.202984,0.0],[17.967045,59.20296,0.0],[17.967254,59.202941,0.0],[17.967369,59.202937,0.0],[17.96751,59.202904,0.0],[17.967558,59.202902,0.0],[17.96771,59.202958,0.0],[17.967815,59.20304,0.0],[17.967943000000002,59.203126,0.0],[17.968013,59.203217,0.0],[17.968092,59.203279,0.0],[17.968149,59.203354,0.0],[17.968196,59.203444,0.0],[17.968184,59.203497,0.0],[17.968307,59.203544,0.0],[17.968425,59.203583,0.0],[17.96854,59.203654,0.0],[17.968576,59.20369,0.0],[17.968702,59.203757,0.0],[17.968764,59.203775,0.0],[17.968973,59.20381,0.0],[17.969146,59.203858,0.0],[17.969321,59.203886,0.0],[17.969486,59.203934,0.0],[17.969558,59.203939,0.0],[17.969602,59.20396,0.0],[17.969677,59.204022,0.0],[17.96979,59.204103,0.0],[17.969932,59.204173,0.0],[17.969968,59.204184,0.0],[17.9702,59.20421,0.0],[17.970223,59.204212,0.0],[17.970411,59.204268,0.0],[17.970589,59.204281,0.0],[17.970699,59.204284,0.0],[17.970783,59.204294,0.0],[17.970802,59.204295,0.0],[17.97097,59.204282,0.0],[17.971173,59.204293,0.0],[17.971359,59.204322,0.0],[17.971518,59.204333,0.0],[17.971578,59.204343,0.0],[17.971756,59.20442,0.0],[17.971817,59.20445,0.0],[17.97198,59.204495,0.0],[17.972167,59.204538,0.0],[17.97234,59.20456,0.0],[17.972535,59.204576,0.0],[17.972791,59.20461,0.0],[17.972946,59.20465,0.0],[17.973089,59.204677,0.0],[17.973244,59.204718,0.0],[17.973392,59.204756,0.0],[17.973526,59.204733,0.0],[17.973674,59.204742,0.0],[17.973877,59.204738,0.0],[17.973955,59.204733,0.0],[17.974141,59.204708,0.0],[17.974287,59.2047,0.0],[17.974379,59.204692,0.0],[17.974424,59.20469,0.0],[17.974458,59.20469,0.0],[17.974538,59.2047,0.0],[17.974614,59.204722,0.0],[17.974821,59.204799,0.0],[17.974997,59.204863,0.0],[17.975112,59.204899,0.0],[17.975263,59.204953,0.0],[17.975311,59.204971,0.0],[17.975311,59.204967,0.0],[17.975339,59.20498,0.0],[17.97545,59.205004,0.0],[17.975581,59.205043,0.0],[17.975617,59.205131,0.0],[17.975647,59.205202,0.0],[17.975528,59.205289,0.0],[17.975395,59.205338,0.0],[17.975324,59.205362,0.0],[17.975293,59.205384,0.0],[17.975149,59.205428,0.0],[17.975028,59.205443,0.0],[17.975007,59.205461,0.0],[17.974862,59.205537,0.0],[17.974723,59.205589,0.0],[17.974627,59.205655,0.0],[17.974589,59.205751,0.0],[17.974499,59.20583,0.0],[17.97436,59.205938,0.0],[17.974267,59.206017,0.0],[17.974219,59.206105,0.0],[17.974229,59.206189,0.0],[17.974368,59.206254,0.0],[17.974545,59.206284,0.0],[17.974646,59.2063,0.0],[17.974833,59.206366,0.0],[17.974991,59.206395,0.0],[17.975131,59.206418,0.0],[17.975226,59.206431,0.0],[17.975255,59.206434,0.0],[17.975285,59.20644,0.0],[17.975301,59.206447,0.0],[17.975382,59.206472,0.0],[17.975548,59.206513,0.0],[17.975729,59.206593,0.0],[17.975749,59.206617,0.0],[17.975751,59.206627,0.0],[17.975764,59.206653,0.0],[17.975782,59.206676,0.0],[17.975852,59.206715,0.0],[17.975939,59.206747,0.0],[17.976034,59.206781,0.0],[17.97612,59.206818,0.0],[17.976245,59.206863,0.0],[17.976414,59.206931,0.0],[17.976567,59.206983,0.0],[17.976673,59.207046,0.0],[17.976817,59.207096,0.0],[17.976976,59.207152,0.0],[17.977067,59.207225,0.0],[17.977135,59.207285,0.0],[17.977224,59.207375,0.0],[17.97733,59.20746,0.0],[17.977451,59.207519,0.0],[17.977574,59.207593,0.0],[17.977677,59.207669,0.0],[17.977692,59.207737,0.0],[17.977704,59.20784,0.0],[17.977724,59.207932,0.0],[17.977727,59.208014,0.0],[17.977712,59.208129,0.0],[17.977685,59.208223,0.0],[17.977649,59.208321,0.0],[17.97755,59.208438,0.0],[17.977416,59.208555,0.0],[17.977326,59.20864,0.0],[17.977311,59.208716,0.0],[17.977277,59.208783,0.0],[17.977263,59.208808,0.0],[17.977161,59.208896,0.0],[17.977043,59.208922,0.0],[17.976836,59.208928,0.0],[17.976661,59.208893,0.0],[17.976498,59.208868,0.0],[17.976322,59.208839,0.0],[17.976099,59.208821,0.0],[17.975864,59.208774,0.0],[17.975651,59.208733,0.0],[17.975441,59.208729,0.0],[17.975245,59.208729,0.0],[17.975087,59.208714,0.0],[17.974966,59.208647,0.0],[17.974913,59.20863,0.0],[17.974834,59.208597,0.0],[17.97469,59.208575,0.0],[17.974548,59.208582,0.0],[17.974522,59.208598,0.0],[17.974443,59.208593,0.0],[17.974318,59.208581,0.0],[17.974176,59.208579,0.0],[17.974065,59.208544,0.0],[17.973826,59.208533,0.0],[17.973643,59.208513,0.0],[17.973466,59.208519,0.0],[17.973308,59.208514,0.0],[17.97321,59.208518,0.0],[17.973108,59.208537,0.0],[17.972961,59.208549,0.0],[17.972765,59.208537,0.0],[17.972577,59.208525,0.0],[17.972463,59.208464,0.0],[17.972252,59.208408,0.0],[17.97213,59.208317,0.0],[17.972056,59.208276,0.0],[17.971959,59.208267,0.0],[17.971818,59.208269,0.0],[17.971748,59.208253,0.0],[17.971715,59.208236,0.0],[17.9716,59.208215,0.0],[17.971416,59.208227,0.0],[17.97128,59.208222,0.0],[17.971117,59.208228,0.0],[17.97098,59.208218,0.0],[17.970788,59.208238,0.0],[17.970764,59.208238,0.0],[17.970632,59.208235,0.0],[17.970583,59.208228,0.0],[17.970381,59.208192,0.0],[17.970197,59.208136,0.0],[17.970015,59.208128,0.0],[17.969997,59.208129,0.0],[17.969854,59.208117,0.0],[17.969728,59.208094,0.0],[17.969609,59.208041,0.0],[17.969474,59.208012,0.0],[17.9694,59.207987,0.0],[17.969198,59.207983,0.0],[17.969081,59.208003,0.0],[17.968946,59.208019,0.0],[17.968766,59.208036,0.0],[17.968592,59.207986,0.0],[17.968401,59.207909,0.0],[17.968293,59.207913,0.0],[17.968161,59.207928,0.0],[17.96798,59.207904,0.0],[17.967837,59.207865,0.0],[17.967657,59.207789,0.0],[17.967502,59.207729,0.0],[17.967373,59.207698,0.0],[17.967199,59.207619,0.0],[17.967008,59.207613,0.0],[17.966894,59.20763,0.0],[17.966811,59.207638,0.0],[17.966731,59.207672,0.0],[17.966673,59.207714,0.0],[17.966672,59.20774,0.0],[17.966691,59.207808,0.0],[17.966745,59.207884,0.0],[17.96678,59.208015,0.0],[17.966829,59.20813,0.0],[17.966882,59.208253,0.0],[17.966964,59.208342,0.0],[17.967111,59.208446,0.0],[17.967128,59.208456,0.0],[17.967231,59.208556,0.0],[17.967222,59.208655,0.0],[17.967187,59.208711,0.0],[17.967163,59.208774,0.0],[17.96717,59.208784,0.0],[17.967157,59.208816,0.0],[17.96711,59.208886,0.0],[17.967035,59.208966,0.0],[17.966957,59.209042,0.0],[17.966894,59.209113,0.0],[17.966851,59.209191,0.0],[17.966836,59.209245,0.0],[17.966798,59.209342,0.0],[17.966716,59.209465,0.0],[17.96661,59.209564,0.0],[17.966457,59.209642,0.0],[17.966322,59.209719,0.0],[17.966242,59.209774,0.0],[17.966158,59.20982,0.0],[17.966112,59.209977,0.0],[17.966065,59.210089,0.0],[17.966065,59.210223,0.0],[17.966103,59.210287,0.0],[17.966166,59.210418,0.0],[17.966163,59.210551,0.0],[17.96606,59.21069,0.0],[17.965969,59.210785,0.0],[17.965877,59.210873,0.0],[17.965803,59.21095,0.0],[17.965738,59.211024,0.0],[17.965713,59.211065,0.0],[17.965688,59.211085,0.0],[17.965671,59.211111,0.0],[17.965642,59.211163,0.0],[17.965565,59.211201,0.0],[17.965461,59.211234,0.0],[17.965372,59.211286,0.0],[17.965257,59.211359,0.0],[17.965206,59.211384,0.0],[17.965029,59.211437,0.0],[17.964822,59.211485,0.0],[17.964756,59.211499,0.0],[17.964575,59.211549,0.0],[17.96452,59.211564,0.0],[17.964454,59.211559,0.0],[17.964299,59.211553,0.0],[17.964245,59.211552,0.0],[17.964017,59.211586,0.0],[17.963933,59.211607,0.0],[17.963777,59.211642,0.0],[17.963628,59.211676,0.0],[17.963462,59.211707,0.0],[17.96332,59.211753,0.0],[17.963184,59.211806,0.0],[17.963113,59.211821,0.0],[17.962971,59.211918,0.0],[17.962835,59.211942,0.0],[17.962746,59.211991,0.0],[17.962676,59.212038,0.0],[17.962581,59.212091,0.0],[17.96254,59.212124,0.0],[17.962554,59.212264,0.0],[17.962543,59.212353,0.0],[17.962578,59.212454,0.0],[17.962706,59.212573,0.0],[17.962862,59.212643,0.0],[17.963061,59.212707,0.0],[17.963085,59.21272,0.0],[17.963186,59.212775,0.0],[17.963306,59.212832,0.0],[17.963513,59.212904,0.0],[17.963637,59.212946,0.0],[17.963764,59.212957,0.0],[17.963868,59.212978,0.0],[17.963947,59.213029,0.0],[17.964048,59.21308,0.0],[17.964161,59.213125,0.0],[17.964354,59.213126,0.0],[17.96454,59.213136,0.0],[17.964718,59.21314,0.0],[17.964852,59.213166,0.0],[17.964937,59.213168,0.0],[17.964983,59.213175,0.0],[17.965146,59.213198,0.0],[17.965262,59.213221,0.0],[17.965436,59.213239,0.0],[17.965619,59.213258,0.0],[17.965776,59.213275,0.0],[17.965927,59.213295,0.0],[17.96613,59.213293,0.0],[17.966236,59.213288,0.0],[17.966423,59.213301,0.0],[17.966657,59.213305,0.0],[17.966808,59.213303,0.0],[17.966948,59.213271,0.0],[17.96704,59.213245,0.0],[17.967227,59.213263,0.0],[17.96744,59.213312,0.0],[17.967557,59.213359,0.0],[17.967664,59.213405,0.0],[17.967806,59.213469,0.0],[17.967934,59.213547,0.0],[17.967933,59.213591,0.0],[17.967934,59.21371,0.0],[17.967923,59.213785,0.0],[17.967912,59.21392,0.0],[17.967977,59.213994,0.0],[17.968063,59.214114,0.0],[17.968091,59.214182,0.0],[17.968107,59.214331,0.0],[17.968123,59.214479,0.0],[17.968119,59.214609,0.0],[17.968151,59.214715,0.0],[17.968215,59.214815,0.0],[17.96828,59.214913,0.0],[17.968359,59.215014,0.0],[17.968423,59.215112,0.0],[17.968538,59.215187,0.0],[17.968626,59.215234,0.0],[17.968691,59.215336,0.0],[17.96872,59.215411,0.0],[17.968723,59.215442,0.0],[17.96873,59.215534,0.0],[17.968805,59.215644,0.0],[17.968923,59.215752,0.0],[17.968969,59.215829,0.0],[17.968971,59.215903,0.0],[17.968974,59.215934,0.0],[17.968921,59.216008,0.0],[17.968908,59.21605,0.0],[17.968907,59.216074,0.0],[17.968924,59.216106,0.0],[17.968855,59.216115,0.0],[17.968629,59.216095,0.0],[17.968578,59.216083,0.0],[17.968313,59.216036,0.0],[17.968044,59.21603,0.0],[17.967823,59.216025,0.0],[17.967702,59.216029,0.0],[17.967432,59.216007,0.0],[17.967181,59.215973,0.0],[17.967027,59.215954,0.0],[17.967,59.215949,0.0],[17.966749,59.215928,0.0],[17.966487,59.215899,0.0],[17.966276,59.215872,0.0],[17.966046,59.215853,0.0],[17.96584,59.215825,0.0],[17.965687,59.2158,0.0],[17.965534,59.215773,0.0],[17.965443,59.215749,0.0],[17.965339,59.215731,0.0],[17.965145,59.215718,0.0],[17.964968,59.215707,0.0],[17.964897,59.21571,0.0],[17.964898,59.215707,0.0],[17.964888,59.215714,0.0],[17.964902,59.215717,0.0],[17.964906,59.215719,0.0],[17.964813,59.215703,0.0],[17.964643,59.215675,0.0],[17.964424,59.215661,0.0],[17.964234,59.215639,0.0],[17.964051,59.215625,0.0],[17.963834,59.215595,0.0],[17.963622,59.215586,0.0],[17.96357,59.215599,0.0],[17.963421,59.21562,0.0],[17.963087,59.215588,0.0],[17.962919,59.215531,0.0],[17.962708,59.215466,0.0],[17.96239,59.215398,0.0],[17.962105,59.215314,0.0],[17.961924,59.215255,0.0],[17.961907,59.215249,0.0],[17.961677,59.215184,0.0],[17.961454,59.215131,0.0],[17.961281,59.2151,0.0],[17.961065,59.215049,0.0],[17.96089,59.215004,0.0],[17.96064,59.214943,0.0],[17.960449,59.214899,0.0],[17.960187,59.214834,0.0],[17.960012,59.2148,0.0],[17.959791,59.21476,0.0],[17.959553,59.214701,0.0],[17.959484,59.214682,0.0],[17.959397,59.214662,0.0],[17.959203,59.214655,0.0],[17.959126,59.21478,0.0],[17.958972,59.214757,0.0],[17.958819,59.214717,0.0],[17.95862,59.214707,0.0],[17.958205,59.214605,0.0],[17.957904,59.214553,0.0],[17.957693,59.21451,0.0],[17.957437,59.214451,0.0],[17.95711,59.214392,0.0],[17.95688,59.214356,0.0],[17.956656,59.214316,0.0],[17.956439,59.214274,0.0],[17.956189,59.214231,0.0],[17.955863,59.214237,0.0],[17.955754,59.214172,0.0],[17.955517,59.214126,0.0],[17.955229,59.214063,0.0],[17.954826,59.214014,0.0],[17.954685,59.213984,0.0],[17.954487,59.213948,0.0],[17.954314,59.213909,0.0],[17.953937,59.213856,0.0],[17.953643,59.213731,0.0],[17.953697,59.213483,0.0],[17.953666,59.213457,0.0],[17.95369,59.213445,0.0],[17.953651,59.213356,0.0],[17.953593,59.213325,0.0],[17.953585,59.213325,0.0],[17.953471,59.213303,0.0],[17.953323,59.21324,0.0],[17.953222,59.213192,0.0],[17.953075,59.21311,0.0],[17.952974,59.213059,0.0],[17.952844,59.212971,0.0],[17.952724,59.2129,0.0],[17.952596,59.212882,0.0],[17.952369,59.212825,0.0],[17.952218,59.212775,0.0],[17.952077,59.212726,0.0],[17.951971,59.212659,0.0],[17.951887,59.21257,0.0],[17.951835,59.212465,0.0],[17.951736,59.212347,0.0],[17.951659,59.212242,0.0],[17.951641,59.212197,0.0],[17.951683,59.212092,0.0],[17.951748,59.21203,0.0],[17.951885,59.211937,0.0],[17.951982,59.211878,0.0],[17.952036,59.211812,0.0],[17.952054,59.211676,0.0],[17.952056,59.21156,0.0],[17.952061,59.211467,0.0],[17.952078,59.211369,0.0],[17.952095,59.211263,0.0],[17.9521,59.211228,0.0],[17.952131,59.211203,0.0],[17.952199,59.211139,0.0],[17.952252,59.211114,0.0],[17.952259,59.211041,0.0],[17.952281,59.210942,0.0],[17.952235,59.210866,0.0],[17.95217,59.210835,0.0],[17.951993,59.210773,0.0],[17.95191,59.21076,0.0],[17.951809,59.21075,0.0],[17.951638,59.210737,0.0],[17.951475,59.210737,0.0],[17.951354,59.210762,0.0],[17.951192,59.210778,0.0],[17.951057,59.210792,0.0],[17.950949,59.210814,0.0],[17.950833,59.210841,0.0],[17.95062,59.210867,0.0],[17.95056,59.210878,0.0],[17.950496,59.210896,0.0],[17.950345,59.210929,0.0],[17.950203,59.210914,0.0],[17.950033,59.210936,0.0],[17.949865,59.210933,0.0],[17.949678,59.210897,0.0],[17.949478,59.210875,0.0],[17.949339,59.210861,0.0],[17.949189,59.210843,0.0],[17.949013,59.210817,0.0],[17.948915,59.210823,0.0],[17.948723,59.210797,0.0],[17.948556,59.210775,0.0],[17.948393,59.210759,0.0],[17.948183,59.210709,0.0],[17.948106,59.210674,0.0],[17.947964,59.210615,0.0],[17.947837,59.210601,0.0],[17.947658,59.210609,0.0],[17.947581,59.210682,0.0],[17.947459,59.210794,0.0],[17.947416,59.210844,0.0],[17.947346,59.210901,0.0],[17.947227,59.21097,0.0],[17.947058,59.211007,0.0],[17.946978,59.211009,0.0],[17.946734,59.211047,0.0],[17.946536,59.211109,0.0],[17.946342,59.211168,0.0],[17.946195,59.211166,0.0],[17.946062,59.211143,0.0],[17.945955,59.211104,0.0],[17.945854,59.211076,0.0],[17.945704,59.211047,0.0],[17.945503,59.211041,0.0],[17.945484,59.211048,0.0],[17.94547,59.21105,0.0],[17.945429,59.211028,0.0],[17.945273,59.210946,0.0],[17.945118,59.210866,0.0],[17.944989,59.210806,0.0],[17.944874,59.210751,0.0],[17.944758,59.210702,0.0],[17.944671,59.21067,0.0],[17.944584,59.210625,0.0],[17.944461,59.210534,0.0],[17.944355,59.210452,0.0],[17.944215,59.210347,0.0],[17.944186,59.210325,0.0],[17.94412,59.210265,0.0],[17.944091,59.21024,0.0],[17.944015,59.210177,0.0],[17.943886,59.210089,0.0],[17.94376,59.20999,0.0],[17.943663,59.209887,0.0],[17.94357,59.209815999999996,0.0],[17.943465,59.20972,0.0],[17.943337,59.2096,0.0],[17.943197,59.209489,0.0],[17.943086,59.209362,0.0],[17.943057,59.209343,0.0],[17.943017,59.209288,0.0],[17.942994,59.209191,0.0],[17.942945,59.209137,0.0]],"type":"LineString"},"id":"vandringsleder.1620","properties":{"andrad_datum":"2023-06-26T13:58:49.517","ansvarig":null,"namn":"Skogsmilen","omrade":"Flemingsbergsskogens naturreservat","skapad_datum":null},"type":"Feature"}
 ,{"bbox":[17.934617,59.204151,17.968951,59.216079],"geometry":{"coordinates":[[17.961405,59.215707,0.0],[17.961516,59.21562,0.0],[17.961561,59.215569,0.0],[17.961612,59.215464,0.0],[17.961657,59.215397,0.0],[17.961707,59.215309,0.0],[17.961723,59.215287,0.0],[17.961741,59.215229,0.0],[17.961757,59.215187,0.0],[17.961742,59.215173,0.0],[17.961723,59.21517,0.0],[17.961721,59.215169,0.0],[17.961663,59.215154,0.0],[17.961388,59.215127,0.0],[17.961211,59.215086,0.0],[17.961109,59.215067,0.0],[17.961102,59.215069,0.0],[17.960993,59.215047,0.0],[17.960739,59.215002,0.0],[17.960671,59.215006,0.0],[17.960555,59.21498,0.0],[17.960478,59.21495,0.0],[17.960476,59.214931,0.0],[17.960459,59.214929,0.0],[17.960374,59.214913,0.0],[17.960205,59.214874,0.0],[17.960012,59.214826,0.0],[17.959835,59.214791,0.0],[17.959649,59.21476,0.0],[17.959624,59.214759,0.0],[17.959459,59.214725,0.0],[17.959422,59.214705,0.0],[17.959372,59.214698,0.0],[17.959374,59.214687,0.0],[17.959373,59.214687,0.0],[17.959329,59.214712,0.0],[17.959311,59.214753,0.0],[17.959268,59.214852,0.0],[17.959236,59.21484,0.0],[17.959222,59.214843,0.0],[17.95909,59.214844,0.0],[17.958847,59.214807,0.0],[17.958607,59.214762,0.0],[17.958373,59.214711,0.0],[17.958099,59.214655,0.0],[17.957765,59.21459,0.0],[17.957517,59.214543,0.0],[17.957293,59.2145,0.0],[17.957065,59.214454,0.0],[17.956945,59.214438,0.0],[17.956891,59.214424,0.0],[17.956782,59.214396,0.0],[17.956525,59.214354,0.0],[17.956317,59.214326,0.0],[17.956141,59.214299,0.0],[17.95598,59.214292,0.0],[17.955956,59.214289,0.0],[17.955829,59.214244,0.0],[17.955667,59.214222,0.0],[17.955463,59.214181,0.0],[17.955283,59.21413,0.0],[17.955211,59.214096,0.0],[17.955125,59.214089,0.0],[17.955053,59.214065,0.0],[17.954869,59.214042,0.0],[17.954711,59.214018,0.0],[17.954487,59.213964,0.0],[17.954296,59.213917,0.0],[17.954114,59.213914,0.0],[17.953987,59.213879,0.0],[17.953727,59.213806,0.0],[17.953596,59.213736,0.0],[17.953507,59.213653,0.0],[17.953553,59.213586,0.0],[17.953633,59.213473,0.0],[17.953636,59.213397,0.0],[17.95357,59.213355,0.0],[17.953514,59.213333,0.0],[17.953427,59.213312,0.0],[17.953337,59.213258,0.0],[17.953178,59.213174,0.0],[17.953077,59.213119,0.0],[17.953065,59.21311,0.0],[17.953009,59.213087,0.0],[17.952882,59.213031,0.0],[17.952819,59.213001,0.0],[17.952653,59.21291,0.0],[17.95255,59.212887,0.0],[17.952369,59.212836,0.0],[17.952236,59.212793,0.0],[17.9521,59.212757,0.0],[17.951989,59.212707,0.0],[17.951922,59.212633,0.0],[17.951849,59.212573,0.0],[17.95181,59.212488,0.0],[17.951751,59.212414,0.0],[17.951672,59.212323,0.0],[17.951639,59.212269,0.0],[17.9516,59.212215,0.0],[17.951633,59.212164,0.0],[17.951666,59.212083,0.0],[17.951717,59.212009,0.0],[17.951835,59.211922,0.0],[17.951942,59.21186,0.0],[17.951962,59.211752,0.0],[17.951989,59.211648,0.0],[17.951989,59.211563,0.0],[17.951996,59.211479,0.0],[17.952009,59.211341,0.0],[17.952059,59.211157,0.0],[17.952194,59.211051,0.0],[17.952214,59.210946,0.0],[17.952166,59.2109,0.0],[17.952102,59.210848,0.0],[17.95199,59.210814,0.0],[17.951885,59.210774,0.0],[17.951786,59.210774,0.0],[17.951648,59.21076,0.0],[17.951562,59.210763,0.0],[17.95149,59.210763,0.0],[17.951286,59.21079,0.0],[17.951082,59.210807,0.0],[17.950924,59.210837,0.0],[17.950812,59.210864,0.0],[17.950582,59.210891,0.0],[17.950424,59.210925,0.0],[17.950345,59.210945,0.0],[17.950213,59.210945,0.0],[17.950012,59.210945,0.0],[17.949877,59.210941,0.0],[17.949678,59.210924,0.0],[17.949538,59.210904,0.0],[17.949419,59.210884,0.0],[17.949276,59.210865,0.0],[17.949141,59.210846,0.0],[17.949028,59.210833,0.0],[17.948817,59.210807,0.0],[17.948692,59.210791,0.0],[17.948505,59.210748,0.0],[17.948409,59.210742,0.0],[17.948296,59.210707,0.0],[17.948136,59.210667,0.0],[17.948093,59.210654,0.0],[17.947986,59.210613,0.0],[17.947943,59.210602,0.0],[17.947864,59.210581,0.0],[17.947855,59.210582,0.0],[17.947751,59.210573,0.0],[17.947649,59.21059,0.0],[17.947537,59.210641,0.0],[17.947497,59.210675,0.0],[17.94749,59.210745,0.0],[17.947484,59.210749,0.0],[17.947447,59.210802,0.0],[17.947439,59.21079,0.0],[17.947413,59.210816,0.0],[17.947342,59.210872,0.0],[17.947297,59.210917,0.0],[17.947222,59.210952,0.0],[17.947205,59.210964,0.0],[17.947027,59.211013,0.0],[17.946995,59.211016,0.0],[17.946786,59.211035,0.0],[17.946631,59.211088,0.0],[17.946469,59.211136,0.0],[17.946423,59.211156,0.0],[17.946281,59.211186,0.0],[17.946138,59.211188,0.0],[17.945974,59.211173,0.0],[17.945873,59.211148,0.0],[17.945736,59.211113,0.0],[17.945665,59.211116,0.0],[17.945491,59.211097,0.0],[17.94536,59.211046,0.0],[17.945198,59.210971,0.0],[17.945087,59.210902,0.0],[17.94507,59.210894,0.0],[17.944953,59.210843,0.0],[17.944795,59.210763,0.0],[17.944647,59.210691,0.0],[17.944563,59.210648,0.0],[17.944462,59.210578,0.0],[17.944365,59.210506,0.0],[17.944271,59.210437,0.0],[17.944139,59.210343,0.0],[17.944039,59.210256,0.0],[17.943935,59.210171,0.0],[17.943818,59.210094,0.0],[17.943709,59.210005,0.0],[17.943631,59.209941,0.0],[17.943534,59.20985,0.0],[17.943486,59.209803,0.0],[17.943467,59.209771,0.0],[17.943316,59.209675,0.0],[17.943279,59.209659,0.0],[17.943181,59.209576,0.0],[17.943105,59.209506,0.0],[17.943033,59.209387,0.0],[17.943011,59.209327,0.0],[17.94295,59.209239,0.0],[17.942945,59.20916,0.0],[17.94294,59.209096,0.0],[17.942936,59.209065,0.0],[17.942934,59.209038,0.0],[17.942982,59.208904,0.0],[17.942973,59.208844,0.0],[17.942966,59.208791,0.0],[17.942952,59.208672,0.0],[17.94289,59.208615,0.0],[17.942811,59.208551,0.0],[17.942689,59.208505,0.0],[17.942552,59.208465,0.0],[17.942431,59.208446,0.0],[17.942264,59.208411,0.0],[17.942187,59.208397,0.0],[17.942079,59.208364,0.0],[17.94199,59.208352,0.0],[17.941876,59.208323,0.0],[17.94169,59.208292,0.0],[17.941636,59.208287,0.0],[17.941534,59.208269,0.0],[17.941326,59.208231,0.0],[17.941194,59.208211,0.0],[17.94103,59.208191,0.0],[17.940826,59.208167,0.0],[17.940688,59.20815,0.0],[17.940451,59.208133,0.0],[17.9403,59.208113,0.0],[17.940102,59.208136,0.0],[17.939911,59.208167,0.0],[17.939602,59.208207,0.0],[17.939418,59.208261,0.0],[17.939246,59.208271,0.0],[17.939062,59.208284,0.0],[17.938944,59.208271,0.0],[17.938898,59.208247,0.0],[17.938832,59.208224,0.0],[17.93876,59.2082,0.0],[17.938562,59.208153,0.0],[17.938444,59.208105,0.0],[17.938352,59.208068,0.0],[17.938247,59.208021,0.0],[17.938141,59.207987,0.0],[17.937997,59.207967,0.0],[17.937872,59.207906,0.0],[17.937786,59.207872,0.0],[17.937635,59.207828,0.0],[17.937431,59.207757,0.0],[17.937214,59.20769,0.0],[17.937036,59.207666,0.0],[17.936885,59.207619,0.0],[17.936714,59.207602,0.0],[17.936602,59.207578,0.0],[17.93651,59.207598,0.0],[17.936466,59.207593,0.0],[17.936358,59.207548,0.0],[17.936188,59.207541,0.0],[17.936017,59.207534,0.0],[17.935852,59.207507,0.0],[17.935628,59.207459,0.0],[17.935398,59.207375,0.0],[17.935194,59.20729,0.0],[17.935103,59.207169,0.0],[17.935037,59.207067,0.0],[17.934918,59.207003,0.0],[17.934833,59.206895,0.0],[17.934774,59.206774,0.0],[17.934695,59.206699,0.0],[17.934617,59.206554,0.0],[17.934637,59.206443,0.0],[17.934643,59.206355,0.0],[17.934716,59.206281,0.0],[17.934788,59.206187,0.0],[17.934808,59.206092,0.0],[17.934946,59.206085,0.0],[17.934949,59.206063,0.0],[17.934977,59.206045,0.0],[17.93497,59.206032,0.0],[17.935034,59.206022,0.0],[17.935046,59.206048,0.0],[17.935072,59.206053,0.0],[17.935124,59.206036,0.0],[17.935165,59.206012,0.0],[17.935186,59.205995,0.0],[17.935322,59.205989,0.0],[17.935534,59.205997,0.0],[17.935678,59.20599,0.0],[17.935868,59.206011,0.0],[17.936007,59.20605,0.0],[17.936102,59.206077,0.0],[17.936159,59.206073,0.0],[17.936245,59.206078,0.0],[17.936369,59.206081,0.0],[17.93647,59.206072,0.0],[17.936569,59.206047,0.0],[17.936749,59.205997,0.0],[17.936879,59.205948,0.0],[17.937095,59.205941,0.0],[17.937345,59.205943,0.0],[17.93756,59.205919,0.0],[17.937756,59.205887,0.0],[17.937874,59.20583,0.0],[17.937954,59.205804,0.0],[17.93813,59.20573,0.0],[17.938189,59.205721,0.0],[17.938314,59.205681,0.0],[17.938374,59.205623,0.0],[17.93844,59.205566,0.0],[17.938469,59.205527,0.0],[17.938521,59.205482,0.0],[17.938679,59.205408,0.0],[17.938846,59.205397,0.0],[17.939032,59.205392,0.0],[17.939182,59.205336,0.0],[17.939265,59.205291,0.0],[17.939403,59.205206,0.0],[17.939486,59.20512,0.0],[17.939571,59.205096,0.0],[17.939672,59.205081,0.0],[17.939721,59.205084,0.0],[17.939779,59.205063,0.0],[17.939849,59.205016,0.0],[17.93997,59.204953,0.0],[17.940072,59.204886,0.0],[17.940146,59.204866,0.0],[17.940141,59.204855,0.0],[17.940202,59.204817,0.0],[17.940243,59.204752,0.0],[17.940303,59.204715,0.0],[17.940368,59.204707,0.0],[17.940454,59.20467,0.0],[17.940594,59.204617,0.0],[17.940674,59.204599,0.0],[17.940848,59.204589,0.0],[17.940937,59.204562,0.0],[17.941068,59.204482,0.0],[17.941153,59.204418,0.0],[17.941331,59.204353,0.0],[17.941464,59.204332,0.0],[17.941523,59.204339,0.0],[17.941606,59.204275,0.0],[17.94173,59.204267,0.0],[17.941778,59.204256,0.0],[17.941814,59.204218,0.0],[17.941868,59.204195,0.0],[17.941867,59.204171,0.0],[17.941912,59.204151,0.0],[17.942086,59.204158,0.0],[17.942115,59.204178,0.0],[17.942147,59.204181,0.0],[17.942188,59.204177,0.0],[17.942299,59.20416,0.0],[17.942444,59.204157,0.0],[17.942518,59.204164,0.0],[17.942688,59.2042,0.0],[17.942815,59.204245,0.0],[17.942836,59.204254,0.0],[17.942965,59.2043,0.0],[17.94301,59.204366,0.0],[17.943044,59.204415,0.0],[17.943093,59.204474,0.0],[17.943114,59.204512,0.0],[17.943147,59.204572,0.0],[17.943237,59.204624,0.0],[17.943351,59.204668,0.0],[17.94344,59.204724,0.0],[17.943616,59.204766,0.0],[17.943806,59.204822,0.0],[17.943931,59.204862,0.0],[17.944107,59.20488,0.0],[17.94428,59.2049,0.0],[17.944462,59.204925,0.0],[17.944598,59.204954,0.0],[17.944711,59.204986,0.0],[17.944883,59.205035,0.0],[17.945052,59.205082,0.0],[17.945164,59.205109,0.0],[17.945309,59.205144,0.0],[17.945445,59.205186,0.0],[17.94562,59.205206,0.0],[17.945804,59.205203,0.0],[17.945995,59.205185,0.0],[17.946015,59.205182,0.0],[17.946112,59.205192,0.0],[17.946229,59.205205,0.0],[17.946359,59.205246,0.0],[17.946512,59.205268,0.0],[17.946661,59.205294,0.0],[17.946806,59.205323,0.0],[17.94697,59.205374,0.0],[17.947077,59.205402,0.0],[17.947268,59.205441,0.0],[17.947288,59.205449,0.0],[17.947404,59.205477,0.0],[17.947599,59.205519,0.0],[17.947673,59.205535,0.0],[17.947822,59.20553,0.0],[17.947862,59.205537,0.0],[17.948008,59.20558,0.0],[17.94821,59.205612,0.0],[17.948281,59.205617,0.0],[17.948451,59.205663,0.0],[17.94855,59.20569,0.0],[17.948651,59.205709,0.0],[17.948843,59.205724,0.0],[17.949024,59.205751,0.0],[17.949172,59.205776,0.0],[17.949342,59.205747,0.0],[17.949527,59.205743,0.0],[17.949696,59.205739,0.0],[17.949829,59.205745,0.0],[17.949891,59.205749,0.0],[17.950071,59.205767,0.0],[17.950168,59.205801,0.0],[17.950229,59.205845,0.0],[17.950306,59.20591,0.0],[17.95042,59.205964,0.0],[17.95053,59.20606,0.0],[17.950634,59.206111,0.0],[17.950702,59.206139,0.0],[17.950791,59.206163,0.0],[17.950868,59.206216,0.0],[17.95094,59.206268,0.0],[17.951039,59.206315,0.0],[17.95113,59.206376,0.0],[17.951208,59.206418,0.0],[17.951306,59.206463,0.0],[17.951403,59.206489,0.0],[17.951423,59.206507,0.0],[17.951506,59.206513,0.0],[17.9517,59.206518,0.0],[17.951753,59.206523,0.0],[17.95193,59.206499,0.0],[17.952039,59.206488,0.0],[17.952197,59.206488,0.0],[17.952345,59.206479,0.0],[17.952455,59.206491,0.0],[17.952574,59.206518,0.0],[17.952744,59.206563,0.0],[17.952846,59.206588,0.0],[17.952895,59.206603,0.0],[17.95304,59.206639,0.0],[17.953098,59.206656,0.0],[17.953302,59.20672,0.0],[17.953406,59.206737,0.0],[17.953492,59.206749,0.0],[17.953568,59.20678,0.0],[17.953678,59.206793,0.0],[17.953861,59.20682,0.0],[17.953886,59.206825,0.0],[17.953958,59.206843,0.0],[17.954112,59.206839,0.0],[17.954231,59.206855,0.0],[17.954299,59.206873,0.0],[17.954321,59.206901,0.0],[17.954439,59.206961,0.0],[17.954457,59.206968,0.0],[17.954585,59.207019,0.0],[17.954624,59.207042,0.0],[17.954698,59.207101,0.0],[17.95475,59.207214,0.0],[17.954776,59.207274,0.0],[17.954834,59.207303,0.0],[17.954893,59.207335,0.0],[17.954932,59.20735,0.0],[17.95503,59.207387,0.0],[17.955147,59.207437,0.0],[17.955255,59.207479,0.0],[17.955308,59.20753,0.0],[17.955355,59.207556,0.0],[17.955414,59.207605,0.0],[17.955489,59.207668,0.0],[17.955546,59.207679,0.0],[17.955566,59.207697,0.0],[17.955657,59.207804,0.0],[17.95569,59.207839,0.0],[17.955724,59.207926,0.0],[17.955802,59.207991,0.0],[17.955822,59.208028,0.0],[17.955757,59.208089,0.0],[17.95568,59.208137,0.0],[17.955671,59.208164,0.0],[17.95566,59.208189,0.0],[17.95562,59.208254,0.0],[17.955614,59.208271,0.0],[17.955653,59.208341,0.0],[17.955746,59.208404,0.0],[17.955768,59.208409,0.0],[17.955841,59.208465,0.0],[17.955921,59.208547,0.0],[17.956016,59.20863,0.0],[17.956102,59.208702,0.0],[17.956128,59.208726,0.0],[17.95615,59.208797,0.0],[17.956145,59.208822,0.0],[17.956115,59.2089,0.0],[17.956117,59.208913,0.0],[17.956063,59.208986,0.0],[17.955954,59.209067,0.0],[17.955934,59.209094,0.0],[17.95589,59.209198,0.0],[17.955888,59.209207,0.0],[17.955889,59.209313,0.0],[17.955892,59.209352,0.0],[17.955891,59.209413,0.0],[17.955943,59.209519,0.0],[17.955954,59.209533,0.0],[17.95597,59.209617,0.0],[17.955984,59.209632,0.0],[17.956004,59.209708,0.0],[17.956034,59.209764,0.0],[17.95604,59.20978,0.0],[17.956075,59.20985,0.0],[17.956081,59.20991,0.0],[17.956112,59.209948,0.0],[17.956161,59.209985,0.0],[17.956231,59.210047,0.0],[17.956263,59.21007,0.0],[17.956284,59.210107,0.0],[17.956361,59.21019,0.0],[17.956393,59.210232,0.0],[17.956432,59.210287,0.0],[17.956513,59.210355,0.0],[17.956547,59.210379,0.0],[17.956724,59.210454,0.0],[17.956876,59.2105,0.0],[17.956914,59.210502,0.0],[17.957015,59.210487,0.0],[17.957157,59.210496,0.0],[17.957278,59.210511,0.0],[17.957473,59.210513,0.0],[17.957711,59.210501,0.0],[17.957776,59.210496,0.0],[17.957876,59.210479,0.0],[17.958065,59.210407,0.0],[17.958183,59.210422,0.0],[17.958299,59.210428,0.0],[17.958388,59.210427,0.0],[17.958576,59.210416,0.0],[17.958723,59.210424,0.0],[17.958774,59.210431,0.0],[17.958988,59.210457,0.0],[17.959136,59.210462,0.0],[17.959223,59.210457,0.0],[17.959489,59.210456,0.0],[17.959651,59.21045,0.0],[17.959776,59.210453,0.0],[17.959942,59.210414,0.0],[17.960046,59.210386,0.0],[17.960106,59.210373,0.0],[17.960244,59.210382,0.0],[17.960365,59.21039,0.0],[17.960533,59.21044,0.0],[17.960584,59.210447,0.0],[17.960714,59.210515,0.0],[17.960853,59.210597,0.0],[17.960898,59.210683,0.0],[17.960967,59.210801,0.0],[17.960945,59.210946,0.0],[17.960947,59.210984,0.0],[17.96096,59.211014,0.0],[17.96102,59.211102,0.0],[17.961146,59.211196,0.0],[17.961204,59.211231,0.0],[17.96132,59.211291,0.0],[17.961348,59.211305,0.0],[17.961455,59.211366,0.0],[17.961477,59.211384,0.0],[17.961521,59.211437,0.0],[17.961581,59.211453,0.0],[17.961698,59.211478,0.0],[17.961725,59.211472,0.0],[17.961769,59.211499,0.0],[17.961824,59.211582,0.0],[17.961859,59.2116,0.0],[17.962001,59.211698,0.0],[17.962072,59.211772,0.0],[17.962214,59.211877,0.0],[17.962229,59.211896,0.0],[17.9624,59.211949,0.0],[17.962561,59.212003,0.0],[17.962628,59.212012,0.0],[17.962567,59.212067,0.0],[17.962497,59.212114,0.0],[17.962453,59.212197,0.0],[17.962458,59.212305,0.0],[17.962445,59.212378,0.0],[17.962443,59.212389,0.0],[17.962515,59.212476,0.0],[17.962601,59.212571,0.0],[17.962759,59.212645,0.0],[17.962897,59.212706,0.0],[17.963022,59.21275,0.0],[17.963094,59.212764,0.0],[17.963167,59.212821,0.0],[17.963265,59.212861,0.0],[17.96343,59.212929,0.0],[17.963621,59.212973,0.0],[17.963792,59.213037,0.0],[17.963917,59.213071,0.0],[17.96409,59.213155,0.0],[17.964264,59.213146,0.0],[17.964542,59.213152,0.0],[17.964608,59.213162,0.0],[17.964779,59.213169,0.0],[17.96495,59.213189,0.0],[17.965101,59.213223,0.0],[17.965299,59.21324,0.0],[17.965446,59.213277,0.0],[17.965511,59.213283,0.0],[17.965648,59.21327,0.0],[17.965825,59.213318,0.0],[17.966062,59.213321,0.0],[17.9662,59.213331,0.0],[17.966423,59.213315,0.0],[17.966605,59.213314,0.0],[17.966812,59.21328,0.0],[17.966872,59.213269,0.0],[17.967071,59.213293,0.0],[17.967293,59.213325,0.0],[17.967424,59.213365,0.0],[17.967622,59.213426,0.0],[17.967753,59.213497,0.0],[17.967872,59.213534,0.0],[17.96791,59.213664,0.0],[17.967939,59.213707,0.0],[17.96795,59.213787,0.0],[17.967974,59.213883,0.0],[17.968005,59.213984,0.0],[17.96807,59.214126,0.0],[17.968125,59.214239,0.0],[17.968112,59.214287,0.0],[17.968114,59.21431,0.0],[17.968111,59.214382,0.0],[17.968108,59.214409,0.0],[17.968103,59.214487,0.0],[17.968093,59.21452,0.0],[17.96811,59.214613,0.0],[17.968166,59.214685,0.0],[17.968243,59.214788,0.0],[17.968299,59.214875,0.0],[17.968309,59.214886,0.0],[17.968384,59.214965,0.0],[17.968445,59.215032,0.0],[17.968515,59.215137,0.0],[17.968637,59.215209,0.0],[17.968663,59.215243,0.0],[17.968683,59.21527,0.0],[17.968716,59.215358,0.0],[17.968746,59.215438,0.0],[17.968767,59.215474,0.0],[17.968839,59.215563,0.0],[17.968917,59.215634,0.0],[17.96894,59.215665,0.0],[17.968951,59.215761,0.0],[17.968903,59.215947,0.0],[17.968824,59.216079,0.0],[17.968653,59.216045,0.0],[17.968416,59.216001,0.0],[17.968166,59.215974,0.0],[17.967962,59.215964,0.0],[17.967817,59.215957,0.0],[17.967606,59.215961,0.0],[17.967468,59.215961,0.0],[17.967323,59.215937,0.0],[17.967119,59.21591,0.0],[17.966988,59.2159,0.0],[17.966909,59.21589,0.0],[17.966718,59.215856,0.0],[17.96652,59.215842,0.0],[17.966369,59.215835,0.0],[17.966073,59.215808,0.0],[17.965809,59.215754,0.0],[17.965559,59.215731,0.0],[17.965178,59.215673,0.0],[17.964928,59.215676,0.0],[17.964822,59.215676,0.0],[17.964599,59.215659,0.0],[17.964473,59.215643,0.0],[17.964381,59.215636,0.0],[17.964263,59.215629,0.0],[17.964131,59.215616,0.0],[17.963934,59.215595,0.0],[17.963756,59.215568,0.0],[17.963466,59.215595,0.0],[17.963361,59.215598,0.0],[17.963177,59.215602,0.0],[17.963012,59.215585,0.0],[17.962894,59.215554,0.0],[17.962736,59.215504,0.0],[17.962624,59.21547,0.0],[17.962466,59.21544,0.0],[17.962334,59.215396,0.0],[17.962196,59.215355,0.0],[17.962032,59.215288,0.0],[17.961783,59.215174,0.0],[17.961781,59.2152,0.0],[17.961782,59.215261,0.0],[17.96168,59.215423,0.0],[17.961652,59.215488,0.0],[17.961587,59.215567,0.0],[17.961507,59.215665,0.0],[17.961436,59.215717,0.0]],"type":"LineString"},"id":"vandringsleder.1621","properties":{"andrad_datum":"2023-06-26T10:08:52.753","ansvarig":null,"namn":"Skogsfemman","omrade":"Flemingsbergsskogens naturreservat","skapad_datum":null},"type":"Feature"}
 ,{"bbox":[17.959365,59.198233,18.015948,59.214661],"geometry":{"coordinates":[[17.959365,59.214661,0.0],[17.959404,59.214596,0.0],[17.959565,59.214359,0.0],[17.959637,59.214218,0.0],[17.959819,59.213777,0.0],[17.9599,59.21365,0.0],[17.960011,59.213372,0.0],[17.96014,59.21318,0.0],[17.960224,59.213109,0.0],[17.960536,59.212873,0.0],[17.960812,59.212702,0.0],[17.961009,59.212627,0.0],[17.961328,59.212498,0.0],[17.961544,59.212428,0.0],[17.961791,59.212366,0.0],[17.962329,59.212228,0.0],[17.962459,59.212164,0.0],[17.962724,59.21194,0.0],[17.963036,59.21183,0.0],[17.963337,59.211737,0.0],[17.963583,59.211657,0.0],[17.963812,59.211602,0.0],[17.964014,59.211574,0.0],[17.964364,59.21154,0.0],[17.964846,59.211452,0.0],[17.965072,59.211389,0.0],[17.965408,59.211213,0.0],[17.965565,59.211139,0.0],[17.96566,59.211066,0.0],[17.965735,59.210939,0.0],[17.965792,59.21088,0.0],[17.966074,59.210694,0.0],[17.966101,59.210594,0.0],[17.966084,59.210499,0.0],[17.96606,59.210428,0.0],[17.965998,59.210342,0.0],[17.965976,59.210276,0.0],[17.966034,59.210164,0.0],[17.966043,59.210051,0.0],[17.966086,59.209844,0.0],[17.966148,59.209751,0.0],[17.966261,59.209676,0.0],[17.966371,59.209635,0.0],[17.966513,59.209601,0.0],[17.966601,59.209561,0.0],[17.966744,59.209433,0.0],[17.966823,59.209333,0.0],[17.966772,59.209221,0.0],[17.966841,59.209081,0.0],[17.966952,59.208921,0.0],[17.967088,59.208747,0.0],[17.96718,59.208649,0.0],[17.967165,59.208592,0.0],[17.966934,59.208427,0.0],[17.966804,59.208317,0.0],[17.966726,59.208185,0.0],[17.966669,59.208068,0.0],[17.966625,59.207964,0.0],[17.966565,59.207819,0.0],[17.966431,59.207583,0.0],[17.96644,59.207533,0.0],[17.966516,59.207511,0.0],[17.966671,59.207453,0.0],[17.966832,59.207416,0.0],[17.967037,59.207337,0.0],[17.967276,59.207341,0.0],[17.967492,59.207305,0.0],[17.967701,59.20727,0.0],[17.967738,59.207259,0.0],[17.968007,59.20722,0.0],[17.96802,59.207215,0.0],[17.968287,59.20714,0.0],[17.968534,59.207044,0.0],[17.968788,59.206948,0.0],[17.969117,59.206856,0.0],[17.969393,59.206789,0.0],[17.969498,59.206755,0.0],[17.96966,59.206635,0.0],[17.969744,59.206615,0.0],[17.96979,59.206594,0.0],[17.970052,59.206516,0.0],[17.970377,59.206465,0.0],[17.97055,59.206458,0.0],[17.970705,59.206435,0.0],[17.971009,59.206388,0.0],[17.971454,59.20632,0.0],[17.971736,59.206338,0.0],[17.971841,59.206336,0.0],[17.972055,59.206323,0.0],[17.972262,59.206298,0.0],[17.972458,59.20628,0.0],[17.972752,59.206318,0.0],[17.97288,59.206321,0.0],[17.97303,59.206295,0.0],[17.973151,59.206261,0.0],[17.973318,59.206239,0.0],[17.973479,59.206211,0.0],[17.97355,59.20619,0.0],[17.97361,59.206156,0.0],[17.973661,59.206112,0.0],[17.973679,59.206086,0.0],[17.973691,59.205977,0.0],[17.973694,59.2059,0.0],[17.973743,59.205846,0.0],[17.973766,59.205779,0.0],[17.973744,59.205651,0.0],[17.973795,59.205583,0.0],[17.974054,59.205442,0.0],[17.974283,59.205331,0.0],[17.974498,59.205245,0.0],[17.974844,59.20514,0.0],[17.975173,59.205047,0.0],[17.975325,59.205003,0.0],[17.975379,59.20499,0.0],[17.975525,59.204951,0.0],[17.97567,59.204893,0.0],[17.975785,59.204827,0.0],[17.975867,59.204775,0.0],[17.975918,59.204738,0.0],[17.976029,59.204629,0.0],[17.976124,59.204569,0.0],[17.976151,59.204545,0.0],[17.976176,59.204498,0.0],[17.976196,59.204438,0.0],[17.976299,59.204406,0.0],[17.976467,59.204349,0.0],[17.976556,59.204285,0.0],[17.976718,59.204176,0.0],[17.976883,59.204095,0.0],[17.977101,59.203973,0.0],[17.977282,59.203861,0.0],[17.977506,59.203721,0.0],[17.977546,59.203686,0.0],[17.977611,59.203564,0.0],[17.977696,59.203512,0.0],[17.978047,59.203392,0.0],[17.978153,59.203377,0.0],[17.9783,59.203359,0.0],[17.97845,59.203349,0.0],[17.978666,59.203321,0.0],[17.978747,59.203322,0.0],[17.978933,59.203321,0.0],[17.979173,59.203357,0.0],[17.979373,59.203332,0.0],[17.979614,59.203317,0.0],[17.979754,59.203254,0.0],[17.979991,59.203212,0.0],[17.980214,59.203236,0.0],[17.980425,59.203261,0.0],[17.980714,59.20332,0.0],[17.980937,59.203351,0.0],[17.981221,59.20341,0.0],[17.981403,59.203453,0.0],[17.981597,59.203489,0.0],[17.981851,59.203544,0.0],[17.982002,59.203564,0.0],[17.982118,59.203588,0.0],[17.982233,59.203617,0.0],[17.982315,59.203645,0.0],[17.982388,59.203664,0.0],[17.982574,59.203722,0.0],[17.982754,59.203755,0.0],[17.983027,59.203782,0.0],[17.983188,59.203782,0.0],[17.983489,59.203768,0.0],[17.983767,59.203819,0.0],[17.983998,59.203827,0.0],[17.984424,59.20385,0.0],[17.984741,59.20384,0.0],[17.984979,59.203827,0.0],[17.984995,59.203795,0.0],[17.984994,59.203748,0.0],[17.984922,59.20358,0.0],[17.984917,59.203564,0.0],[17.984952,59.203368,0.0],[17.984978,59.203287,0.0],[17.985002,59.20328,0.0],[17.985085,59.203143,0.0],[17.985147,59.20305,0.0],[17.985227,59.20291,0.0],[17.985259,59.202763,0.0],[17.985225,59.202715,0.0],[17.985142,59.202604,0.0],[17.985136,59.202594,0.0],[17.985185,59.202443,0.0],[17.985219,59.202438,0.0],[17.985507,59.202411,0.0],[17.985725,59.202366,0.0],[17.985952,59.202349,0.0],[17.986288,59.202287,0.0],[17.986528,59.20224,0.0],[17.986802,59.202228,0.0],[17.986904,59.202222,0.0],[17.987119,59.202152,0.0],[17.987402,59.202066,0.0],[17.987687,59.201948,0.0],[17.987783,59.201831,0.0],[17.987735,59.201618,0.0],[17.987733,59.201511000000004,0.0],[17.98779,59.201418,0.0],[17.98782,59.201288,0.0],[17.98785,59.201186,0.0],[17.987849,59.201163,0.0],[17.987858,59.201034,0.0],[17.987858,59.200964,0.0],[17.987918,59.200889,0.0],[17.988032,59.200829,0.0],[17.988119,59.200695,0.0],[17.988183,59.20058,0.0],[17.988339,59.200448,0.0],[17.988363,59.200432,0.0],[17.988454,59.200348,0.0],[17.988583,59.200205,0.0],[17.988724,59.200057,0.0],[17.988828,59.199956,0.0],[17.988997,59.199891,0.0],[17.989198,59.199865,0.0],[17.989214,59.199878,0.0],[17.989465,59.199976,0.0],[17.989688,59.200097,0.0],[17.989823,59.200211,0.0],[17.989997,59.20028,0.0],[17.990181,59.200363,0.0],[17.990522,59.200423,0.0],[17.990838,59.200527,0.0],[17.990875,59.200535,0.0],[17.991047,59.200512,0.0],[17.991143,59.200467,0.0],[17.991398,59.200402,0.0],[17.991641,59.200352,0.0],[17.991807,59.200338,0.0],[17.991954,59.200317,0.0],[17.992279,59.20037,0.0],[17.992522,59.200435,0.0],[17.992777,59.20045,0.0],[17.993008,59.200439,0.0],[17.993113,59.200466,0.0],[17.993337,59.200536,0.0],[17.993554,59.200579,0.0],[17.99364,59.200568,0.0],[17.993809,59.20054,0.0],[17.994047,59.200571,0.0],[17.994282,59.200617,0.0],[17.994367,59.200634,0.0],[17.994592,59.20068,0.0],[17.994788,59.200743,0.0],[17.995084,59.200833,0.0],[17.995404,59.200914,0.0],[17.995624,59.200945,0.0],[17.995843,59.20093,0.0],[17.995968,59.200853,0.0],[17.996133,59.200727,0.0],[17.996269,59.20061,0.0],[17.996357,59.200486,0.0],[17.99648,59.200349,0.0],[17.996726,59.200287,0.0],[17.996902,59.200231,0.0],[17.997263,59.200219,0.0],[17.997525,59.200192,0.0],[17.997797,59.200151,0.0],[17.998137,59.200175,0.0],[17.998435,59.200232,0.0],[17.998538,59.20026,0.0],[17.998643,59.200285,0.0],[17.998971,59.200394,0.0],[17.999142,59.200446,0.0],[17.999317,59.20047,0.0],[17.9994,59.200505,0.0],[17.999638,59.200579,0.0],[17.999715,59.200561,0.0],[17.999733,59.200556,0.0],[17.999886,59.200436,0.0],[17.99992,59.200415,0.0],[18.000122,59.200373,0.0],[18.000193,59.200346,0.0],[18.00025,59.200325,0.0],[18.000302,59.200296,0.0],[18.000471,59.200229,0.0],[18.000523,59.20022,0.0],[18.000619,59.200226,0.0],[18.000675,59.20024,0.0],[18.000722,59.200236,0.0],[18.000784,59.20022,0.0],[18.00084,59.200215,0.0],[18.000894,59.200221,0.0],[18.000927,59.200252,0.0],[18.00094,59.200277,0.0],[18.000946,59.200307,0.0],[18.000906,59.200425,0.0],[18.000928,59.200511,0.0],[18.001003,59.200546,0.0],[18.001118,59.200565,0.0],[18.001174,59.200563,0.0],[18.001238,59.200552,0.0],[18.001323,59.200526,0.0],[18.001379,59.200491,0.0],[18.001488,59.200404,0.0],[18.001731,59.20034,0.0],[18.002048,59.200281,0.0],[18.002274,59.200186,0.0],[18.002448,59.20011,0.0],[18.002481,59.200084,0.0],[18.002546,59.200065,0.0],[18.002608,59.200004,0.0],[18.002657,59.199997,0.0],[18.002784,59.199977,0.0],[18.002901,59.199905,0.0],[18.002979,59.199899,0.0],[18.003133,59.199861,0.0],[18.00318,59.199852,0.0],[18.003339,59.199804,0.0],[18.003497,59.199758,0.0],[18.003551,59.199756,0.0],[18.003606,59.199743,0.0],[18.0038,59.19969,0.0],[18.003968,59.199624,0.0],[18.004169,59.199565,0.0],[18.004207,59.199554,0.0],[18.004289,59.199524,0.0],[18.004424,59.199483,0.0],[18.004636,59.199419,0.0],[18.00466,59.199408,0.0],[18.0048,59.19936,0.0],[18.004956,59.199296,0.0],[18.005204,59.199196,0.0],[18.005321,59.199143,0.0],[18.005463,59.199082,0.0],[18.005579,59.19905,0.0],[18.005697,59.198983,0.0],[18.005806,59.198942,0.0],[18.005959,59.198907,0.0],[18.006158,59.198822,0.0],[18.006323,59.19875,0.0],[18.006538,59.198666,0.0],[18.006832,59.198615,0.0],[18.006916,59.1986,0.0],[18.007182,59.198622,0.0],[18.007419,59.198641,0.0],[18.007588,59.198629,0.0],[18.007721,59.198611,0.0],[18.007854,59.198569,0.0],[18.008032,59.198496,0.0],[18.008066,59.198477,0.0],[18.00809,59.198439,0.0],[18.008087,59.198397,0.0],[18.008066,59.198363,0.0],[18.008078,59.198323,0.0],[18.008134,59.198248,0.0],[18.008175,59.198236,0.0],[18.008211,59.198233,0.0],[18.008256,59.198238,0.0],[18.008319,59.198258,0.0],[18.008325,59.19827,0.0],[18.008318,59.198298,0.0],[18.008319,59.198318,0.0],[18.008336,59.198335,0.0],[18.008407,59.198372,0.0],[18.008668,59.198432,0.0],[18.008953,59.198496,0.0],[18.008959,59.198507,0.0],[18.008974,59.19856,0.0],[18.009131,59.198788,0.0],[18.009605,59.199085,0.0],[18.01007,59.199345,0.0],[18.010679,59.199665,0.0],[18.011536,59.200112,0.0],[18.012145,59.200253,0.0],[18.012726,59.200298,0.0],[18.013089,59.200238,0.0],[18.013713,59.200008,0.0],[18.014061,59.200045,0.0],[18.014322,59.200179,0.0],[18.015948,59.200759,0.0]],"type":"LineString"},"id":"vandringsleder.1622","properties":{"andrad_datum":"2023-06-26T14:07:13.843","ansvarig":null,"namn":"Stensbergsleden","omrade":"Flemingsbergsskogens/Orlångens naturreservat","skapad_datum":null},"type":"Feature"}
 ,{"bbox":[18.024619,59.207878,18.035389,59.217493],"geometry":{"coordinates":[[18.030034,59.207892,0.0],[18.030063,59.207918,0.0],[18.030086,59.207951,0.0],[18.030242,59.208006,0.0],[18.030337,59.208059,0.0],[18.030441,59.208118,0.0],[18.030494,59.208145,0.0],[18.030555,59.20818,0.0],[18.030675,59.208224,0.0],[18.030983,59.20836,0.0],[18.031115,59.208427,0.0],[18.031202,59.208467,0.0],[18.031442,59.208565,0.0],[18.031548,59.208615,0.0],[18.031644,59.208661,0.0],[18.03176,59.208717,0.0],[18.031988,59.208786,0.0],[18.032167,59.20884,0.0],[18.032261,59.208882,0.0],[18.032336,59.208911,0.0],[18.032537,59.208979,0.0],[18.032674,59.209036,0.0],[18.032742,59.209065,0.0],[18.032881,59.209085,0.0],[18.032876,59.209123,0.0],[18.032874,59.209206,0.0],[18.032909,59.209284,0.0],[18.032911,59.20932,0.0],[18.032895,59.209336,0.0],[18.032791,59.20947,0.0],[18.032832,59.209508,0.0],[18.032848,59.209609,0.0],[18.032861,59.209664,0.0],[18.032929,59.209691,0.0],[18.03291,59.20976,0.0],[18.032856,59.209808,0.0],[18.032799,59.209862,0.0],[18.032725,59.209915,0.0],[18.032637,59.209933,0.0],[18.032552,59.210015,0.0],[18.032452,59.210052,0.0],[18.032393,59.210032,0.0],[18.032369,59.210022,0.0],[18.032362,59.210071,0.0],[18.032341,59.210112,0.0],[18.032339,59.210146,0.0],[18.032299,59.210238,0.0],[18.032297,59.210251,0.0],[18.03228,59.210295,0.0],[18.03227,59.210313,0.0],[18.032236,59.210352,0.0],[18.032144,59.210446,0.0],[18.03209,59.210596,0.0],[18.032033,59.210706,0.0],[18.031906,59.21095,0.0],[18.031826,59.211012,0.0],[18.031715,59.211064,0.0],[18.031625,59.211092,0.0],[18.031568,59.211126,0.0],[18.031503,59.211185,0.0],[18.031418,59.211241,0.0],[18.031369,59.211253,0.0],[18.031306,59.211344,0.0],[18.031309,59.211356,0.0],[18.031144,59.211496,0.0],[18.031049,59.211516,0.0],[18.030919,59.211557,0.0],[18.030855,59.211628,0.0],[18.030787,59.211727,0.0],[18.030687,59.211804,0.0],[18.030613,59.211878,0.0],[18.030578,59.211954,0.0],[18.030532,59.212049,0.0],[18.030464,59.212148,0.0],[18.030333,59.212321,0.0],[18.030241,59.212469,0.0],[18.030228,59.212532,0.0],[18.030147,59.212622,0.0],[18.03009,59.212653,0.0],[18.030052,59.212724,0.0],[18.030055,59.21277,0.0],[18.030029,59.212795,0.0],[18.029976,59.212857,0.0],[18.029892,59.21297,0.0],[18.029806,59.213056,0.0],[18.029742,59.213115,0.0],[18.029622,59.213236,0.0],[18.029563,59.213347,0.0],[18.029565,59.213412,0.0],[18.029551,59.213446,0.0],[18.029514,59.213512,0.0],[18.029417,59.213581,0.0],[18.029334,59.213672,0.0],[18.029237,59.213752,0.0],[18.029101,59.21381,0.0],[18.028934,59.213924,0.0],[18.028884,59.213908,0.0],[18.028813,59.213984,0.0],[18.028716,59.214062,0.0],[18.028666,59.214102,0.0],[18.028606,59.214137,0.0],[18.028574,59.214158,0.0],[18.028516,59.21421,0.0],[18.028428,59.214239,0.0],[18.028378,59.214245,0.0],[18.028323,59.214313,0.0],[18.028273,59.214383,0.0],[18.02823,59.214465,0.0],[18.028099,59.214575,0.0],[18.027962,59.214628,0.0],[18.027915,59.214683,0.0],[18.027872,59.214699,0.0],[18.02767,59.214771,0.0],[18.027616,59.214784,0.0],[18.027574,59.214786,0.0],[18.027471,59.214946,0.0],[18.027257,59.215122,0.0],[18.027034,59.215216,0.0],[18.026907,59.215337,0.0],[18.02677,59.215407,0.0],[18.026698,59.215474,0.0],[18.026595,59.215557,0.0],[18.026504,59.215606,0.0],[18.026464,59.215628,0.0],[18.026429,59.215641,0.0],[18.026369,59.21567,0.0],[18.0263,59.2157,0.0],[18.026279,59.215715,0.0],[18.026123,59.21577,0.0],[18.026076,59.215768,0.0],[18.025807,59.215755,0.0],[18.025652,59.215734,0.0],[18.025481,59.215745,0.0],[18.025396,59.21573,0.0],[18.02527,59.215714,0.0],[18.024969,59.21566,0.0],[18.024949,59.215683,0.0],[18.024982,59.215731,0.0],[18.024946,59.215766,0.0],[18.024905,59.215805,0.0],[18.024889,59.215858,0.0],[18.024836,59.21595,0.0],[18.024797,59.216086,0.0],[18.024779,59.216133,0.0],[18.024819,59.216248,0.0],[18.024779,59.216265,0.0],[18.024679,59.216541,0.0],[18.024649,59.216668,0.0],[18.024628,59.216739,0.0],[18.024619,59.216782,0.0],[18.024706,59.216923,0.0],[18.024799,59.217017,0.0],[18.024795,59.217096,0.0],[18.024969,59.217177,0.0],[18.025053,59.217261,0.0],[18.025201,59.217303,0.0],[18.025418,59.217317,0.0],[18.025463,59.217381,0.0],[18.02551,59.217397,0.0],[18.025568,59.217398,0.0],[18.025692,59.217396,0.0],[18.025787,59.21738,0.0],[18.025907,59.217374,0.0],[18.025975,59.217376,0.0],[18.026008,59.217371,0.0],[18.02605,59.217356,0.0],[18.026158,59.217354,0.0],[18.026323,59.217337,0.0],[18.026433,59.217337,0.0],[18.026517,59.217371,0.0],[18.026623,59.217398,0.0],[18.026736,59.2174,0.0],[18.026765,59.21742,0.0],[18.026875,59.217468,0.0],[18.027041,59.217493,0.0],[18.027251,59.217456,0.0],[18.027321,59.217422,0.0],[18.027424,59.2174,0.0],[18.027538,59.217397,0.0],[18.027718,59.21741,0.0],[18.027979,59.217429,0.0],[18.028401,59.217394,0.0],[18.028498,59.217412,0.0],[18.028664,59.217423,0.0],[18.028969,59.217434,0.0],[18.029113,59.217453,0.0],[18.029337,59.217476,0.0],[18.02955,59.217471,0.0],[18.029625,59.217466,0.0],[18.029703,59.217448,0.0],[18.029813,59.217417,0.0],[18.029961,59.217376,0.0],[18.030014,59.217346,0.0],[18.030305,59.217282,0.0],[18.030426,59.217261,0.0],[18.030514,59.217251,0.0],[18.030557,59.217262,0.0],[18.03069,59.217249,0.0],[18.030815,59.217241,0.0],[18.030863,59.217176,0.0],[18.030807,59.217069,0.0],[18.030846,59.216974,0.0],[18.030863,59.216953,0.0],[18.030914,59.21688,0.0],[18.030966,59.216804,0.0],[18.031002,59.216811,0.0],[18.031091,59.216759,0.0],[18.031131,59.216709,0.0],[18.031205,59.216671,0.0],[18.031286,59.216628,0.0],[18.031437,59.216492,0.0],[18.031572,59.216379,0.0],[18.031757,59.216261,0.0],[18.031871,59.216187,0.0],[18.031993,59.216123,0.0],[18.032105,59.216077,0.0],[18.032214,59.216003,0.0],[18.032224,59.215999,0.0],[18.032282,59.215969,0.0],[18.032456,59.215927,0.0],[18.032495,59.215872,0.0],[18.032559,59.215771,0.0],[18.032699,59.215595,0.0],[18.0328,59.215521,0.0],[18.03288,59.215508,0.0],[18.033063,59.215411,0.0],[18.033185,59.215297,0.0],[18.03318,59.215275,0.0],[18.033197,59.215252,0.0],[18.033247,59.215214,0.0],[18.033383,59.215183,0.0],[18.033464,59.215113,0.0],[18.033479,59.215098,0.0],[18.033565,59.215117,0.0],[18.033654,59.215092,0.0],[18.033685,59.21501,0.0],[18.033756,59.214944,0.0],[18.033874,59.214845,0.0],[18.033948,59.214764,0.0],[18.034005,59.214701,0.0],[18.034046,59.214685,0.0],[18.034128,59.214588,0.0],[18.034119,59.214501,0.0],[18.034163,59.214432,0.0],[18.034213,59.214334,0.0],[18.034231,59.214324,0.0],[18.034364,59.214254,0.0],[18.034462,59.214203,0.0],[18.034572,59.214122,0.0],[18.034604,59.214045,0.0],[18.034625,59.213989,0.0],[18.034682,59.213881,0.0],[18.034715,59.213835,0.0],[18.034631,59.213761,0.0],[18.034642,59.213708,0.0],[18.034652,59.213698,0.0],[18.034643,59.213628,0.0],[18.034583,59.21358,0.0],[18.034496,59.213482,0.0],[18.034499,59.213393,0.0],[18.034505,59.213317,0.0],[18.034491,59.213252,0.0],[18.034308,59.213216,0.0],[18.034127,59.213161,0.0],[18.034075,59.213131,0.0],[18.033975,59.213035,0.0],[18.033959,59.213024,0.0],[18.03386,59.212951,0.0],[18.033752,59.212874,0.0],[18.03371,59.212861,0.0],[18.03363,59.212815,0.0],[18.03358,59.212759,0.0],[18.033619,59.21259,0.0],[18.033739,59.212493,0.0],[18.033918,59.212386,0.0],[18.033948,59.212371,0.0],[18.034092,59.212305,0.0],[18.034175,59.212255,0.0],[18.034281,59.212207,0.0],[18.034355,59.212154,0.0],[18.03441,59.212094,0.0],[18.034573,59.212018,0.0],[18.034737,59.211907,0.0],[18.034989,59.211691,0.0],[18.034763,59.211587,0.0],[18.034586,59.211517,0.0],[18.034533,59.21141,0.0],[18.034544,59.211341,0.0],[18.034537,59.211243,0.0],[18.03447,59.211138,0.0],[18.034485,59.211018,0.0],[18.034607,59.210874,0.0],[18.034662,59.210739,0.0],[18.0347,59.21071,0.0],[18.034822,59.210611,0.0],[18.034942,59.210538,0.0],[18.035127,59.210478,0.0],[18.035239,59.21042,0.0],[18.035306,59.210354,0.0],[18.035389,59.21028,0.0],[18.035322,59.210219,0.0],[18.035138,59.210169,0.0],[18.035055,59.210041,0.0],[18.034848,59.209899,0.0],[18.034826,59.209834,0.0],[18.034823,59.209695,0.0],[18.034869,59.209639,0.0],[18.034921,59.209541,0.0],[18.034923,59.209486,0.0],[18.034954,59.209416,0.0],[18.034987,59.209289,0.0],[18.034994,59.209276,0.0],[18.035021,59.209156,0.0],[18.035054,59.2091,0.0],[18.03512,59.20897,0.0],[18.035209,59.208878,0.0],[18.035294,59.208799,0.0],[18.035333,59.208774,0.0],[18.035278,59.208745,0.0],[18.035152,59.208739,0.0],[18.03501,59.208736,0.0],[18.034835,59.208665,0.0],[18.034737,59.208648,0.0],[18.034698,59.208659,0.0],[18.034516,59.208695,0.0],[18.034496,59.208696,0.0],[18.03431,59.2087,0.0],[18.03399,59.208681,0.0],[18.033728,59.208677,0.0],[18.033573,59.208672,0.0],[18.033523,59.208693,0.0],[18.033486,59.208716,0.0],[18.033481,59.208724,0.0],[18.033314,59.208753,0.0],[18.033187,59.208754,0.0],[18.033162,59.208763,0.0],[18.033159,59.208775,0.0],[18.033169,59.208838,0.0],[18.033176,59.208905,0.0],[18.033139,59.208934,0.0],[18.033082,59.208982,0.0],[18.032975,59.209049,0.0],[18.032827,59.209055,0.0],[18.032799,59.209048,0.0],[18.032771,59.20904,0.0],[18.03261,59.208998,0.0],[18.032521,59.208966,0.0],[18.032487,59.208957,0.0],[18.032465,59.208948,0.0],[18.032443,59.208938,0.0],[18.032323,59.208902,0.0],[18.032221,59.208852,0.0],[18.032158,59.208829,0.0],[18.032108,59.2088,0.0],[18.032001,59.208748,0.0],[18.031951,59.208717,0.0],[18.031827,59.208668,0.0],[18.031707,59.208642,0.0],[18.031604,59.208588,0.0],[18.03146,59.208524,0.0],[18.031304,59.208464,0.0],[18.03125,59.208439,0.0],[18.03106,59.208362,0.0],[18.030853,59.208279,0.0],[18.030677,59.208177,0.0],[18.030571,59.208134,0.0],[18.030436,59.208074,0.0],[18.030395,59.208052,0.0],[18.030375,59.20803,0.0],[18.030258,59.207959,0.0],[18.030156,59.207926,0.0],[18.030075,59.207878,0.0]],"type":"LineString"},"id":"vandringsleder.1623","properties":{"andrad_datum":"2023-06-26T14:04:47.833","ansvarig":null,"namn":"Mörtsjöslingan","omrade":"Orlångens naturresrevat","skapad_datum":null},"type":"Feature"}
 ,{"bbox":[18.032953,59.205983,18.078717,59.217256],"geometry":{"coordinates":[[18.032955,59.206765,0.0],[18.032953,59.206775,0.0],[18.0332,59.206737,0.0],[18.033429,59.206728,0.0],[18.033588,59.206705,0.0],[18.033788,59.20671,0.0],[18.034,59.206628,0.0],[18.034291,59.20654,0.0],[18.034439,59.206491,0.0],[18.034531,59.206449,0.0],[18.034628,59.2064,0.0],[18.034673,59.206356,0.0],[18.034725,59.206303,0.0],[18.034765,59.20625,0.0],[18.03481,59.206206,0.0],[18.03485,59.206165,0.0],[18.034888,59.206115,0.0],[18.034908,59.206037,0.0],[18.03505,59.205988,0.0],[18.035295,59.205987,0.0],[18.03549,59.205983,0.0],[18.035707,59.205998,0.0],[18.035821,59.20603,0.0],[18.035981,59.206059,0.0],[18.036107,59.206089,0.0],[18.036215,59.2061,0.0],[18.036329,59.206144,0.0],[18.036506,59.206153,0.0],[18.036586,59.206185,0.0],[18.036735,59.206206,0.0],[18.036924,59.206238,0.0],[18.037072,59.206273,0.0],[18.037249,59.206314,0.0],[18.037381,59.206346,0.0],[18.037558,59.206393,0.0],[18.037632,59.206434,0.0],[18.037799,59.206452,0.0],[18.037836,59.206479,0.0],[18.037965,59.206505,0.0],[18.038098,59.206545,0.0],[18.03821,59.206561,0.0],[18.03821,59.206562,0.0],[18.038235,59.206618,0.0],[18.038239,59.206618,0.0],[18.03832,59.20666,0.0],[18.038332,59.20666,0.0],[18.038437,59.206673,0.0],[18.03857,59.206711,0.0],[18.038681,59.206728,0.0],[18.03877,59.20675,0.0],[18.038888,59.206831,0.0],[18.038892,59.206833,0.0],[18.038918,59.20694,0.0],[18.038914,59.206949,0.0],[18.038893,59.207036,0.0],[18.038888,59.207129,0.0],[18.038897,59.207187,0.0],[18.038903,59.207255,0.0],[18.038901,59.207305,0.0],[18.038921,59.207441,0.0],[18.038942,59.207543,0.0],[18.038942,59.207569,0.0],[18.038981,59.207617,0.0],[18.039001,59.207602,0.0],[18.03906,59.207702,0.0],[18.039086,59.207749,0.0],[18.03911,59.207814,0.0],[18.039153,59.207878,0.0],[18.039202,59.207908,0.0],[18.039237,59.208035,0.0],[18.039339,59.208116,0.0],[18.039362,59.208173,0.0],[18.039395,59.208312,0.0],[18.039423,59.208317,0.0],[18.039481,59.208437,0.0],[18.039526,59.208474,0.0],[18.03956,59.208534,0.0],[18.039578,59.208638,0.0],[18.039552,59.20865,0.0],[18.039653,59.208817,0.0],[18.039708,59.208879,0.0],[18.03972,59.208921,0.0],[18.039764,59.208993,0.0],[18.039791,59.20902,0.0],[18.039896,59.209064,0.0],[18.03992,59.209066,0.0],[18.04,59.209116,0.0],[18.040045,59.209166,0.0],[18.040101,59.209182,0.0],[18.040152,59.209231,0.0],[18.040237,59.209304,0.0],[18.0403,59.209352,0.0],[18.040333,59.209388,0.0],[18.040381,59.209414,0.0],[18.040472,59.209441,0.0],[18.040521,59.209476,0.0],[18.040589,59.209536,0.0],[18.040627,59.209612,0.0],[18.040701,59.209648,0.0],[18.040829,59.209733,0.0],[18.040837,59.209744,0.0],[18.04089,59.209762,0.0],[18.041005,59.209808,0.0],[18.041035,59.209855,0.0],[18.041157,59.209893,0.0],[18.041315,59.20994,0.0],[18.041358,59.209957,0.0],[18.041381,59.209962,0.0],[18.041541,59.210002,0.0],[18.041576,59.210012999999996,0.0],[18.041637,59.210025,0.0],[18.041728,59.21005,0.0],[18.041947,59.210061,0.0],[18.042021,59.210073,0.0],[18.042094,59.210072,0.0],[18.042263,59.210089,0.0],[18.042306,59.21009,0.0],[18.042455,59.210092,0.0],[18.042578,59.210087,0.0],[18.042688,59.210086,0.0],[18.042839,59.210073,0.0],[18.043028,59.210059,0.0],[18.043108,59.210044,0.0],[18.043199,59.21002,0.0],[18.043362,59.209968,0.0],[18.043549,59.209925,0.0],[18.043602,59.209904,0.0],[18.043708,59.209868,0.0],[18.043963,59.209838,0.0],[18.044154,59.209793,0.0],[18.044428,59.209798,0.0],[18.044592,59.209761,0.0],[18.04468,59.209782,0.0],[18.044838,59.209818,0.0],[18.044947,59.209856,0.0],[18.045027,59.20987,0.0],[18.045122,59.209878,0.0],[18.045199,59.209929,0.0],[18.04533,59.209964,0.0],[18.045427,59.209984,0.0],[18.045496,59.210002,0.0],[18.04565,59.210034,0.0],[18.045764,59.210072,0.0],[18.04585,59.210087,0.0],[18.045964,59.21014,0.0],[18.046038,59.210224,0.0],[18.046233,59.210327,0.0],[18.046347,59.210403,0.0],[18.046479,59.210462,0.0],[18.046547,59.210514,0.0],[18.046696,59.210573,0.0],[18.046747,59.21062,0.0],[18.046816,59.210675,0.0],[18.046907,59.210719,0.0],[18.046987,59.210766,0.0],[18.04709,59.210804,0.0],[18.047199,59.210871,0.0],[18.047336,59.210933,0.0],[18.04749,59.210985,0.0],[18.047685,59.211035,0.0],[18.04785,59.211076,0.0],[18.048102,59.211108,0.0],[18.048262,59.211158,0.0],[18.048422,59.211196,0.0],[18.048538,59.211189,0.0],[18.048742,59.211234,0.0],[18.04886,59.211261,0.0],[18.049005,59.2113,0.0],[18.049173,59.211339,0.0],[18.04931,59.21137,0.0],[18.049432,59.211398,0.0],[18.049466,59.211408,0.0],[18.049583,59.211437,0.0],[18.049638,59.211445,0.0],[18.049667,59.211454,0.0],[18.04966,59.21146,0.0],[18.049683,59.211451,0.0],[18.04985,59.211491,0.0],[18.049974,59.211499,0.0],[18.050139,59.21152,0.0],[18.050218,59.211543,0.0],[18.050376,59.211578,0.0],[18.050511,59.211578,0.0],[18.050728,59.211629,0.0],[18.05087,59.211633,0.0],[18.050996,59.211685,0.0],[18.05116,59.211729,0.0],[18.051321,59.211787,0.0],[18.051492,59.211847,0.0],[18.05156,59.211863,0.0],[18.051713,59.211948,0.0],[18.05188,59.21201,0.0],[18.052039,59.21207,0.0],[18.052177,59.212167,0.0],[18.0524,59.21223,0.0],[18.052519,59.212314,0.0],[18.052691,59.212379,0.0],[18.052844,59.212444,0.0],[18.053015,59.212527,0.0],[18.05318,59.212598,0.0],[18.053405,59.212692,0.0],[18.053482,59.212748,0.0],[18.053644,59.212794,0.0],[18.05379,59.212868,0.0],[18.053966,59.212962,0.0],[18.053997,59.212971,0.0],[18.054149,59.213032,0.0],[18.054184,59.213079,0.0],[18.054272,59.213111,0.0],[18.054403,59.213186,0.0],[18.05446,59.213229,0.0],[18.054559,59.21328,0.0],[18.054578,59.213269,0.0],[18.054586,59.213277,0.0],[18.054627,59.213287,0.0],[18.054649,59.213313,0.0],[18.054738,59.213348,0.0],[18.054807,59.213403,0.0],[18.054924,59.213488,0.0],[18.054935,59.2135,0.0],[18.054929,59.213536,0.0],[18.054991,59.213562,0.0],[18.055054,59.213592,0.0],[18.055161,59.213644,0.0],[18.05521,59.213673,0.0],[18.055304,59.213736,0.0],[18.055409,59.213799,0.0],[18.055471,59.213837,0.0],[18.055561,59.213876,0.0],[18.055668,59.213971,0.0],[18.05569,59.214009,0.0],[18.055812,59.214089,0.0],[18.055877,59.214133,0.0],[18.055935,59.214156,0.0],[18.055976,59.214174,0.0],[18.056087,59.214256,0.0],[18.056109,59.214294,0.0],[18.056083,59.214307,0.0],[18.056149,59.214315,0.0],[18.05626,59.214339,0.0],[18.056409,59.214404,0.0],[18.056434,59.214405,0.0],[18.056499,59.21443,0.0],[18.056586,59.21451,0.0],[18.056642,59.214579,0.0],[18.056633,59.214578,0.0],[18.056691,59.21462,0.0],[18.056816,59.214684,0.0],[18.056818,59.214685,0.0],[18.056924,59.214743,0.0],[18.057002,59.2148,0.0],[18.05707,59.214853,0.0],[18.057122,59.214872,0.0],[18.057195,59.214908,0.0],[18.057276,59.214959,0.0],[18.057389,59.215043,0.0],[18.057418,59.215056,0.0],[18.057522,59.215115,0.0],[18.057607,59.215199,0.0],[18.057806,59.215452,0.0],[18.057855,59.215461,0.0],[18.057972,59.215524,0.0],[18.058008,59.215541,0.0],[18.058121,59.215577,0.0],[18.058199,59.21562,0.0],[18.058286,59.21565,0.0],[18.058346,59.215674,0.0],[18.058359,59.215676,0.0],[18.058507,59.215721,0.0],[18.058653,59.215772,0.0],[18.058808,59.215846,0.0],[18.05893,59.215899,0.0],[18.058961,59.21593,0.0],[18.059041,59.216016,0.0],[18.059101,59.216074,0.0],[18.059155,59.216134,0.0],[18.059165,59.216167,0.0],[18.059174,59.216186,0.0],[18.059228,59.216245,0.0],[18.059301,59.2163,0.0],[18.059373,59.216344,0.0],[18.059507,59.216404,0.0],[18.059646,59.21645,0.0],[18.059787,59.21649,0.0],[18.059948,59.216534,0.0],[18.060049,59.21656,0.0],[18.060144,59.216588,0.0],[18.060208,59.216597,0.0],[18.060228,59.21661,0.0],[18.060374,59.216637,0.0],[18.060463,59.216679,0.0],[18.060589,59.216698,0.0],[18.060692,59.216729,0.0],[18.060776,59.216756,0.0],[18.060959,59.216823,0.0],[18.061126,59.21689,0.0],[18.061276,59.21695,0.0],[18.061425,59.217008,0.0],[18.061649,59.217109,0.0],[18.061792,59.217165,0.0],[18.0618,59.217196,0.0],[18.061837,59.217211,0.0],[18.061901,59.217217,0.0],[18.061922,59.217216,0.0],[18.061971,59.217225,0.0],[18.062035,59.217256,0.0],[18.062088,59.217223,0.0],[18.062222,59.217181,0.0],[18.062342,59.217125,0.0],[18.06243,59.217061,0.0],[18.062442,59.217058,0.0],[18.062516,59.217003,0.0],[18.062514,59.217006,0.0],[18.062518,59.217008,0.0],[18.06254,59.216978,0.0],[18.062557,59.216962,0.0],[18.062636,59.216877,0.0],[18.062611,59.216824,0.0],[18.062645,59.216753,0.0],[18.062613,59.216704,0.0],[18.06261,59.216702,0.0],[18.062608,59.216701,0.0],[18.062625,59.216703,0.0],[18.062613,59.216675,0.0],[18.062664,59.216631,0.0],[18.062676,59.216624,0.0],[18.062692,59.216606,0.0],[18.062707,59.216606,0.0],[18.06277,59.216603,0.0],[18.062959,59.21662,0.0],[18.062985,59.216621,0.0],[18.063085,59.216635,0.0],[18.063249,59.216609,0.0],[18.063286,59.216579,0.0],[18.063342,59.216563,0.0],[18.063371,59.216547,0.0],[18.063476,59.216502,0.0],[18.063547,59.216473,0.0],[18.063576,59.216452,0.0],[18.063636,59.216406,0.0],[18.063674,59.216386,0.0],[18.063706,59.216357,0.0],[18.063733,59.216305,0.0],[18.063733,59.216297,0.0],[18.063727,59.216235,0.0],[18.063726,59.216205,0.0],[18.063727,59.216184,0.0],[18.063716,59.216139,0.0],[18.063705,59.216119,0.0],[18.06371,59.216051,0.0],[18.063723,59.215995,0.0],[18.063719,59.21594,0.0],[18.063703,59.215902,0.0],[18.063695,59.215848,0.0],[18.063689,59.215813,0.0],[18.063658,59.215797,0.0],[18.063641,59.215698,0.0],[18.063636,59.215676,0.0],[18.063636,59.215643,0.0],[18.063638,59.215618,0.0],[18.063704,59.215547,0.0],[18.06372,59.215545,0.0],[18.063764,59.215526,0.0],[18.063721,59.215458,0.0],[18.063685,59.215404,0.0],[18.063675,59.215346,0.0],[18.063706,59.215303,0.0],[18.063723,59.215279,0.0],[18.0637,59.215199,0.0],[18.063674,59.215172,0.0],[18.063583,59.215139,0.0],[18.063468,59.215059,0.0],[18.063266,59.21501,0.0],[18.06318,59.214984,0.0],[18.063124,59.214949,0.0],[18.063025,59.214895,0.0],[18.063006,59.214812,0.0],[18.063043,59.214741,0.0],[18.063084,59.214677,0.0],[18.063107,59.214649,0.0],[18.063149,59.214587,0.0],[18.063158,59.214538,0.0],[18.063172,59.21449,0.0],[18.06319,59.214448,0.0],[18.063231,59.214386,0.0],[18.063236,59.214348,0.0],[18.063268,59.214313,0.0],[18.063342,59.214244,0.0],[18.063411,59.214173,0.0],[18.063545,59.214123,0.0],[18.063678,59.214069,0.0],[18.063812,59.21405,0.0],[18.063928,59.214031,0.0],[18.064006,59.214023,0.0],[18.064136,59.214012,0.0],[18.064205,59.214002,0.0],[18.064348,59.213952,0.0],[18.064408,59.213917,0.0],[18.064468,59.213867,0.0],[18.064523,59.213836,0.0],[18.064583,59.213796,0.0],[18.064624,59.213756,0.0],[18.064652,59.213744,0.0],[18.064689,59.213715,0.0],[18.064777,59.21368,0.0],[18.064818,59.213637,0.0],[18.064947,59.213571,0.0],[18.065012,59.213514,0.0],[18.065058,59.213486,0.0],[18.06515,59.213407,0.0],[18.065201,59.213346,0.0],[18.065233,59.213303,0.0],[18.065265,59.213256,0.0],[18.065273,59.213232,0.0],[18.065302,59.213216,0.0],[18.06531,59.213169,0.0],[18.065318,59.213113,0.0],[18.065301,59.213057,0.0],[18.065268,59.212992,0.0],[18.065253,59.212942,0.0],[18.065224,59.212893,0.0],[18.065206,59.212822,0.0],[18.065197,59.212756,0.0],[18.065221,59.212663,0.0],[18.065253,59.21253,0.0],[18.065248,59.21247,0.0],[18.065275,59.2124,0.0],[18.06527,59.212322,0.0],[18.06522,59.212182,0.0],[18.065218,59.212117,0.0],[18.065195,59.212064,0.0],[18.065172,59.212012,0.0],[18.065149,59.211959,0.0],[18.0651,59.211859,0.0],[18.065071,59.211826,0.0],[18.065036,59.211789,0.0],[18.064964,59.211743,0.0],[18.064951,59.211726,0.0],[18.064854,59.211674,0.0],[18.064776,59.211641,0.0],[18.064714,59.211592,0.0],[18.064631,59.211557,0.0],[18.064563,59.211517,0.0],[18.064526,59.211484,0.0],[18.064416,59.21143,0.0],[18.064297,59.211355,0.0],[18.064201,59.21129,0.0],[18.064146,59.211276,0.0],[18.064091,59.211248,0.0],[18.06405,59.211215,0.0],[18.063968,59.211175,0.0],[18.063899,59.211119,0.0],[18.063798,59.211065,0.0],[18.063739,59.21102,0.0],[18.063711,59.210969,0.0],[18.063638,59.210948,0.0],[18.063565,59.21091,0.0],[18.063537,59.210871,0.0],[18.063487,59.210812,0.0],[18.0634,59.210765,0.0],[18.063336,59.210723,0.0],[18.063291,59.210688,0.0],[18.063245,59.210669,0.0],[18.063209,59.210643,0.0],[18.063214,59.210639,0.0],[18.06322,59.210634,0.0],[18.063233,59.210622,0.0],[18.063185,59.210576,0.0],[18.06326,59.210453,0.0],[18.063416,59.210352,0.0],[18.063509,59.210281,0.0],[18.063635,59.21024,0.0],[18.063798,59.210184,0.0],[18.063977,59.210142,0.0],[18.064059,59.210116,0.0],[18.064176,59.210098,0.0],[18.064295,59.210056,0.0],[18.064426,59.209959,0.0],[18.064499,59.20997,0.0],[18.064577,59.209903,0.0],[18.064649,59.209874,0.0],[18.064701,59.209872,0.0],[18.064799,59.209829,0.0],[18.064847,59.209811,0.0],[18.064895,59.209803,0.0],[18.064932,59.209789,0.0],[18.064962,59.209778,0.0],[18.065036,59.209785,0.0],[18.065044,59.209788,0.0],[18.065069,59.209781,0.0],[18.06518,59.209735,0.0],[18.065192,59.209729,0.0],[18.065287,59.209678,0.0],[18.065292,59.209644,0.0],[18.065434,59.209598,0.0],[18.065535,59.209557,0.0],[18.06558,59.209526,0.0],[18.065632,59.209512,0.0],[18.065691,59.209489,0.0],[18.065853,59.209474,0.0],[18.066038,59.209397,0.0],[18.066068,59.209398,0.0],[18.066093,59.209381,0.0],[18.066121,59.209365,0.0],[18.066243,59.209362,0.0],[18.066357,59.20938,0.0],[18.066419,59.209386,0.0],[18.066479,59.209404,0.0],[18.066598,59.20944,0.0],[18.06668,59.209461,0.0],[18.066815,59.209475,0.0],[18.066806,59.209476,0.0],[18.066789,59.209478,0.0],[18.066795,59.209478,0.0],[18.066932,59.209481,0.0],[18.067023,59.209481,0.0],[18.067068,59.20946,0.0],[18.067197,59.20948,0.0],[18.06727,59.20951,0.0],[18.067314,59.20951,0.0],[18.067484,59.20955,0.0],[18.067657,59.209588,0.0],[18.067733,59.20956,0.0],[18.067935,59.209597,0.0],[18.067958,59.209594,0.0],[18.067996,59.209648,0.0],[18.068139,59.209718,0.0],[18.068194,59.209724,0.0],[18.068225,59.209701,0.0],[18.068264,59.2097,0.0],[18.06838,59.209729,0.0],[18.068451,59.209755,0.0],[18.068564,59.209701,0.0],[18.068578,59.209696,0.0],[18.068664,59.209675,0.0],[18.068765,59.209677,0.0],[18.068827,59.209693,0.0],[18.068851,59.209703,0.0],[18.069136,59.209863,0.0],[18.06915,59.209912,0.0],[18.0692,59.209969,0.0],[18.069207,59.21001,0.0],[18.069246,59.210024,0.0],[18.069283,59.210094,0.0],[18.069264,59.21014,0.0],[18.069277,59.210191,0.0],[18.069284,59.210207,0.0],[18.069275,59.210241,0.0],[18.069259,59.210263,0.0],[18.069237,59.210295,0.0],[18.069222,59.210305,0.0],[18.069206,59.210318,0.0],[18.069146,59.210433,0.0],[18.069218,59.210422,0.0],[18.069197,59.210447,0.0],[18.069166,59.210555,0.0],[18.069162,59.2106,0.0],[18.069198,59.210653,0.0],[18.069245,59.210674,0.0],[18.06927,59.210692,0.0],[18.069275,59.210707,0.0],[18.069264,59.210708,0.0],[18.069283,59.210722,0.0],[18.06931,59.210729,0.0],[18.069486,59.210769,0.0],[18.069622,59.210741,0.0],[18.069629,59.210742,0.0],[18.069624,59.210748,0.0],[18.069659,59.210729,0.0],[18.06969,59.210707,0.0],[18.069675,59.210663,0.0],[18.069644,59.210638,0.0],[18.069651,59.210604,0.0],[18.069703,59.210583,0.0],[18.069821,59.210631,0.0],[18.069843,59.210624,0.0],[18.069915,59.210617,0.0],[18.069915,59.21058,0.0],[18.06992,59.210572,0.0],[18.070006,59.21055,0.0],[18.070011,59.210528,0.0],[18.070147,59.210536,0.0],[18.070106,59.210488,0.0],[18.070093,59.210478,0.0],[18.070128,59.210459,0.0],[18.070215,59.210391,0.0],[18.070235,59.210356,0.0],[18.070328,59.210346,0.0],[18.070387,59.210343,0.0],[18.070422,59.210222,0.0],[18.07053,59.210223,0.0],[18.070617,59.210137,0.0],[18.070808,59.210154,0.0],[18.070858,59.210141,0.0],[18.070975,59.210102,0.0],[18.071134,59.210134,0.0],[18.071259,59.210132,0.0],[18.071338,59.210183,0.0],[18.0715,59.210249,0.0],[18.071506,59.210249,0.0],[18.071561,59.210267,0.0],[18.071658,59.21029,0.0],[18.071571,59.210355,0.0],[18.071788,59.210329,0.0],[18.071922,59.210356,0.0],[18.071987,59.210377,0.0],[18.07204,59.210401,0.0],[18.072006,59.21037,0.0],[18.0719,59.210133,0.0],[18.072039,59.21009,0.0],[18.07209,59.210037,0.0],[18.072099,59.210022,0.0],[18.072102,59.209938,0.0],[18.072121,59.209922,0.0],[18.072138,59.209857,0.0],[18.072216,59.209836,0.0],[18.072214,59.209771,0.0],[18.072212,59.209748,0.0],[18.072215,59.209734,0.0],[18.072216,59.209715,0.0],[18.0722,59.209637,0.0],[18.07221,59.209626,0.0],[18.072262,59.209598,0.0],[18.072371,59.209501,0.0],[18.072377,59.209442,0.0],[18.072381,59.209403,0.0],[18.072398,59.209359,0.0],[18.072425,59.209256,0.0],[18.07243,59.209216,0.0],[18.072422,59.209181,0.0],[18.072427,59.20912,0.0],[18.072409,59.20911,0.0],[18.072412,59.209034,0.0],[18.072406,59.209004,0.0],[18.072432,59.209004,0.0],[18.072433,59.208977,0.0],[18.072413,59.208961,0.0],[18.072386,59.208947,0.0],[18.07235,59.208935,0.0],[18.072337,59.208879,0.0],[18.072344,59.208875,0.0],[18.072289,59.20882,0.0],[18.072267,59.208808,0.0],[18.072304,59.208804,0.0],[18.072381,59.208784,0.0],[18.072472,59.20873,0.0],[18.072569,59.208689,0.0],[18.072671,59.208661,0.0],[18.072773,59.208611,0.0],[18.072859,59.208574,0.0],[18.07296,59.208533,0.0],[18.073072,59.20849,0.0],[18.073187,59.208444,0.0],[18.07332,59.208401,0.0],[18.073403,59.208402,0.0],[18.073561,59.208353,0.0],[18.073616,59.208339,0.0],[18.073709,59.208291,0.0],[18.073722,59.208284,0.0],[18.07379,59.208244,0.0],[18.073887,59.208204,0.0],[18.074048,59.208158,0.0],[18.074149,59.208101,0.0],[18.07417,59.208094,0.0],[18.074318,59.208044,0.0],[18.074471,59.208002,0.0],[18.074562,59.207998,0.0],[18.074738,59.207939,0.0],[18.074734,59.207874,0.0],[18.074823,59.20784,0.0],[18.074914,59.207795,0.0],[18.075,59.207723,0.0],[18.075115,59.207648,0.0],[18.075223,59.207575,0.0],[18.075333,59.207526,0.0],[18.075413,59.207483,0.0],[18.075535,59.207422,0.0],[18.07556,59.207392,0.0],[18.075736,59.207295,0.0],[18.075798,59.207226,0.0],[18.075841,59.207203,0.0],[18.075945,59.207127,0.0],[18.076037,59.207062,0.0],[18.076079,59.207038,0.0],[18.076191,59.206977,0.0],[18.07628,59.206929,0.0],[18.076318,59.206911,0.0],[18.076466,59.20685,0.0],[18.076559,59.206812,0.0],[18.07665,59.206778,0.0],[18.076735,59.206737,0.0],[18.076771,59.206718,0.0],[18.077103,59.206682,0.0],[18.07722,59.206624,0.0],[18.077355,59.206561,0.0],[18.07744,59.206517,0.0],[18.077608,59.206459,0.0],[18.077808,59.206399,0.0],[18.077857,59.20637,0.0],[18.077923,59.206331,0.0],[18.077965,59.206323,0.0],[18.078012,59.20631,0.0],[18.078192,59.20628,0.0],[18.0783,59.206296,0.0],[18.078508,59.206301,0.0],[18.078564,59.206289,0.0],[18.07861,59.206291,0.0],[18.078627,59.206294,0.0],[18.078696,59.206315,0.0],[18.078715,59.20632,0.0],[18.078716,59.20632,0.0],[18.078717,59.20632,0.0]],"type":"LineString"},"id":"vandringsleder.1624","properties":{"andrad_datum":"2023-06-26T10:05:43.483","ansvarig":null,"namn":"Skolleden","omrade":"Orlångens naturreservat","skapad_datum":null},"type":"Feature"}
 ,{"bbox":[18.038838,59.203604,18.044679,59.210074],"geometry":{"coordinates":[[18.043349,59.20712,0.0],[18.043287,59.207165,0.0],[18.043193,59.207223,0.0],[18.043082,59.207289,0.0],[18.043047,59.207331,0.0],[18.043033,59.207396,0.0],[18.04302,59.20749,0.0],[18.043036,59.207564,0.0],[18.043068,59.207648,0.0],[18.043069,59.207713,0.0],[18.043075,59.207792,0.0],[18.043069,59.20783,0.0],[18.043057,59.207907,0.0],[18.043064,59.207965,0.0],[18.043087,59.208016,0.0],[18.043095,59.208067,0.0],[18.043112,59.208101,0.0],[18.043126,59.208132,0.0],[18.043131,59.208166,0.0],[18.043163,59.208273,0.0],[18.043165,59.208346,0.0],[18.043158,59.2084,0.0],[18.043144,59.208439,0.0],[18.043148,59.208467,0.0],[18.043148,59.208487,0.0],[18.043144,59.208502,0.0],[18.043142,59.208521,0.0],[18.04314,59.208533,0.0],[18.043125,59.208543,0.0],[18.043111,59.208556,0.0],[18.043108,59.208568,0.0],[18.043112,59.208584,0.0],[18.043131,59.208594,0.0],[18.043166,59.208603,0.0],[18.043197,59.208618,0.0],[18.043174,59.208652,0.0],[18.043161,59.208689,0.0],[18.043178,59.208718,0.0],[18.043246,59.208766,0.0],[18.043424,59.208848,0.0],[18.043708,59.208973,0.0],[18.044087,59.209062,0.0],[18.044355,59.209076,0.0],[18.044558,59.209232,0.0],[18.044597,59.209279,0.0],[18.04463,59.209339,0.0],[18.044665,59.209471,0.0],[18.044675,59.209555,0.0],[18.044679,59.209638,0.0],[18.044657,59.209697,0.0],[18.044603,59.209728,0.0],[18.044531,59.20975,0.0],[18.044422,59.20976,0.0],[18.044183,59.20978,0.0],[18.043976,59.20981,0.0],[18.0439,59.209825,0.0],[18.043851,59.209835,0.0],[18.043744,59.209869,0.0],[18.043551,59.209934,0.0],[18.043456,59.209965,0.0],[18.043409,59.209983,0.0],[18.043254,59.210023,0.0],[18.04308,59.210046,0.0],[18.042923,59.210062,0.0],[18.042716,59.210073,0.0],[18.042644,59.210074,0.0],[18.042138,59.210071,0.0],[18.041827,59.210046,0.0],[18.041647,59.210022,0.0],[18.041455,59.209984,0.0],[18.041258,59.209927,0.0],[18.041058,59.209848,0.0],[18.040883,59.209756,0.0],[18.040636,59.209578,0.0],[18.040285,59.209317,0.0],[18.039978,59.209096,0.0],[18.039838,59.208979,0.0],[18.03973,59.208848,0.0],[18.039607,59.208667,0.0],[18.039155,59.207898,0.0],[18.039066,59.207751,0.0],[18.038939,59.20752,0.0],[18.038892,59.207385,0.0],[18.038857,59.206975,0.0],[18.038838,59.206883,0.0],[18.038852,59.206851,0.0],[18.038957,59.206836,0.0],[18.039148,59.206821,0.0],[18.03956,59.206788,0.0],[18.039789,59.206764,0.0],[18.039984,59.206727,0.0],[18.04017,59.206668,0.0],[18.040347,59.206588,0.0],[18.040449,59.206526,0.0],[18.040525,59.206461,0.0],[18.040567,59.206391,0.0],[18.040577,59.206335,0.0],[18.040496,59.206181,0.0],[18.04034,59.206013,0.0],[18.040263,59.205934,0.0],[18.040126,59.205811,0.0],[18.040047,59.205751,0.0],[18.039919,59.205664,0.0],[18.039874,59.205624,0.0],[18.039819,59.205578,0.0],[18.039767,59.205512,0.0],[18.039705,59.205441,0.0],[18.039643,59.205362,0.0],[18.039644,59.205337,0.0],[18.039615,59.20533,0.0],[18.039531,59.205336,0.0],[18.039431,59.205333,0.0],[18.039371,59.205323,0.0],[18.039332,59.205304,0.0],[18.039336,59.205279,0.0],[18.039375,59.205256,0.0],[18.039425,59.205229,0.0],[18.039469,59.205184,0.0],[18.03949,59.205126,0.0],[18.039513,59.204984,0.0],[18.039526,59.204787,0.0],[18.039521,59.204712,0.0],[18.039478,59.204632,0.0],[18.039354,59.204577,0.0],[18.039314,59.204541,0.0],[18.03929,59.20448,0.0],[18.039312,59.204417,0.0],[18.039332,59.204372,0.0],[18.03931,59.204331,0.0],[18.039294,59.204284,0.0],[18.039274,59.20425,0.0],[18.039239,59.204198,0.0],[18.039265,59.204149,0.0],[18.039303,59.204118,0.0],[18.039386,59.204097,0.0],[18.039451,59.20409,0.0],[18.039608,59.204065,0.0],[18.039788,59.204037,0.0],[18.040069,59.203988,0.0],[18.040238,59.203953,0.0],[18.040308,59.203938,0.0],[18.040401,59.203907,0.0],[18.040623,59.203792,0.0],[18.040676,59.203771,0.0],[18.04073,59.203727,0.0],[18.04076,59.203687,0.0],[18.040818,59.203626,0.0],[18.040865,59.203604,0.0],[18.040962,59.203622,0.0],[18.041068,59.203641,0.0],[18.041136,59.203644,0.0],[18.041185,59.203776,0.0],[18.041223,59.203791,0.0],[18.041252,59.203804,0.0],[18.041272,59.203824,0.0],[18.041287,59.203843,0.0],[18.041301,59.203864,0.0],[18.041325,59.203879,0.0],[18.041358,59.203887,0.0],[18.041391,59.203892,0.0],[18.041441,59.203914,0.0],[18.041512,59.203938,0.0],[18.041537,59.203961,0.0],[18.041564,59.204037,0.0],[18.041678,59.204064,0.0],[18.041829,59.204073,0.0],[18.042063,59.204057,0.0],[18.042209,59.204074,0.0],[18.042363,59.204115,0.0],[18.04258,59.20414,0.0],[18.042729,59.204137,0.0],[18.042867,59.204121,0.0],[18.043012,59.204085,0.0],[18.043082,59.204082,0.0],[18.04324,59.204136,0.0],[18.043365,59.204171,0.0],[18.043548,59.204222,0.0],[18.043993,59.204326,0.0],[18.043991,59.204348,0.0],[18.043974,59.204421,0.0],[18.043932,59.204618,0.0],[18.043887,59.204715,0.0],[18.043847,59.204791,0.0],[18.043633,59.205058,0.0],[18.04359,59.205142,0.0],[18.043587,59.205178,0.0],[18.043604,59.205238,0.0],[18.04364,59.205268,0.0],[18.043681,59.205288,0.0],[18.043725,59.20532,0.0],[18.043802,59.205445,0.0],[18.04386,59.205516,0.0],[18.043933,59.205609,0.0],[18.043973,59.205714,0.0],[18.044017,59.205816,0.0],[18.044067,59.205885,0.0],[18.044087,59.205921,0.0],[18.044131,59.205956,0.0],[18.0442,59.205999,0.0],[18.044248,59.206032,0.0],[18.044185,59.206087,0.0],[18.044022,59.206151,0.0],[18.043679,59.206427,0.0],[18.043536,59.206627,0.0],[18.043523,59.206659,0.0],[18.043506,59.206699,0.0],[18.043472,59.20673,0.0],[18.04345,59.206778,0.0],[18.04344,59.206822,0.0],[18.043445,59.206879,0.0],[18.043439,59.206962,0.0],[18.043427,59.207022,0.0],[18.043397,59.207073,0.0],[18.043357,59.207112,0.0]],"type":"LineString"},"id":"vandringsleder.1625","properties":{"andrad_datum":"2023-06-26T13:54:29.940","ansvarig":null,"namn":"Bottnen runt","omrade":"Orlångens naturreservat","skapad_datum":null},"type":"Feature"}
 ,{"bbox":[18.059675,59.17233,18.074375,59.179292],"geometry":{"coordinates":[[18.074375,59.17753,0.0],[18.074359,59.177527,0.0],[18.074216,59.177496,0.0],[18.074172,59.177478,0.0],[18.074083,59.177461,0.0],[18.073991,59.177436,0.0],[18.073843,59.177357,0.0],[18.073715,59.177296,0.0],[18.073541,59.177213,0.0],[18.073363,59.177118,0.0],[18.07324,59.17707,0.0],[18.073127,59.177037,0.0],[18.073062,59.177025,0.0],[18.072918,59.176978,0.0],[18.072807,59.176937,0.0],[18.072646,59.176882,0.0],[18.072571,59.176853,0.0],[18.072552,59.176819,0.0],[18.072601,59.176736,0.0],[18.072628,59.176691,0.0],[18.072633,59.176658,0.0],[18.072601,59.176625,0.0],[18.072555,59.176518,0.0],[18.072517,59.176462,0.0],[18.072437,59.176387,0.0],[18.072432,59.176344,0.0],[18.072435,59.176272,0.0],[18.072463,59.176189,0.0],[18.072594,59.175957,0.0],[18.072627,59.175852,0.0],[18.072795,59.175739,0.0],[18.072826,59.175697,0.0],[18.072859,59.175615,0.0],[18.072897,59.175544,0.0],[18.072932,59.175504,0.0],[18.072989,59.175472,0.0],[18.073083,59.175449,0.0],[18.073146,59.175427,0.0],[18.073182,59.175403,0.0],[18.073215,59.175278,0.0],[18.073257,59.175139,0.0],[18.073223,59.175002,0.0],[18.073061,59.174804,0.0],[18.072949,59.174605,0.0],[18.072697,59.174319,0.0],[18.072427,59.174369,0.0],[18.072207,59.1744,0.0],[18.071848,59.174415,0.0],[18.071828,59.174333,0.0],[18.071729,59.174182,0.0],[18.071646,59.174137,0.0],[18.071542,59.174009,0.0],[18.071527,59.173869,0.0],[18.071536,59.173814,0.0],[18.071544,59.173786,0.0],[18.071553,59.173692,0.0],[18.071504,59.173564,0.0],[18.071454,59.173475,0.0],[18.071382,59.173383,0.0],[18.071304,59.173324,0.0],[18.071212,59.173278,0.0],[18.071106,59.173208,0.0],[18.071035,59.173178,0.0],[18.070979,59.173165,0.0],[18.070808,59.173119,0.0],[18.070629,59.173079,0.0],[18.070488,59.17306,0.0],[18.070366,59.173037,0.0],[18.070224,59.172976,0.0],[18.070169,59.172915,0.0],[18.070084,59.172838,0.0],[18.069998,59.172786,0.0],[18.0697,59.172685,0.0],[18.069549,59.172641,0.0],[18.06937,59.172596,0.0],[18.068895,59.172492,0.0],[18.068825,59.172482,0.0],[18.068716,59.172467,0.0],[18.068342,59.17241,0.0],[18.068113,59.172367,0.0],[18.067825,59.17233,0.0],[18.067627,59.172338,0.0],[18.067529,59.172348,0.0],[18.06746,59.172368,0.0],[18.067444,59.172368,0.0],[18.067356,59.172362,0.0],[18.0672,59.172354,0.0],[18.067022,59.172356,0.0],[18.06689,59.172369,0.0],[18.066778,59.172387,0.0],[18.066655,59.172442,0.0],[18.066594,59.172458,0.0],[18.066576,59.17247,0.0],[18.066595,59.172509,0.0],[18.066689,59.172681,0.0],[18.066735,59.172767,0.0],[18.06676,59.172868,0.0],[18.066772,59.172984,0.0],[18.066786,59.173028,0.0],[18.066809,59.173134,0.0],[18.066809,59.173221,0.0],[18.066729,59.173329,0.0],[18.06661,59.173421,0.0],[18.06648,59.173491,0.0],[18.066049,59.173566,0.0],[18.065522,59.173627,0.0],[18.065246,59.173431,0.0],[18.064941,59.173032,0.0],[18.064814,59.172858,0.0],[18.064761,59.172795,0.0],[18.062974,59.173222,0.0],[18.062942,59.173235,0.0],[18.062947,59.173291,0.0],[18.063001,59.173353,0.0],[18.063103,59.173498,0.0],[18.063222,59.173632,0.0],[18.063268,59.173728,0.0],[18.063283,59.173834,0.0],[18.063208,59.173948,0.0],[18.06313,59.174036,0.0],[18.06306,59.174079,0.0],[18.062954,59.174117,0.0],[18.062848,59.174141,0.0],[18.062754,59.174173,0.0],[18.062665,59.17418,0.0],[18.062569,59.174165,0.0],[18.062478,59.174151,0.0],[18.062329,59.17416,0.0],[18.062198,59.174174,0.0],[18.0621,59.174157,0.0],[18.061914,59.174144,0.0],[18.061672,59.174111,0.0],[18.061527,59.174091,0.0],[18.061325,59.174074,0.0],[18.061186,59.174066,0.0],[18.061021,59.174054,0.0],[18.060891,59.17405,0.0],[18.060805,59.174068,0.0],[18.060717,59.174089,0.0],[18.060576,59.174339,0.0],[18.060532,59.174444,0.0],[18.060464,59.174537,0.0],[18.060416,59.174585,0.0],[18.060229,59.174699,0.0],[18.059808,59.174938,0.0],[18.059734,59.175021,0.0],[18.059707,59.17505,0.0],[18.059675,59.175118,0.0],[18.060303,59.175237,0.0],[18.060871,59.175345,0.0],[18.06141,59.175427,0.0],[18.061486,59.175903,0.0],[18.062119,59.17649,0.0],[18.061964,59.176603,0.0],[18.061752,59.176738,0.0],[18.062378,59.177061,0.0],[18.062413,59.177074,0.0],[18.062549,59.177119,0.0],[18.062726,59.177198,0.0],[18.062918,59.177282,0.0],[18.063027,59.177327,0.0],[18.063554,59.177376,0.0],[18.063978,59.177402,0.0],[18.064368,59.177427,0.0],[18.064567,59.177431,0.0],[18.065387,59.177421,0.0],[18.065664,59.177441,0.0],[18.065939,59.177469,0.0],[18.066154,59.177486,0.0],[18.06624,59.177491,0.0],[18.06637,59.177502,0.0],[18.06652,59.177534,0.0],[18.066555,59.177538,0.0],[18.066771,59.177521,0.0],[18.066925,59.177524,0.0],[18.067089,59.177537,0.0],[18.06728,59.177555,0.0],[18.067432,59.177577,0.0],[18.067545,59.177604,0.0],[18.067644,59.17764,0.0],[18.06785,59.177709,0.0],[18.068042,59.177771,0.0],[18.06819,59.177818,0.0],[18.06833,59.177867,0.0],[18.068367,59.177906,0.0],[18.068607,59.177987,0.0],[18.068822,59.178046,0.0],[18.069033,59.178098,0.0],[18.069211,59.178136,0.0],[18.069433,59.178186,0.0],[18.06958,59.178217,0.0],[18.070178,59.178397,0.0],[18.070884,59.178612,0.0],[18.071449,59.178672,0.0],[18.071706,59.178738,0.0],[18.07188,59.178785,0.0],[18.07203,59.178838,0.0],[18.072227,59.178923,0.0],[18.072457,59.179018,0.0],[18.072688,59.179123,0.0],[18.072971,59.179253,0.0],[18.073021,59.179281,0.0],[18.073048,59.179289,0.0],[18.07307,59.179292,0.0],[18.073082,59.179277,0.0],[18.073694,59.178475,0.0],[18.074303,59.177627,0.0],[18.074375,59.17753,0.0]],"type":"LineString"},"id":"vandringsleder.1626","properties":{"andrad_datum":"2023-06-26T14:02:09.070","ansvarig":null,"namn":"Lissmasjön runt","omrade":"Lissmadalens naturreservat","skapad_datum":null},"type":"Feature"}
 ,{"bbox":[18.074435,59.174917,18.083815,59.178679],"geometry":{"coordinates":[[18.083815,59.177478,0.0],[18.083799,59.177522,0.0],[18.083755,59.177627,0.0],[18.083748,59.177668,0.0],[18.083718,59.17767,0.0],[18.083513,59.177673,0.0],[18.083302,59.177687,0.0],[18.082924,59.177716,0.0],[18.082381,59.177805,0.0],[18.081932,59.177947,0.0],[18.081808,59.178031,0.0],[18.081639,59.178064,0.0],[18.081389,59.178056,0.0],[18.081249,59.178042,0.0],[18.081111,59.177994,0.0],[18.080971,59.17796,0.0],[18.08077,59.17794,0.0],[18.080574,59.177914,0.0],[18.080353,59.177864,0.0],[18.080119,59.177829,0.0],[18.079791,59.177814,0.0],[18.079666,59.177906,0.0],[18.079549,59.178061,0.0],[18.07938,59.178241,0.0],[18.079282,59.178368,0.0],[18.079268,59.178467,0.0],[18.07917,59.178578,0.0],[18.079048,59.178651,0.0],[18.079014,59.178653,0.0],[18.078929,59.178639,0.0],[18.078854,59.17862,0.0],[18.078508,59.178621,0.0],[18.078227,59.178652,0.0],[18.078052,59.178674,0.0],[18.077936,59.178679,0.0],[18.077837,59.178671,0.0],[18.077688,59.178605,0.0],[18.077635,59.178529,0.0],[18.077442,59.178474,0.0],[18.076341,59.178237,0.0],[18.07547,59.178073,0.0],[18.074956,59.177969,0.0],[18.0749,59.177951,0.0],[18.074435,59.177542,0.0],[18.074862,59.176954,0.0],[18.075109,59.176626,0.0],[18.075241,59.176448,0.0],[18.07533,59.176347,0.0],[18.075441,59.176255,0.0],[18.075467,59.176197,0.0],[18.075482,59.176095,0.0],[18.075485,59.176019,0.0],[18.07553,59.175943,0.0],[18.075558,59.175907,0.0],[18.075597,59.175825,0.0],[18.075639,59.175723,0.0],[18.075666,59.17563,0.0],[18.075702,59.175489,0.0],[18.07572,59.175405,0.0],[18.075731,59.175337,0.0],[18.075746,59.175267,0.0],[18.075788,59.175243,0.0],[18.075872,59.175216,0.0],[18.075928,59.175175,0.0],[18.075983,59.175101,0.0],[18.076011,59.17502,0.0],[18.076024,59.174969,0.0],[18.076069,59.174943,0.0],[18.076197,59.174924,0.0],[18.076796,59.174947,0.0],[18.077263,59.174947,0.0],[18.078732,59.174948,0.0],[18.079168,59.174917,0.0],[18.079308,59.174923,0.0],[18.07959,59.175011,0.0],[18.079985,59.17517,0.0],[18.080376,59.175284,0.0],[18.080911,59.175458,0.0],[18.081029,59.175507,0.0],[18.081352,59.175615,0.0],[18.081557,59.175668,0.0],[18.081632,59.175691,0.0],[18.081763,59.175742,0.0],[18.081826,59.175772,0.0],[18.081864,59.175801,0.0],[18.081891,59.17583,0.0],[18.081907,59.175853,0.0],[18.081945,59.175907,0.0],[18.081973,59.175992,0.0],[18.082005,59.176082,0.0],[18.082041,59.176141,0.0],[18.082103,59.176219,0.0],[18.082152,59.17627,0.0],[18.082282,59.17638,0.0],[18.082309,59.176418,0.0],[18.082362,59.17646,0.0],[18.082389,59.17649,0.0],[18.082469,59.176561,0.0],[18.082569,59.17664,0.0],[18.08263,59.176704,0.0],[18.082669,59.176748,0.0],[18.082692,59.176777,0.0],[18.082717,59.176801,0.0],[18.082764,59.176833,0.0],[18.082968,59.176943,0.0],[18.083102,59.177015,0.0],[18.083194,59.177077,0.0],[18.083273,59.17713,0.0],[18.083474,59.177194,0.0],[18.083625,59.177261,0.0],[18.083695,59.177318,0.0],[18.083747,59.177364,0.0],[18.083793,59.177398,0.0],[18.083786,59.177434,0.0],[18.083815,59.177478,0.0]],"type":"LineString"},"id":"vandringsleder.1627","properties":{"andrad_datum":"2023-06-26T10:07:01.120","ansvarig":null,"namn":"Lissmadalen runt","omrade":"Lissmadalens naturreservat","skapad_datum":null},"type":"Feature"}
 ,{"bbox":[18.026922,59.148642,18.066567,59.168114],"geometry":{"coordinates":[[18.047994,59.164829,0.0],[18.048293,59.164752,0.0],[18.048447,59.164759,0.0],[18.048561,59.164776,0.0],[18.048659,59.164789,0.0],[18.048715,59.164798,0.0],[18.048837,59.164805,0.0],[18.048903,59.164812,0.0],[18.049,59.164803,0.0],[18.049039,59.164792,0.0],[18.049217,59.164793,0.0],[18.049331,59.16478,0.0],[18.049436,59.164793,0.0],[18.049698,59.164763,0.0],[18.049871,59.164724,0.0],[18.049912,59.164705,0.0],[18.049942,59.164694,0.0],[18.050033,59.164663,0.0],[18.050077,59.16463,0.0],[18.050123,59.164602,0.0],[18.05015,59.164568,0.0],[18.050174,59.164532,0.0],[18.050204,59.164492,0.0],[18.050251,59.164444,0.0],[18.050325,59.164368,0.0],[18.05033,59.164358,0.0],[18.050356,59.164325,0.0],[18.050429,59.164231,0.0],[18.050557,59.164103,0.0],[18.050617,59.164056,0.0],[18.050694,59.164024,0.0],[18.050729,59.163997,0.0],[18.050782,59.163951,0.0],[18.05082,59.163901,0.0],[18.050934,59.163813,0.0],[18.050995,59.163749,0.0],[18.051059,59.163757,0.0],[18.051083,59.163728,0.0],[18.051083,59.163662,0.0],[18.051161,59.163615,0.0],[18.051224,59.163556,0.0],[18.051263,59.163528,0.0],[18.051239,59.163455,0.0],[18.051219,59.163421,0.0],[18.051157,59.163342,0.0],[18.051071,59.163253,0.0],[18.051045,59.16322,0.0],[18.051012,59.163193,0.0],[18.050981,59.163153,0.0],[18.051032,59.163097,0.0],[18.051088,59.163055,0.0],[18.051123,59.163019,0.0],[18.051161,59.162993,0.0],[18.051245,59.162945,0.0],[18.051357,59.162888,0.0],[18.05142,59.162854,0.0],[18.051634,59.162745,0.0],[18.051772,59.162692,0.0],[18.051961,59.162625,0.0],[18.052025,59.162599,0.0],[18.052146,59.162542,0.0],[18.052326,59.16242,0.0],[18.052368,59.16236,0.0],[18.052453,59.16227,0.0],[18.052484,59.162249,0.0],[18.052513,59.162225,0.0],[18.052595,59.162175,0.0],[18.052572,59.162166,0.0],[18.052569,59.162166,0.0],[18.052614,59.162135,0.0],[18.052656,59.1621,0.0],[18.052689,59.162078,0.0],[18.052713,59.162066,0.0],[18.052737,59.162052,0.0],[18.052799,59.162026,0.0],[18.052881,59.162017,0.0],[18.052918,59.162017,0.0],[18.052973,59.162022,0.0],[18.053015,59.162025,0.0],[18.053084,59.162026,0.0],[18.053159,59.162013,0.0],[18.053243,59.162,0.0],[18.053297,59.161978,0.0],[18.053432,59.161961,0.0],[18.053582,59.161959,0.0],[18.053672,59.161964,0.0],[18.053793,59.161942,0.0],[18.053941,59.161904,0.0],[18.054054,59.161855,0.0],[18.054141,59.161822,0.0],[18.05425,59.161825,0.0],[18.054295,59.161813,0.0],[18.054405,59.16174,0.0],[18.054538,59.161678,0.0],[18.054608,59.161654,0.0],[18.054671,59.161623,0.0],[18.054805,59.161599,0.0],[18.054874,59.161586,0.0],[18.054921,59.161553,0.0],[18.054975,59.161537,0.0],[18.055026,59.16149,0.0],[18.055118,59.161411,0.0],[18.055281,59.161271,0.0],[18.055358,59.161234,0.0],[18.0555,59.161198,0.0],[18.055622,59.161168,0.0],[18.055696,59.161164,0.0],[18.055731,59.161164,0.0],[18.05577,59.161163,0.0],[18.055829,59.161153,0.0],[18.055867,59.161151,0.0],[18.055915,59.161154,0.0],[18.056027,59.161155,0.0],[18.056107,59.16115,0.0],[18.056149,59.161151,0.0],[18.056205,59.161152,0.0],[18.056237,59.161156,0.0],[18.056334,59.161155,0.0],[18.056424,59.161151,0.0],[18.056497,59.16115,0.0],[18.056575,59.161155,0.0],[18.056622,59.161136,0.0],[18.05666,59.161126,0.0],[18.0567,59.161118,0.0],[18.056739,59.161112,0.0],[18.056825,59.161108,0.0],[18.0569,59.161105,0.0],[18.056938,59.161091,0.0],[18.057022,59.161074,0.0],[18.057055,59.161033,0.0],[18.057097,59.160981,0.0],[18.05716,59.160929,0.0],[18.057285,59.160884,0.0],[18.05729,59.160836,0.0],[18.057288,59.160791,0.0],[18.057287,59.160769,0.0],[18.057305,59.16072,0.0],[18.057323,59.160693,0.0],[18.057357,59.160614,0.0],[18.057403,59.160548,0.0],[18.057429,59.160522,0.0],[18.05742,59.160492,0.0],[18.05747,59.160432,0.0],[18.057518,59.160398,0.0],[18.057585,59.160363,0.0],[18.057642,59.160355,0.0],[18.057754,59.160312,0.0],[18.05781,59.160281,0.0],[18.057872,59.160244,0.0],[18.057916,59.160175,0.0],[18.057945,59.160141,0.0],[18.057994,59.160103,0.0],[18.05805,59.160085,0.0],[18.058221,59.160071,0.0],[18.058268,59.160086,0.0],[18.058363,59.160083,0.0],[18.058519,59.160061,0.0],[18.058671,59.160059,0.0],[18.058836,59.160065,0.0],[18.058897,59.16005,0.0],[18.058967,59.160062,0.0],[18.059027,59.160065,0.0],[18.05917,59.160012,0.0],[18.059289,59.160019,0.0],[18.059429,59.159993,0.0],[18.059499,59.159994,0.0],[18.059658,59.159965,0.0],[18.059723,59.159956,0.0],[18.059867,59.159945,0.0],[18.059917,59.15995,0.0],[18.060014,59.159955,0.0],[18.060061,59.159954,0.0],[18.060218,59.159964,0.0],[18.060379,59.159976,0.0],[18.060492,59.159996,0.0],[18.060584,59.159988,0.0],[18.060693,59.159984,0.0],[18.06075,59.159975,0.0],[18.060811,59.159973,0.0],[18.060859,59.159978,0.0],[18.06093,59.159995,0.0],[18.061039,59.160022,0.0],[18.061125,59.160043,0.0],[18.061172,59.160095,0.0],[18.061228,59.160101,0.0],[18.061307,59.160113,0.0],[18.06136,59.160124,0.0],[18.061413,59.160129,0.0],[18.061482,59.160134,0.0],[18.061513,59.16013,0.0],[18.061539,59.160127,0.0],[18.061596,59.160123,0.0],[18.061664,59.160115,0.0],[18.061703,59.16012,0.0],[18.061792,59.160162,0.0],[18.061807,59.160175,0.0],[18.06198,59.160194,0.0],[18.062152,59.16015,0.0],[18.062163,59.160115,0.0],[18.062187,59.160101,0.0],[18.062232,59.160082,0.0],[18.062234,59.160058,0.0],[18.062249,59.16005,0.0],[18.062273,59.160029,0.0],[18.062341,59.159976,0.0],[18.062474,59.159923,0.0],[18.062553,59.159893,0.0],[18.062683,59.159853,0.0],[18.062775,59.159817,0.0],[18.062821,59.159793,0.0],[18.062882,59.159768,0.0],[18.062934,59.15968,0.0],[18.062976,59.159662,0.0],[18.063022,59.159595,0.0],[18.063044,59.159564,0.0],[18.06308,59.159553,0.0],[18.063116,59.159544,0.0],[18.063142,59.159542,0.0],[18.063177,59.159543,0.0],[18.063224,59.159543,0.0],[18.063268,59.159547,0.0],[18.063331,59.159554,0.0],[18.063415,59.159568,0.0],[18.063472,59.15958,0.0],[18.063537,59.159594,0.0],[18.063678,59.159645,0.0],[18.063846,59.159671,0.0],[18.063977,59.159713,0.0],[18.064134,59.159744,0.0],[18.064255,59.159785,0.0],[18.064439,59.159826,0.0],[18.064574,59.159854,0.0],[18.064633,59.159874,0.0],[18.064786,59.159906,0.0],[18.064978,59.159904,0.0],[18.065033,59.1599,0.0],[18.065098,59.159907,0.0],[18.065112,59.159902,0.0],[18.065269,59.159875,0.0],[18.065405,59.159855,0.0],[18.065516,59.159839,0.0],[18.06554,59.15984,0.0],[18.065583,59.159835,0.0],[18.065627,59.159802,0.0],[18.06564,59.159784,0.0],[18.065649,59.159771,0.0],[18.06568,59.159784,0.0],[18.065691,59.15978,0.0],[18.065705,59.159733,0.0],[18.065763,59.15966,0.0],[18.065766,59.159569,0.0],[18.06576,59.159527,0.0],[18.065801,59.159482,0.0],[18.065864,59.159378,0.0],[18.065872,59.159304,0.0],[18.06582,59.15923,0.0],[18.065891,59.159132,0.0],[18.065904,59.159094,0.0],[18.065979,59.159035,0.0],[18.066007,59.158992,0.0],[18.066038,59.15887,0.0],[18.066031,59.15883,0.0],[18.066068,59.158773,0.0],[18.066091,59.158707,0.0],[18.0661,59.15864,0.0],[18.066132,59.1586,0.0],[18.066138,59.158551,0.0],[18.066169,59.158492,0.0],[18.066199,59.158433,0.0],[18.066231,59.158415,0.0],[18.066262,59.15835,0.0],[18.066181,59.158289,0.0],[18.066253,59.158166,0.0],[18.066357,59.158102,0.0],[18.066383,59.158073,0.0],[18.066443,59.158011,0.0],[18.066472,59.1579,0.0],[18.066498,59.157855,0.0],[18.066515,59.157808,0.0],[18.066552,59.157793,0.0],[18.066557,59.157738,0.0],[18.066567,59.15769,0.0],[18.066549,59.15762,0.0],[18.06649,59.157529,0.0],[18.066447,59.157497,0.0],[18.06641,59.157469,0.0],[18.066371,59.157402,0.0],[18.066355,59.157381,0.0],[18.066305,59.157347,0.0],[18.066273,59.157307,0.0],[18.066269,59.157277,0.0],[18.066229,59.157258,0.0],[18.066198,59.157228,0.0],[18.066112,59.157161,0.0],[18.06607,59.157127,0.0],[18.066019,59.157083,0.0],[18.065989,59.15705,0.0],[18.065879,59.15698,0.0],[18.065767,59.156918,0.0],[18.0657,59.156868,0.0],[18.065626,59.156802,0.0],[18.065543,59.156719,0.0],[18.0655,59.156691,0.0],[18.065411,59.156605,0.0],[18.0654,59.156586,0.0],[18.065348,59.15647,0.0],[18.065397,59.156406,0.0],[18.065421,59.156361,0.0],[18.065446,59.156334,0.0],[18.065443,59.156303,0.0],[18.065494,59.156201,0.0],[18.065432,59.156099,0.0],[18.06538,59.15606,0.0],[18.06534,59.156022,0.0],[18.065308,59.155968,0.0],[18.065235,59.155882,0.0],[18.065121,59.155823,0.0],[18.06494,59.155775,0.0],[18.064802,59.155763,0.0],[18.064725,59.155744,0.0],[18.064585,59.155732,0.0],[18.064536,59.155726,0.0],[18.064498,59.155716,0.0],[18.064434,59.15571,0.0],[18.0644,59.155704,0.0],[18.064336,59.155725,0.0],[18.064307,59.155717,0.0],[18.064268,59.155706,0.0],[18.064217,59.155683,0.0],[18.064177,59.155657,0.0],[18.064105,59.155636,0.0],[18.06407,59.155617,0.0],[18.063983,59.155547,0.0],[18.063807,59.155427,0.0],[18.063707,59.155359,0.0],[18.063674,59.155318,0.0],[18.063627,59.155266,0.0],[18.0636,59.155236,0.0],[18.063463,59.155197,0.0],[18.063287,59.155145,0.0],[18.063218,59.155125,0.0],[18.063144,59.155114,0.0],[18.063009,59.155075,0.0],[18.062906,59.155034,0.0],[18.062715,59.155034,0.0],[18.062648,59.155009,0.0],[18.0626,59.155001,0.0],[18.062521,59.154965,0.0],[18.062409,59.154936,0.0],[18.062359,59.154887,0.0],[18.062308,59.154786,0.0],[18.062209,59.154727,0.0],[18.062157,59.154724,0.0],[18.062086,59.154676,0.0],[18.06206,59.154585,0.0],[18.061992,59.154514,0.0],[18.061925,59.154448,0.0],[18.061884,59.154424,0.0],[18.061821,59.15439,0.0],[18.061767,59.154382,0.0],[18.061559,59.15429,0.0],[18.061412,59.154289,0.0],[18.061349,59.154281,0.0],[18.061232,59.154239,0.0],[18.061173,59.154234,0.0],[18.061038,59.154202,0.0],[18.060833,59.154145,0.0],[18.060777,59.154131,0.0],[18.060623,59.154075,0.0],[18.060553,59.154007,0.0],[18.060504,59.153963,0.0],[18.060427,59.153892,0.0],[18.060403,59.15384,0.0],[18.060336,59.153778,0.0],[18.060345,59.153751,0.0],[18.060326,59.15368,0.0],[18.060347,59.15362,0.0],[18.060421,59.153544,0.0],[18.060401,59.153485,0.0],[18.060387,59.153466,0.0],[18.060378,59.15344,0.0],[18.06038,59.153418,0.0],[18.060305,59.15334,0.0],[18.060272,59.153306,0.0],[18.060096,59.153238,0.0],[18.060083,59.153225,0.0],[18.060046,59.153177,0.0],[18.05991,59.153115,0.0],[18.059865,59.153022,0.0],[18.05986,59.152983,0.0],[18.059842,59.152933,0.0],[18.059865,59.152893,0.0],[18.059917,59.152799,0.0],[18.059907,59.152781,0.0],[18.059864,59.152722,0.0],[18.059808,59.152696,0.0],[18.059795,59.152671,0.0],[18.05979,59.152668,0.0],[18.059723,59.152658,0.0],[18.059717,59.152642,0.0],[18.059696,59.152634,0.0],[18.059675,59.152627,0.0],[18.059638,59.152603,0.0],[18.059545,59.152514,0.0],[18.059533,59.152505,0.0],[18.059491,59.152476,0.0],[18.059447,59.15245,0.0],[18.059322,59.152383,0.0],[18.059275,59.152362,0.0],[18.059185,59.152297,0.0],[18.059083,59.152217,0.0],[18.05903,59.152154,0.0],[18.058912,59.152101,0.0],[18.058793,59.152104,0.0],[18.05877,59.152094,0.0],[18.058622,59.152051,0.0],[18.058486,59.152031,0.0],[18.058347,59.152033,0.0],[18.058279,59.152033,0.0],[18.058202,59.152035,0.0],[18.05814,59.152028,0.0],[18.058061,59.152017,0.0],[18.05797,59.152012,0.0],[18.057899,59.151999000000004,0.0],[18.057838,59.151981,0.0],[18.057777,59.151961,0.0],[18.057665,59.151916,0.0],[18.057612,59.151897,0.0],[18.057552,59.151876,0.0],[18.057491,59.151847,0.0],[18.057316,59.151813,0.0],[18.057216,59.151793,0.0],[18.056979,59.151783,0.0],[18.056946,59.151774,0.0],[18.056891,59.151771,0.0],[18.056673,59.151742,0.0],[18.056603,59.15174,0.0],[18.056496,59.151732,0.0],[18.056394,59.151721,0.0],[18.056346,59.151711,0.0],[18.056272,59.151675,0.0],[18.056184,59.151645,0.0],[18.056067,59.151593,0.0],[18.055904,59.151545,0.0],[18.055851,59.151529,0.0],[18.055792,59.151503,0.0],[18.055775,59.151496,0.0],[18.055731,59.151464,0.0],[18.055655,59.151424,0.0],[18.055623,59.151408,0.0],[18.055582,59.151381,0.0],[18.055556,59.151356,0.0],[18.055463,59.151298,0.0],[18.055453,59.151289,0.0],[18.055394,59.151253,0.0],[18.055357,59.151241,0.0],[18.055156,59.151151,0.0],[18.055142,59.151144,0.0],[18.055044,59.151103,0.0],[18.054931,59.151057,0.0],[18.054808,59.151001,0.0],[18.054775,59.150983,0.0],[18.054675,59.150964,0.0],[18.054458,59.150926,0.0],[18.054363,59.150918,0.0],[18.054152,59.150892,0.0],[18.053868,59.150902,0.0],[18.053696,59.150931,0.0],[18.053556,59.150975,0.0],[18.053406,59.150973,0.0],[18.053316,59.150962,0.0],[18.053246,59.150938,0.0],[18.053168,59.150893,0.0],[18.053041,59.150883,0.0],[18.052892,59.15092,0.0],[18.052713,59.150898,0.0],[18.052588,59.150871,0.0],[18.052479,59.150835,0.0],[18.052333,59.150802,0.0],[18.052249,59.150793,0.0],[18.052211,59.150775,0.0],[18.052042,59.150727,0.0],[18.051961,59.150704,0.0],[18.051858,59.150679,0.0],[18.051717,59.150701,0.0],[18.051548,59.150735,0.0],[18.051444,59.150783,0.0],[18.051285,59.15081,0.0],[18.051078,59.150832,0.0],[18.050878,59.150873,0.0],[18.050725,59.150933,0.0],[18.050673,59.150986,0.0],[18.050616,59.151027,0.0],[18.050577,59.151054,0.0],[18.050553,59.151072,0.0],[18.050526,59.151094,0.0],[18.050495,59.15111,0.0],[18.050474,59.151125,0.0],[18.050444,59.151137,0.0],[18.0504,59.15115,0.0],[18.050381,59.15116,0.0],[18.050358,59.151161,0.0],[18.050326,59.15116,0.0],[18.050298,59.151152,0.0],[18.050236,59.151142,0.0],[18.050109,59.151101,0.0],[18.05003,59.15107,0.0],[18.04989,59.150973,0.0],[18.049805,59.150837,0.0],[18.049763,59.150817,0.0],[18.049691,59.150784,0.0],[18.049623,59.150697,0.0],[18.049556,59.150613,0.0],[18.049466,59.150544,0.0],[18.049321,59.150475,0.0],[18.049207,59.150405,0.0],[18.049169,59.150373,0.0],[18.049133,59.150338,0.0],[18.049096,59.150322,0.0],[18.049074,59.150301,0.0],[18.049048,59.150283,0.0],[18.049044,59.150266,0.0],[18.049045,59.150201,0.0],[18.049029,59.15013,0.0],[18.049026,59.150099,0.0],[18.048986,59.15007,0.0],[18.048929,59.149986,0.0],[18.048933,59.149928,0.0],[18.048901999999998,59.149886,0.0],[18.048883,59.14982,0.0],[18.048938,59.149738,0.0],[18.048965,59.149703,0.0],[18.048992,59.149664,0.0],[18.049006,59.149643,0.0],[18.049017,59.149647,0.0],[18.049039,59.149645,0.0],[18.049062,59.149637,0.0],[18.049065,59.149634,0.0],[18.049066,59.14962,0.0],[18.049062,59.149556,0.0],[18.049059,59.149526,0.0],[18.049004,59.14951,0.0],[18.048952,59.149508,0.0],[18.048939,59.14949,0.0],[18.048906,59.14947,0.0],[18.048875,59.14945,0.0],[18.048819,59.149427,0.0],[18.0488,59.149423,0.0],[18.04878,59.149409,0.0],[18.048737,59.149384,0.0],[18.048702,59.149358,0.0],[18.048662,59.149345,0.0],[18.048541,59.149297,0.0],[18.048512,59.149281,0.0],[18.048457,59.14928,0.0],[18.048421,59.149278,0.0],[18.048387,59.14927,0.0],[18.048364,59.149263,0.0],[18.048328,59.149254,0.0],[18.048294,59.149245,0.0],[18.048241,59.14923,0.0],[18.048158,59.149215,0.0],[18.048013,59.149182,0.0],[18.047969,59.149182,0.0],[18.047923,59.149169,0.0],[18.047833,59.149145,0.0],[18.047714,59.149093,0.0],[18.047554,59.149072,0.0],[18.047475,59.149047,0.0],[18.047412,59.149012,0.0],[18.047321,59.148963,0.0],[18.047257,59.148963,0.0],[18.047159,59.148942,0.0],[18.047071,59.148923,0.0],[18.046845,59.148874,0.0],[18.046797,59.148852,0.0],[18.046701,59.148812,0.0],[18.046577,59.148775,0.0],[18.046491,59.148722,0.0],[18.046426,59.148712,0.0],[18.046293,59.148671,0.0],[18.046238,59.148666,0.0],[18.04615,59.148656,0.0],[18.046118,59.148651,0.0],[18.046029,59.148642,0.0],[18.045922,59.148652,0.0],[18.04582,59.148652,0.0],[18.045682,59.148651,0.0],[18.045603,59.148661,0.0],[18.045455,59.148719,0.0],[18.045422,59.148739,0.0],[18.045437,59.14876,0.0],[18.045428,59.148768,0.0],[18.04539,59.1488,0.0],[18.045384,59.148825,0.0],[18.045373,59.148867,0.0],[18.04537,59.148898,0.0],[18.045361,59.148908,0.0],[18.04535,59.148921,0.0],[18.045345,59.148951,0.0],[18.045342,59.148976,0.0],[18.045347,59.148993,0.0],[18.045349,59.149019,0.0],[18.045357,59.149034,0.0],[18.04537,59.149051,0.0],[18.045377,59.149072,0.0],[18.04538,59.149093,0.0],[18.045399,59.149121,0.0],[18.04539,59.149134,0.0],[18.045405,59.149152,0.0],[18.045426,59.149171,0.0],[18.045439,59.149215,0.0],[18.045476,59.149238,0.0],[18.045521,59.149269,0.0],[18.045536,59.149281,0.0],[18.045545,59.149302,0.0],[18.045564,59.149317,0.0],[18.045568,59.149333,0.0],[18.045583,59.149356,0.0],[18.045604,59.149384,0.0],[18.045618,59.149408,0.0],[18.045579,59.149435,0.0],[18.045558,59.149462,0.0],[18.045526,59.149483,0.0],[18.045487,59.149505,0.0],[18.045452,59.149522,0.0],[18.045407,59.149548,0.0],[18.045389,59.14956,0.0],[18.045374,59.14957,0.0],[18.045355,59.149578,0.0],[18.045286,59.149602,0.0],[18.045152,59.149633,0.0],[18.044992,59.149655,0.0],[18.044912,59.149705,0.0],[18.044786,59.149787,0.0],[18.044784,59.149818,0.0],[18.044777,59.149842,0.0],[18.044756,59.149887,0.0],[18.044737,59.149913,0.0],[18.044665,59.149943,0.0],[18.044551,59.149999,0.0],[18.04446,59.150021,0.0],[18.044346,59.150022,0.0],[18.044228,59.150034,0.0],[18.044178,59.150038,0.0],[18.044134,59.150039,0.0],[18.044097,59.150045,0.0],[18.044059,59.150045,0.0],[18.044002,59.15005,0.0],[18.043947,59.150057,0.0],[18.043939,59.150062,0.0],[18.043904,59.150064,0.0],[18.043848,59.15008,0.0],[18.043802,59.150085,0.0],[18.043757,59.150096,0.0],[18.043591,59.150112,0.0],[18.043468,59.150144,0.0],[18.043379,59.150179,0.0],[18.043299,59.150202,0.0],[18.043203,59.150204,0.0],[18.043112,59.150216,0.0],[18.043058,59.150222,0.0],[18.042997,59.150213,0.0],[18.042936,59.150206,0.0],[18.042842,59.150205,0.0],[18.042774,59.150183,0.0],[18.042712,59.150165,0.0],[18.042552,59.150144,0.0],[18.042401,59.150104,0.0],[18.042272,59.150087,0.0],[18.042114,59.150061,0.0],[18.04206,59.150082,0.0],[18.0419,59.150041,0.0],[18.0418,59.150036,0.0],[18.041743,59.150031,0.0],[18.041691,59.150025,0.0],[18.04157,59.150028,0.0],[18.041496,59.150034,0.0],[18.041379,59.150043,0.0],[18.041264,59.150045,0.0],[18.04111,59.150054,0.0],[18.040971,59.150041,0.0],[18.04093,59.150048,0.0],[18.040861,59.150042,0.0],[18.040791,59.150043,0.0],[18.040766,59.150038,0.0],[18.040732,59.150033,0.0],[18.040683,59.150021,0.0],[18.040569,59.149997,0.0],[18.040503,59.149988,0.0],[18.040468,59.149983,0.0],[18.04035,59.150001,0.0],[18.040207,59.15003,0.0],[18.040063,59.15003,0.0],[18.039888,59.150016,0.0],[18.039734,59.150009,0.0],[18.03957,59.149993,0.0],[18.039247,59.150054,0.0],[18.03912,59.150065,0.0],[18.039027,59.150093,0.0],[18.03894,59.150141,0.0],[18.038855,59.150168,0.0],[18.038767,59.150208,0.0],[18.038655,59.150268,0.0],[18.038527,59.150325,0.0],[18.038485,59.150366,0.0],[18.03843,59.150399,0.0],[18.038417,59.150412,0.0],[18.038382,59.150451,0.0],[18.038368,59.150508,0.0],[18.038339,59.150541,0.0],[18.038366,59.150638,0.0],[18.038333,59.150677,0.0],[18.038225,59.150726,0.0],[18.038196,59.15079,0.0],[18.038158,59.150829,0.0],[18.038085,59.150892,0.0],[18.037977,59.150981,0.0],[18.037918,59.15104,0.0],[18.037883,59.151097,0.0],[18.037844,59.151144,0.0],[18.037751,59.151217,0.0],[18.037706,59.151267,0.0],[18.037648,59.151358,0.0],[18.037633,59.151395,0.0],[18.0376,59.151454,0.0],[18.037573,59.151524,0.0],[18.03755,59.151564,0.0],[18.037517,59.1516,0.0],[18.037503,59.151627,0.0],[18.037478,59.151657,0.0],[18.037459,59.151695,0.0],[18.0374,59.151786,0.0],[18.037381,59.151871,0.0],[18.03735,59.151881,0.0],[18.037325,59.151903,0.0],[18.037226,59.151924,0.0],[18.037161,59.151928,0.0],[18.037074,59.151937,0.0],[18.03699,59.151969,0.0],[18.036886,59.151997,0.0],[18.036797,59.152013,0.0],[18.036671,59.152034,0.0],[18.036629,59.152036,0.0],[18.036582,59.152047,0.0],[18.036517,59.15205,0.0],[18.036457,59.15206,0.0],[18.036365,59.1521,0.0],[18.036234,59.152156,0.0],[18.03619,59.15216,0.0],[18.036031,59.152111,0.0],[18.035957,59.152074,0.0],[18.035882,59.152028,0.0],[18.03579,59.15199,0.0],[18.03567,59.151943,0.0],[18.035605,59.151926,0.0],[18.035451,59.151886,0.0],[18.035381,59.151864,0.0],[18.035329,59.151836,0.0],[18.035181,59.151748,0.0],[18.035053,59.151693,0.0],[18.034944,59.151683,0.0],[18.034875,59.151653,0.0],[18.03475,59.151624,0.0],[18.034609,59.151565,0.0],[18.034423,59.151513,0.0],[18.034266,59.151531,0.0],[18.034242,59.151549,0.0],[18.03422,59.151537,0.0],[18.034213,59.151515,0.0],[18.034222,59.151493,0.0],[18.034178,59.151473,0.0],[18.034094,59.151474,0.0],[18.033988,59.15147,0.0],[18.033873,59.15148,0.0],[18.033772,59.151487,0.0],[18.033685,59.151488,0.0],[18.033584,59.15148,0.0],[18.033508,59.151482,0.0],[18.03339,59.151479,0.0],[18.033351,59.151476,0.0],[18.033269,59.151467,0.0],[18.033211,59.151463,0.0],[18.033156,59.151444,0.0],[18.033112,59.15143,0.0],[18.032995,59.151405,0.0],[18.03281,59.151403,0.0],[18.03271,59.151422,0.0],[18.03265,59.151421,0.0],[18.032623,59.151419,0.0],[18.032588,59.151418,0.0],[18.032386,59.151424,0.0],[18.032288,59.151403,0.0],[18.032245,59.151403,0.0],[18.03218,59.151394,0.0],[18.031994,59.151398,0.0],[18.031887,59.151407,0.0],[18.03176,59.151442,0.0],[18.031711,59.151444,0.0],[18.031514,59.151471,0.0],[18.03144,59.151522,0.0],[18.031344,59.151549,0.0],[18.031296,59.151583,0.0],[18.031232,59.151589,0.0],[18.031187,59.151606,0.0],[18.0311,59.151634,0.0],[18.030994,59.151674,0.0],[18.030847,59.151737,0.0],[18.030741,59.151783,0.0],[18.030716,59.151808,0.0],[18.030669,59.15183,0.0],[18.03061,59.151852,0.0],[18.030565,59.151875,0.0],[18.030514,59.151939,0.0],[18.030501,59.15196,0.0],[18.030481,59.152005,0.0],[18.030461,59.152043,0.0],[18.030445,59.15207,0.0],[18.030418,59.1521,0.0],[18.030331,59.152162,0.0],[18.030271,59.15221,0.0],[18.030227,59.152242,0.0],[18.030216,59.152287,0.0],[18.030186,59.152339,0.0],[18.030159,59.152382,0.0],[18.030168,59.152411,0.0],[18.030171,59.152447,0.0],[18.03018,59.15248,0.0],[18.030158,59.152507,0.0],[18.030157,59.152536,0.0],[18.030172,59.152579,0.0],[18.03014,59.152657,0.0],[18.030108,59.152691,0.0],[18.030041,59.152726,0.0],[18.029953,59.152823,0.0],[18.029848,59.152901,0.0],[18.029777,59.15297,0.0],[18.029637,59.153044,0.0],[18.029535,59.153078,0.0],[18.029412,59.153146,0.0],[18.029296,59.153219,0.0],[18.029208,59.153287,0.0],[18.029104,59.153343,0.0],[18.029005,59.153401,0.0],[18.028912,59.153437,0.0],[18.028838,59.153473,0.0],[18.028787,59.153502,0.0],[18.028638,59.153578,0.0],[18.028429,59.153676,0.0],[18.028295,59.153744,0.0],[18.028162,59.153825,0.0],[18.028114,59.15385,0.0],[18.028043,59.153898,0.0],[18.027965,59.153949,0.0],[18.027873,59.154006,0.0],[18.027806000000002,59.154049,0.0],[18.027771,59.154077,0.0],[18.027733,59.154103,0.0],[18.027652,59.154159,0.0],[18.027624,59.154197,0.0],[18.027572,59.15427,0.0],[18.027553,59.154324,0.0],[18.027515,59.154392,0.0],[18.027498,59.154443,0.0],[18.027434,59.154531,0.0],[18.027348,59.154602,0.0],[18.027287,59.154653,0.0],[18.027208,59.154724,0.0],[18.027122,59.154795,0.0],[18.027014,59.154862,0.0],[18.027037,59.154906,0.0],[18.02702,59.154951,0.0],[18.027,59.154968,0.0],[18.026972,59.154995,0.0],[18.026964,59.154998,0.0],[18.026922,59.155021,0.0],[18.027126,59.155087,0.0],[18.027253,59.155109,0.0],[18.027395,59.155109,0.0],[18.027452,59.155134,0.0],[18.027488,59.155219,0.0],[18.027543,59.155297,0.0],[18.027596,59.1554,0.0],[18.027627,59.155438,0.0],[18.02768,59.155479,0.0],[18.027694,59.155582,0.0],[18.027735,59.155601,0.0],[18.027716,59.155664,0.0],[18.027709,59.15571,0.0],[18.027672,59.155782,0.0],[18.027658,59.15584,0.0],[18.027648,59.155872,0.0],[18.027661,59.155905,0.0],[18.027692,59.155971,0.0],[18.027756,59.156,0.0],[18.027826,59.156036,0.0],[18.027938,59.156068,0.0],[18.028025,59.156109,0.0],[18.028107,59.156176,0.0],[18.02819,59.156257,0.0],[18.02825,59.156273,0.0],[18.028255,59.156317,0.0],[18.028255,59.156328,0.0],[18.028273,59.156326,0.0],[18.028341,59.156423,0.0],[18.028351,59.156437,0.0],[18.028435,59.156547,0.0],[18.028508,59.156592,0.0],[18.028593,59.156642,0.0],[18.028722,59.156714,0.0],[18.028788,59.156739,0.0],[18.02887,59.156804,0.0],[18.028997,59.156858,0.0],[18.029018,59.156895,0.0],[18.029157,59.156967,0.0],[18.029247,59.15698,0.0],[18.029374,59.157009,0.0],[18.029502,59.157026,0.0],[18.029604,59.157073,0.0],[18.02973,59.157129,0.0],[18.029767,59.157168,0.0],[18.029914,59.157205,0.0],[18.03009,59.15727,0.0],[18.030132,59.157317,0.0],[18.030149,59.1574,0.0],[18.030171,59.157477,0.0],[18.030201,59.157552,0.0],[18.030238,59.157608,0.0],[18.03025,59.157614,0.0],[18.030278,59.157671,0.0],[18.030333,59.157746,0.0],[18.030397,59.157793,0.0],[18.030492,59.157827,0.0],[18.03067,59.157886,0.0],[18.030801,59.15793,0.0],[18.030928,59.157969,0.0],[18.031024,59.158003,0.0],[18.031278,59.158117,0.0],[18.031419,59.158208,0.0],[18.031523,59.158253,0.0],[18.031653,59.158298,0.0],[18.031873,59.158338,0.0],[18.031989,59.158373,0.0],[18.032083,59.15842,0.0],[18.032125,59.158449,0.0],[18.032258,59.158501,0.0],[18.03236,59.15858,0.0],[18.032427,59.158718,0.0],[18.032528,59.158808,0.0],[18.032639,59.15889,0.0],[18.032744,59.159002,0.0],[18.032787,59.15906,0.0],[18.032826,59.159114,0.0],[18.032872,59.159221,0.0],[18.0329,59.15925,0.0],[18.032969,59.159401,0.0],[18.032889,59.159455,0.0],[18.032875,59.159518,0.0],[18.032881,59.159583,0.0],[18.032945,59.159655,0.0],[18.032971,59.159723,0.0],[18.032967,59.159742,0.0],[18.032971,59.159752,0.0],[18.032984,59.1598,0.0],[18.033121,59.159816,0.0],[18.033187,59.159854,0.0],[18.033404,59.159948,0.0],[18.033426,59.159975,0.0],[18.033468,59.159996,0.0],[18.033499,59.160018,0.0],[18.03352,59.16005,0.0],[18.03351,59.16009,0.0],[18.033506,59.160108,0.0],[18.033506,59.160138,0.0],[18.033485,59.160179,0.0],[18.033464,59.160196,0.0],[18.033478,59.160215,0.0],[18.033499,59.160223,0.0],[18.033517,59.160254,0.0],[18.033522,59.160266,0.0],[18.033505,59.160284,0.0],[18.033492,59.160308,0.0],[18.033475,59.160332,0.0],[18.033459,59.160352,0.0],[18.033452,59.160369,0.0],[18.033436,59.160389,0.0],[18.033405,59.160428,0.0],[18.033393,59.160453,0.0],[18.033363,59.160492,0.0],[18.033339,59.160561,0.0],[18.033332,59.160609,0.0],[18.033335,59.160645,0.0],[18.033393,59.160709,0.0],[18.03343,59.160806,0.0],[18.033458,59.160879,0.0],[18.033467,59.160921,0.0],[18.033532,59.161018,0.0],[18.033623,59.161076,0.0],[18.033661,59.161102,0.0],[18.033696,59.161152,0.0],[18.033716,59.161198,0.0],[18.033747,59.161228,0.0],[18.033761,59.161253,0.0],[18.033812,59.161308,0.0],[18.033842,59.161353,0.0],[18.033882,59.161431,0.0],[18.033894,59.16152,0.0],[18.03395,59.161625,0.0],[18.034061,59.161705,0.0],[18.034175,59.161807,0.0],[18.034224,59.161841,0.0],[18.034234,59.161861,0.0],[18.034268,59.161886,0.0],[18.034322,59.161914,0.0],[18.034343,59.161943,0.0],[18.034369,59.161969,0.0],[18.034397,59.162,0.0],[18.034459,59.162007,0.0],[18.034485,59.162031,0.0],[18.034574,59.162079,0.0],[18.03466,59.16211,0.0],[18.034737,59.162145,0.0],[18.034762,59.162184,0.0],[18.034795,59.162217,0.0],[18.034828,59.162258,0.0],[18.034839,59.162277,0.0],[18.034863,59.162322,0.0],[18.034874,59.162403,0.0],[18.034897,59.162512,0.0],[18.034924,59.16259,0.0],[18.034918,59.162711,0.0],[18.034888,59.162801,0.0],[18.034857,59.162892,0.0],[18.034801,59.162973,0.0],[18.034731,59.163081,0.0],[18.034688,59.163161,0.0],[18.034675,59.163248,0.0],[18.034672,59.163277,0.0],[18.034661,59.163341,0.0],[18.034665,59.163404,0.0],[18.034678,59.163506,0.0],[18.034722,59.163569,0.0],[18.034669,59.163688,0.0],[18.034605,59.16374,0.0],[18.034546,59.16382,0.0],[18.03448,59.163922,0.0],[18.034418,59.164001,0.0],[18.034371,59.164062,0.0],[18.034357,59.164129,0.0],[18.034347,59.16425,0.0],[18.034386,59.164382,0.0],[18.03443,59.164492,0.0],[18.034491,59.164555,0.0],[18.034599,59.164636,0.0],[18.034687,59.164692,0.0],[18.034771,59.164735,0.0],[18.034806,59.164769,0.0],[18.034866,59.164835,0.0],[18.03489,59.164877,0.0],[18.035041,59.164947,0.0],[18.0351,59.16499,0.0],[18.035153,59.165083,0.0],[18.035251,59.165145,0.0],[18.0353,59.165215,0.0],[18.035412,59.165301,0.0],[18.035447,59.165333,0.0],[18.035532,59.165446,0.0],[18.035546,59.16547,0.0],[18.035573,59.165553,0.0],[18.035591,59.165587,0.0],[18.035675,59.165646,0.0],[18.035788,59.165732,0.0],[18.035889,59.165815,0.0],[18.036008,59.165829,0.0],[18.036173,59.165894,0.0],[18.036274,59.165948,0.0],[18.036474,59.165971,0.0],[18.036639,59.166011,0.0],[18.036769,59.166072,0.0],[18.036867,59.166127,0.0],[18.036913,59.166156,0.0],[18.036964,59.16619,0.0],[18.037024,59.166244,0.0],[18.037171,59.166311,0.0],[18.037294,59.166363,0.0],[18.037381,59.16639,0.0],[18.037497,59.166413,0.0],[18.037553,59.166424,0.0],[18.037644,59.166472,0.0],[18.037732,59.166508,0.0],[18.037826,59.166555,0.0],[18.037991,59.166627,0.0],[18.038138,59.16667,0.0],[18.038236,59.166699,0.0],[18.038341,59.166722,0.0],[18.038418,59.166738,0.0],[18.03846,59.166749,0.0],[18.038567,59.166772,0.0],[18.038676,59.166775,0.0],[18.038772,59.166783,0.0],[18.038922,59.166788,0.0],[18.03908,59.166806,0.0],[18.039203,59.16683,0.0],[18.03942,59.166873,0.0],[18.039535,59.166894,0.0],[18.039609,59.166907,0.0],[18.039679,59.166925,0.0],[18.039763,59.166937,0.0],[18.039836,59.166957,0.0],[18.039907,59.166972,0.0],[18.040071,59.166982,0.0],[18.040183,59.166989,0.0],[18.040288,59.166989,0.0],[18.0404,59.166989,0.0],[18.040481,59.167004,0.0],[18.040561,59.167013,0.0],[18.040624,59.167018,0.0],[18.040666,59.167035,0.0],[18.040715,59.167058,0.0],[18.040771,59.167076,0.0],[18.040828,59.167101,0.0],[18.040877,59.16712,0.0],[18.040982,59.167134,0.0],[18.041106,59.167205,0.0],[18.041131,59.167225,0.0],[18.041172,59.167248,0.0],[18.041211,59.167262,0.0],[18.041246,59.167286,0.0],[18.041295,59.167308,0.0],[18.041325,59.167331,0.0],[18.04136,59.167351,0.0],[18.041393,59.167372,0.0],[18.041423,59.16739,0.0],[18.041518,59.167438,0.0],[18.041609,59.167498,0.0],[18.041733,59.167533,0.0],[18.041834,59.167567,0.0],[18.041914,59.167591,0.0],[18.042012,59.167613,0.0],[18.042087,59.167648,0.0],[18.042153,59.167671,0.0],[18.042295,59.167752,0.0],[18.042395,59.167822,0.0],[18.042453,59.167839,0.0],[18.042513,59.167866,0.0],[18.042572,59.167889,0.0],[18.042648,59.167933,0.0],[18.042808,59.168003,0.0],[18.042923,59.168016,0.0],[18.043073,59.16803,0.0],[18.043338,59.168058,0.0],[18.043619,59.168083,0.0],[18.043684,59.168114,0.0],[18.043791,59.168095,0.0],[18.043865,59.168084,0.0],[18.043898,59.16808,0.0],[18.043931,59.168084,0.0],[18.043948,59.168076,0.0],[18.043999,59.16807,0.0],[18.044064,59.168041,0.0],[18.044148,59.168005,0.0],[18.044193,59.167942,0.0],[18.044207,59.167884,0.0],[18.044226,59.167841,0.0],[18.04426,59.167774,0.0],[18.04429,59.167718,0.0],[18.0443,59.167625,0.0],[18.044295,59.167557,0.0],[18.04431,59.167483,0.0],[18.044349,59.167414,0.0],[18.044327,59.16732,0.0],[18.044304,59.167261,0.0],[18.044312,59.167181,0.0],[18.044338,59.16709,0.0],[18.044325,59.167021,0.0],[18.044325,59.166898,0.0],[18.044306,59.166882,0.0],[18.044293,59.166839,0.0],[18.044286,59.166751,0.0],[18.044276,59.16666,0.0],[18.044354,59.166594,0.0],[18.044458,59.16651,0.0],[18.044487,59.166443,0.0],[18.044592,59.166367,0.0],[18.044679,59.166301,0.0],[18.044695,59.166181,0.0],[18.044754,59.166123,0.0],[18.044819,59.166023,0.0],[18.044859,59.166005,0.0],[18.044935,59.165925,0.0],[18.045008,59.165861,0.0],[18.045051,59.16583,0.0],[18.04508,59.165787,0.0],[18.045096,59.165764,0.0],[18.045133,59.165724,0.0],[18.045176,59.165682,0.0],[18.045226,59.16562,0.0],[18.045285,59.165552,0.0],[18.045344,59.165491,0.0],[18.045369,59.165431,0.0],[18.045347,59.165384,0.0],[18.045406,59.1653,0.0],[18.045454,59.165231,0.0],[18.045514,59.165158,0.0],[18.045522,59.165137,0.0],[18.045536,59.165121,0.0],[18.045549,59.165099,0.0],[18.045568,59.165078,0.0],[18.04561,59.165034,0.0],[18.045651,59.164978,0.0],[18.045691,59.164926,0.0],[18.045711,59.164883,0.0],[18.045714,59.164849,0.0],[18.045733,59.164815,0.0],[18.045803,59.164733,0.0],[18.045826,59.164704,0.0],[18.04585,59.164671,0.0],[18.045859,59.164639,0.0],[18.045907,59.164572,0.0],[18.045908,59.164541,0.0],[18.045969,59.16452,0.0],[18.046046,59.164468,0.0],[18.046101,59.164446,0.0],[18.046204,59.164465,0.0],[18.046302,59.164493,0.0],[18.046356,59.16451,0.0],[18.046384,59.164532,0.0],[18.046453,59.164564,0.0],[18.046503,59.164584,0.0],[18.046538,59.164603,0.0],[18.046668,59.164613,0.0],[18.046736,59.164626,0.0],[18.046787,59.164626,0.0],[18.046903,59.164644,0.0],[18.046987,59.164654,0.0],[18.047036,59.164665,0.0],[18.047102,59.1647,0.0],[18.047234,59.16474,0.0],[18.047337,59.164772,0.0],[18.047487,59.164796,0.0],[18.047591,59.164793,0.0],[18.047746,59.164803,0.0],[18.047913,59.164819,0.0],[18.047995,59.16483,0.0]],"type":"LineString"},"id":"vandringsleder.1628","properties":{"andrad_datum":"2023-06-26T13:55:57.320","ansvarig":null,"namn":"Brinkslingan","omrade":"Paradisets naturreservat","skapad_datum":null},"type":"Feature"}
 ,{"bbox":[18.001391,59.136173,18.024898,59.15419],"geometry":{"coordinates":[[18.022859,59.15419,0.0],[18.022882,59.154151,0.0],[18.023002,59.154101,0.0],[18.023072,59.154068,0.0],[18.023209,59.154011,0.0],[18.023287,59.153945,0.0],[18.023348,59.153878,0.0],[18.02335,59.153814,0.0],[18.023312,59.153736,0.0],[18.023269,59.153672,0.0],[18.023254,59.153615,0.0],[18.023238,59.153548,0.0],[18.023322,59.153517,0.0],[18.023367,59.153518,0.0],[18.02342,59.153499,0.0],[18.023497,59.153436,0.0],[18.023561,59.153412,0.0],[18.023657,59.153414,0.0],[18.023725,59.153403,0.0],[18.023863,59.153361,0.0],[18.023965,59.15332,0.0],[18.024054,59.153286,0.0],[18.024157,59.153257,0.0],[18.02435,59.153192,0.0],[18.024518,59.153137,0.0],[18.024634,59.153096,0.0],[18.024839,59.153026,0.0],[18.024898,59.152923,0.0],[18.024868,59.152777,0.0],[18.024847,59.152694,0.0],[18.024768,59.152568,0.0],[18.02464,59.152479,0.0],[18.024603,59.152388,0.0],[18.024532,59.15231,0.0],[18.024402,59.152234,0.0],[18.024359,59.152142,0.0],[18.024285,59.152087,0.0],[18.024245,59.151997,0.0],[18.024117,59.151926,0.0],[18.024046,59.151891,0.0],[18.023915,59.151814,0.0],[18.023802,59.151701,0.0],[18.023689,59.151603,0.0],[18.023573,59.151476,0.0],[18.02357,59.151456,0.0],[18.023577,59.151408,0.0],[18.023558,59.151367,0.0],[18.023565,59.151339,0.0],[18.023567,59.151331,0.0],[18.023582,59.151264,0.0],[18.02356,59.151215,0.0],[18.023479,59.151119,0.0],[18.023433,59.151017,0.0],[18.023427,59.151005,0.0],[18.023398,59.150933,0.0],[18.02334,59.150886,0.0],[18.023189,59.150848,0.0],[18.02306,59.1508,0.0],[18.022864,59.150735,0.0],[18.022702,59.150668,0.0],[18.022615,59.150622,0.0],[18.022462,59.150579,0.0],[18.022323,59.15053,0.0],[18.022194,59.1505,0.0],[18.022012,59.15042,0.0],[18.021939,59.150383,0.0],[18.021814,59.150295,0.0],[18.021743,59.150265,0.0],[18.021613,59.15023,0.0],[18.021467,59.150177,0.0],[18.0213,59.150124,0.0],[18.021237,59.150091,0.0],[18.021139,59.150042,0.0],[18.021001,59.150003,0.0],[18.020725,59.14991,0.0],[18.020524,59.149853,0.0],[18.020413,59.149786,0.0],[18.020325,59.149743,0.0],[18.020256,59.149713,0.0],[18.020057,59.149619,0.0],[18.019911,59.149533,0.0],[18.019778,59.149409,0.0],[18.019656,59.149343,0.0],[18.019546,59.149287,0.0],[18.019427,59.149211,0.0],[18.019346,59.149175,0.0],[18.019265,59.149128,0.0],[18.01915,59.149068,0.0],[18.019127,59.149029,0.0],[18.01901,59.148941,0.0],[18.01895,59.148917,0.0],[18.018795,59.14879,0.0],[18.018723,59.148754,0.0],[18.018632,59.148702,0.0],[18.018597,59.148661,0.0],[18.018412,59.148567,0.0],[18.018369,59.14855,0.0],[18.018364,59.148546,0.0],[18.018342,59.148496,0.0],[18.018408,59.148444,0.0],[18.01846,59.148383,0.0],[18.018498,59.148316,0.0],[18.018508,59.14826,0.0],[18.018561,59.148191,0.0],[18.018591,59.148119,0.0],[18.018676,59.148044,0.0],[18.018662,59.148017,0.0],[18.018679,59.147951,0.0],[18.018737,59.147873,0.0],[18.018776,59.14778,0.0],[18.018819,59.147692,0.0],[18.01884,59.147599,0.0],[18.018876,59.147516,0.0],[18.018906,59.147437,0.0],[18.018971,59.147377,0.0],[18.019014,59.147294,0.0],[18.019079,59.147194,0.0],[18.01912,59.147098,0.0],[18.019158,59.146996,0.0],[18.019157,59.146973,0.0],[18.01923,59.146899,0.0],[18.019327,59.146784,0.0],[18.019324,59.146768,0.0],[18.019337,59.146731,0.0],[18.019371,59.146711,0.0],[18.019422,59.146641,0.0],[18.019478,59.146552,0.0],[18.019467,59.146518,0.0],[18.019574,59.14645,0.0],[18.019625,59.146367,0.0],[18.019672,59.146258,0.0],[18.019664,59.146244,0.0],[18.019664,59.146174,0.0],[18.019665,59.146082,0.0],[18.019637,59.145983,0.0],[18.019609,59.145932,0.0],[18.019603,59.145923,0.0],[18.019582,59.145898,0.0],[18.019579,59.145814,0.0],[18.019613,59.14571,0.0],[18.019582,59.145602,0.0],[18.019601,59.14557,0.0],[18.019647,59.145482,0.0],[18.019673,59.145448,0.0],[18.019693,59.145362,0.0],[18.019687,59.145273,0.0],[18.019759,59.1452,0.0],[18.019877,59.145119,0.0],[18.020003,59.145071,0.0],[18.020097,59.144973,0.0],[18.020111,59.144951,0.0],[18.02018,59.144853,0.0],[18.020209,59.144766,0.0],[18.020252,59.144727,0.0],[18.020304,59.144642,0.0],[18.020355,59.144609,0.0],[18.020409,59.144527,0.0],[18.020408,59.144521,0.0],[18.020415,59.144511,0.0],[18.020426,59.144485,0.0],[18.020436,59.144416,0.0],[18.020458,59.14439,0.0],[18.020482,59.144382,0.0],[18.020493,59.144363,0.0],[18.020493,59.144355,0.0],[18.020496,59.144344,0.0],[18.020521,59.144326,0.0],[18.020479,59.14429,0.0],[18.020429,59.14427,0.0],[18.020334,59.144251,0.0],[18.020249,59.144205,0.0],[18.020205,59.144125,0.0],[18.020196,59.144031,0.0],[18.020245,59.143935,0.0],[18.020273,59.143853,0.0],[18.02036,59.143747,0.0],[18.020379,59.143663,0.0],[18.020413,59.143636,0.0],[18.020489,59.143578,0.0],[18.020492,59.14356,0.0],[18.02048,59.143472,0.0],[18.020433,59.143398,0.0],[18.020418,59.143354,0.0],[18.020394,59.143308,0.0],[18.020395,59.143263,0.0],[18.02046,59.143184,0.0],[18.020487,59.143082,0.0],[18.020363,59.142983,0.0],[18.020154,59.142905,0.0],[18.019913,59.142838,0.0],[18.019744,59.142801,0.0],[18.019713,59.142793,0.0],[18.019538,59.142729,0.0],[18.019524,59.142725,0.0],[18.019466,59.142703,0.0],[18.019389,59.142683,0.0],[18.01933,59.142678,0.0],[18.019115,59.142664,0.0],[18.019007,59.142645,0.0],[18.018844,59.142609,0.0],[18.018815,59.142601,0.0],[18.018747,59.14258,0.0],[18.018698,59.142537,0.0],[18.018646,59.142525,0.0],[18.018515,59.142495,0.0],[18.018463,59.142485,0.0],[18.018402,59.142459,0.0],[18.018272,59.142407,0.0],[18.018108,59.142363,0.0],[18.017914,59.142312,0.0],[18.017893,59.142246,0.0],[18.017856,59.142182,0.0],[18.01781,59.142081,0.0],[18.017769,59.142034,0.0],[18.017793,59.141957,0.0],[18.017832,59.141921,0.0],[18.017872,59.141906,0.0],[18.01792,59.141863,0.0],[18.017929,59.14184,0.0],[18.017955,59.141771,0.0],[18.017968,59.141697,0.0],[18.017982,59.141676,0.0],[18.017998,59.141642,0.0],[18.018022,59.141612,0.0],[18.018046,59.141543,0.0],[18.018073,59.141417,0.0],[18.018088,59.141317,0.0],[18.018041,59.14124,0.0],[18.018077,59.141156,0.0],[18.01808,59.141075,0.0],[18.018107,59.141017,0.0],[18.018025,59.140893,0.0],[18.01797,59.140757,0.0],[18.017989,59.140688,0.0],[18.018012,59.140643,0.0],[18.018035,59.140617,0.0],[18.018072,59.14053,0.0],[18.018161,59.140489,0.0],[18.018177,59.140479,0.0],[18.018274,59.140408,0.0],[18.018309,59.140357,0.0],[18.01834,59.14027,0.0],[18.018367,59.140262,0.0],[18.018378,59.140177,0.0],[18.018403,59.140084,0.0],[18.01847,59.139989,0.0],[18.01852,59.139877,0.0],[18.018511,59.139861,0.0],[18.018636,59.1398,0.0],[18.018763,59.139743,0.0],[18.018893,59.139664,0.0],[18.018955,59.139593,0.0],[18.018959,59.139487,0.0],[18.01894,59.139428,0.0],[18.018934,59.139304,0.0],[18.018881,59.139167,0.0],[18.01897,59.139135,0.0],[18.019074,59.139109,0.0],[18.019178,59.139081,0.0],[18.019179,59.139076,0.0],[18.019259,59.139044,0.0],[18.019332,59.139025,0.0],[18.019354,59.138972,0.0],[18.019263,59.138896,0.0],[18.019279,59.138842,0.0],[18.019156,59.138792,0.0],[18.019025,59.138771,0.0],[18.018885,59.138747,0.0],[18.018603,59.138743,0.0],[18.018505,59.138748,0.0],[18.018334,59.138778,0.0],[18.018242,59.138788,0.0],[18.018134,59.138789,0.0],[18.017984,59.138809,0.0],[18.01781,59.138817,0.0],[18.017711,59.1388,0.0],[18.017597,59.138756,0.0],[18.017495,59.138747,0.0],[18.017307,59.138644,0.0],[18.017261,59.138563,0.0],[18.017231,59.138444,0.0],[18.017255,59.138353,0.0],[18.017282,59.138283,0.0],[18.017231,59.138191,0.0],[18.017135,59.138104,0.0],[18.017016,59.137993,0.0],[18.016907,59.137901,0.0],[18.016763,59.137866,0.0],[18.016659,59.13782,0.0],[18.016635,59.137803,0.0],[18.016548,59.137759,0.0],[18.016512,59.137729,0.0],[18.016508,59.137715,0.0],[18.016485,59.137699,0.0],[18.016419,59.137677,0.0],[18.016385,59.137609,0.0],[18.016376,59.137537,0.0],[18.016361,59.137524,0.0],[18.016308,59.137455,0.0],[18.016256,59.137378,0.0],[18.016166,59.137284,0.0],[18.016065,59.137209,0.0],[18.015928,59.137122,0.0],[18.015793,59.137014,0.0],[18.015642,59.136944,0.0],[18.015489,59.136861,0.0],[18.015322,59.13682,0.0],[18.015254,59.136827,0.0],[18.015056,59.136842,0.0],[18.014967,59.136845,0.0],[18.01487,59.136842,0.0],[18.01485,59.136852,0.0],[18.014782,59.136863,0.0],[18.014787,59.136838,0.0],[18.014788,59.136759,0.0],[18.014694,59.13671,0.0],[18.014629,59.136686,0.0],[18.014554,59.136678,0.0],[18.014521,59.136677,0.0],[18.014393,59.136632,0.0],[18.014313,59.136577,0.0],[18.014303,59.136569,0.0],[18.014224,59.136518,0.0],[18.014205,59.136496,0.0],[18.014138,59.136402,0.0],[18.014024,59.136299,0.0],[18.01381,59.136226,0.0],[18.013685,59.136211,0.0],[18.013489,59.136189,0.0],[18.013344,59.136177,0.0],[18.01317,59.136173,0.0],[18.013044,59.136237,0.0],[18.012859,59.136281,0.0],[18.012798,59.1363,0.0],[18.012702,59.136362,0.0],[18.012566,59.13641,0.0],[18.012452,59.136487,0.0],[18.012334,59.136541,0.0],[18.012176,59.136607,0.0],[18.012062,59.136646,0.0],[18.011936,59.136691,0.0],[18.011904,59.136707,0.0],[18.011892,59.136711,0.0],[18.011868,59.136716,0.0],[18.011742,59.136731,0.0],[18.011532,59.136727,0.0],[18.011282,59.136748,0.0],[18.011069,59.136753,0.0],[18.010938,59.13677,0.0],[18.0108,59.136773,0.0],[18.010645,59.136792,0.0],[18.010498,59.136807,0.0],[18.010436,59.136816,0.0],[18.010381,59.136823,0.0],[18.010229,59.136845,0.0],[18.0102,59.136858,0.0],[18.010147,59.136877,0.0],[18.010025,59.136936,0.0],[18.009968,59.136955,0.0],[18.009876,59.136992,0.0],[18.009743,59.137049,0.0],[18.009625,59.137075,0.0],[18.009463,59.1371,0.0],[18.009422,59.137106,0.0],[18.009289,59.137119,0.0],[18.009254,59.137121,0.0],[18.009135,59.137133,0.0],[18.009058,59.137136,0.0],[18.008933,59.137163,0.0],[18.008784,59.137231,0.0],[18.008734,59.137311,0.0],[18.008643,59.137378,0.0],[18.008497,59.137426,0.0],[18.008257,59.137527,0.0],[18.008187,59.137552,0.0],[18.007979,59.137568,0.0],[18.007784,59.13763,0.0],[18.007627,59.13766,0.0],[18.007481,59.137738,0.0],[18.007269,59.137816,0.0],[18.007183,59.137856,0.0],[18.007044,59.137932,0.0],[18.006934,59.137987,0.0],[18.006815,59.138013,0.0],[18.006671,59.138059,0.0],[18.006481,59.138036,0.0],[18.006347,59.138051,0.0],[18.006138,59.138054,0.0],[18.005903,59.138089,0.0],[18.005772,59.138116,0.0],[18.005626,59.138075,0.0],[18.005567,59.138045,0.0],[18.005436,59.138008,0.0],[18.005333,59.137991,0.0],[18.005188,59.137973,0.0],[18.005002,59.137928,0.0],[18.00486,59.137874,0.0],[18.004695,59.13782,0.0],[18.004508,59.137781,0.0],[18.004289,59.137831,0.0],[18.004136,59.137886,0.0],[18.004044,59.137928,0.0],[18.003956,59.137965,0.0],[18.003786,59.138053,0.0],[18.003673,59.138065,0.0],[18.003567,59.138143,0.0],[18.003508,59.138184,0.0],[18.003372,59.138216,0.0],[18.003231,59.138273,0.0],[18.003144,59.138375,0.0],[18.003087,59.138501,0.0],[18.00305,59.138559,0.0],[18.003007,59.138605,0.0],[18.002938,59.138697,0.0],[18.002944,59.138778,0.0],[18.002982,59.138854,0.0],[18.00302,59.138934,0.0],[18.003192,59.138979,0.0],[18.003222,59.139001,0.0],[18.003225,59.139054,0.0],[18.003157,59.139149,0.0],[18.003029,59.139237,0.0],[18.003002,59.139264,0.0],[18.002834,59.139279,0.0],[18.002694,59.139338,0.0],[18.002579,59.139432,0.0],[18.002551,59.13948,0.0],[18.002449,59.139503,0.0],[18.002371,59.139553,0.0],[18.002344,59.139571,0.0],[18.00226,59.139623,0.0],[18.002162,59.139644,0.0],[18.002062,59.139664,0.0],[18.001933,59.139724,0.0],[18.001772,59.139821,0.0],[18.001695,59.139901,0.0],[18.001621,59.139995,0.0],[18.001586,59.140093,0.0],[18.001531,59.140158,0.0],[18.001484,59.140228,0.0],[18.001442,59.140266,0.0],[18.001391,59.140305,0.0],[18.001453,59.140321,0.0],[18.001482,59.140336,0.0],[18.00153,59.140356,0.0],[18.001543,59.140385,0.0],[18.001615,59.140468,0.0],[18.001646,59.140511,0.0],[18.001683,59.140536,0.0],[18.001775,59.14058,0.0],[18.001866,59.14064,0.0],[18.002019,59.140716,0.0],[18.002121,59.140753,0.0],[18.002237,59.140806,0.0],[18.002366,59.140872,0.0],[18.002373,59.14088,0.0],[18.002477,59.140896,0.0],[18.002491,59.140905,0.0],[18.002587,59.14097,0.0],[18.002744,59.14102,0.0],[18.002885,59.141087,0.0],[18.003101,59.141146,0.0],[18.003306,59.141184,0.0],[18.003415,59.14125,0.0],[18.00357,59.141294,0.0],[18.003692,59.14131,0.0],[18.003834,59.141371,0.0],[18.003918,59.141372,0.0],[18.004022,59.141412,0.0],[18.004196,59.141456,0.0],[18.004412,59.141489,0.0],[18.004559,59.141581,0.0],[18.004708,59.141675,0.0],[18.004881,59.14175,0.0],[18.005008,59.141827,0.0],[18.005156,59.141892,0.0],[18.00523,59.141918,0.0],[18.005306,59.142008,0.0],[18.005545,59.142082,0.0],[18.005733,59.142094,0.0],[18.005967,59.14216,0.0],[18.006071,59.142233,0.0],[18.00628,59.142278,0.0],[18.006473,59.142343,0.0],[18.006475,59.142364,0.0],[18.006588,59.142386,0.0],[18.006687,59.142403,0.0],[18.006803,59.142414,0.0],[18.006928,59.142432,0.0],[18.006961,59.14243,0.0],[18.00703,59.142497,0.0],[18.007174,59.142481,0.0],[18.007315,59.142425,0.0],[18.007455,59.142402,0.0],[18.007457,59.142374,0.0],[18.007577,59.142327,0.0],[18.007736,59.142285,0.0],[18.007794,59.142257,0.0],[18.007831,59.142235,0.0],[18.007945,59.142275,0.0],[18.008121,59.142313,0.0],[18.008282,59.142345,0.0],[18.008359,59.142389,0.0],[18.008457,59.142462,0.0],[18.008478,59.142491,0.0],[18.008496,59.142581,0.0],[18.008449,59.14265,0.0],[18.00844,59.142682,0.0],[18.008364,59.142761,0.0],[18.008314,59.142786,0.0],[18.008264,59.142825,0.0],[18.008177,59.14282,0.0],[18.008055,59.142893,0.0],[18.007826,59.143028,0.0],[18.007698,59.143116,0.0],[18.007656,59.143198,0.0],[18.007604,59.143354,0.0],[18.007535,59.143438,0.0],[18.007477,59.143484,0.0],[18.007427,59.143544,0.0],[18.007426,59.14364,0.0],[18.007439,59.143769,0.0],[18.007474,59.143864,0.0],[18.007438,59.144011,0.0],[18.007429,59.144051,0.0],[18.007461,59.144136,0.0],[18.007471,59.144151,0.0],[18.007515,59.144219,0.0],[18.007581,59.144339,0.0],[18.007605,59.144344,0.0],[18.007662,59.144481,0.0],[18.007688,59.144581,0.0],[18.007694,59.144625,0.0],[18.007733,59.144683,0.0],[18.007789,59.144756,0.0],[18.007854,59.144864,0.0],[18.00785,59.144899,0.0],[18.007817,59.144973,0.0],[18.007791,59.145051,0.0],[18.007716,59.145105,0.0],[18.007589,59.145185,0.0],[18.007533,59.145242,0.0],[18.007503,59.145287,0.0],[18.007519,59.145301,0.0],[18.007543,59.145338,0.0],[18.007587,59.145362,0.0],[18.00769,59.145418,0.0],[18.007769,59.145462,0.0],[18.007891,59.145539,0.0],[18.00801,59.145604,0.0],[18.008093,59.145662,0.0],[18.008189,59.145735,0.0],[18.008323,59.145829,0.0],[18.008441,59.145873,0.0],[18.00857,59.145969,0.0],[18.008621,59.14599,0.0],[18.008721,59.146077,0.0],[18.00889,59.146106,0.0],[18.008996,59.146113,0.0],[18.009095,59.146159,0.0],[18.0091,59.146167,0.0],[18.009148,59.146188,0.0],[18.009238,59.146263,0.0],[18.009252,59.146268,0.0],[18.009327,59.146319,0.0],[18.009445,59.146422,0.0],[18.009571,59.146472,0.0],[18.009599,59.146481,0.0],[18.009641,59.146546,0.0],[18.00967,59.146574,0.0],[18.009669,59.14659,0.0],[18.009733,59.146636,0.0],[18.009807,59.146753,0.0],[18.009873,59.146853,0.0],[18.009983,59.146895,0.0],[18.010069,59.146994,0.0],[18.010146,59.147033,0.0],[18.010248,59.147098,0.0],[18.010387,59.147191,0.0],[18.010474,59.147238,0.0],[18.010553,59.147296,0.0],[18.010583,59.147314,0.0],[18.010696,59.147388,0.0],[18.010752,59.147482,0.0],[18.010835,59.147574,0.0],[18.010863,59.147672,0.0],[18.010838,59.147776,0.0],[18.010823,59.147843,0.0],[18.010982,59.147941,0.0],[18.011069,59.147994,0.0],[18.011221,59.148081,0.0],[18.011358,59.148196,0.0],[18.011464,59.148233,0.0],[18.011642,59.148304,0.0],[18.01187,59.148412,0.0],[18.012059,59.148514,0.0],[18.012255,59.148614,0.0],[18.01242,59.1487,0.0],[18.012553,59.14877,0.0],[18.012679,59.148837,0.0],[18.012845,59.148926,0.0],[18.013027,59.149016,0.0],[18.013201,59.149102,0.0],[18.013297,59.14916,0.0],[18.013499,59.149208,0.0],[18.013543,59.149207,0.0],[18.013663,59.149189,0.0],[18.013792,59.149167,0.0],[18.013962,59.149126,0.0],[18.014032,59.149116,0.0],[18.014169,59.149083,0.0],[18.01431,59.149048,0.0],[18.014483,59.149011,0.0],[18.014619,59.14898,0.0],[18.014732,59.14898,0.0],[18.014874,59.14896,0.0],[18.015081,59.148884,0.0],[18.01519,59.148833,0.0],[18.015341,59.148746,0.0],[18.01555,59.148651,0.0],[18.015777,59.148612,0.0],[18.015973,59.148567,0.0],[18.016226,59.14852,0.0],[18.016454,59.148498,0.0],[18.016678,59.148466,0.0],[18.016852,59.148383,0.0],[18.017003,59.148397,0.0],[18.017046,59.148415,0.0],[18.017168,59.148496,0.0],[18.017212,59.148511,0.0],[18.017394,59.148548,0.0],[18.017528,59.148511,0.0],[18.017737,59.148524,0.0],[18.017944,59.148502,0.0],[18.018142,59.148496,0.0],[18.018233,59.148524,0.0],[18.018295,59.148572,0.0],[18.018424,59.148621,0.0],[18.01863,59.148711,0.0],[18.01879,59.14881,0.0],[18.018848,59.148904,0.0],[18.019017,59.148985,0.0],[18.019124,59.149066,0.0],[18.019239,59.149137,0.0],[18.019393,59.149209,0.0],[18.019486,59.149279,0.0],[18.019503,59.149287,0.0],[18.019717,59.149402,0.0],[18.019832,59.149488,0.0],[18.019935,59.149584,0.0],[18.020134,59.149677,0.0],[18.02036,59.14979,0.0],[18.020508,59.149884,0.0],[18.02068,59.149944,0.0],[18.020871,59.150004,0.0],[18.021035,59.150052,0.0],[18.021134,59.150059,0.0],[18.021253,59.150125,0.0],[18.021359,59.150169,0.0],[18.021475,59.150218,0.0],[18.021618,59.150249,0.0],[18.021745,59.150284,0.0],[18.021899,59.150375,0.0],[18.022111,59.150483,0.0],[18.022252,59.150552,0.0],[18.022382,59.150569,0.0],[18.022506,59.150628,0.0],[18.022636,59.150681,0.0],[18.022824,59.150756,0.0],[18.023002,59.150807,0.0],[18.023118,59.150845,0.0],[18.023193,59.150871,0.0],[18.02333,59.150921,0.0],[18.023399,59.151084,0.0],[18.02346,59.151165,0.0],[18.02349,59.151321,0.0],[18.023486,59.151447,0.0],[18.02358,59.151539,0.0],[18.023657,59.151634,0.0],[18.023805,59.151732,0.0],[18.02393,59.151863,0.0],[18.024126,59.151952,0.0],[18.024189,59.152014,0.0],[18.024251,59.152105,0.0],[18.024347,59.152164,0.0],[18.024355,59.152202,0.0],[18.024382,59.15224,0.0],[18.024405,59.152263,0.0],[18.024465,59.152307,0.0],[18.024552,59.152376,0.0],[18.024573,59.152451,0.0],[18.024645,59.152545,0.0],[18.024728,59.152639,0.0],[18.02481,59.152764,0.0],[18.024845,59.152868,0.0],[18.024847,59.152942,0.0],[18.024824,59.15301,0.0],[18.024636,59.153067,0.0],[18.024454,59.153122,0.0],[18.024283,59.153182,0.0],[18.024093,59.153241,0.0],[18.02391,59.153308,0.0],[18.023862,59.153334,0.0],[18.023807,59.153358,0.0],[18.023728,59.153384,0.0],[18.023665,59.153379,0.0],[18.023647,59.153378,0.0],[18.023606,59.153383,0.0],[18.023526,59.153405,0.0],[18.02345,59.153443,0.0],[18.023423,59.153463,0.0],[18.023404,59.153491,0.0],[18.023347,59.153503,0.0],[18.023295,59.153503,0.0],[18.023227,59.15352,0.0],[18.023208,59.153587,0.0],[18.023252,59.153704,0.0],[18.02331,59.153793,0.0],[18.023289,59.153893,0.0],[18.023247,59.153952,0.0],[18.023066,59.154051,0.0],[18.022859,59.154137,0.0],[18.022835,59.154179,0.0]],"type":"LineString"},"id":"vandringsleder.1629","properties":{"andrad_datum":"2023-06-26T14:04:00.757","ansvarig":"naturvårdsavdelningen och Haninge kommun","namn":"Tornbergsslingan","omrade":"Paradisets naturreservat","skapad_datum":null},"type":"Feature"}
 ,{"bbox":[18.018199,59.143144,18.041176,59.154918],"geometry":{"coordinates":[[18.02319,59.153949,0.0],[18.023285,59.153861,0.0],[18.023247,59.153773,0.0],[18.023202,59.153698,0.0],[18.023168,59.153643,0.0],[18.023168,59.153639,0.0],[18.023185,59.153588,0.0],[18.02319,59.153567,0.0],[18.023198,59.153535,0.0],[18.023204,59.153497,0.0],[18.023323,59.153476,0.0],[18.023386,59.153441,0.0],[18.023422,59.153408,0.0],[18.023444,59.153403,0.0],[18.023476,59.153382,0.0],[18.023484,59.153374,0.0],[18.023577,59.153349,0.0],[18.023761,59.153336,0.0],[18.023843,59.15329,0.0],[18.023945,59.153245,0.0],[18.024072,59.153219,0.0],[18.024319,59.153127,0.0],[18.024453,59.153065,0.0],[18.024574,59.153014,0.0],[18.024703,59.153007,0.0],[18.024741,59.152983,0.0],[18.024853,59.152924,0.0],[18.024908,59.152855,0.0],[18.0249,59.152819,0.0],[18.024803,59.15272,0.0],[18.024725,59.152642,0.0],[18.024705,59.15263,0.0],[18.024583,59.152529,0.0],[18.024516,59.15246,0.0],[18.024493,59.152415,0.0],[18.024416,59.152333,0.0],[18.024408,59.152323,0.0],[18.024335,59.152236,0.0],[18.024318,59.152168,0.0],[18.024321,59.152063,0.0],[18.024266,59.151951,0.0],[18.024154,59.151865,0.0],[18.023938,59.151755,0.0],[18.023765,59.15162,0.0],[18.023636,59.151505,0.0],[18.023593,59.151411,0.0],[18.023481,59.151341,0.0],[18.023404,59.151233,0.0],[18.023391,59.151156,0.0],[18.023339,59.151109,0.0],[18.023335,59.15107,0.0],[18.023283,59.150979,0.0],[18.023267,59.150904,0.0],[18.023224,59.150837,0.0],[18.023233,59.150805,0.0],[18.023184,59.150807,0.0],[18.023139,59.150783,0.0],[18.023032,59.150734,0.0],[18.022975,59.15071,0.0],[18.022812,59.150671,0.0],[18.022705,59.150643,0.0],[18.022609,59.150603,0.0],[18.022541,59.150589,0.0],[18.022443,59.150567,0.0],[18.022369,59.150556,0.0],[18.022286,59.150508,0.0],[18.022188,59.15043,0.0],[18.022052,59.150389,0.0],[18.021843,59.150319,0.0],[18.021802,59.150304,0.0],[18.021654,59.150246,0.0],[18.021568,59.150213,0.0],[18.021406,59.150163,0.0],[18.021277,59.150105,0.0],[18.021141,59.150028,0.0],[18.020984,59.149965,0.0],[18.020835,59.149912,0.0],[18.020772,59.149885,0.0],[18.020629,59.149823,0.0],[18.020458,59.149774,0.0],[18.020243,59.149722,0.0],[18.020197,59.149703,0.0],[18.020125,59.149687,0.0],[18.020054,59.149655,0.0],[18.019928,59.149553,0.0],[18.019802,59.149476,0.0],[18.019722,59.149416,0.0],[18.019643,59.149359,0.0],[18.019455,59.149266,0.0],[18.01931,59.149224,0.0],[18.019137,59.149134,0.0],[18.019056,59.149076,0.0],[18.018897,59.149021,0.0],[18.018794,59.148908,0.0],[18.018719,59.148818,0.0],[18.018668,59.148784,0.0],[18.018592,59.148709,0.0],[18.018559,59.148672,0.0],[18.018556,59.148682,0.0],[18.018448,59.148639,0.0],[18.018344,59.148581,0.0],[18.018323,59.148491,0.0],[18.018254,59.148478,0.0],[18.018239,59.148471,0.0],[18.018199,59.148437,0.0],[18.01825,59.148367,0.0],[18.018337,59.148269,0.0],[18.018355,59.148202,0.0],[18.018412,59.148113,0.0],[18.01844,59.148047,0.0],[18.018428,59.148001,0.0],[18.018466,59.147959,0.0],[18.018518,59.147863,0.0],[18.018568,59.147814,0.0],[18.018621,59.1477,0.0],[18.018653,59.147612,0.0],[18.018737,59.147517,0.0],[18.01886,59.147411,0.0],[18.018874,59.147361,0.0],[18.01887,59.147338,0.0],[18.018869,59.147326,0.0],[18.018907,59.147317,0.0],[18.018916,59.147315,0.0],[18.018901,59.147305,0.0],[18.018891,59.147268,0.0],[18.018933,59.147234,0.0],[18.018954,59.147203,0.0],[18.018999,59.147129,0.0],[18.018999,59.147045,0.0],[18.019043,59.146927,0.0],[18.019205,59.146883,0.0],[18.019318,59.146755,0.0],[18.01932,59.146742,0.0],[18.019333,59.146683,0.0],[18.019382,59.146581,0.0],[18.019461,59.146491,0.0],[18.019525,59.146399,0.0],[18.019551,59.146243,0.0],[18.019498,59.146137,0.0],[18.019488,59.146055,0.0],[18.019503,59.146014,0.0],[18.019517,59.145993,0.0],[18.019497,59.145891,0.0],[18.019474,59.145819,0.0],[18.019474,59.145699,0.0],[18.019493,59.145601,0.0],[18.019568,59.145441,0.0],[18.019613,59.145402,0.0],[18.019677,59.145337,0.0],[18.01968,59.145314,0.0],[18.019684,59.145291,0.0],[18.019687,59.145266,0.0],[18.019693,59.145242,0.0],[18.019698,59.145232,0.0],[18.019682,59.145231,0.0],[18.019636,59.145224,0.0],[18.019608,59.145215,0.0],[18.019662,59.145196,0.0],[18.019772,59.145141,0.0],[18.0199,59.145096,0.0],[18.019941,59.145094,0.0],[18.019977,59.145074,0.0],[18.019958,59.145073,0.0],[18.019945,59.145063,0.0],[18.019993,59.145024,0.0],[18.020066,59.144944,0.0],[18.020093,59.14485,0.0],[18.020159,59.144784,0.0],[18.020259,59.14467,0.0],[18.020287,59.14463,0.0],[18.020292,59.144576,0.0],[18.02028,59.144561,0.0],[18.020274,59.144549,0.0],[18.020262,59.144547,0.0],[18.020314,59.144529,0.0],[18.020355,59.144475,0.0],[18.020377,59.144455,0.0],[18.020432,59.144425,0.0],[18.020462,59.144366,0.0],[18.020531,59.144312,0.0],[18.020623,59.144318,0.0],[18.020646,59.144309,0.0],[18.020659,59.144312,0.0],[18.020699,59.144343,0.0],[18.020788,59.144409,0.0],[18.020841,59.144446,0.0],[18.020888,59.14451,0.0],[18.020979,59.144585,0.0],[18.021066,59.144642,0.0],[18.021159,59.144659,0.0],[18.021192,59.14468,0.0],[18.021195,59.144692,0.0],[18.021214,59.144726,0.0],[18.021276,59.144814,0.0],[18.021356,59.14489,0.0],[18.021469,59.144958,0.0],[18.021552,59.14498,0.0],[18.021673,59.145031,0.0],[18.021804,59.14507,0.0],[18.021925,59.145115,0.0],[18.022074,59.145178,0.0],[18.022222,59.145205,0.0],[18.022374,59.145239,0.0],[18.022527,59.145249,0.0],[18.022613,59.145248,0.0],[18.022702,59.145259,0.0],[18.022877,59.145263,0.0],[18.02299,59.145296,0.0],[18.023177,59.145349,0.0],[18.023236,59.145369,0.0],[18.023273,59.14538,0.0],[18.023407,59.145441,0.0],[18.023495,59.145499,0.0],[18.023609,59.145567,0.0],[18.023739,59.145607,0.0],[18.023791,59.145623,0.0],[18.0239,59.145699,0.0],[18.024019,59.14573,0.0],[18.02415,59.14577,0.0],[18.024338,59.145805,0.0],[18.024482,59.145835,0.0],[18.024613,59.145868,0.0],[18.024691,59.145885,0.0],[18.024822,59.145913,0.0],[18.024959,59.145879,0.0],[18.025004,59.145853,0.0],[18.025092,59.145798,0.0],[18.025109,59.145772,0.0],[18.025182,59.14569,0.0],[18.025285,59.145579,0.0],[18.025339,59.145526,0.0],[18.025367,59.145447,0.0],[18.025392,59.145342,0.0],[18.025412,59.145283,0.0],[18.025431,59.14526,0.0],[18.025623,59.145174,0.0],[18.025701,59.145104,0.0],[18.025794,59.145031,0.0],[18.025965,59.145024,0.0],[18.026138,59.144973,0.0],[18.026185,59.144959,0.0],[18.026328,59.144892,0.0],[18.026368,59.144821,0.0],[18.026461,59.144727,0.0],[18.026546,59.144649,0.0],[18.026583,59.144614,0.0],[18.026584,59.144615,0.0],[18.026629,59.144577,0.0],[18.026662,59.144579,0.0],[18.026668,59.144528,0.0],[18.026724,59.144478,0.0],[18.026754,59.14445,0.0],[18.026747,59.144429,0.0],[18.026735,59.144387,0.0],[18.026784,59.144331,0.0],[18.026874,59.144246,0.0],[18.026967,59.144187,0.0],[18.027081,59.144125,0.0],[18.027174,59.14404,0.0],[18.027321,59.143997,0.0],[18.027502,59.143972,0.0],[18.027665,59.143952,0.0],[18.027842,59.14397,0.0],[18.027946,59.143994,0.0],[18.028096,59.144026,0.0],[18.028127,59.14402,0.0],[18.028173,59.144027,0.0],[18.028237,59.144028,0.0],[18.028255,59.14403,0.0],[18.028375,59.144062,0.0],[18.028534,59.144097,0.0],[18.028665,59.144141,0.0],[18.028773,59.144161,0.0],[18.028932,59.144202,0.0],[18.029027,59.144201,0.0],[18.029067,59.144206,0.0],[18.029238,59.144248,0.0],[18.029415,59.144279,0.0],[18.029557,59.144259,0.0],[18.029616,59.144219,0.0],[18.029612,59.144192,0.0],[18.029742,59.144138,0.0],[18.029753,59.14413,0.0],[18.029785,59.144074,0.0],[18.02984,59.144008,0.0],[18.029856,59.143985,0.0],[18.029936,59.143906,0.0],[18.029989,59.14383,0.0],[18.030013,59.143813,0.0],[18.030047,59.1438,0.0],[18.030151,59.143718,0.0],[18.030182,59.143708,0.0],[18.03037,59.143657,0.0],[18.030437,59.143623,0.0],[18.030447,59.143618,0.0],[18.030507,59.143575,0.0],[18.030612,59.143499,0.0],[18.030666,59.143455,0.0],[18.030787,59.143383,0.0],[18.030876,59.143318,0.0],[18.030991,59.143273,0.0],[18.031131,59.143225,0.0],[18.031154,59.143212,0.0],[18.031283,59.143167,0.0],[18.031431,59.143149,0.0],[18.031531,59.143161,0.0],[18.031594,59.143158,0.0],[18.031785,59.1432,0.0],[18.031896,59.143196,0.0],[18.032041,59.143182,0.0],[18.032059,59.143184,0.0],[18.032181,59.143216,0.0],[18.032308,59.143226,0.0],[18.032459,59.143237,0.0],[18.032626,59.143239,0.0],[18.032792,59.14324,0.0],[18.032824,59.143246,0.0],[18.032976,59.143245,0.0],[18.033116,59.143235,0.0],[18.033166,59.143201,0.0],[18.033238,59.143179,0.0],[18.033242,59.143169,0.0],[18.033255,59.143162,0.0],[18.033264,59.143154,0.0],[18.033281,59.143144,0.0],[18.033341,59.143176,0.0],[18.033454,59.143209,0.0],[18.033631,59.143257,0.0],[18.033684,59.143305,0.0],[18.033844,59.14339,0.0],[18.034056,59.143443,0.0],[18.034128,59.143433,0.0],[18.034216,59.143446,0.0],[18.034358,59.143456,0.0],[18.034472,59.1435,0.0],[18.034589,59.143548,0.0],[18.034657,59.143576,0.0],[18.034718,59.143613,0.0],[18.034774,59.143659,0.0],[18.034829,59.143704,0.0],[18.034832,59.143717,0.0],[18.034885,59.143801,0.0],[18.03489,59.143831,0.0],[18.034969,59.143888,0.0],[18.035039,59.143888,0.0],[18.035022,59.143922,0.0],[18.035034,59.143961,0.0],[18.03505,59.143978,0.0],[18.035063,59.143985,0.0],[18.035102,59.144009,0.0],[18.035196,59.144075,0.0],[18.035186,59.144082,0.0],[18.035126,59.144127,0.0],[18.035155,59.144201,0.0],[18.035149,59.144215,0.0],[18.035078,59.144291,0.0],[18.035066,59.144324,0.0],[18.035092,59.144419,0.0],[18.035097,59.144443,0.0],[18.035099,59.144527,0.0],[18.035128,59.144612,0.0],[18.035197,59.144697,0.0],[18.035221,59.144763,0.0],[18.035222,59.144789,0.0],[18.035216,59.14489,0.0],[18.035276,59.144966,0.0],[18.035282,59.144974,0.0],[18.035285,59.145011,0.0],[18.035346,59.145077,0.0],[18.035363,59.145151,0.0],[18.035409,59.145194,0.0],[18.03545,59.145215,0.0],[18.035504,59.145274,0.0],[18.035582,59.145342,0.0],[18.035607,59.145385,0.0],[18.035684,59.145451,0.0],[18.035671,59.145501,0.0],[18.035603,59.145544,0.0],[18.035546,59.145599,0.0],[18.035495,59.145647,0.0],[18.035476,59.145705,0.0],[18.03546,59.145761,0.0],[18.035481,59.145832,0.0],[18.035546,59.145848,0.0],[18.035613,59.145875,0.0],[18.035722,59.145906,0.0],[18.035764,59.145926,0.0],[18.03585,59.146001,0.0],[18.035911,59.146044,0.0],[18.035983,59.146079,0.0],[18.036071,59.146124,0.0],[18.03615,59.146181,0.0],[18.036245,59.146248,0.0],[18.036305,59.146336,0.0],[18.036375,59.14642,0.0],[18.036425,59.146455,0.0],[18.036523,59.146493,0.0],[18.036603,59.146518,0.0],[18.036744,59.146569,0.0],[18.03679,59.146582,0.0],[18.036908,59.146606,0.0],[18.037014,59.146635,0.0],[18.037092,59.146642,0.0],[18.037158,59.146669,0.0],[18.037229,59.146712,0.0],[18.037263,59.146776,0.0],[18.037386,59.146849,0.0],[18.037483,59.146876,0.0],[18.037493,59.146886,0.0],[18.03758,59.146949,0.0],[18.037613,59.147007,0.0],[18.037662,59.147116,0.0],[18.03767,59.147148,0.0],[18.037751,59.147196,0.0],[18.037806,59.147226,0.0],[18.037899,59.147257,0.0],[18.03801,59.147287,0.0],[18.038072,59.147315999999996,0.0],[18.038198,59.147385,0.0],[18.038255,59.147427,0.0],[18.038349,59.147495,0.0],[18.038414,59.147574,0.0],[18.03847,59.147624,0.0],[18.038538,59.147703,0.0],[18.038552,59.147711,0.0],[18.038666,59.147764,0.0],[18.038691,59.147773,0.0],[18.038775,59.14782,0.0],[18.038849,59.14788,0.0],[18.038921,59.147939,0.0],[18.039036,59.148028,0.0],[18.039048,59.148035,0.0],[18.039165,59.148077,0.0],[18.039232,59.148096,0.0],[18.039287,59.148105,0.0],[18.039408,59.148125,0.0],[18.039527,59.148129,0.0],[18.039544,59.148139,0.0],[18.039576,59.148143,0.0],[18.039612,59.148155,0.0],[18.039653,59.148158,0.0],[18.039757,59.148186,0.0],[18.039876,59.148205,0.0],[18.040069,59.148248,0.0],[18.040188,59.148288,0.0],[18.040325,59.148327,0.0],[18.040374,59.148337,0.0],[18.040515,59.148389,0.0],[18.040693,59.148455,0.0],[18.040819,59.14852,0.0],[18.0409,59.148566,0.0],[18.041049,59.148602,0.0],[18.041147,59.148647,0.0],[18.041159,59.148663,0.0],[18.041176,59.148712,0.0],[18.041173,59.148719,0.0],[18.041122,59.148741,0.0],[18.041126,59.148795,0.0],[18.041135,59.148875,0.0],[18.041114,59.148921,0.0],[18.041073,59.148976,0.0],[18.041071,59.148994,0.0],[18.041108,59.148998,0.0],[18.041136,59.149057,0.0],[18.041129,59.149088,0.0],[18.041113,59.149135,0.0],[18.041081,59.149147,0.0],[18.041073,59.149154,0.0],[18.041098,59.149177,0.0],[18.0411,59.14925,0.0],[18.041102,59.149278,0.0],[18.041046,59.149409,0.0],[18.041012,59.149506,0.0],[18.041026,59.149575,0.0],[18.041004,59.149612,0.0],[18.040956,59.149626,0.0],[18.040915,59.149675,0.0],[18.040922,59.1497,0.0],[18.040896,59.149787,0.0],[18.040918,59.149869,0.0],[18.040924,59.149908,0.0],[18.040834,59.149941,0.0],[18.040829,59.149943,0.0],[18.040818,59.149944,0.0],[18.040754,59.149989,0.0],[18.040712,59.150019,0.0],[18.040648,59.150041,0.0],[18.040566,59.150057,0.0],[18.040334,59.150061,0.0],[18.040087,59.15005,0.0],[18.039777,59.150063,0.0],[18.039548,59.150081,0.0],[18.039332,59.150111,0.0],[18.039194,59.150168,0.0],[18.039065,59.150231,0.0],[18.039032,59.150237,0.0],[18.03883,59.150296,0.0],[18.038727,59.15035,0.0],[18.038643,59.150411,0.0],[18.038606,59.150434,0.0],[18.0385,59.150444,0.0],[18.038453,59.150459,0.0],[18.038434,59.150514,0.0],[18.038413,59.150622,0.0],[18.038432,59.150724,0.0],[18.038345,59.150791,0.0],[18.038255,59.150888,0.0],[18.038124,59.151,0.0],[18.038032,59.151103,0.0],[18.037922,59.151192,0.0],[18.03781,59.15131,0.0],[18.037768,59.151382,0.0],[18.037715,59.151454,0.0],[18.037681,59.151529,0.0],[18.037682,59.151545,0.0],[18.037642,59.151608,0.0],[18.037646,59.151638,0.0],[18.037626,59.15167,0.0],[18.037607,59.151701,0.0],[18.03759,59.15171,0.0],[18.037578,59.151791,0.0],[18.037542,59.151869,0.0],[18.037398,59.151912,0.0],[18.037364,59.151933,0.0],[18.03727,59.151981,0.0],[18.03709,59.152014,0.0],[18.036915,59.15203,0.0],[18.036809,59.152047,0.0],[18.036756,59.152052,0.0],[18.036667,59.152071,0.0],[18.036519,59.152123,0.0],[18.03642,59.152185,0.0],[18.036271,59.152205,0.0],[18.036167,59.152233,0.0],[18.036113,59.152236,0.0],[18.036038,59.152213,0.0],[18.035968,59.152168,0.0],[18.035939,59.152143,0.0],[18.035903,59.152114,0.0],[18.03589,59.152097,0.0],[18.035717000000002,59.152024,0.0],[18.035614,59.151983,0.0],[18.03548,59.151937,0.0],[18.035462,59.151931,0.0],[18.035352,59.151904,0.0],[18.035307,59.151888,0.0],[18.035248,59.151875,0.0],[18.035114,59.15178,0.0],[18.035076,59.151748,0.0],[18.035028,59.151714,0.0],[18.034911,59.151662,0.0],[18.034745,59.151626,0.0],[18.034603,59.151587,0.0],[18.034563,59.151576,0.0],[18.034419,59.151527,0.0],[18.034283,59.151505,0.0],[18.034123,59.151466,0.0],[18.034016,59.151469,0.0],[18.0338,59.151485,0.0],[18.0336,59.151493,0.0],[18.033525,59.151483,0.0],[18.033319,59.151471,0.0],[18.033294,59.151464,0.0],[18.033149,59.151454,0.0],[18.033048,59.15143,0.0],[18.032988,59.151415,0.0],[18.032909,59.151407,0.0],[18.032767,59.151434,0.0],[18.032713,59.15144,0.0],[18.032501,59.151419,0.0],[18.032313,59.151424,0.0],[18.032288,59.151417,0.0],[18.032216,59.151405,0.0],[18.032003,59.151406,0.0],[18.031882,59.151424,0.0],[18.031763,59.151457,0.0],[18.031604,59.151535,0.0],[18.031576,59.151549,0.0],[18.031522,59.151566,0.0],[18.031452,59.151601,0.0],[18.031364,59.151617,0.0],[18.031342,59.15162,0.0],[18.031348,59.151631,0.0],[18.031367,59.151636,0.0],[18.031371,59.151652,0.0],[18.031353,59.151673,0.0],[18.031339,59.151688,0.0],[18.031311,59.151716,0.0],[18.031201,59.151739,0.0],[18.031027,59.15177,0.0],[18.030909,59.151796,0.0],[18.030869,59.151812,0.0],[18.030807,59.151833,0.0],[18.030731,59.15186,0.0],[18.030681,59.151886,0.0],[18.030637,59.151926,0.0],[18.030637,59.151959,0.0],[18.03062,59.151979,0.0],[18.0306,59.152049,0.0],[18.030579,59.152121,0.0],[18.030475,59.152178,0.0],[18.030441,59.15221,0.0],[18.030343,59.152256,0.0],[18.030293,59.152329,0.0],[18.030258,59.152413,0.0],[18.030259,59.152448,0.0],[18.030293,59.152539,0.0],[18.030275,59.1526,0.0],[18.030184,59.152661,0.0],[18.030194,59.15271,0.0],[18.030172,59.152739,0.0],[18.030017,59.152813,0.0],[18.029872,59.152923,0.0],[18.029693,59.153042,0.0],[18.02952,59.153153,0.0],[18.029385,59.153242,0.0],[18.029228,59.153315,0.0],[18.029072,59.153405,0.0],[18.028881,59.153506,0.0],[18.028726,59.153658,0.0],[18.02858,59.153748,0.0],[18.028368,59.153844,0.0],[18.028186,59.154009,0.0],[18.027908,59.154156,0.0],[18.027808,59.154252,0.0],[18.027724,59.154352,0.0],[18.027584,59.154477,0.0],[18.027442,59.154609,0.0],[18.027345,59.15468,0.0],[18.027216,59.154747,0.0],[18.027008,59.154801,0.0],[18.026947,59.154823,0.0],[18.026843,59.154849,0.0],[18.026544,59.154911,0.0],[18.026423,59.154909,0.0],[18.026288,59.154918,0.0],[18.026079,59.15489,0.0],[18.025912,59.15489,0.0],[18.025535,59.15487,0.0],[18.025354,59.154856,0.0],[18.025325,59.154855,0.0],[18.024993,59.154808,0.0],[18.024783,59.154782,0.0],[18.024639,59.154746,0.0],[18.024413,59.154722,0.0],[18.024161,59.154675,0.0],[18.023839,59.154636000000004,0.0],[18.023647,59.15457,0.0],[18.023393,59.1545,0.0],[18.023171,59.154426,0.0],[18.023038,59.154357,0.0],[18.022949,59.154324,0.0],[18.022915,59.154278,0.0],[18.022901,59.154249,0.0],[18.022888,59.154238,0.0],[18.022837,59.154206,0.0],[18.022882,59.15413,0.0],[18.02319,59.153949,0.0]],"type":"LineString"},"id":"vandringsleder.1630","properties":{"andrad_datum":"2023-06-26T14:09:16.723","ansvarig":null,"namn":"Sameslingan","omrade":"Paradisets naturreservat","skapad_datum":null},"type":"Feature"}
 ,{"bbox":[17.981823,59.174006,17.993697,59.186347],"geometry":{"coordinates":[[17.993697,59.186347,0.0],[17.993166,59.185915,0.0],[17.992634,59.185463,0.0],[17.99226,59.185119,0.0],[17.992012,59.184866,0.0],[17.991833,59.184658,0.0],[17.991577,59.184365,0.0],[17.991133,59.18382,0.0],[17.990852,59.18351,0.0],[17.9907,59.183386,0.0],[17.990531,59.183278,0.0],[17.990426,59.183222,0.0],[17.989638,59.182866,0.0],[17.989431,59.182757,0.0],[17.989215,59.182665,0.0],[17.988852,59.182552,0.0],[17.988377,59.182423,0.0],[17.987969,59.18222,0.0],[17.987839,59.182165,0.0],[17.986863,59.181741,0.0],[17.98646,59.181556,0.0],[17.985857,59.181281,0.0],[17.985355,59.181054,0.0],[17.984871,59.180826,0.0],[17.984527,59.180661,0.0],[17.984307,59.180551,0.0],[17.984008,59.180413,0.0],[17.983411,59.180162,0.0],[17.983307,59.180108,0.0],[17.983011,59.179951,0.0],[17.982855,59.179884,0.0],[17.982437,59.179708,0.0],[17.982321,59.17966,0.0],[17.98225,59.179602,0.0],[17.982265,59.179549,0.0],[17.982368,59.179402,0.0],[17.982688,59.178986,0.0],[17.982984,59.178593,0.0],[17.983307,59.178326,0.0],[17.983424,59.178333,0.0],[17.983675,59.178292,0.0],[17.984074,59.178028,0.0],[17.984109,59.177674,0.0],[17.984146,59.177582,0.0],[17.983661,59.177193,0.0],[17.983503,59.177038,0.0],[17.983585,59.176982,0.0],[17.983777,59.17678,0.0],[17.983893,59.176618,0.0],[17.984096,59.176292,0.0],[17.984443,59.175424,0.0],[17.983933,59.174739,0.0],[17.983441,59.174602,0.0],[17.983027,59.174492,0.0],[17.982261,59.174279,0.0],[17.982025,59.174202,0.0],[17.981866,59.174107,0.0],[17.981823,59.174006,0.0]],"type":"LineString"},"id":"vandringsleder.1631","properties":{"andrad_datum":"2023-06-26T13:58:02.427","ansvarig":null,"namn":"Rovfågelleden","omrade":"Gladö Kvarnsjöns naturreservat","skapad_datum":null},"type":"Feature"}
 ,{"bbox":[18.172793,59.212881,18.175178,59.215996],"geometry":{"coordinates":[[18.172793,59.215996,0.0],[18.172882,59.21588,0.0],[18.172949,59.215791,0.0],[18.172999,59.215728,0.0],[18.173058,59.215667,0.0],[18.173087,59.215632,0.0],[18.173159,59.215593,0.0],[18.173212,59.215567,0.0],[18.173297,59.215526,0.0],[18.173354,59.215507,0.0],[18.17341,59.215491,0.0],[18.173536,59.215421,0.0],[18.173671,59.215315,0.0],[18.173876,59.215183,0.0],[18.17405,59.215032,0.0],[18.174582,59.214716,0.0],[18.174642,59.214689,0.0],[18.174716,59.21466,0.0],[18.174803,59.214621,0.0],[18.174835,59.214599,0.0],[18.174865,59.214563,0.0],[18.174902,59.214528,0.0],[18.174934,59.214492,0.0],[18.174964,59.21444,0.0],[18.174996,59.214407,0.0],[18.175052,59.214367,0.0],[18.175105,59.214332,0.0],[18.17517,59.214299,0.0],[18.175178,59.214282,0.0],[18.175176,59.214231,0.0],[18.175176,59.214195,0.0],[18.175176,59.214148,0.0],[18.175144,59.214103,0.0],[18.175119,59.214058,0.0],[18.175081,59.214013,0.0],[18.175047,59.21398,0.0],[18.175001,59.213947,0.0],[18.174977,59.213936,0.0],[18.17495,59.213921,0.0],[18.174946,59.213901,0.0],[18.174951,59.213841,0.0],[18.174931,59.213786,0.0],[18.174911,59.213753,0.0],[18.174865,59.213718,0.0],[18.174796,59.213681,0.0],[18.174736,59.213646,0.0],[18.174649,59.213604,0.0],[18.174594,59.213582,0.0],[18.174559,59.213556,0.0],[18.174534,59.213522,0.0],[18.174521,59.213485,0.0],[18.174529,59.213457,0.0],[18.174596,59.213337,0.0],[18.174598,59.213333,0.0],[18.17462,59.213288,0.0],[18.174664,59.213235,0.0],[18.17469,59.213211,0.0],[18.174713,59.213169,0.0],[18.174734,59.21313,0.0],[18.174763,59.213091,0.0],[18.174784,59.213038,0.0],[18.174804,59.212984,0.0],[18.174813,59.212924,0.0],[18.174868,59.212881,0.0]],"type":"LineString"},"id":"vandringsleder.1632","properties":{"andrad_datum":null,"ansvarig":null,"namn":"Vitnäsudd-Badudden","omrade":"Drevvikens naturreservat","skapad_datum":null},"type":"Feature"}
 ,{"bbox":[18.17102,59.216347,18.172343,59.21803],"geometry":{"coordinates":[[18.172343,59.216347,0.0],[18.172227,59.216429,0.0],[18.172116,59.216512,0.0],[18.172005,59.21661,0.0],[18.171925,59.216674,0.0],[18.17184,59.216773,0.0],[18.171697,59.216857,0.0],[18.171601,59.216922,0.0],[18.171492,59.217,0.0],[18.171366,59.217084,0.0],[18.17125,59.217147,0.0],[18.171161,59.217197,0.0],[18.171083,59.217254,0.0],[18.17102,59.217319,0.0],[18.171132,59.21803,0.0]],"type":"LineString"},"id":"vandringsleder.1633","properties":{"andrad_datum":null,"ansvarig":"161025-Tiilaa","namn":"Mörtviksbadet-Vitnäsudd","omrade":"Drevvikens naturreservat","skapad_datum":null},"type":"Feature"}
 ,{"bbox":[17.868117,59.266029,17.869969,59.26774],"geometry":{"coordinates":[[17.869563,59.266369,0.0],[17.869527,59.266388,0.0],[17.869421,59.266439,0.0],[17.869412,59.266446,0.0],[17.869416,59.266529,0.0],[17.869401,59.266611,0.0],[17.869311,59.266705,0.0],[17.869281,59.266776,0.0],[17.869293,59.266865,0.0],[17.869292,59.266935,0.0],[17.869266,59.267019,0.0],[17.869281,59.267086,0.0],[17.869347,59.267163,0.0],[17.869376,59.267286,0.0],[17.869429,59.267358,0.0],[17.869464,59.26739,0.0],[17.869612,59.267453,0.0],[17.869715,59.267529,0.0],[17.869894,59.267628,0.0],[17.869952,59.267679,0.0],[17.869969,59.267695,0.0],[17.869917,59.267711,0.0],[17.869833,59.267724,0.0],[17.869762,59.267734,0.0],[17.869711,59.26774,0.0],[17.869601,59.267738,0.0],[17.869479,59.26773,0.0],[17.869399,59.267694,0.0],[17.869301,59.267682,0.0],[17.869207,59.267674,0.0],[17.869036,59.267675,0.0],[17.868915,59.267691,0.0],[17.868762,59.267696,0.0],[17.868704,59.267697,0.0],[17.868641,59.2677,0.0],[17.868517,59.267699,0.0],[17.868462,59.267704,0.0],[17.86843,59.267704,0.0],[17.868343,59.267708,0.0],[17.868314,59.267692,0.0],[17.868262,59.267638,0.0],[17.868236,59.267585,0.0],[17.868268,59.267542,0.0],[17.868305,59.267457,0.0],[17.868316,59.267401,0.0],[17.868337,59.267347,0.0],[17.868308,59.267325,0.0],[17.868269,59.267281,0.0],[17.868161,59.267224,0.0],[17.868125,59.267175,0.0],[17.868133,59.26711,0.0],[17.868152,59.267048,0.0],[17.868206,59.266966,0.0],[17.868207,59.266891,0.0],[17.868224,59.266836,0.0],[17.868181,59.266799,0.0],[17.868164,59.266699,0.0],[17.868117,59.266616,0.0],[17.868135,59.266581,0.0],[17.868211,59.266559,0.0],[17.868248,59.266514,0.0],[17.868258,59.266485,0.0],[17.868317,59.266461,0.0],[17.868383,59.266429,0.0],[17.868407,59.266423,0.0],[17.868438,59.266399,0.0],[17.868498,59.266376,0.0],[17.868535,59.266304,0.0],[17.868553,59.266247,0.0],[17.868553,59.266239,0.0],[17.868548,59.266214,0.0],[17.868536,59.266187,0.0],[17.868573,59.266136,0.0],[17.868581,59.26608,0.0],[17.868582,59.266058,0.0],[17.86859,59.26604,0.0],[17.868601,59.266029,0.0],[17.868696,59.266042,0.0],[17.868758,59.266059,0.0],[17.868784,59.26607,0.0],[17.868791,59.266082,0.0],[17.86882,59.266097,0.0],[17.869033,59.266154,0.0],[17.869128,59.266157,0.0],[17.869186,59.266192,0.0],[17.869266,59.266252,0.0],[17.869383,59.266263,0.0],[17.86946,59.266265,0.0],[17.869546,59.266306,0.0],[17.869563,59.266369,0.0]],"type":"LineString"},"id":"vandringsleder.1634","properties":{"andrad_datum":"2023-06-26T13:57:04.167","ansvarig":null,"namn":"Äventyrsslingan","omrade":"Korpbergets biotopskyddsområde","skapad_datum":null},"type":"Feature"}
 ,{"bbox":[17.868602,59.265956,17.874184,59.268539],"geometry":{"coordinates":[[17.873442,59.26685,0.0],[17.87344,59.266955,0.0],[17.873434,59.267032,0.0],[17.873424,59.267113,0.0],[17.873479,59.267195,0.0],[17.87354,59.267298,0.0],[17.873612,59.267372,0.0],[17.87368,59.267427,0.0],[17.873692,59.267447,0.0],[17.873761,59.267527,0.0],[17.873816,59.267615,0.0],[17.873956,59.267693,0.0],[17.874072,59.267751,0.0],[17.87416,59.267824,0.0],[17.874177,59.267884,0.0],[17.874145,59.267995,0.0],[17.874184,59.268081,0.0],[17.874174,59.268092,0.0],[17.874153,59.268137,0.0],[17.874154,59.268177,0.0],[17.874124,59.268235,0.0],[17.87412,59.268271,0.0],[17.874089,59.268296,0.0],[17.874069,59.268342,0.0],[17.874113,59.268382,0.0],[17.874138,59.268447,0.0],[17.874081,59.268498,0.0],[17.874041,59.268537,0.0],[17.873966,59.268539,0.0],[17.873772,59.268481,0.0],[17.873666,59.268447,0.0],[17.873512,59.26841,0.0],[17.873268,59.26833,0.0],[17.873203,59.268314,0.0],[17.872928,59.268227,0.0],[17.872569,59.268146,0.0],[17.872195,59.268113,0.0],[17.872146,59.268104,0.0],[17.872032,59.2681,0.0],[17.871893,59.268092,0.0],[17.871723,59.268058,0.0],[17.871641,59.26802,0.0],[17.871498,59.267987,0.0],[17.871406,59.267899,0.0],[17.871469,59.267828,0.0],[17.871512,59.26778,0.0],[17.871418,59.267732,0.0],[17.871276,59.267708,0.0],[17.871146,59.267649,0.0],[17.871033,59.267549,0.0],[17.870976,59.267403,0.0],[17.870888,59.267245,0.0],[17.870765,59.267123,0.0],[17.870596,59.267122,0.0],[17.870582,59.267082,0.0],[17.870471,59.267036,0.0],[17.870448,59.26701,0.0],[17.870376,59.266949,0.0],[17.870253,59.266911,0.0],[17.870217,59.266885,0.0],[17.870159,59.266875,0.0],[17.869926,59.266766,0.0],[17.869896,59.266737,0.0],[17.869884,59.266696,0.0],[17.869865,59.266667,0.0],[17.869782,59.266637,0.0],[17.869701,59.266566,0.0],[17.86968,59.26648,0.0],[17.869598,59.266413,0.0],[17.869588,59.266367,0.0],[17.869566,59.2663,0.0],[17.86946,59.266254,0.0],[17.869388,59.266252,0.0],[17.869277,59.266242,0.0],[17.869208,59.266186,0.0],[17.86913,59.266144,0.0],[17.869036,59.26614,0.0],[17.868838,59.266091,0.0],[17.868815,59.266078,0.0],[17.868802,59.266065,0.0],[17.868772,59.26605,0.0],[17.868699,59.266031,0.0],[17.868602,59.266018,0.0],[17.868606,59.266014,0.0],[17.868643,59.266009,0.0],[17.868746,59.266008,0.0],[17.86882,59.266025,0.0],[17.868858,59.266052,0.0],[17.868853,59.266086,0.0],[17.868985,59.266081,0.0],[17.869055,59.266075,0.0],[17.869137,59.266116,0.0],[17.869243,59.266103,0.0],[17.869336,59.266119,0.0],[17.869416,59.266131,0.0],[17.869509,59.266144,0.0],[17.869572,59.266108,0.0],[17.869572,59.266084,0.0],[17.869598,59.266071,0.0],[17.869612,59.266029,0.0],[17.86964,59.266007,0.0],[17.869708,59.265994,0.0],[17.869736,59.265984,0.0],[17.869766,59.265985,0.0],[17.869806,59.265956,0.0],[17.869825,59.265959,0.0],[17.869852,59.26597,0.0],[17.86991,59.266,0.0],[17.870009,59.266042,0.0],[17.870095,59.266069,0.0],[17.870189,59.266076,0.0],[17.870288,59.266094,0.0],[17.870362,59.266113,0.0],[17.870491,59.266138,0.0],[17.870621,59.266158,0.0],[17.870681,59.266191,0.0],[17.870803,59.266227,0.0],[17.870901,59.266254,0.0],[17.87101,59.266303,0.0],[17.871111,59.266342,0.0],[17.871244,59.266373,0.0],[17.871321,59.26639,0.0],[17.871427,59.26642,0.0],[17.871512,59.266475,0.0],[17.871548,59.266494,0.0],[17.871623,59.266539,0.0],[17.871646,59.266557,0.0],[17.871727,59.266599,0.0],[17.871798,59.266679,0.0],[17.871841,59.266706,0.0],[17.871966,59.266822,0.0],[17.872037,59.266892,0.0],[17.872076,59.266933,0.0],[17.872107,59.266935,0.0],[17.872189,59.266925,0.0],[17.872479,59.266879,0.0],[17.872996,59.266775,0.0],[17.873357,59.266687,0.0],[17.873451,59.266731,0.0]],"type":"LineString"},"id":"vandringsleder.1635","properties":{"andrad_datum":"2023-06-26T14:03:16.003","ansvarig":null,"namn":"Vårdkaserundan","omrade":"Korpbergets biotopskyddsområde","skapad_datum":null},"type":"Feature"}
 ,{"bbox":[17.868602,59.148645,18.175152,59.271427],"geometry":{"coordinates":[[18.131339,59.228072],[18.131668,59.228556],[18.131406,59.228643],[18.130837,59.229512],[18.129541,59.230975],[18.129296,59.23091],[18.129234,59.230797],[18.129195,59.230782],[18.129219,59.230713],[18.129224,59.230631],[18.12918,59.230596],[18.129124,59.230583],[18.128779,59.230634],[18.128676,59.230659],[18.128676,59.230684],[18.128591,59.230737],[18.128467,59.230789],[18.128353,59.230857],[18.128235,59.230934],[18.128194,59.231068],[18.128221,59.23122],[18.128186,59.23126],[18.127845,59.23143],[18.127735,59.231523],[18.12756,59.231648],[18.127177,59.231829],[18.127036,59.231938],[18.126925,59.231993],[18.126705,59.232174],[18.126357,59.232345],[18.126231,59.232475],[18.126184,59.232527],[18.126184,59.232601],[18.126208,59.232635],[18.126297,59.232727],[18.126267,59.232797],[18.126213,59.232836],[18.12638,59.232913],[18.126689,59.232919],[18.126934,59.233008],[18.12694,59.233085],[18.12723,59.233169],[18.12718,59.233261],[18.127045,59.233409],[18.126577,59.233665],[18.126932,59.234133],[18.127355,59.23414],[18.127867,59.234163],[18.129479,59.234321],[18.130671,59.234445],[18.130993,59.234498],[18.131318,59.234559],[18.131474,59.234574],[18.131655,59.23457],[18.132002,59.234532],[18.1328,59.234433],[18.133332,59.23437],[18.133544,59.234365],[18.133966,59.234353],[18.135244,59.233983],[18.136545,59.233752],[18.13623,59.233539],[18.13578,59.233384],[18.136329,59.232948],[18.136504,59.232788],[18.136692,59.232783],[18.136978,59.232843],[18.137114,59.232769],[18.137472,59.232456],[18.137578,59.232363],[18.137774,59.232272],[18.137852,59.232248],[18.138277,59.231878],[18.138363,59.231875],[18.138595,59.231796],[18.138769,59.231781],[18.139546,59.231913],[18.13961,59.232019],[18.139711,59.23212],[18.140638,59.232643],[18.141452,59.232571],[18.141761,59.232592],[18.141941,59.232745],[18.142032,59.232958000000004],[18.141933,59.234262],[18.142304,59.234461],[18.14287,59.23484],[18.143198,59.235014],[18.143264,59.235033],[18.14335,59.23505],[18.143366,59.235059],[18.143394,59.235085],[18.143443,59.235096],[18.14357,59.235174],[18.143907,59.235625],[18.144064,59.235711],[18.143936,59.235933],[18.143994,59.236051],[18.144393,59.23647],[18.14471,59.237039],[18.144694,59.237103],[18.144788,59.237094],[18.145093,59.237032],[18.145264,59.237],[18.145451,59.236985],[18.145585,59.236957],[18.145933,59.236822],[18.146056,59.236836],[18.146138,59.236831],[18.146316,59.236779],[18.146388,59.236871],[18.146437,59.236968],[18.14643,59.236997],[18.146388,59.237068],[18.14634,59.237236],[18.146326,59.237253],[18.146247,59.237369],[18.146225,59.237427],[18.146241,59.237462],[18.14627,59.237476],[18.146365,59.237485],[18.146906,59.237563],[18.14729,59.237612],[18.147645,59.237639],[18.147719,59.237629],[18.147815,59.237607],[18.147866,59.237614],[18.147917,59.237606],[18.147958,59.237582],[18.148115,59.237556],[18.148493,59.237422],[18.148915,59.237262],[18.14925,59.237001],[18.14965,59.236949],[18.150276,59.23691],[18.150839,59.236777],[18.151432,59.236723],[18.152168,59.236542],[18.152508,59.236387],[18.152971,59.236333],[18.153561,59.236241],[18.15354,59.236039],[18.153668,59.235927],[18.15387,59.235901],[18.153983,59.235892],[18.154075,59.235896],[18.154168,59.235932],[18.154369,59.235756],[18.154478,59.235578],[18.154538,59.235517],[18.154568,59.235357],[18.154686,59.235284],[18.154956,59.235236],[18.155227,59.235038],[18.155318,59.234733],[18.155595,59.234623],[18.156041,59.234331],[18.156859,59.234602],[18.157475,59.234612],[18.157902,59.234361],[18.157942,59.234062],[18.15812,59.233818],[18.159188,59.233569],[18.159365,59.233553],[18.159629,59.233667],[18.159767,59.23369],[18.159858,59.233751],[18.160039,59.2338],[18.160123,59.233801],[18.160224,59.233852],[18.160301,59.233868],[18.160443,59.233876],[18.160459,59.233842],[18.16048,59.233815],[18.160562,59.233812],[18.160617,59.233834],[18.16068,59.233815],[18.160747,59.233768],[18.160791,59.23375],[18.160861,59.233638],[18.161094,59.233399],[18.161107,59.233377],[18.161135,59.233378],[18.161278,59.233415],[18.161418,59.233342],[18.161493,59.233319],[18.161561,59.233293],[18.161537,59.233282],[18.161568,59.233267],[18.161858,59.233196],[18.161954,59.233183],[18.162195,59.233181],[18.162554,59.233123],[18.162687,59.233439],[18.162939,59.233637],[18.163171,59.233743],[18.163534,59.233774],[18.163946,59.233719],[18.164235,59.233643],[18.164941,59.23331],[18.164864,59.23327],[18.164859,59.23319],[18.164957,59.232927],[18.165062,59.232508],[18.165279,59.232493],[18.165363,59.232558],[18.165546,59.232615],[18.165669,59.23268],[18.165875,59.232733],[18.165999,59.232748],[18.166242,59.232837],[18.166524,59.232901],[18.166693,59.232917],[18.16684,59.232952],[18.167037,59.232942],[18.167056,59.232882],[18.167193,59.232786],[18.167258,59.232679],[18.167162,59.232551],[18.167122,59.232415],[18.167141,59.232351],[18.167025,59.232222],[18.16698,59.232151],[18.166856,59.232023],[18.166715,59.231897],[18.166555,59.231831],[18.166405,59.231739],[18.1664,59.231645],[18.166686,59.231499],[18.166771,59.231421],[18.166886,59.231314],[18.166902,59.231273],[18.166975,59.231208],[18.166985,59.231111],[18.166837,59.231003],[18.166774,59.230952],[18.166809,59.23081],[18.166797,59.230719],[18.166767,59.230668],[18.166792,59.230606],[18.166845,59.230567],[18.166877,59.23052],[18.166838,59.230471],[18.166637,59.230344],[18.166583,59.230311],[18.166568,59.230203],[18.166607,59.230137],[18.166649,59.230096],[18.166666,59.230048],[18.166596,59.229899],[18.166618,59.229793],[18.166617,59.229708],[18.166585,59.229653],[18.16656,59.229591],[18.16657,59.229533],[18.16654,59.22947],[18.16652,59.229324],[18.166467,59.229256],[18.166391,59.229193],[18.166314,59.229145],[18.166245,59.229087],[18.16614,59.229015],[18.16605,59.228978],[18.16596,59.228896],[18.165838,59.228865],[18.165802,59.228836],[18.165779,59.228795],[18.165742,59.228759],[18.165593,59.228532],[18.165503,59.228485],[18.165396,59.228447],[18.165298,59.228385],[18.165224,59.228364],[18.16516,59.228325],[18.165137,59.22827],[18.165084,59.22822],[18.165053,59.228171],[18.165057,59.228115],[18.165106,59.22804],[18.165142,59.227963],[18.165137,59.227892],[18.165153,59.227839],[18.165139,59.227756],[18.165159,59.227627],[18.165973,59.227422],[18.166047,59.227404],[18.166096,59.227325],[18.166087,59.227284],[18.166203,59.227244],[18.166323,59.227185],[18.166449,59.22714],[18.167473,59.226938],[18.167586,59.226898],[18.16767,59.226879],[18.167801,59.226861],[18.1679,59.226835],[18.167961,59.226792],[18.167972,59.226751],[18.16814,59.226606],[18.168153,59.226567],[18.168132,59.226531],[18.168144,59.226485],[18.168359,59.226379],[18.168465,59.226336],[18.16879,59.226233],[18.168947,59.226163],[18.169057,59.226105],[18.169159,59.226064],[18.169321,59.226014],[18.169513,59.225975],[18.169756,59.225874],[18.169933,59.225787],[18.170003,59.22577],[18.170068,59.225717],[18.170044999999998,59.225651],[18.16997,59.225508],[18.170005,59.22537],[18.170166,59.22515],[18.170264,59.225078],[18.170353,59.224927],[18.170368,59.224847],[18.170482,59.224704],[18.170589,59.224625],[18.170681,59.224589],[18.170738,59.224553],[18.170775,59.2245],[18.170765,59.224451],[18.170768,59.224411],[18.170835,59.224336],[18.170839,59.224295],[18.170879,59.224267],[18.171029,59.224219],[18.171127,59.224173],[18.171407,59.224152],[18.171732,59.22411],[18.171796,59.224108],[18.171889,59.224036],[18.171978,59.223989],[18.17204,59.223947],[18.172085,59.22393],[18.172145,59.223874],[18.172301,59.223686],[18.172307,59.223663],[18.172351,59.223634],[18.172313,59.223556],[18.172317,59.223515],[18.172337,59.223427],[18.1724,59.223387],[18.172467,59.223361],[18.172505,59.223334],[18.172566,59.223322],[18.172654,59.223284],[18.172668,59.223239],[18.172774,59.223167],[18.172876,59.223081],[18.172796,59.223021],[18.172736,59.222946],[18.172709,59.222876],[18.172707,59.222839],[18.172696,59.222803999999996],[18.172743,59.222722],[18.172782,59.222695],[18.172804,59.222642],[18.172806,59.222588],[18.172764,59.222537],[18.172735,59.222484],[18.172735,59.22247],[18.172667,59.222421],[18.172647,59.222372],[18.172562,59.222277],[18.172567,59.222234],[18.172507,59.222197],[18.172498,59.222126],[18.172415,59.222058],[18.172397,59.222016],[18.172345,59.221992],[18.172333,59.221974],[18.172243,59.221943],[18.172164,59.221926],[18.172031,59.221852],[18.172019,59.221803],[18.172062,59.221763],[18.172036,59.221713],[18.17191,59.221582],[18.171844,59.221577],[18.171725,59.221512],[18.171589,59.221452],[18.17143,59.221412],[18.171319,59.221371],[18.171272,59.221535],[18.17119,59.221574],[18.17102,59.221635],[18.1709,59.221769],[18.170825,59.221884],[18.170812,59.221935],[18.170849,59.222083],[18.170871,59.222125],[18.170972,59.222209],[18.171015,59.222274],[18.171063,59.222339],[18.171053,59.222394],[18.171011,59.222462],[18.170936,59.222521],[18.170866,59.222545],[18.170791,59.222558],[18.170698,59.222564],[18.170627,59.222542],[18.17049,59.222556],[18.170357,59.222592],[18.170331,59.222663],[18.170277,59.222716],[18.1702,59.222752],[18.170124,59.222765],[18.170019,59.22276],[18.16989,59.222723],[18.169811,59.222734],[18.169772,59.222751],[18.169745,59.222785],[18.169628,59.222845],[18.169495,59.222963],[18.169424,59.222995],[18.169294,59.223019],[18.16922,59.223151],[18.169222,59.223192],[18.169171,59.223169],[18.169071,59.223174],[18.168945,59.223159],[18.168864,59.223185],[18.168727,59.223195],[18.16863,59.223242],[18.168483,59.223255],[18.168377,59.223292],[18.168316,59.223301],[18.168002,59.223279],[18.16791,59.223265],[18.167871,59.223215],[18.167753,59.223106],[18.167609,59.222948],[18.167531,59.222884],[18.167481,59.222812],[18.167295,59.222616],[18.167344,59.222421],[18.16758,59.222107],[18.167611,59.222067],[18.167643,59.221987],[18.167601,59.221923],[18.167522,59.221858],[18.167417,59.221814],[18.167257,59.221796],[18.167111,59.2218],[18.166984,59.221833],[18.16685,59.221878],[18.166465,59.22207],[18.16639,59.221939],[18.166198,59.221836],[18.165952,59.221732],[18.165607,59.22153],[18.165549,59.221448],[18.165429,59.22103],[18.165356,59.220941],[18.165175,59.22083],[18.164861,59.220694],[18.164763,59.220664],[18.164672,59.220518],[18.164632,59.220398],[18.16481,59.220173],[18.164949,59.219981],[18.165012,59.219675],[18.165149,59.219401],[18.16547,59.219126],[18.165556,59.219018],[18.165646,59.218972],[18.166865,59.218764],[18.167208,59.218674],[18.16739,59.218656],[18.167665,59.218685],[18.167766,59.218686],[18.16786,59.218671],[18.16796,59.218623],[18.168065,59.218506],[18.168206,59.21841],[18.169273,59.218001],[18.169484,59.218065],[18.169922,59.218122],[18.170093,59.218185],[18.170278,59.218114],[18.170413,59.218024],[18.170638,59.217867],[18.170634,59.217744],[18.170836,59.21745],[18.171152,59.217202],[18.17175,59.216821],[18.172299,59.216369],[18.172792,59.215999],[18.173037,59.215649],[18.173078,59.215625],[18.173172,59.215561],[18.173452,59.21544],[18.173644,59.215305],[18.173974,59.215198],[18.174053,59.215003],[18.174566,59.214701],[18.174772,59.214618],[18.1749,59.214496],[18.17497,59.214392],[18.175148,59.214285],[18.175152,59.214153],[18.175099,59.214047],[18.17493,59.213908],[18.17491,59.213776],[18.174839,59.213701],[18.174569,59.213571],[18.174519,59.213495],[18.174619,59.21327],[18.174694,59.213206],[18.174789,59.213032],[18.174794,59.21291],[18.174705,59.212885],[18.174548,59.212686],[18.174286,59.212483],[18.174147,59.212454],[18.173869,59.212404],[18.173551,59.212371],[18.173231,59.212365],[18.173083,59.212285],[18.172818,59.211986],[18.172715,59.211934],[18.172448,59.211826],[18.172091,59.21153],[18.171965,59.21147],[18.171439,59.211273],[18.170842,59.211176],[18.17023,59.211081],[18.169701,59.210906],[18.169256,59.210778],[18.168343,59.210639],[18.167611,59.210405],[18.167371,59.210329],[18.166971,59.21025],[18.166394,59.210143],[18.165384,59.2101],[18.165062,59.210091],[18.164686,59.210112],[18.164078,59.210143],[18.16356,59.210135],[18.162768,59.210124],[18.162055,59.210245],[18.161335,59.210459],[18.161032,59.210534],[18.159843,59.210686],[18.159757,59.210699],[18.159408,59.210761],[18.159248,59.210811],[18.159108,59.210885],[18.159041,59.210935],[18.158986,59.210973],[18.158894,59.211021],[18.158751,59.211064],[18.158485,59.211116],[18.157429,59.21126],[18.157067,59.211269],[18.156758,59.211299],[18.154786,59.21166],[18.153838,59.211842],[18.15353,59.211898],[18.153414,59.211911],[18.153321,59.211919],[18.153145,59.211919],[18.153039,59.211898],[18.151648,59.211679],[18.151372,59.211651],[18.151203,59.211654],[18.151008,59.21169],[18.150367,59.21186],[18.149798,59.212086],[18.149458,59.212247],[18.14906,59.212531],[18.148786,59.212749],[18.148524,59.212578],[18.148351,59.212417],[18.148216,59.21216],[18.148028,59.212107],[18.147651,59.212045],[18.14748,59.212032],[18.147198,59.212042],[18.14714,59.211823],[18.146978,59.211836],[18.147,59.211925],[18.146941,59.211976],[18.146225,59.21198],[18.145679,59.212016],[18.144909,59.212128],[18.144314,59.212344],[18.143364,59.212585],[18.143141,59.212681],[18.142901,59.212845],[18.142526,59.213063],[18.142409,59.213098],[18.141652,59.213075],[18.141226,59.21313],[18.140638,59.213305],[18.139667,59.213493],[18.139306,59.21358],[18.138842,59.213736],[18.138566,59.213864],[18.138077,59.21411],[18.137403,59.214445],[18.1368,59.214611],[18.135956,59.214827],[18.135236,59.215003],[18.13349,59.215471],[18.133101,59.215715],[18.132898,59.215924],[18.132653,59.216335],[18.132456,59.21654],[18.132142,59.216737],[18.131415,59.217245],[18.130825,59.217733],[18.13077,59.21785],[18.131077,59.218162],[18.13115,59.218307],[18.131137,59.218642],[18.131122,59.21894],[18.131125,59.219351],[18.131267,59.219612],[18.131204,59.219738],[18.131045,59.219845],[18.13049,59.220068],[18.129948,59.220042],[18.12965,59.220039],[18.129343,59.220118],[18.129183,59.220205],[18.129024,59.220301],[18.128861,59.220387],[18.128721,59.220447],[18.128539,59.220495],[18.128184,59.220538],[18.127967,59.220548],[18.127776,59.220534],[18.127312,59.220491],[18.126918,59.220485],[18.12677,59.220646],[18.126693,59.220692],[18.126349,59.2208],[18.126307,59.220864],[18.126248,59.221061],[18.126206,59.221218],[18.126061,59.221349],[18.125916,59.221412],[18.125714,59.221449],[18.125448,59.221487],[18.125176,59.221527],[18.124925,59.221542],[18.124654,59.221573],[18.124381,59.221638],[18.124188,59.221695],[18.124029,59.221708],[18.123861,59.221727],[18.123497,59.221751],[18.12269,59.221842],[18.122024,59.22193],[18.12188,59.221975],[18.121633,59.222116],[18.121395,59.22222],[18.120638,59.222302],[18.119997,59.222355],[18.119969,59.222436],[18.119966,59.222565],[18.119898,59.222668],[18.11977,59.222745],[18.119509,59.22274],[18.119263,59.222733],[18.119201,59.222795],[18.118841,59.223],[18.118761,59.223141],[18.118876,59.223242],[18.11909,59.223319],[18.118956,59.223415],[18.118646,59.22368],[18.11825,59.223905],[18.11795,59.224001],[18.11634,59.224119],[18.115733,59.224187],[18.115165,59.224284],[18.114559,59.224275],[18.113213,59.224214],[18.112782,59.224181],[18.112066,59.224033],[18.111584,59.224412],[18.111134,59.224598],[18.110611,59.2248],[18.11003,59.224962],[18.109508,59.225019],[18.108809,59.225016],[18.107883,59.225036],[18.107894,59.225064],[18.107871,59.225106],[18.107801,59.225157],[18.107729,59.225188],[18.107626,59.22521],[18.107539,59.225213],[18.107248,59.225242],[18.107055,59.225272],[18.106731,59.225364],[18.106514,59.22548],[18.106277,59.225608],[18.106127999999998,59.225643],[18.105725,59.225609],[18.105596,59.225588],[18.105501,59.225585],[18.105371,59.225608],[18.104842,59.225651],[18.10465,59.225639],[18.104551,59.2256],[18.10448,59.22554],[18.10444,59.225487],[18.104332,59.225397],[18.10428,59.22533],[18.104214,59.225276],[18.104192,59.225245],[18.104115,59.22522],[18.104093,59.225206],[18.104098,59.225183],[18.10407,59.225076],[18.104103,59.224833],[18.104064,59.22478],[18.104042,59.224709],[18.104041,59.224625],[18.104112,59.224478],[18.104162,59.224399],[18.104146,59.224334],[18.104145,59.224232],[18.104091,59.224152],[18.104056,59.224106],[18.103874,59.223908],[18.103813,59.223812],[18.103802,59.223736],[18.103851,59.223705],[18.103984,59.223657],[18.104517,59.223541],[18.104885,59.223442],[18.10505,59.223363],[18.105106,59.223303],[18.10515,59.223189],[18.105137,59.222926],[18.105114,59.222827],[18.105032,59.222754],[18.104888,59.222689],[18.104459,59.222551],[18.104145,59.222436],[18.103924,59.222323],[18.103805,59.222169],[18.103711,59.222033],[18.103637,59.221892],[18.103622,59.221781],[18.103654,59.221648],[18.103577,59.221598],[18.103532,59.221574],[18.103539,59.221432],[18.103498,59.221273],[18.103398,59.221218],[18.103281,59.221162],[18.103126,59.221083],[18.102977,59.221029],[18.102858,59.221026],[18.102665,59.221041],[18.10244,59.221031],[18.10222,59.221003],[18.102027,59.220888],[18.101783,59.220713],[18.101533,59.220592],[18.101259,59.220465],[18.101093,59.2204],[18.100938,59.220313],[18.100854000000002,59.22022],[18.100883,59.220094],[18.100948,59.219978],[18.101086,59.219896],[18.10136,59.219789],[18.101674,59.219678],[18.101778,59.219584],[18.1018,59.219492],[18.101652,59.219228],[18.101613,59.219129],[18.101417,59.218755],[18.101386,59.218478],[18.101483,59.218272],[18.101479,59.218011],[18.101574,59.217815],[18.10166,59.217677],[18.101786,59.217166],[18.10172,59.216993],[18.101617,59.21686],[18.101429,59.216688],[18.101062,59.216371],[18.100883,59.21611],[18.100835,59.215714],[18.100892,59.215557],[18.101024,59.215382],[18.101127,59.215318],[18.101456,59.21519],[18.101705,59.215089],[18.101999,59.214882],[18.102119,59.214829],[18.102264,59.214709],[18.102686,59.214543],[18.102797,59.214393],[18.102975,59.214143],[18.103045,59.214072],[18.103042,59.214001],[18.103205,59.213909],[18.103264,59.213759],[18.103307,59.213695],[18.103275,59.213525],[18.103088,59.213457],[18.102917,59.213354],[18.102759,59.213195],[18.102702,59.213069],[18.102697,59.212944],[18.102692,59.212781],[18.10266,59.212592],[18.10271,59.212401],[18.102687,59.212251],[18.102633,59.21195],[18.102736,59.211797],[18.102826,59.211733],[18.102881,59.21163],[18.102919,59.211586],[18.103111,59.211491],[18.103218,59.21145],[18.103273,59.211419],[18.10335,59.211405],[18.103462,59.211345],[18.103503,59.211283],[18.103637,59.211187],[18.103718,59.211118],[18.103741,59.211034],[18.103767,59.210993],[18.103778,59.210974],[18.103807,59.210922],[18.103786,59.210904],[18.103724,59.210874],[18.103716,59.210811],[18.103817,59.210729],[18.103824,59.210658],[18.103788,59.210546],[18.103869,59.210398],[18.103944,59.210356],[18.104076,59.210256],[18.104123,59.210244],[18.104186,59.210158],[18.104166,59.2101],[18.104226,59.210041],[18.104219,59.20997],[18.104329,59.209809],[18.104332,59.209767],[18.104569,59.20954],[18.1046,59.209521],[18.104735,59.209399],[18.104807,59.209311],[18.104924,59.209242],[18.105025,59.2092],[18.105139,59.209138],[18.105302,59.209108],[18.105428,59.209048],[18.105753,59.208941],[18.105828,59.208906],[18.105807,59.208873],[18.105858,59.208852],[18.105895,59.208821],[18.105908,59.208752],[18.105905,59.208643],[18.10603,59.208552],[18.106091,59.20847],[18.106135,59.208295],[18.106092,59.208148],[18.106163,59.208029],[18.106275,59.207925],[18.106377,59.207854],[18.106442,59.207789],[18.106479,59.207735],[18.106513,59.207659],[18.106528,59.207626],[18.106568,59.207581],[18.106699,59.207538],[18.106743,59.207528],[18.106978,59.207404],[18.107342,59.207238],[18.10756,59.207178999999996],[18.107856,59.207036],[18.107962,59.206959],[18.108074,59.206911],[18.108159,59.206808],[18.108167,59.20678],[18.108264,59.206713],[18.108355,59.206613],[18.10852,59.2065],[18.108714,59.206392],[18.108715,59.206367],[18.10889,59.206236],[18.109048,59.206087],[18.109084,59.205993],[18.109003,59.205913],[18.108965,59.20583],[18.1089,59.205747],[18.108904,59.205708],[18.10893,59.205643],[18.108875,59.205587],[18.108736,59.205511],[18.108645,59.205415],[18.108615,59.205308],[18.108691,59.205186],[18.108698,59.205064],[18.108874,59.204919],[18.108918,59.204794],[18.109023,59.20473],[18.109088,59.204673],[18.109216,59.204579],[18.109229,59.204557],[18.109324,59.20447],[18.109508,59.204343],[18.109589,59.204298],[18.109823,59.204223],[18.109927,59.204093],[18.110152,59.203952],[18.11049,59.203769],[18.110686,59.203622],[18.110881,59.203525],[18.11106,59.203417],[18.111362,59.203163],[18.111505,59.2031],[18.111557,59.203022],[18.111502,59.202852],[18.111399,59.202746],[18.111085,59.202732],[18.111029,59.202738],[18.110866,59.202747],[18.110805,59.202748],[18.110697,59.202746],[18.110644,59.202747],[18.110584,59.202744],[18.110443,59.202741],[18.110405,59.202744],[18.110317,59.202743],[18.109565,59.202698],[18.109481,59.202697],[18.109381,59.202676],[18.109298,59.202665],[18.109264,59.202656],[18.109221,59.202647],[18.109116,59.202631],[18.109065,59.202629],[18.109021,59.202615],[18.108984,59.202612],[18.108888,59.202592],[18.108749,59.20256],[18.108631,59.202528],[18.10855,59.202521],[18.108477,59.202498],[18.108403,59.202481],[18.10836,59.202462],[18.108318,59.202457],[18.108274,59.202457],[18.108233,59.202447],[18.108192,59.202433],[18.10816,59.202425],[18.108142,59.202415],[18.107654,59.202279],[18.107546,59.202249],[18.107493,59.202235],[18.107462,59.202223],[18.10743,59.202221],[18.10737,59.202201],[18.107329,59.202193],[18.107303,59.202185],[18.107243,59.202176],[18.107221,59.202162],[18.106877,59.202127],[18.106708,59.202156],[18.106534,59.2022],[18.106429,59.202266],[18.106375,59.20231],[18.106348,59.202317],[18.105467,59.202381],[18.105351,59.202352],[18.105146,59.202316],[18.105094,59.202311],[18.104995,59.20229],[18.104907999999998,59.202269],[18.104772,59.202214],[18.104742,59.202217],[18.10462,59.202177],[18.104306,59.202022],[18.103901,59.201897],[18.103794,59.201888],[18.103711,59.201891],[18.103664,59.201885],[18.103613,59.201884],[18.103368,59.201857],[18.103325,59.201848],[18.103191,59.201851],[18.103132,59.201875],[18.103134,59.201906],[18.10319,59.201956],[18.102917,59.20243],[18.102913,59.202464],[18.102984,59.202514],[18.103167,59.202568],[18.103196,59.202633],[18.103195,59.2027],[18.103214,59.202782],[18.103164,59.202851],[18.103101,59.202911],[18.103055,59.202926],[18.102959,59.202918],[18.102616,59.202849],[18.102343,59.202824],[18.102246,59.202798],[18.101959,59.20276],[18.101686,59.202694],[18.101491,59.202663],[18.101208,59.202606],[18.101044,59.202583],[18.100859,59.202521],[18.100668,59.202442],[18.100487,59.202333],[18.100204,59.202241],[18.100124,59.202238],[18.099989,59.202219],[18.099796,59.202224],[18.099728,59.20224],[18.099651,59.202239],[18.099555,59.202227],[18.099532,59.202252],[18.099475,59.20224],[18.099483,59.202222],[18.099336,59.202119],[18.099089,59.202064],[18.098941,59.202049],[18.098841,59.20203],[18.098792,59.202015],[18.098765,59.201982],[18.098678,59.201945],[18.098598,59.201922],[18.098515,59.201904999999996],[18.098433,59.2019],[18.098294,59.20188],[18.098179,59.201852],[18.097902,59.201782],[18.097766,59.201729],[18.097616,59.201692],[18.097475,59.201644],[18.097435,59.201615],[18.097225,59.201498],[18.097118,59.201426],[18.096945,59.201298],[18.096869,59.201262],[18.096781,59.201185],[18.096717,59.20109],[18.096643,59.201035],[18.096511,59.200973],[18.096241,59.2008],[18.096105,59.200735],[18.096021,59.200709],[18.09592,59.200668],[18.095865,59.200659],[18.095775,59.20063],[18.095587,59.200555],[18.095392,59.200529],[18.095275,59.200518],[18.095146,59.20045],[18.094934,59.200358],[18.094815,59.200339],[18.094696,59.200313],[18.094556999999998,59.200262],[18.094322,59.20015],[18.094238,59.200082],[18.09412,59.20001],[18.09401,59.199984],[18.093925,59.19995],[18.093644,59.199749],[18.093225,59.199704],[18.092982,59.199679],[18.092838,59.199629],[18.092703,59.199543],[18.092633,59.199458],[18.092439,59.199375],[18.09244,59.199267],[18.092265,59.199161],[18.09194,59.199138],[18.091752,59.199143],[18.091537,59.199179],[18.09142,59.199175],[18.091316,59.199162],[18.091102,59.199052],[18.091007,59.199053],[18.090946,59.199039],[18.090838,59.198966],[18.090749,59.198882],[18.09069,59.198791],[18.090632,59.198728],[18.090555,59.198666],[18.090409,59.19858],[18.089907,59.198431],[18.089656,59.198423],[18.089443,59.198525],[18.089279,59.198553],[18.089073,59.198532],[18.089031,59.198505],[18.089057,59.198486],[18.089113,59.198185],[18.089098,59.198073],[18.088897,59.197948],[18.088685,59.197843],[18.0886,59.197769],[18.088576,59.197676],[18.088624,59.19759],[18.088842,59.197469],[18.088966,59.197365],[18.088974,59.19715],[18.089032,59.197099],[18.089086000000002,59.197069],[18.089116,59.196979],[18.089161,59.196928],[18.089174,59.196897],[18.089234,59.196853],[18.089386,59.196838],[18.089547,59.196779],[18.089747,59.196723],[18.089874,59.196597],[18.089836,59.196537],[18.089604,59.19646],[18.089356,59.19637],[18.089159,59.196255],[18.088953,59.196109],[18.088797,59.19602],[18.088782,59.195959],[18.0887,59.195875],[18.088522,59.195796],[18.088405,59.195767],[18.088224,59.195749],[18.088014,59.19569],[18.087895,59.195623],[18.087825,59.195559],[18.087632,59.195527],[18.087509,59.195499],[18.087324,59.195478],[18.086946,59.195474],[18.086751,59.195462],[18.086512,59.195406],[18.086304,59.195332],[18.085913,59.195151],[18.08582,59.19512],[18.085685,59.19503],[18.085535,59.194916],[18.085397,59.194839],[18.085328,59.194791],[18.085278,59.19474],[18.085171,59.194702],[18.085112,59.194685],[18.085034,59.194658],[18.084966,59.19464],[18.084837,59.194636],[18.084793,59.194623],[18.084745,59.194591],[18.084643,59.194564],[18.084524,59.194558],[18.084479,59.194545],[18.084384,59.194514],[18.084261,59.194466],[18.084092,59.19444],[18.083903,59.194425],[18.083645,59.194361],[18.083622,59.194319],[18.083536,59.194309],[18.083419,59.194313],[18.083293,59.194291],[18.083093,59.194278],[18.082869,59.194285],[18.082762,59.194272],[18.082621,59.194296],[18.082453,59.194263],[18.082371,59.194275],[18.08223,59.194245],[18.082026,59.194223],[18.081833,59.194166],[18.081705,59.194141],[18.081682,59.194079],[18.081596,59.194044],[18.081499,59.194044],[18.081258,59.193953],[18.081079,59.193945],[18.080996,59.193954],[18.080884,59.194009],[18.080785,59.194036],[18.080699,59.194018],[18.080585,59.193913],[18.080446,59.193846],[18.080228,59.19378],[18.080095,59.193713],[18.079821,59.193626],[18.079519,59.193499],[18.079346,59.193444],[18.079174,59.193361],[18.079024,59.193316],[18.078955,59.193309],[18.078811,59.193252],[18.078609,59.193203],[18.078458,59.19314],[18.078259,59.193095],[18.078196,59.193089],[18.078023,59.193052],[18.077864,59.193032],[18.077821,59.192969],[18.077738,59.192922],[18.077716,59.192872],[18.077613,59.192836],[18.07746,59.192814],[18.077216,59.192829],[18.077027,59.192908],[18.076901,59.19294],[18.076666,59.192912],[18.076493,59.192876],[18.076253,59.19278],[18.075826,59.192715],[18.075633,59.192657],[18.0755,59.192626],[18.075276,59.192482],[18.075104,59.192292],[18.075011,59.192273],[18.0749,59.192204],[18.07476,59.19213],[18.074632,59.19211],[18.074531,59.192076],[18.074522,59.192042],[18.074579,59.192007],[18.074687,59.191978],[18.074811,59.191927],[18.074972,59.191773],[18.075053,59.191714],[18.075173,59.191664],[18.075639,59.191625],[18.075891,59.191616],[18.075988,59.191576],[18.076178,59.191539],[18.076345,59.191485],[18.076414,59.191447],[18.076465,59.191362],[18.076461,59.191309],[18.076426,59.191256],[18.076429,59.191225],[18.076507,59.19119],[18.07653,59.190938],[18.07648,59.19067],[18.076447,59.19062],[18.076213,59.190516],[18.076149,59.190466],[18.076094,59.190389],[18.075954,59.190286],[18.075719,59.190189],[18.075604,59.190146],[18.075217,59.190064],[18.074595,59.189971],[18.074326,59.189979],[18.074112,59.189969],[18.073977,59.189957],[18.073697,59.189921],[18.073535,59.189915],[18.073467,59.1899],[18.073404,59.189894],[18.073244,59.189905],[18.072992,59.189895],[18.072775,59.189901],[18.072628,59.189867],[18.072416,59.189799],[18.072172,59.189737],[18.072011,59.189678],[18.071576,59.189396],[18.071445,59.189319],[18.071363,59.189247],[18.071299,59.189215],[18.071088,59.189066],[18.070926,59.188984],[18.07081,59.188944],[18.070623,59.188798],[18.070589,59.188763],[18.070555,59.188708],[18.070441,59.188677],[18.070182,59.188426],[18.070093,59.188364],[18.069906,59.188243],[18.069879,59.188185],[18.069862,59.188029],[18.069973,59.187608],[18.069869,59.187258],[18.06972,59.186972],[18.069465,59.186326],[18.069237,59.186072],[18.06857,59.185648],[18.068242,59.185362],[18.067979,59.185107],[18.067817,59.184916],[18.067737,59.184593],[18.067798,59.184475],[18.067834,59.184343],[18.067901,59.184229],[18.068306,59.183862],[18.068387,59.183795],[18.068544,59.183694],[18.069648,59.183149],[18.070135,59.183002],[18.070487,59.182943],[18.070749,59.182917],[18.071022,59.182777],[18.071246,59.1826],[18.071313,59.182508],[18.071369,59.182235],[18.071491,59.181394],[18.071474,59.181274],[18.071657,59.181098],[18.07187,59.180847],[18.074364,59.177526],[18.074114,59.177474],[18.07402,59.177425],[18.073846,59.17738],[18.07367,59.177279],[18.073393,59.177127],[18.073062,59.177025],[18.072552,59.176819],[18.072633,59.176658],[18.072542,59.176498],[18.072437,59.176387],[18.072435,59.176272],[18.072441,59.176177],[18.072627,59.175852],[18.07282,59.175706],[18.072897,59.175544],[18.072989,59.175472],[18.073171,59.175429],[18.073257,59.175139],[18.073223,59.175002],[18.072977,59.174637],[18.072676,59.17434],[18.072221,59.174398],[18.071868,59.174414],[18.071828,59.174333],[18.071729,59.174182],[18.071646,59.174137],[18.071557,59.174027],[18.071539,59.173934],[18.071553,59.173692],[18.071435,59.173451],[18.071212,59.173278],[18.070979,59.173165],[18.070366,59.173037],[18.070224,59.172976],[18.070121,59.172871],[18.069957,59.172772],[18.068895,59.172492],[18.067859,59.172334],[18.067535,59.172347],[18.067438,59.172361],[18.067317,59.17235],[18.067199,59.172327],[18.066915,59.172335],[18.066558,59.172403],[18.066545,59.172357],[18.065875,59.172523],[18.065159,59.172692],[18.064264,59.172901],[18.062745,59.17325],[18.062469,59.173414],[18.062227,59.173268],[18.062051,59.173067],[18.060082,59.173453],[18.059882,59.173424],[18.059444,59.173018],[18.058696,59.172666],[18.058627,59.172606],[18.05854,59.172521],[18.058446,59.172371],[18.058434,59.172138],[18.058486,59.172024],[18.058655,59.171835],[18.059291,59.171308],[18.059606,59.171081],[18.060062,59.170791],[18.06019,59.170639],[18.060228,59.170503],[18.060213,59.170316],[18.059995,59.170134],[18.059728,59.169976],[18.059447,59.169848],[18.058353,59.16939],[18.057494,59.169032],[18.056844,59.168702],[18.055563,59.168293],[18.055383,59.168212],[18.054749,59.167748],[18.054568,59.167635],[18.054151,59.167496],[18.053637,59.167382],[18.053225,59.167282],[18.051858,59.166924],[18.05158,59.166866],[18.051088,59.166833],[18.050667,59.166761],[18.050456,59.166712],[18.050234,59.166676],[18.049959,59.16661],[18.04963,59.166517],[18.049314,59.166378],[18.048746,59.166143],[18.048381,59.165979],[18.048022,59.165821],[18.047585,59.165647],[18.047365,59.165577],[18.047144,59.165537],[18.047353,59.165396],[18.047686,59.165159],[18.048325,59.164764],[18.048454,59.16474],[18.048563,59.164764],[18.048604,59.164758],[18.048783,59.164735],[18.048896,59.164731],[18.048984,59.164729],[18.049049,59.164721],[18.049146,59.164731],[18.04932,59.164728],[18.049471,59.164713],[18.049657,59.164729],[18.049777,59.164709],[18.049943,59.164652],[18.05003,59.164591],[18.050325,59.164368],[18.050452,59.16424],[18.050623,59.164057],[18.050732,59.163983],[18.050995,59.163749],[18.051143,59.163652],[18.051203,59.163528],[18.051249,59.163485],[18.051157,59.163342],[18.05105,59.163226],[18.050921,59.163119],[18.050958,59.163032],[18.051169,59.162945],[18.051658,59.162733],[18.052221,59.16249],[18.052347,59.162448],[18.052525,59.162311],[18.052606,59.162187],[18.052694,59.162107],[18.053007,59.161873],[18.05305,59.161804],[18.053159,59.161736],[18.053364,59.161572],[18.05348,59.161506],[18.053546,59.161438],[18.053557,59.161398],[18.053774,59.161283],[18.053839,59.161176],[18.053923,59.16109],[18.054047,59.161009],[18.054048,59.160961],[18.054315,59.160794],[18.054548,59.160717],[18.054708,59.160524],[18.054802,59.160284],[18.054955,59.160056],[18.054892,59.159924],[18.054895,59.159832],[18.054967,59.159755],[18.055107,59.159685],[18.055321,59.159516],[18.055404,59.159319],[18.055464,59.159034],[18.055523,59.15893],[18.055615,59.158802],[18.055781,59.158627],[18.05591,59.158484],[18.056058,59.158363],[18.056159,59.15826],[18.056234,59.158147],[18.056364,59.157808],[18.056479,59.157559],[18.056664,59.157377],[18.056754,59.157309],[18.056827,59.157216],[18.056848,59.157065],[18.056943,59.156951],[18.056976,59.15688],[18.056979,59.156753],[18.056889,59.156628],[18.05671,59.156436],[18.056566,59.156353],[18.05646,59.156315],[18.056252,59.156165],[18.056116,59.15609],[18.055904,59.155918],[18.055591,59.155711],[18.055532,59.155684],[18.055352,59.155637],[18.055252,59.155627],[18.055143,59.155542],[18.0551,59.155434],[18.055102,59.155335],[18.054968,59.155142],[18.054644,59.154854],[18.054606,59.154758],[18.054478,59.154665],[18.054269,59.154522],[18.054149,59.154309],[18.053897,59.154027],[18.053697,59.15397],[18.053565,59.153871],[18.053467,59.153808],[18.053245,59.153631],[18.05318,59.153602],[18.053049,59.15344],[18.052996,59.153406],[18.052881,59.153384],[18.052818,59.153355],[18.052804,59.153282],[18.052824,59.153244],[18.052864,59.153202],[18.052843,59.153122],[18.05278,59.153017],[18.052656,59.152946],[18.052555,59.152879],[18.052462,59.152835],[18.052409,59.152801],[18.052285,59.152762],[18.052216,59.152664],[18.051935,59.152537],[18.051643,59.152374],[18.051493,59.152312],[18.051409,59.152203],[18.051362,59.152027],[18.051191,59.151832],[18.051051,59.151731],[18.050812,59.151528],[18.050671,59.151459],[18.050471,59.151303],[18.050344,59.15124],[18.05015,59.15119],[18.049958,59.151088],[18.049867,59.151],[18.049742,59.150824],[18.049649,59.150776],[18.049456,59.150571],[18.049377,59.150516],[18.049225,59.150432],[18.049151,59.150371],[18.049085,59.150283],[18.049063,59.150226],[18.049027,59.15012],[18.049028,59.150019],[18.048996,59.149924],[18.04895,59.149865],[18.048941,59.149783],[18.04897,59.149699],[18.049007,59.149641],[18.048931,59.14956],[18.048806,59.14943],[18.048455,59.149286],[18.047819,59.149172],[18.047366,59.149049],[18.047196,59.148972],[18.046981,59.148927],[18.046687,59.148849],[18.046547,59.148793],[18.046421,59.14877],[18.046271,59.148692],[18.046014,59.148645],[18.045748,59.148655],[18.045493,59.148707],[18.045346,59.148837],[18.045376,59.149028],[18.045445,59.149164],[18.045458,59.149206],[18.045526,59.149263],[18.045519,59.149303],[18.045536,59.149402],[18.045459,59.14947],[18.045314,59.149555],[18.045249,59.149577],[18.045185,59.149626],[18.045096,59.149648],[18.044836,59.149693],[18.044711,59.149848],[18.044728,59.149897],[18.044573,59.150021],[18.04448,59.150063],[18.044308,59.1501],[18.044022,59.15007],[18.043883,59.150044],[18.043533,59.15009],[18.043469,59.150118],[18.043394,59.150155],[18.043259,59.150219],[18.043015,59.150284],[18.042765,59.150273],[18.042563,59.15023],[18.042222,59.150159],[18.041996,59.150128],[18.041621,59.15013],[18.041185,59.150056],[18.040757,59.150032],[18.040483,59.149974],[18.040143,59.150024],[18.039568,59.14999],[18.039244,59.150054],[18.039109,59.150061],[18.038997,59.150102],[18.038472,59.150376],[18.038368,59.150456],[18.038316,59.150593],[18.038327,59.150681],[18.03813,59.150853],[18.03804,59.150923],[18.037995,59.15099],[18.037915,59.151035],[18.037864,59.151134],[18.037771,59.151191],[18.037719,59.151243],[18.03764,59.151363],[18.037563,59.15154],[18.037383,59.15178],[18.037372,59.151862],[18.0373,59.151898],[18.037203,59.151917],[18.037128,59.151912],[18.037064,59.151926],[18.036954,59.151974],[18.03681,59.152003],[18.036598,59.15203],[18.036466,59.152048],[18.036363,59.152087],[18.036255,59.152142],[18.036167,59.152172],[18.036014,59.152129],[18.035697,59.151975],[18.035494,59.151899],[18.035342,59.151845],[18.035202,59.151804],[18.03509,59.151735],[18.035025,59.15166],[18.034693,59.151597],[18.034617,59.151571],[18.034419,59.151527],[18.034277,59.151455],[18.034103,59.15141],[18.033732,59.151415],[18.033434,59.15146],[18.03306,59.151467],[18.032865,59.151427],[18.03278,59.151399],[18.03256,59.151384],[18.032271,59.151409],[18.032117,59.151407],[18.031914,59.151367],[18.031698,59.151407],[18.031519,59.151457],[18.031419,59.151523],[18.031338,59.151527],[18.030864,59.151709],[18.030587,59.151847],[18.030504,59.151901],[18.030441,59.15207],[18.03034,59.152162],[18.030241,59.152234],[18.030159,59.152382],[18.030176,59.152468],[18.030184,59.152569],[18.030149,59.15266],[18.029953,59.152801],[18.029793,59.152936],[18.029707,59.152968],[18.029464,59.153116],[18.029293,59.153215],[18.029153,59.15332],[18.028932,59.153404],[18.028841,59.153455],[18.028681,59.153497],[18.028531,59.153579],[18.027982,59.153933],[18.027787,59.154075],[18.027619,59.154285],[18.027585,59.154424],[18.027484,59.154795],[18.027032,59.154946],[18.027428,59.155153],[18.027516,59.15532],[18.027633,59.155519],[18.027672,59.1556],[18.027716,59.155689],[18.027667,59.155837],[18.027692,59.15598],[18.028016,59.156115],[18.02819,59.156257],[18.028241,59.156271],[18.028273,59.156326],[18.028314,59.156399],[18.028399,59.1565],[18.028435,59.156547],[18.028705,59.156711],[18.028783,59.156737],[18.02887,59.156804],[18.028983,59.156859],[18.029005,59.156895],[18.029148,59.15697],[18.029239,59.156979],[18.029366,59.157013],[18.029494,59.157031],[18.029721,59.157131],[18.029881,59.157167],[18.029987,59.157199],[18.03015,59.157275],[18.030158,59.157402],[18.03019,59.157548],[18.030228,59.157608],[18.030328,59.157665],[18.030333,59.157746],[18.030397,59.157793],[18.030655,59.157881],[18.030936,59.157958],[18.031131,59.158002],[18.031527,59.158246],[18.031763,59.15829],[18.031865,59.158345],[18.032058,59.158522],[18.032192,59.15857],[18.032311,59.158712],[18.032337,59.158839],[18.032441,59.158939],[18.032594,59.159079],[18.032797,59.159382],[18.032804,59.159457],[18.032872,59.15957],[18.032931,59.159651],[18.032957,59.159718],[18.032955,59.159742],[18.032994,59.159862],[18.033033,59.159891],[18.033136,59.160038],[18.033197,59.160116],[18.033263,59.16017],[18.033333,59.160222],[18.033451,59.160253],[18.033512,59.160303],[18.033537,59.160385],[18.033503,59.160429],[18.033462,59.160467],[18.03334,59.160605],[18.033562,59.160867],[18.033606,59.160995],[18.033759,59.161137],[18.033929,59.161391],[18.033919,59.161515],[18.034064,59.161601],[18.034233,59.161784],[18.034311,59.161914],[18.034415,59.16196],[18.034542,59.162002],[18.034682,59.162064],[18.034887,59.162172],[18.034966,59.162248],[18.034939,59.162468],[18.034947,59.162555],[18.034939,59.162817],[18.034889,59.162964],[18.034813,59.163057],[18.034747,59.163216],[18.03472,59.163316],[18.034712,59.163395],[18.034707,59.163644],[18.034626,59.163927],[18.034548,59.164046],[18.034503,59.164183],[18.034525,59.164254],[18.034509,59.164315],[18.034592,59.164451],[18.0349,59.164684],[18.034935,59.164731],[18.035087,59.164918],[18.035383,59.165137],[18.035482,59.165308],[18.035543,59.16544],[18.035541,59.165475],[18.035553,59.165519],[18.0355,59.165582],[18.0352,59.165626],[18.035028,59.165642],[18.034863,59.165645],[18.034608,59.1656],[18.034484,59.165544],[18.03437,59.165452],[18.034255,59.165412],[18.034103,59.165337],[18.03387,59.165296],[18.033711,59.165288],[18.033465,59.165251],[18.033317,59.165167],[18.033061,59.165077],[18.032631,59.165046],[18.032434,59.16509],[18.032348,59.165098],[18.032185,59.165103],[18.031908,59.165156],[18.031679,59.165154],[18.031319,59.16512],[18.03119,59.165082],[18.031082,59.16504],[18.030976,59.165034],[18.030785,59.164937],[18.030622,59.164885],[18.030556,59.16488],[18.030175,59.164826],[18.029997,59.164796],[18.02965,59.164647],[18.029448,59.164589],[18.029188,59.164621],[18.028844,59.164555],[18.02813,59.164361],[18.027816,59.164297],[18.02724,59.164235],[18.02717,59.164234],[18.027048,59.164278],[18.027032,59.164394],[18.026918,59.164582],[18.026579,59.164906],[18.026111,59.16518],[18.025898,59.16525],[18.025732,59.165253],[18.025578,59.16522],[18.025306,59.165092],[18.025178,59.165062],[18.025063,59.165061],[18.024821,59.165109],[18.024691,59.165545],[18.025325,59.166618],[18.025799,59.167085],[18.025368,59.167291],[18.024674,59.16745],[18.024478,59.167531],[18.023469,59.168065],[18.023179,59.168197],[18.022869,59.168285],[18.022861,59.168372],[18.022788,59.16845],[18.022636,59.168508],[18.022531,59.168547],[18.022393,59.168564],[18.022205,59.168541],[18.021877,59.168594],[18.02177,59.168574],[18.021445,59.168657],[18.021303,59.168678],[18.021128,59.168752],[18.020838,59.168847],[18.020748,59.16895],[18.020475,59.169173],[18.020473,59.169223],[18.020395,59.16929],[18.020197,59.16943],[18.020071,59.169495],[18.019933,59.169651],[18.019772,59.169748],[18.019624,59.169809],[18.019439,59.170002],[18.019368,59.170037],[18.019316,59.170158],[18.019269,59.170199],[18.019251,59.170284],[18.019248,59.170424],[18.019167,59.1705],[18.019135,59.170622],[18.019168,59.170766],[18.019257,59.170825],[18.019371,59.170874],[18.019563,59.170927],[18.01971,59.170987],[18.019833,59.171089],[18.019877,59.171147],[18.020053,59.171279],[18.020101,59.171347],[18.020096,59.171398],[18.020123,59.171494],[18.02007,59.171562],[18.019995,59.171571],[18.01966,59.171566],[18.019577,59.171601],[18.019543,59.171683],[18.019454,59.171779],[18.019498,59.171932],[18.019483,59.172034],[18.019437,59.172067],[18.01944,59.172138],[18.019523,59.172256],[18.019579,59.172342],[18.019662,59.172418],[18.019812,59.17267],[18.020071,59.172881],[18.020232,59.172931],[18.02047,59.173036],[18.020538,59.173119],[18.020514,59.173188],[18.020468,59.17322],[18.020433,59.173232],[18.020336,59.173307],[18.020293,59.173355],[18.020237,59.173396],[18.020224,59.173444],[18.020227,59.173512],[18.020268,59.173577],[18.020416,59.173702],[18.020457,59.173779],[18.020427,59.173802],[18.020486,59.17386],[18.020665,59.173896],[18.020785,59.173941],[18.020922,59.173981],[18.021043,59.174066],[18.021065,59.174091],[18.021161,59.174165],[18.021636,59.174164],[18.021892,59.17414],[18.022064,59.174146],[18.022219,59.174219],[18.022361,59.17424],[18.022498,59.17429],[18.022536,59.17432],[18.022664,59.174372],[18.022705,59.174403],[18.022722,59.174434],[18.022754,59.174474],[18.022768,59.174529],[18.02287,59.174575],[18.023029,59.174627],[18.023066,59.174654],[18.023209,59.174737],[18.023664,59.174907],[18.023749,59.174959],[18.023985,59.175066],[18.024135,59.175119],[18.02424,59.175176],[18.024366,59.17522],[18.024589,59.175143],[18.024721,59.175093],[18.024765,59.175062],[18.024917,59.175005],[18.025074,59.174995],[18.025308,59.175035],[18.025753,59.175078],[18.025894,59.175147],[18.02587,59.175217],[18.026104,59.175213],[18.02628,59.175261],[18.026423,59.175309],[18.026501,59.175343],[18.026565,59.175384],[18.026772,59.175418],[18.026849,59.175459],[18.027297,59.175575],[18.027496,59.175634],[18.02784,59.175714],[18.027872,59.175801],[18.027868,59.175858],[18.02786,59.175994],[18.02788,59.176036],[18.027979,59.176158],[18.02805,59.176261],[18.028059,59.176324],[18.028042,59.176383],[18.02807,59.176435],[18.028072,59.176477],[18.028105,59.176558],[18.028116,59.17665],[18.028136,59.176693],[18.028252,59.176809],[18.028293,59.176834],[18.028231,59.176839],[18.027513,59.177079],[18.027334,59.177455],[18.027054,59.178396],[18.026864,59.178713],[18.026811,59.178996],[18.026859,59.179146],[18.027075,59.179662],[18.027321,59.180108],[18.027303,59.180352],[18.027343,59.180524],[18.027475,59.180809000000004],[18.027732,59.181037],[18.027963,59.181161],[18.028272,59.181347],[18.028601,59.181512],[18.028862,59.18165],[18.029134,59.181921],[18.029491,59.182557],[18.029559,59.182738],[18.030609,59.182742],[18.031252,59.182616],[18.031457,59.182742],[18.031649,59.182988],[18.03202,59.183222],[18.032103,59.183375],[18.032224,59.183633],[18.032078,59.184054],[18.032004,59.184111],[18.031904,59.184348],[18.031963,59.184401],[18.032078,59.184441],[18.032106,59.184493],[18.031984,59.184557],[18.03194,59.184608],[18.031908,59.184713],[18.031916,59.184749],[18.031868,59.184919],[18.031914,59.185034],[18.031976,59.185155],[18.032134,59.18523],[18.032452,59.18536],[18.032601,59.185387],[18.032729,59.185417],[18.033547,59.185694],[18.033922,59.185908],[18.034022,59.185976],[18.034066,59.18602],[18.034133,59.186051],[18.034223,59.186078],[18.034228,59.186111],[18.034282,59.186127],[18.034218,59.186213],[18.034246,59.186256],[18.034296,59.186319],[18.034337,59.186398],[18.034503,59.186521],[18.034602,59.18666],[18.034688,59.186728],[18.034904,59.186879],[18.035024,59.187028],[18.035062,59.187116],[18.035069,59.187218],[18.035106,59.187265],[18.035142,59.187337],[18.035155,59.187401],[18.035069,59.187541],[18.034978,59.187533],[18.03487,59.187515],[18.03475,59.187535],[18.034581,59.187555],[18.034456,59.187578],[18.034386,59.187596],[18.034184,59.187624],[18.034018,59.187666],[18.033938,59.187692],[18.033899,59.18774],[18.033924,59.187787],[18.033997,59.18784],[18.034059,59.187907],[18.033978,59.187964],[18.033899,59.187967],[18.033837,59.188002],[18.033751,59.188081],[18.033683,59.188199],[18.033558,59.188276],[18.033472,59.188352],[18.033457,59.188403],[18.033421,59.188406],[18.033412,59.188463],[18.033381,59.188529],[18.033422,59.188621],[18.033437,59.188715],[18.033503,59.188914],[18.033655,59.188986],[18.033831,59.189103],[18.033966,59.189215],[18.034126,59.189307],[18.034256,59.189387],[18.03433,59.189471],[18.034478,59.189524],[18.034817,59.189656],[18.034969,59.189698],[18.035109,59.189777],[18.035259,59.189845],[18.035388,59.189892],[18.035441,59.189908],[18.035529,59.189928],[18.035694,59.190025],[18.035743,59.190101],[18.035767,59.190119],[18.035877,59.190217],[18.03601,59.190311],[18.036101,59.190395],[18.036235,59.190436],[18.036403,59.190504],[18.036476,59.190574],[18.036544,59.190618],[18.036624,59.19066],[18.036632,59.190692],[18.036628,59.190704],[18.036623,59.190762],[18.036598,59.190791],[18.03657,59.190834],[18.036472,59.190873],[18.036378,59.190929],[18.036344,59.191061],[18.036381,59.191153],[18.036421,59.191219],[18.036431,59.191242],[18.036412,59.191326],[18.036395,59.191433],[18.036402,59.19151],[18.036378,59.191556],[18.036375,59.19164],[18.036325,59.191664],[18.036303,59.191761],[18.036277,59.191861],[18.036257,59.191957],[18.036216,59.192056],[18.036214,59.192143],[18.036154,59.192269],[18.036061,59.192401],[18.036019,59.192464],[18.035993,59.192528],[18.035938,59.192586],[18.035854,59.192738],[18.035821,59.192826],[18.035813,59.192919],[18.035787,59.192992],[18.035729,59.193019],[18.035664,59.193082],[18.035566,59.193163],[18.035436,59.193258],[18.035352,59.193323],[18.035356,59.193342],[18.03533,59.193397],[18.035306,59.193438],[18.035284,59.193498],[18.035263,59.193509],[18.035274,59.193585],[18.035319,59.193642],[18.035346,59.193663],[18.035407,59.193687],[18.03553,59.193717],[18.035634,59.193744],[18.035722,59.193787],[18.035851,59.193874],[18.035921,59.19394],[18.035999,59.194019],[18.036002,59.194097],[18.036011,59.194166],[18.035999,59.194218],[18.035978,59.19423],[18.035972,59.1943],[18.036028,59.194401],[18.036084,59.194464],[18.036127,59.194503],[18.036205,59.194566],[18.036201,59.194638],[18.03622,59.194674],[18.036276,59.194742],[18.036257,59.194814],[18.036225,59.194887],[18.036167,59.194953],[18.036078,59.195023],[18.035925,59.19513],[18.035928,59.195175],[18.035863,59.19526],[18.035834,59.195329],[18.035858,59.195388],[18.035874,59.195459],[18.035824,59.195539],[18.035821,59.195584],[18.035839,59.195633],[18.035852,59.195643],[18.035811,59.195683],[18.03572,59.195715],[18.035634,59.195785],[18.035493,59.195857],[18.035392,59.195917],[18.035313,59.19596],[18.035307,59.195988],[18.035275,59.195999],[18.035238,59.19603],[18.035216,59.196039],[18.035178,59.196068],[18.035165,59.196082],[18.03512,59.196082],[18.035099,59.196092],[18.035014,59.196095],[18.034867,59.196084],[18.034824,59.19606],[18.034744,59.196049],[18.034583,59.196088],[18.03447,59.196094],[18.034321,59.19612],[18.034135,59.196156],[18.033968,59.196169],[18.033907,59.196176],[18.033741,59.196167],[18.033535,59.196132],[18.033314,59.196125],[18.033107,59.19611],[18.032914,59.19609],[18.032731,59.196039],[18.03252,59.19599],[18.032349,59.195947],[18.032115,59.195917],[18.031899,59.19587],[18.03179,59.195848],[18.031584,59.19581],[18.031482,59.195768],[18.031345,59.195736],[18.031211,59.195716],[18.031176,59.195707],[18.031096,59.195699],[18.031,59.195707],[18.030891,59.19573],[18.030821,59.195723],[18.030778,59.195708],[18.030714,59.195665],[18.030632,59.195658],[18.030488,59.195572],[18.030389,59.195507],[18.030316,59.195455],[18.030176,59.195414],[18.030089,59.195369],[18.030059,59.195377],[18.029972,59.195353],[18.029795,59.19529],[18.029634,59.195257],[18.029543,59.19522],[18.029416,59.195202],[18.029364,59.195184],[18.029261,59.195171],[18.029175,59.195178],[18.029176,59.195163],[18.029071,59.195144],[18.028924,59.195083],[18.028597,59.19506],[18.028404,59.195046],[18.028224,59.195037],[18.028072,59.194988],[18.027967,59.194897],[18.027848,59.194798],[18.027727,59.194738],[18.027552,59.194645],[18.027483,59.194567],[18.027462,59.194512],[18.027473,59.194456],[18.027518,59.19439],[18.027569,59.19433],[18.027623,59.194246],[18.027668,59.19415],[18.027665,59.194085],[18.027639,59.193994000000004],[18.027598,59.193919],[18.027547,59.193883],[18.027511,59.193795],[18.027488,59.193769],[18.027482,59.193715],[18.027465,59.193681],[18.027467,59.193644],[18.027462,59.193605],[18.027444,59.193569],[18.027492,59.193486],[18.027438,59.19342],[18.027362,59.193339],[18.02728,59.193259],[18.027206,59.193208],[18.027135,59.193218],[18.027047,59.193185],[18.026892,59.193134],[18.02685,59.193123],[18.026713,59.193096],[18.026668,59.193068],[18.026585,59.193102],[18.026555,59.19312],[18.026536,59.193141],[18.026458,59.193242],[18.026458,59.193262],[18.025912,59.193459],[18.025419,59.193632],[18.025383,59.193641],[18.025293,59.19363],[18.025229,59.193599],[18.02515,59.19351],[18.025061,59.19355],[18.02504,59.19357],[18.025002,59.193654],[18.025005,59.193722],[18.025026,59.193763],[18.025091,59.19383],[18.025102,59.19388],[18.025099,59.193931],[18.025059,59.19396],[18.024994,59.193958],[18.024792,59.193921],[18.024579,59.193928],[18.024417,59.193949],[18.024288,59.193977],[18.02422,59.194006],[18.024072,59.194119],[18.023937,59.194263],[18.023875,59.194314],[18.023705,59.194368],[18.023516,59.194399],[18.023403,59.194429],[18.023212,59.194541],[18.023147,59.194564],[18.022928,59.194588],[18.022834,59.194609],[18.022748,59.194643],[18.022651,59.19469],[18.02236,59.194769],[18.02225,59.194848],[18.022134,59.194907],[18.022211,59.194961],[18.022125,59.195007],[18.022116,59.19504],[18.021251,59.195903],[18.02072,59.196438],[18.020649,59.19649],[18.020535,59.196547],[18.020558,59.196592],[18.020628,59.196652],[18.020503,59.196726],[18.020191,59.1971],[18.02007,59.197238],[18.01895,59.196974],[18.018654,59.196878],[18.018578,59.196814],[18.017962,59.196858],[18.01785,59.196886],[18.01751,59.197125],[18.01718,59.197389],[18.01701,59.197669],[18.016882,59.197874],[18.016788,59.198025],[18.016721,59.198177],[18.016747,59.198258],[18.01688,59.198337],[18.017014,59.198427],[18.017067,59.198488],[18.017072,59.198567],[18.017054,59.198628],[18.016742,59.19885],[18.016648,59.198933],[18.016579,59.199032],[18.016545,59.199179],[18.016566,59.199299],[18.01663,59.199378],[18.016818,59.199473],[18.016947,59.199532],[18.016998,59.199571],[18.017028,59.199613],[18.017046,59.199887],[18.017044,59.199977],[18.017021,59.2002],[18.016928,59.200394],[18.016796,59.200464],[18.016588,59.200675],[18.016408,59.200836],[18.016294,59.200931],[18.016197,59.200933],[18.01603,59.201217],[18.015964,59.201252],[18.015677,59.201158],[18.01533,59.201033],[18.015211,59.201],[18.015045,59.201021],[18.014752,59.201078],[18.014605,59.201087],[18.01451,59.201182],[18.014392,59.201464],[18.014334,59.20167],[18.014369,59.201777],[18.014446,59.201965],[18.014471,59.202106],[18.014417,59.202182],[18.014175,59.202424],[18.014029,59.202582],[18.013759,59.20261],[18.013539,59.202625],[18.013409,59.202622],[18.013324,59.202596],[18.013262,59.202535],[18.013229,59.20241],[18.013188,59.202155],[18.013145,59.20191],[18.012951,59.201555],[18.012792,59.2013],[18.012584,59.200986],[18.012402,59.200709],[18.012173,59.200433],[18.011927,59.200451],[18.011642,59.200484],[18.011529,59.200553],[18.01137,59.200573],[18.011329,59.200558],[18.011259,59.200523],[18.011207,59.200503],[18.011198,59.200338],[18.010742,59.200205],[18.010393,59.200011],[18.010019,59.199836],[18.009565,59.199665],[18.009932,59.199451],[18.009622,59.199244],[18.009382,59.199088],[18.009077,59.198908],[18.00917,59.198843],[18.009065,59.19878],[18.008945,59.198673],[18.008875,59.198485],[18.008356,59.19835],[18.008314,59.198324],[18.008297,59.198307],[18.008297,59.198247],[18.008269,59.198236],[18.008226,59.198228],[18.008174,59.198225],[18.008153,59.198225],[18.008112,59.198237],[18.008056,59.198312],[18.008044,59.198352],[18.008065,59.198386],[18.008068,59.198428],[18.008044,59.198466],[18.00801,59.198485],[18.007796,59.198569],[18.007695,59.198601],[18.007537,59.198622],[18.007397,59.19863],[18.006894,59.198589],[18.006519,59.198654],[18.006412,59.198671],[18.00629,59.198633],[18.006272,59.198477],[18.006326,59.198372],[18.006394,59.198258],[18.006332,59.198187],[18.006285,59.198086],[18.006162,59.197958],[18.005776,59.19778],[18.005605,59.197689],[18.005521,59.197566],[18.005521,59.197469],[18.005382,59.197301],[18.005128,59.197069],[18.005141,59.196914],[18.004782,59.196625],[18.004511,59.196367],[18.004198,59.1963],[18.003669,59.196293],[18.002824,59.196522],[18.002927,59.19634],[18.003236,59.196157],[18.004107,59.19579],[18.004365,59.195744],[18.004701,59.195767],[18.005456,59.195886],[18.005617,59.195863],[18.00572,59.19579],[18.005712,59.195724],[18.005802,59.195507],[18.005363,59.195393],[18.004736,59.195273],[18.004034,59.195176],[18.004082,59.1951],[18.001083,59.194693],[18.002056,59.194434],[18.002531,59.194262],[18.002864,59.19409],[18.003171,59.193826],[18.003718,59.193211],[18.004524,59.192172],[18.004161,59.192109],[18.003788,59.192094],[18.00347,59.192059],[18.003315,59.19201],[18.002871,59.191791],[18.002333,59.191422],[18.002017,59.191232],[18.001668,59.191108],[18.001091,59.19095],[18.000419,59.19083],[17.999393,59.190598],[17.998985,59.190542],[17.998455,59.190485],[17.998124,59.19038],[17.99762,59.190158],[17.997421,59.189928],[17.99733,59.189814],[17.997392,59.189681],[17.997099,59.189668],[17.996922,59.18961],[17.996793,59.189318],[17.996474,59.188943],[17.99579,59.188832],[17.995296,59.188701],[17.994897,59.188387],[17.994694,59.187991],[17.994211,59.187789],[17.993858,59.187515],[17.99393,59.187272],[17.993619,59.187135],[17.993655,59.18688],[17.993418,59.186779],[17.993013,59.186522],[17.993231,59.186432],[17.993689,59.186342],[17.992913,59.185718],[17.991962,59.184831],[17.991642,59.184461],[17.991024,59.183709],[17.99083,59.183499],[17.99068,59.183388],[17.990497,59.183259],[17.989996,59.183019],[17.989624,59.182854],[17.98941,59.182746],[17.989194,59.182654],[17.988943,59.182573],[17.988355,59.182412],[17.988169,59.182322],[17.987947,59.182208],[17.986841,59.18173],[17.98509,59.180944],[17.984169,59.180481],[17.983392,59.180153],[17.982855,59.179878],[17.982299,59.179649],[17.982228,59.179591],[17.981179,59.179112],[17.98074,59.178966],[17.980366,59.178796],[17.980036,59.178717],[17.979553,59.178401],[17.979069,59.178153],[17.978366,59.177961],[17.978234,59.177792],[17.977861,59.177679],[17.977443,59.177577],[17.97696,59.177431],[17.976476,59.177239],[17.976191,59.177013],[17.975554,59.176776],[17.974982,59.176528],[17.974609,59.176291],[17.974398,59.176191],[17.974129,59.176202],[17.973676,59.176148],[17.973005,59.17604],[17.972618,59.176071],[17.972206,59.176202],[17.97214,59.176529],[17.97196,59.176723],[17.971859,59.177097],[17.971723,59.177232],[17.971482,59.177533],[17.97138,59.177742],[17.971419,59.177905],[17.971753,59.178166],[17.972055,59.178368],[17.972486,59.178791],[17.972999,59.179138],[17.973162,59.179318],[17.973612,59.180165],[17.973979,59.180485],[17.974977,59.181767],[17.975461,59.182272],[17.97566,59.182483],[17.975736,59.182603],[17.975782,59.182642],[17.975836,59.182671],[17.975882,59.182696],[17.975955,59.18276],[17.976033,59.182834],[17.976095,59.1829],[17.976158,59.182969],[17.976174,59.182982],[17.97621,59.183007],[17.976243,59.183033],[17.976294,59.18306],[17.976371,59.183091],[17.976541,59.183121],[17.976723,59.183129],[17.976858,59.183146],[17.977117,59.183248],[17.977501,59.183416],[17.977761,59.183533],[17.977916,59.183593],[17.978313,59.183733],[17.979083,59.184004],[17.979509,59.184138],[17.979869,59.184334],[17.980089,59.184417],[17.98027,59.184464],[17.980829,59.184566],[17.981063,59.184655],[17.981384,59.184823],[17.981943,59.184908],[17.982344,59.184979],[17.982582,59.185075],[17.982784,59.185221],[17.983108,59.185564],[17.983685,59.185927],[17.984288,59.186218],[17.98471,59.186412],[17.984982,59.186497],[17.985286,59.186524],[17.985443,59.186518],[17.9856,59.186481],[17.985977,59.186803],[17.986784,59.187454],[17.987171,59.187583],[17.988104,59.188298],[17.988541,59.188356],[17.988799,59.188518],[17.989071,59.188569],[17.989423,59.188541],[17.989884,59.188396],[17.990167,59.188417],[17.990507,59.188564],[17.990663,59.188686],[17.990927,59.188762],[17.991253,59.188859],[17.991758,59.188982],[17.992622,59.189104],[17.993799,59.189419],[17.994198,59.18939],[17.994651,59.189442],[17.9952,59.18976],[17.9952,59.189849],[17.995062,59.189897],[17.994929,59.18995],[17.994688,59.190006],[17.994204,59.189879],[17.993958,59.189877],[17.993118,59.189784],[17.992725,59.190249],[17.992594,59.190357],[17.99221,59.190484],[17.991775,59.190613],[17.990651,59.190846],[17.990508,59.19087],[17.990427,59.190917],[17.990286,59.191151],[17.990055,59.191144],[17.989759,59.191149],[17.989352,59.191183],[17.989182,59.191196],[17.988991,59.191212],[17.988772,59.191232],[17.988703,59.191239],[17.988551,59.191257],[17.988079,59.191354],[17.987728,59.191429],[17.987517,59.191473],[17.987319,59.191515],[17.987146,59.191547],[17.987013,59.191565],[17.986885,59.191575],[17.986777,59.191585],[17.986603,59.19159],[17.986347,59.191582],[17.98618,59.191575],[17.985941,59.191565],[17.985609,59.191549],[17.985474,59.191544],[17.985343,59.191542],[17.985244,59.191543],[17.985052,59.191553999999996],[17.984978,59.191559],[17.984874,59.191573],[17.984781,59.191585],[17.984554,59.191619],[17.984357,59.19165],[17.984128,59.191687],[17.983814,59.191737],[17.983517,59.191786],[17.983193,59.19184],[17.983052,59.191864],[17.982919,59.191886],[17.982827,59.191902],[17.982732,59.19192],[17.982578,59.191947],[17.982377,59.191982],[17.982208,59.192011],[17.982095,59.19203],[17.981961,59.192051],[17.981802,59.192074],[17.981671,59.192093],[17.981544,59.192108],[17.981382,59.192127],[17.981287,59.192138],[17.981038,59.192165],[17.980795,59.192191],[17.980689,59.192203],[17.980603,59.192212],[17.980424,59.192229],[17.980303,59.192241],[17.980167,59.192254],[17.980067,59.192262],[17.979711000000002,59.192284],[17.979594,59.192288],[17.979482,59.192291],[17.979341,59.192295],[17.979059,59.192292],[17.978886,59.192284],[17.978772,59.192278],[17.978603,59.192266],[17.978421,59.192253],[17.978277,59.192245],[17.978127,59.192236],[17.977981,59.192229],[17.977914,59.192226],[17.977769,59.192222],[17.977644,59.192216],[17.977459,59.192212],[17.977329,59.192209],[17.977126,59.192203],[17.977015,59.192202],[17.976899,59.192202],[17.976812,59.192201],[17.976735,59.192201],[17.97663,59.192199],[17.976572,59.192199],[17.976515,59.192201],[17.976352,59.192203],[17.976254,59.192208],[17.976136,59.192214],[17.976043,59.192221],[17.975916,59.192232],[17.975868,59.192236],[17.975788,59.192247],[17.975626,59.19227],[17.975462,59.1923],[17.975372,59.192318],[17.975312,59.192334],[17.975181,59.192368],[17.97514,59.192378],[17.975018,59.192424],[17.97493,59.192456],[17.974708,59.192567],[17.974645,59.192593],[17.974631,59.192599],[17.974565,59.192623],[17.974503,59.192651],[17.974391,59.192701],[17.974355,59.192715],[17.974264,59.19274],[17.974257,59.192741],[17.974245,59.192728],[17.974206,59.192706],[17.974175,59.192694],[17.974144,59.192687],[17.974114,59.192686],[17.974052,59.192688],[17.97401,59.192694],[17.973975,59.192708],[17.97395,59.192721],[17.97392,59.192748],[17.973911,59.192778],[17.973762,59.192783],[17.973382,59.192773],[17.972913,59.192732],[17.972154,59.192536],[17.971557,59.192368],[17.971147,59.192176],[17.970738,59.191899],[17.970525,59.191793],[17.970084,59.191726],[17.969667,59.19167],[17.969288,59.191606],[17.96901,59.191539],[17.968759,59.191473],[17.968372,59.191402],[17.968287,59.191389],[17.96818,59.191376],[17.967867,59.191357000000004],[17.966734,59.191446],[17.964498,59.191798],[17.964516,59.191895],[17.964577,59.192028],[17.964703,59.192186],[17.964203,59.19244],[17.964043,59.192608],[17.963921,59.192725],[17.963724,59.192797],[17.963593,59.192857],[17.963452,59.192897],[17.963363,59.192926],[17.96332,59.192951],[17.963293,59.192983],[17.963282,59.193024],[17.96324,59.193065],[17.963169,59.193336],[17.963095,59.193446],[17.962959,59.193578],[17.962871,59.193678],[17.962857,59.193712],[17.962788,59.193816],[17.962711,59.19385],[17.962726,59.193902],[17.962673,59.19398],[17.962515,59.194031],[17.962325,59.194008],[17.962288,59.194042],[17.962186,59.194097],[17.962149,59.194121],[17.962134,59.194141],[17.962009,59.194251],[17.962036,59.194384],[17.962074,59.194434],[17.962105,59.194451],[17.962115,59.194548],[17.962091,59.194644],[17.962125,59.194729],[17.962164,59.194889],[17.962143,59.195042],[17.962082,59.195171],[17.962063,59.195455],[17.962,59.195465],[17.961978,59.195505],[17.962046,59.195538],[17.961897,59.195593],[17.961881,59.195603],[17.961853,59.195646],[17.961907,59.195684],[17.961995,59.19578],[17.962005,59.195815],[17.962004,59.195935],[17.962093,59.196022],[17.962082,59.196085],[17.962003,59.196217],[17.961989,59.19626],[17.961937,59.196313],[17.961853,59.196383],[17.961739,59.196465],[17.961591,59.196612],[17.961483,59.196688],[17.961351,59.196739],[17.961092,59.196802],[17.961036,59.196854],[17.960964,59.19691],[17.960792,59.196948],[17.960666,59.196987],[17.960559,59.196998],[17.960521,59.197006],[17.960384,59.197051],[17.960343,59.19708],[17.960256,59.197117],[17.960198,59.197188],[17.960081,59.197282],[17.960039,59.197349],[17.959915,59.197392],[17.959709,59.197423],[17.959616,59.197441],[17.959521,59.197463],[17.959434,59.197496],[17.959006,59.197517],[17.958771,59.197495],[17.958654,59.197427],[17.958614,59.197442],[17.958561,59.197433],[17.958302,59.197417],[17.958219,59.197442],[17.957994,59.197428],[17.957841,59.197377],[17.957688,59.197364],[17.957582,59.197301],[17.957541,59.197286],[17.957533,59.197337],[17.957565,59.197448],[17.957507,59.197544],[17.957429,59.197631],[17.957328,59.197701],[17.957179,59.197779],[17.957115,59.197877],[17.95711,59.197978],[17.957154,59.198034],[17.957141,59.198253],[17.957136,59.198295],[17.957078,59.198367],[17.95702,59.198403],[17.956983,59.198447],[17.957004,59.198472],[17.956985,59.198503],[17.956982,59.198533],[17.956935,59.198617],[17.956926,59.19865],[17.956907,59.198676],[17.956872,59.19868],[17.956837,59.198694],[17.956766,59.19877],[17.95665,59.198854],[17.956611,59.198917],[17.956583,59.199006],[17.956576,59.199192],[17.956631,59.199277],[17.956689,59.199377],[17.956721,59.199474],[17.956721,59.199582],[17.95691,59.199742],[17.957055,59.199802],[17.9574,59.199901],[17.957519,59.2],[17.957555,59.200107],[17.957663,59.200321],[17.957791,59.200408],[17.957989,59.2005],[17.958091,59.200561],[17.958203,59.200659],[17.958316,59.200716],[17.958491,59.200892],[17.9589,59.201168],[17.959056,59.201274],[17.959241,59.201386],[17.959448,59.20153],[17.959624,59.201618],[17.959709,59.201654],[17.9599,59.2018],[17.959934,59.201999],[17.95993,59.202077],[17.959911,59.202158],[17.959921,59.202226],[17.959953,59.202337],[17.960077,59.202408],[17.960145,59.202432],[17.960333,59.202462],[17.960561,59.202551],[17.960644,59.202607],[17.960772,59.20265],[17.960985,59.202713],[17.961107,59.202747],[17.961253,59.202763],[17.961461,59.202753],[17.961616,59.202729],[17.962038,59.202674],[17.962397,59.202686],[17.962457,59.202699],[17.9627,59.202708],[17.962921,59.202682],[17.963045,59.20265],[17.963243,59.202576],[17.963326,59.202511],[17.963356,59.202462],[17.963512,59.202446],[17.963684,59.202479],[17.963964,59.202467],[17.964044,59.202491],[17.964134,59.202494],[17.96444,59.202519],[17.964649,59.202571],[17.965096,59.202623],[17.965244,59.202572],[17.965344,59.202552],[17.965454,59.202568],[17.965853,59.202735],[17.966291,59.202885],[17.966587,59.202973],[17.966775,59.203001],[17.966913,59.202988],[17.967045,59.20296],[17.967254,59.202941],[17.967369,59.202937],[17.96751,59.202904],[17.967565,59.202908],[17.96771,59.202958],[17.967946,59.203123],[17.968005,59.203208],[17.968092,59.203279],[17.968196,59.203444],[17.968184,59.203497],[17.968425,59.203583],[17.968546,59.203662],[17.968576,59.20369],[17.968702,59.203757],[17.968794,59.20378],[17.968973,59.20381],[17.969178,59.203861],[17.969321,59.203886],[17.969486,59.203934],[17.969558,59.203939],[17.969602,59.20396],[17.969687,59.204036],[17.96979,59.204103],[17.969932,59.204173],[17.969968,59.204184],[17.970223,59.204212],[17.970411,59.204268],[17.970659,59.204283],[17.970783,59.204294],[17.971159,59.204296],[17.971518,59.204333],[17.971578,59.204343],[17.971756,59.20442],[17.971817,59.20445],[17.972167,59.204538],[17.972552,59.204579],[17.972791,59.20461],[17.972946,59.20465],[17.973097,59.204677],[17.973392,59.204756],[17.973526,59.204733],[17.973674,59.204742],[17.973877,59.204738],[17.974137,59.204707],[17.974395,59.20469],[17.974494,59.204695],[17.974561,59.20471],[17.975311,59.204971],[17.975325,59.205003],[17.974504,59.205243],[17.973966,59.20548],[17.973791,59.20558],[17.973744,59.205651],[17.973747,59.20578],[17.973724,59.205837],[17.973659,59.20609],[17.973587,59.206161],[17.973385,59.206224],[17.972884,59.206309],[17.972755,59.206307],[17.972478,59.20627],[17.972047,59.206311],[17.971788,59.206327],[17.971449,59.206331],[17.970552,59.20647],[17.970384,59.206484],[17.970063,59.206526],[17.969811,59.206598],[17.96966,59.206635],[17.969487,59.206745],[17.969389,59.206781],[17.968808,59.20695],[17.968283,59.207127],[17.968001,59.207209],[17.967736,59.207247],[17.967279,59.207332],[17.967037,59.207337],[17.966823,59.207405],[17.966464,59.207536],[17.966464,59.207588],[17.966552,59.207811],[17.966633,59.208079],[17.966839,59.20836],[17.967151,59.208597],[17.967157,59.208651],[17.966852,59.209049],[17.966808,59.209333],[17.966581,59.209554],[17.966219,59.209694],[17.96609,59.209812],[17.966017,59.210165],[17.965958,59.210278],[17.966022,59.210403],[17.966068,59.210635],[17.965795,59.210866],[17.965585,59.211102],[17.965115,59.211339],[17.964735,59.21145],[17.964468,59.211507],[17.964138,59.21155],[17.963836,59.211584],[17.963274,59.211742],[17.962939,59.211856],[17.962661,59.211987],[17.96251,59.212093],[17.962462,59.212182],[17.962443,59.212389],[17.962601,59.212571],[17.963094,59.212764],[17.963188,59.212825],[17.96343,59.212929],[17.963621,59.212973],[17.963917,59.213071],[17.964017,59.213138],[17.964792,59.213182],[17.965072,59.213206],[17.965458,59.213252],[17.965907,59.213289],[17.966533,59.213301],[17.967076,59.213281],[17.967453,59.213369],[17.967893,59.213554],[17.967901,59.213738],[17.967925,59.21396],[17.968094,59.214233],[17.968082,59.214605],[17.96845,59.215101],[17.968607,59.215239],[17.968764,59.215513],[17.968883,59.21565],[17.968927,59.21578],[17.968944,59.215926],[17.968924,59.216106],[17.970144,59.216248],[17.970597,59.216312],[17.97109,59.216346],[17.971568,59.216454],[17.97184,59.216552],[17.972234,59.216644],[17.975992,59.217328],[17.977728,59.217823],[17.978331,59.217932],[17.978414,59.217989],[17.978287,59.218221],[17.978244,59.218399],[17.978636,59.218568],[17.978696,59.218596],[17.978763,59.218612],[17.978868,59.218634],[17.979026,59.218712],[17.979091,59.218742],[17.979243,59.21879],[17.979699,59.219021],[17.979788,59.219074],[17.979904,59.219125],[17.980123,59.219222],[17.980407,59.219422],[17.980482,59.219468],[17.980578,59.219517],[17.980865,59.219639],[17.980957,59.21969],[17.980985,59.219727],[17.98101,59.219824],[17.98107,59.219936],[17.981115,59.219978],[17.981288,59.220041],[17.981633,59.22021],[17.981972,59.220332],[17.982265,59.220393],[17.980863,59.220688],[17.978616,59.221289],[17.978217,59.221442],[17.977962,59.221488],[17.977564,59.221596],[17.976833,59.221834],[17.976011,59.22207],[17.974577,59.222451],[17.974029,59.222533],[17.970688,59.222763],[17.970064,59.222888],[17.969587,59.222912],[17.969113,59.22296],[17.968715,59.222868],[17.968217,59.222823],[17.968052,59.222856],[17.967823,59.223018],[17.967348,59.223246],[17.967094,59.223319],[17.966619,59.223394],[17.966416,59.223425],[17.964957,59.223518],[17.96477,59.223501],[17.963208,59.223366],[17.963024,59.223342],[17.962881,59.22467],[17.961265,59.224337],[17.961001,59.224317],[17.960466,59.22431],[17.960242,59.224324],[17.959254,59.22448],[17.958999,59.224561],[17.958815,59.224519],[17.9583,59.224228],[17.957707,59.224093],[17.957481,59.224081],[17.95659,59.224124],[17.956047,59.224112],[17.955527,59.22405],[17.954803,59.223899],[17.954622,59.223903],[17.953429,59.224347],[17.953725,59.224581],[17.954275,59.224839],[17.954526,59.224997],[17.956285,59.226083],[17.956077,59.22626],[17.956305,59.227363],[17.957035,59.227413],[17.958099,59.227633],[17.95868,59.227808],[17.959506,59.227991],[17.958243,59.229767],[17.958287,59.229862],[17.958392,59.230309],[17.958449,59.230697],[17.958435,59.231096],[17.95845,59.231159],[17.958298,59.231174],[17.958136,59.231213],[17.958175,59.231288],[17.958293,59.231452],[17.958524,59.231642],[17.958617,59.231723],[17.95874,59.231769],[17.958939,59.231843],[17.959147,59.231894],[17.959111,59.231951],[17.959094,59.232101],[17.958165,59.232061],[17.958149,59.232116],[17.957658,59.232462],[17.957412,59.232839],[17.957349,59.233025],[17.957408,59.233095],[17.957447,59.233141],[17.957441,59.233164],[17.957381,59.233212],[17.957418,59.233246],[17.958023,59.233332],[17.958346,59.233372],[17.95854,59.233402],[17.959011,59.233451],[17.959379,59.233481],[17.959644,59.233504],[17.9602,59.233505],[17.960761,59.233468],[17.96142,59.233426],[17.961795,59.233446],[17.96142,59.233882],[17.961336,59.234005],[17.961051,59.234242],[17.960867,59.234337],[17.960776,59.234364],[17.96061,59.234384],[17.960366,59.234402],[17.960173,59.234471],[17.960095,59.234495],[17.959934,59.234503],[17.959787,59.234477],[17.958802,59.234504],[17.95838,59.234536],[17.958048,59.234557],[17.957556,59.234593],[17.957124,59.234708],[17.956578,59.234921],[17.956025,59.235212],[17.955622,59.235277],[17.955306,59.235356],[17.955182,59.23539],[17.95496,59.23546],[17.954779,59.235497],[17.954719,59.235435],[17.954692,59.235359],[17.95494,59.234559],[17.955048,59.234292],[17.955034,59.234238],[17.954938,59.234145],[17.954766,59.233893],[17.954688,59.233829],[17.954483,59.233668],[17.954424,59.23363],[17.953443,59.2337],[17.953348,59.233721],[17.95332,59.233815],[17.953197,59.233914],[17.953061,59.233932],[17.952722,59.233895],[17.952451,59.23384],[17.952241,59.233799],[17.952001,59.233785],[17.951815,59.233761],[17.951629,59.23374],[17.951168,59.233755],[17.950916,59.233776],[17.950621,59.233817],[17.950394,59.233878],[17.950205,59.233974],[17.949933,59.234066],[17.949867,59.234147],[17.949837,59.234229],[17.949686,59.23416],[17.949531,59.234199],[17.949284,59.234294],[17.949002,59.23444],[17.948758,59.234565],[17.948384,59.234783],[17.948219,59.234898],[17.94809,59.234914],[17.94801,59.234902],[17.948043,59.234733],[17.947812,59.234724],[17.947842,59.234563],[17.947777,59.23456],[17.947643,59.234503],[17.947567,59.234415],[17.947416,59.234328],[17.946796,59.234283],[17.946501,59.234246],[17.946283,59.234246],[17.945717,59.234329],[17.945245,59.234375],[17.945026,59.234449],[17.944821,59.234464],[17.944706,59.234482],[17.944512,59.234475],[17.944362,59.234451],[17.94425,59.234465],[17.944133,59.234511],[17.944034,59.23457],[17.94384,59.234609],[17.943698,59.234585],[17.943654,59.234521],[17.943652,59.234455],[17.943614,59.234378],[17.943559,59.234328],[17.943352,59.234304],[17.943152,59.234309],[17.942827,59.234346],[17.942641,59.23439],[17.942488,59.234364],[17.942297,59.234317],[17.94215,59.234305],[17.94179,59.23388],[17.9417,59.233837],[17.941599,59.233823],[17.941468,59.233834],[17.941088,59.233939],[17.940946,59.233926],[17.940757,59.233995],[17.940607,59.234004],[17.940538,59.234114],[17.940462,59.234224],[17.940341,59.234588],[17.940171,59.234781],[17.940035,59.234792],[17.939847,59.234792],[17.939706,59.234767],[17.93956,59.234727],[17.939403,59.234702],[17.939253,59.234697],[17.939124,59.23468],[17.938995,59.234615],[17.93888,59.234599],[17.938783,59.234576],[17.938616,59.234488],[17.938544,59.234456],[17.93847,59.2344],[17.938264,59.234297],[17.938122,59.234219],[17.937998,59.23412],[17.937851,59.233931],[17.937845,59.233921],[17.937757,59.233902],[17.93712,59.234019],[17.937094,59.234119],[17.937011,59.234192],[17.937025,59.234393],[17.937014,59.234528],[17.937054,59.234679],[17.937128,59.234802],[17.937177,59.234945],[17.937062,59.235009],[17.936936,59.235054],[17.936696,59.235058],[17.936423,59.235052],[17.936141,59.235066],[17.935811,59.235066],[17.935595,59.235031],[17.935303,59.235036],[17.934808,59.235068],[17.934675,59.234808],[17.934522,59.234637],[17.934048,59.23413],[17.932827,59.234593],[17.932368,59.234768],[17.930695,59.235401],[17.930543,59.235398000000004],[17.930213,59.235337],[17.929992,59.235284],[17.929775,59.235191],[17.929665,59.23516],[17.929561,59.235142],[17.929256,59.235134],[17.928953,59.23517],[17.928677,59.235232],[17.928269,59.23524],[17.928005,59.235282],[17.926696,59.235549],[17.925187,59.235829],[17.925007,59.235855],[17.924914,59.235917],[17.924912,59.235956],[17.924761,59.235999],[17.92469,59.236041],[17.924614,59.23611],[17.924463,59.236252],[17.924181,59.23629],[17.92402,59.236326],[17.923837,59.236356],[17.923739,59.236389],[17.923526,59.236423],[17.923332,59.236551],[17.92319,59.236608],[17.923075,59.23672],[17.923039,59.236767],[17.922869,59.236841],[17.922735,59.236886],[17.922385,59.237023],[17.922169,59.237078],[17.922021,59.237147],[17.921904,59.237263],[17.921923,59.237325],[17.922051,59.237409],[17.922248,59.237457],[17.922414,59.237473],[17.922687,59.237482],[17.922769,59.237523],[17.922809,59.237593],[17.922952,59.237754],[17.923186,59.237943],[17.923197,59.238016],[17.923183,59.23809],[17.923208,59.238171],[17.923276,59.238268],[17.923208,59.238282],[17.922989,59.238163],[17.922618,59.238027],[17.922331,59.237933],[17.921856,59.237804],[17.921441,59.237708],[17.920824,59.237488],[17.920535,59.237369],[17.920328,59.237242],[17.920025,59.237172],[17.919731,59.237105],[17.91886,59.237587],[17.918254,59.237359],[17.918153,59.237314],[17.91805,59.237249],[17.917877,59.237174],[17.917556,59.237125],[17.917411,59.237089],[17.917179,59.237007],[17.917013,59.237052],[17.916739,59.237186],[17.916359,59.237418],[17.916288,59.237413],[17.915181,59.236613],[17.915192,59.236567],[17.915687,59.236405],[17.915216,59.235742],[17.914567,59.235122],[17.914256,59.234822],[17.914136,59.234759],[17.913931,59.234697],[17.912886,59.234569],[17.912484,59.2345],[17.912285,59.234424],[17.911971,59.234231],[17.911336,59.233829],[17.910051,59.233061],[17.909879,59.232984],[17.909858,59.232929],[17.909462,59.232092],[17.909201,59.231518],[17.908986,59.231133],[17.908828,59.230733],[17.908577,59.230219],[17.90841,59.229852],[17.90831,59.229738],[17.908149,59.229622],[17.907571,59.229269],[17.906959,59.228893],[17.906498,59.228602],[17.906329,59.228515],[17.906302,59.228524],[17.906266,59.228522],[17.906162,59.228477],[17.90589,59.228336],[17.905693,59.228255],[17.905619,59.228232],[17.905335,59.22815],[17.905234,59.228111],[17.905137,59.228068],[17.904817,59.22799],[17.904718,59.22798],[17.904143,59.227846],[17.903968,59.227817],[17.903693,59.227785],[17.903599,59.227766],[17.90353,59.227743],[17.903447,59.22771],[17.903391,59.227702],[17.903276,59.227704],[17.902849,59.227768],[17.902585,59.227461],[17.902565,59.22737],[17.902502,59.227322],[17.902463,59.227314],[17.902311,59.227305],[17.902125,59.22734],[17.902084,59.227332],[17.901999,59.227294],[17.901788,59.227028],[17.901594,59.226881],[17.901615,59.226812],[17.901441,59.226696],[17.901398,59.226655],[17.901284,59.226599],[17.90117,59.226493],[17.900886,59.226597],[17.900402,59.226804],[17.899881,59.226999],[17.89907,59.227312],[17.898119,59.227578],[17.898088,59.227583],[17.897776,59.227756],[17.896898,59.228206],[17.896323,59.228423],[17.895864,59.228534],[17.895702,59.228577],[17.895224,59.228779],[17.894302,59.22902],[17.894048,59.229029],[17.893551,59.229037],[17.893262,59.229098],[17.892766,59.229346],[17.89224,59.229681],[17.892003,59.229775],[17.891785,59.229766],[17.891005,59.229679],[17.890575,59.229719],[17.890293,59.229782],[17.88968,59.229784],[17.889459,59.229773],[17.889275,59.229685],[17.889044,59.22951],[17.887824,59.229221],[17.887075,59.229116],[17.886442,59.229159],[17.885831,59.229301],[17.885368,59.229384],[17.884764,59.229358],[17.884593,59.229376],[17.884415,59.229599],[17.883902,59.229886],[17.883767,59.230068],[17.88356,59.230159],[17.883154,59.230501],[17.882803,59.230878],[17.88273,59.230907],[17.882335,59.230853],[17.881745,59.230915],[17.881117,59.230894],[17.881061,59.230837],[17.881087,59.230906],[17.881961,59.231003],[17.881979,59.231142],[17.882492,59.231411],[17.882842,59.231455],[17.883044,59.231491],[17.883236,59.231535],[17.883424,59.231606],[17.883562,59.231674],[17.883637,59.231701],[17.883713,59.231734],[17.883746,59.231779],[17.883772,59.231811],[17.88382,59.231842],[17.883909,59.231838],[17.883967,59.231847],[17.884056,59.231836],[17.884143,59.231806],[17.884199,59.231787],[17.884269,59.231791],[17.884308,59.23181],[17.884416,59.231874],[17.884483,59.231938],[17.884618,59.231986],[17.884662,59.232029],[17.88451,59.232324],[17.884493,59.232387],[17.884475,59.232517],[17.884532,59.232554],[17.884695,59.232591],[17.884859,59.232607],[17.8849,59.232613],[17.884999,59.232599],[17.885134,59.23256],[17.885259,59.232549],[17.885337,59.232547],[17.885414,59.232542],[17.885574,59.232571],[17.88569,59.23259],[17.885732,59.232622],[17.885724,59.232649],[17.885609,59.232736],[17.885584,59.232757],[17.885571,59.232782],[17.885504,59.232887],[17.885474,59.232926],[17.88551,59.233133],[17.885545,59.233335],[17.88541,59.233525],[17.885057,59.234023],[17.885087,59.23417],[17.885156,59.234292],[17.885224,59.234383],[17.8852,59.234459],[17.885183,59.234485],[17.885123,59.234545],[17.88509,59.234566],[17.884858,59.234651],[17.884839,59.234726],[17.884832,59.234796],[17.884843,59.234861],[17.884765,59.234903],[17.884695,59.234958],[17.884419,59.234977],[17.884305,59.234983],[17.884213,59.234983],[17.8841,59.23496],[17.884044,59.234936],[17.883899,59.23495],[17.883849,59.234959],[17.883637,59.23499],[17.883531,59.235016],[17.883419,59.235076],[17.883206,59.235109],[17.882981,59.235151],[17.882866,59.23519],[17.882782,59.235249],[17.88275,59.235322],[17.882755,59.23542],[17.882796,59.23552],[17.882706,59.235561],[17.882724,59.235635],[17.88258,59.23566],[17.882437,59.235685],[17.882323,59.23572],[17.882304,59.235777],[17.882293,59.235876],[17.882236,59.23596],[17.88222,59.236006],[17.882206,59.236091],[17.882221,59.236161],[17.882351,59.236303],[17.882553,59.236401],[17.882764,59.236418],[17.8831,59.236396],[17.883609,59.236238],[17.883821,59.236197],[17.884125,59.236181],[17.884544,59.236165],[17.884639,59.23622],[17.88471,59.236325],[17.884829,59.236447],[17.884845,59.236468],[17.883908,59.236679],[17.883987,59.236773],[17.884032,59.236907],[17.883954,59.236952],[17.883941,59.237078],[17.883848,59.237172],[17.883814,59.237267],[17.883869,59.237324],[17.883965,59.237382],[17.884038,59.237463],[17.884275,59.237584],[17.884476,59.237683],[17.884593,59.237762],[17.88463,59.237807],[17.884746,59.237852],[17.884831,59.237929],[17.884873,59.237985],[17.884915,59.238079],[17.885,59.238192],[17.885054,59.238259],[17.885105,59.238295],[17.885188,59.238376],[17.885263,59.238433],[17.885266,59.238466],[17.88542,59.238589],[17.885489,59.23864],[17.885583,59.238749],[17.885753,59.238871],[17.885901,59.238966],[17.886005,59.239011],[17.886115,59.239096],[17.88614,59.239115],[17.886142,59.239159],[17.886148,59.239209],[17.886177,59.239317],[17.886183,59.239345],[17.886152,59.239408],[17.886044,59.239499],[17.885963,59.239533],[17.885855,59.239567],[17.88563,59.239618],[17.885506,59.239666],[17.885409,59.239704],[17.885243,59.239767],[17.885196,59.239777],[17.885163,59.239785],[17.885149,59.239793],[17.885049,59.239838],[17.884952,59.2399],[17.884838,59.239992],[17.884752,59.240082],[17.884634,59.240114],[17.884257,59.240156],[17.884161,59.240192],[17.884068,59.240235],[17.883919,59.24028],[17.883812,59.240287],[17.883721,59.240251],[17.883646,59.240257],[17.883546,59.240248],[17.883451,59.240224],[17.883403,59.240226],[17.883307,59.240212],[17.883225,59.240188],[17.883151,59.240172],[17.883074,59.240158],[17.882966,59.240129],[17.882794,59.240087],[17.882675,59.240053],[17.882606,59.24004],[17.882545,59.240027],[17.882422,59.240017],[17.882333,59.240016],[17.882227,59.240022],[17.882112,59.240046],[17.882008,59.240077],[17.881862,59.240124],[17.881788,59.240144],[17.881704,59.240164],[17.881583,59.240179],[17.881459,59.240197],[17.881324,59.240215],[17.881199,59.240246],[17.881038,59.240286],[17.880959,59.240308],[17.880907,59.240368],[17.88083,59.240474],[17.880619,59.240727],[17.880494,59.240812],[17.880258,59.241117],[17.879381,59.241682],[17.879311,59.241729],[17.879035,59.241918],[17.87899,59.241986],[17.8789,59.242124],[17.878918,59.242271],[17.878985,59.24238],[17.879102,59.242518],[17.87927,59.242665],[17.87934,59.242772],[17.87942,59.242855],[17.879336,59.242883],[17.879383,59.24304],[17.879476,59.243119],[17.879649,59.243266],[17.880047,59.24354],[17.880307,59.243598],[17.88096,59.243681],[17.881851,59.243787],[17.882206,59.243793],[17.8839,59.243694],[17.88423,59.243698],[17.884542,59.243785],[17.883841,59.244158],[17.883504,59.244217],[17.883226,59.24424],[17.882401,59.244286],[17.881549,59.244339],[17.879186,59.244385],[17.878582,59.244395],[17.878193,59.244467],[17.877839,59.244677],[17.877433,59.244979],[17.877202,59.245411],[17.877173,59.2456],[17.877367,59.246104],[17.877355,59.246954],[17.877608,59.248234],[17.877674,59.248479],[17.877683,59.248784],[17.877665,59.249201],[17.877571,59.249466],[17.877419,59.249709],[17.877058,59.250099],[17.876865,59.250108],[17.876616,59.25014],[17.87644,59.250197],[17.876232,59.250268],[17.875951,59.250318],[17.875592,59.250358],[17.875278,59.250372],[17.875022,59.250373],[17.874733,59.250366],[17.874548,59.250356],[17.874362,59.250284],[17.874184,59.250215],[17.873981,59.250097],[17.873829,59.250009],[17.87366,59.249967],[17.873483,59.249946],[17.873297,59.249928],[17.873205,59.249931],[17.872983,59.24996],[17.872689,59.249986],[17.872169,59.25007],[17.872165,59.250102],[17.872166,59.250138],[17.872252,59.250195],[17.872311,59.25022],[17.872413,59.250224],[17.87252,59.250221],[17.872584,59.250202],[17.87282,59.250326],[17.87374,59.250627],[17.874328,59.250808],[17.874625,59.250867],[17.875155,59.250943],[17.875421,59.25102],[17.875621,59.251187],[17.875664,59.251426],[17.875669,59.251662],[17.875827,59.251736],[17.876338,59.251747],[17.876903,59.251793],[17.877199,59.251807],[17.877406,59.251819],[17.877646,59.251903],[17.87877,59.252523],[17.878996,59.252655],[17.879448,59.252924],[17.879733,59.253147],[17.879933,59.25331],[17.880169,59.253503],[17.880684,59.2539],[17.881076,59.254174],[17.881084,59.254283],[17.881174,59.254425],[17.881275,59.254533],[17.881442,59.254622],[17.881618,59.254691],[17.881922,59.254791],[17.881863,59.25492],[17.881605,59.255125],[17.881405,59.255236],[17.881235,59.255323],[17.881315,59.25551],[17.881465,59.255853],[17.881512,59.256017],[17.881481,59.256201],[17.881436,59.256387],[17.881366,59.256545],[17.881279,59.256718],[17.881099,59.257035],[17.8809,59.257406],[17.880488,59.257352],[17.880386,59.257418],[17.880249,59.257626],[17.879843,59.258226],[17.879679,59.258418],[17.879529,59.258732],[17.879349,59.258913],[17.879137,59.259414],[17.879003,59.259886],[17.878874,59.260193],[17.878619,59.260671],[17.878595,59.260801],[17.878436,59.261126],[17.878306,59.261265],[17.878118,59.261437],[17.877981,59.261513],[17.877832,59.261599],[17.877792,59.261619],[17.877695,59.261649],[17.877513,59.2617],[17.877354,59.26176],[17.877185,59.261861],[17.877121,59.261943],[17.877143,59.261978],[17.877102,59.262049],[17.877019,59.262223],[17.876962,59.262255],[17.876856,59.262374],[17.876677,59.262478],[17.87663,59.262512],[17.876464,59.262642],[17.876362,59.262793],[17.876146,59.262871],[17.875879,59.262877],[17.875633,59.262914],[17.875357,59.26301],[17.87518,59.263076],[17.874996,59.263153],[17.874794,59.263241],[17.874611,59.263332],[17.87443,59.263425],[17.874389999999998,59.263459],[17.874351,59.263514],[17.874206,59.263623],[17.874043,59.263714],[17.873862,59.263808],[17.873528,59.263875],[17.873403,59.263872],[17.873251,59.263883],[17.873152,59.263927],[17.872972,59.263981],[17.872876,59.264044],[17.872803,59.264097],[17.872669,59.264128],[17.872563,59.264195],[17.872397,59.264276],[17.872209,59.264366],[17.872086,59.264388],[17.871923,59.264357],[17.871847,59.264347],[17.871704,59.264364],[17.87162,59.264403],[17.871455,59.264465],[17.871367,59.264513],[17.871287,59.264574],[17.871206,59.26461],[17.871189,59.264627],[17.871156,59.264672],[17.87101,59.264701],[17.870885,59.264748],[17.870872,59.264836],[17.870985,59.264901],[17.871113,59.264937],[17.871221,59.265031],[17.871306,59.265217],[17.871404,59.265298],[17.871442,59.265301],[17.871501,59.265314],[17.871575,59.265356],[17.871689,59.265355],[17.871798,59.265409],[17.871951,59.2655],[17.872109,59.26562],[17.872265,59.265692],[17.872368,59.26575],[17.872405,59.265761],[17.872542,59.265847],[17.872564,59.265893],[17.87261,59.26597],[17.87266,59.26607],[17.872708,59.266139],[17.872812,59.266191],[17.872865,59.266295],[17.872863,59.266393],[17.872929,59.266472],[17.873036,59.266511],[17.873187,59.266574],[17.873281,59.266629],[17.873357,59.266687],[17.873195,59.266722],[17.873099,59.266754],[17.872083,59.26694],[17.871841,59.266706],[17.871798,59.266679],[17.871727,59.266599],[17.871646,59.266557],[17.871623,59.266539],[17.871512,59.266475],[17.871427,59.26642],[17.871321,59.26639],[17.871111,59.266342],[17.870901,59.266254],[17.870681,59.266191],[17.870621,59.266158],[17.870362,59.266113],[17.870189,59.266076],[17.870095,59.266069],[17.870009,59.266042],[17.869825,59.265959],[17.869806,59.265956],[17.869767,59.265986],[17.869736,59.265984],[17.869708,59.265994],[17.86964,59.266007],[17.869612,59.266029],[17.869598,59.266071],[17.869572,59.266084],[17.869572,59.266108],[17.869509,59.266144],[17.869336,59.266119],[17.869243,59.266103],[17.869137,59.266116],[17.869055,59.266075],[17.868985,59.266081],[17.868853,59.266086],[17.868858,59.266052],[17.86882,59.266025],[17.868746,59.266008],[17.868643,59.266009],[17.868606,59.266014],[17.868602,59.266018],[17.868699,59.266031],[17.868772,59.26605],[17.868802,59.266065],[17.868815,59.266078],[17.868838,59.266091],[17.869036,59.26614],[17.86913,59.266144],[17.869208,59.266186],[17.869277,59.266242],[17.869388,59.266252],[17.86946,59.266254],[17.869566,59.2663],[17.869598,59.266413],[17.86968,59.26648],[17.869701,59.266566],[17.869782,59.266637],[17.869865,59.266667],[17.869884,59.266696],[17.869896,59.266737],[17.869927,59.266766],[17.870159,59.266875],[17.870217,59.266885],[17.870253,59.266911],[17.870376,59.266949],[17.870448,59.26701],[17.870471,59.267036],[17.870582,59.267082],[17.870596,59.267122],[17.870765,59.267123],[17.870888,59.267245],[17.870976,59.267403],[17.871033,59.267549],[17.871146,59.267649],[17.871276,59.267708],[17.871422,59.267735],[17.871512,59.26778],[17.871406,59.267899],[17.871498,59.267987],[17.871641,59.26802],[17.871723,59.268058],[17.871893,59.268092],[17.872146,59.268104],[17.872195,59.268113],[17.872569,59.268146],[17.872928,59.268227],[17.873268,59.26833],[17.873512,59.26841],[17.873666,59.268447],[17.873966,59.268539],[17.873998,59.268556],[17.874054,59.268574],[17.874093,59.268596],[17.874175,59.268697],[17.874211,59.268722],[17.874336,59.268769],[17.874385,59.268794],[17.874448,59.26884],[17.874477,59.268907],[17.874482,59.268914],[17.874616,59.268952],[17.874652,59.268982],[17.874664,59.269028],[17.874725,59.269064],[17.874789,59.269092],[17.874789,59.269102],[17.8748,59.269112],[17.874794,59.269141],[17.875157,59.269118],[17.875361,59.268985],[17.875549,59.268774],[17.875634,59.26858],[17.875621,59.268372],[17.875643,59.268334],[17.875658,59.26833],[17.875847,59.268452],[17.876121,59.268433],[17.876221,59.268446],[17.876353,59.268428],[17.876494,59.268414],[17.876683,59.268388],[17.876886,59.268332],[17.877077,59.268281],[17.877255,59.268202],[17.877406,59.268138],[17.877592,59.268091],[17.877738,59.268044],[17.87787,59.268016],[17.877888,59.268009],[17.877938,59.267959],[17.878004,59.26792],[17.878262,59.267806],[17.878466,59.267744],[17.878592,59.267696],[17.878662,59.267619],[17.878763,59.267584],[17.878856,59.267511],[17.87899,59.267406],[17.879095,59.26737],[17.879225,59.267306],[17.879256,59.267267],[17.879441,59.267182],[17.879612,59.267085],[17.879807,59.266981],[17.880001,59.266894],[17.880147,59.266813],[17.880353,59.266725],[17.880875,59.266432],[17.880954,59.266387],[17.881251,59.266468],[17.881323,59.266473],[17.881397,59.266429],[17.88155,59.26619],[17.881506,59.266155],[17.88133,59.266037],[17.881328,59.266],[17.881371,59.265972],[17.881878,59.266003],[17.881404,59.265743],[17.88087,59.265446],[17.880765,59.265411],[17.88058,59.265344],[17.880496,59.26527],[17.880429,59.265213],[17.880362,59.265129],[17.880305,59.264962],[17.880366,59.264845],[17.880415,59.264718],[17.879974,59.264544],[17.879795,59.264453],[17.879694,59.264364],[17.879638,59.264302],[17.879661,59.264001],[17.879661,59.26383],[17.879633,59.26373],[17.879447,59.263635],[17.879422,59.263543],[17.879486,59.263246],[17.879799,59.263035],[17.87947,59.262879],[17.879356,59.262307],[17.879367,59.262181],[17.879597,59.262281],[17.879637,59.262273],[17.87972,59.262272],[17.87984,59.26223],[17.879984,59.262208],[17.880021,59.262218],[17.880074,59.262211],[17.880129,59.26219],[17.880172,59.262176],[17.880196,59.262164],[17.880335,59.262146],[17.880397,59.26216],[17.880495,59.262179],[17.880572,59.262174],[17.880609,59.262162],[17.880644,59.262134],[17.880731,59.262102],[17.880817,59.26212],[17.88094,59.262126],[17.880992,59.262121],[17.881108,59.262132],[17.88126,59.262162],[17.881304,59.262184],[17.881444,59.262226],[17.881498,59.262257],[17.881512,59.262269],[17.88167,59.262322],[17.881744,59.262384],[17.881894,59.262428],[17.881924,59.262448],[17.882123,59.262507],[17.882188,59.262521],[17.882265,59.262531],[17.882281,59.262534],[17.882375,59.262555],[17.882468,59.262563],[17.882545,59.262574],[17.882584,59.262572],[17.882796,59.262567],[17.883011,59.262585],[17.883272,59.262604],[17.883573,59.262576],[17.883702,59.262544],[17.883845,59.262518],[17.883888,59.262521],[17.883969,59.262526],[17.88409,59.262541],[17.88418,59.262535],[17.884202,59.262494],[17.884275,59.26247],[17.884254,59.26242],[17.8843,59.262319],[17.884346,59.262216],[17.884365,59.26218],[17.884385,59.262156],[17.884459,59.262076],[17.884511,59.262045],[17.884681,59.261925],[17.884897,59.261926],[17.885058,59.261914],[17.885276,59.261852],[17.885313,59.261829],[17.88537,59.261761],[17.88547,59.261651],[17.885585,59.261531],[17.885709,59.261531],[17.885772,59.261588],[17.885784,59.261676],[17.885839,59.261756],[17.885901,59.261816],[17.886054,59.261881],[17.886285,59.261932],[17.886559,59.261941],[17.886712,59.261943],[17.886805,59.26194],[17.88691,59.261932],[17.886992,59.261913],[17.887058,59.261836],[17.887137,59.261749],[17.887277,59.26167],[17.887526,59.261534],[17.887728,59.261429],[17.888101,59.261251],[17.888588,59.261544],[17.888742,59.261634],[17.889065,59.261776],[17.889467,59.261949],[17.89029,59.2623],[17.890513,59.262417],[17.890587,59.262549],[17.890609,59.262598],[17.891035,59.262628],[17.891263,59.262665],[17.892237,59.26293],[17.892344,59.262958],[17.892566,59.262977],[17.89271,59.262923],[17.892722,59.262899],[17.892736,59.26284],[17.892719,59.262795],[17.892633,59.26275],[17.892208,59.262567],[17.891983,59.26246],[17.891798,59.262363],[17.891438,59.262122],[17.891452,59.262076],[17.891561,59.26201],[17.892279,59.261719],[17.892027,59.261575],[17.891709,59.261349],[17.891635,59.261272],[17.891571,59.261127],[17.891512,59.260925],[17.891491,59.260873],[17.891461,59.260778],[17.891394,59.260622],[17.891138,59.260226],[17.890932,59.259886],[17.890683,59.259493],[17.890564,59.259368],[17.890111,59.259009],[17.889841,59.258777],[17.889479,59.258488],[17.889348,59.258365],[17.889206,59.258172],[17.889108,59.257978],[17.889023,59.257739],[17.888984,59.257687],[17.888866,59.257596],[17.88881,59.257566],[17.888668,59.257526],[17.888528,59.257503],[17.888423,59.257478],[17.888345,59.257451],[17.888267,59.25741],[17.888244,59.257371],[17.888236,59.257316],[17.888267,59.257275],[17.888322,59.257243],[17.888595,59.257146],[17.888645,59.257096],[17.888648,59.257075],[17.888597,59.257026],[17.888551,59.257001],[17.888484,59.256984],[17.888303,59.25698],[17.88815,59.256992],[17.887974,59.257013],[17.887844,59.257035],[17.887617,59.257071],[17.887494,59.257074],[17.887407,59.257061],[17.887354,59.257046],[17.887332,59.257035],[17.887202,59.256989],[17.886968,59.25691],[17.886969,59.256882],[17.887164,59.256806],[17.887492,59.25673],[17.888075,59.256645],[17.888209,59.256589],[17.888597,59.256351],[17.888867,59.256219],[17.889174,59.256145],[17.889625,59.256062],[17.890059,59.25601],[17.890477,59.255991],[17.890901,59.256011],[17.891282,59.256044],[17.891682,59.256106],[17.891939,59.256175],[17.892243,59.256296],[17.892393,59.256332],[17.892645,59.256377],[17.892779,59.256377],[17.892913,59.256361],[17.893158,59.256305],[17.893264,59.256303],[17.893418,59.256335],[17.893662,59.256471],[17.893859,59.256516],[17.894178,59.256531],[17.894506,59.256517],[17.894713,59.256458],[17.894929,59.256337],[17.895146,59.256263],[17.895478,59.256179],[17.896054,59.25609],[17.896349,59.256039],[17.896583,59.25597],[17.897073,59.255878],[17.89723,59.255866],[17.897483,59.255882],[17.898106,59.255964],[17.898354,59.255973],[17.898981,59.255908],[17.899628,59.255881],[17.9,59.255833],[17.900678,59.255728],[17.900915,59.25566],[17.901896,59.255128],[17.902757,59.254705],[17.903472,59.254509],[17.904272,59.254411],[17.905228,59.254407],[17.90641,59.254314],[17.906643,59.254284],[17.908233,59.253984],[17.908936,59.253961],[17.909746,59.253856],[17.909904,59.253859],[17.910268,59.253833],[17.910696,59.253913],[17.910938,59.253985],[17.91101,59.254031],[17.91114,59.254091],[17.911255,59.254131],[17.911285,59.254159],[17.911328,59.254250999999996],[17.911403,59.25432],[17.911482,59.254356],[17.911528,59.254417],[17.911613,59.254456],[17.911645,59.254502],[17.911872,59.254745],[17.912165,59.254831],[17.912247,59.254885],[17.912523,59.254925],[17.912546,59.25499],[17.912678,59.255034],[17.912888,59.255083],[17.913072,59.255112],[17.913204,59.255178],[17.913322,59.255266],[17.913438,59.255325],[17.913812,59.255451],[17.913982,59.255539],[17.914203,59.255593],[17.914381,59.255551],[17.914561,59.255382],[17.914645,59.255322],[17.914715,59.255295],[17.914824,59.255285],[17.914974,59.255248],[17.915036,59.255176],[17.915103,59.255133],[17.915205,59.255094],[17.915279,59.255101],[17.915429,59.255057],[17.91557,59.255048],[17.915751,59.255016],[17.915841,59.255017],[17.916135,59.254979],[17.916395,59.254916],[17.916615,59.254936],[17.916756,59.254932],[17.91721,59.254877],[17.917374,59.254888],[17.917515,59.25494],[17.918201,59.255067],[17.918392,59.255071],[17.91858,59.25488],[17.918619,59.254685],[17.91873,59.254604],[17.918762,59.254519],[17.91884,59.254437],[17.919024,59.254362],[17.919121,59.254275],[17.919227,59.254232],[17.919359,59.254127],[17.91958,59.25406],[17.919624,59.254004],[17.919635,59.253956],[17.919655,59.253951],[17.919773,59.253967],[17.919961,59.253982],[17.92032,59.254022],[17.920527,59.254075],[17.92074,59.254074],[17.921069,59.254091],[17.921234,59.254086],[17.921366,59.254066],[17.921514,59.253993],[17.921593,59.253919],[17.921748,59.25387],[17.921937,59.253831],[17.922272,59.253778],[17.922413,59.253735],[17.922515,59.253686],[17.922755,59.253628],[17.922874,59.253618],[17.923056,59.253663],[17.923581,59.2537],[17.923838,59.25369],[17.924055,59.253704],[17.924171,59.253697],[17.924335,59.253704],[17.924372,59.253694],[17.92447,59.253621],[17.924599,59.253458],[17.924672,59.253399],[17.924817,59.253335],[17.924861,59.253319],[17.925103,59.253364],[17.925287,59.253375],[17.925476,59.253372],[17.92561,59.253382],[17.925735,59.253422],[17.925763,59.253449],[17.925986,59.253433],[17.926287,59.253381],[17.926553,59.253368],[17.926928,59.253311],[17.927216,59.25327],[17.927311,59.253323],[17.92737,59.253369],[17.927436,59.25347],[17.927505,59.25348],[17.927665,59.253564],[17.927829,59.253582],[17.928052,59.253678],[17.92827,59.253718],[17.92839,59.253731],[17.928539,59.253786],[17.928691,59.253812],[17.928807,59.253852],[17.929005,59.254038],[17.929017,59.254166],[17.929051,59.254315],[17.929057,59.254365],[17.929154,59.25442],[17.929272,59.254446],[17.929439,59.254476],[17.929695,59.254552],[17.92972,59.254573],[17.929732,59.254606],[17.929742,59.254674],[17.929753,59.254755],[17.929744,59.254787],[17.929758,59.254825],[17.929762,59.25488],[17.9297,59.254926],[17.929749,59.254992],[17.929866,59.254999],[17.93004,59.254974],[17.930074,59.254966],[17.930243,59.254923],[17.930409,59.254901],[17.930703,59.254847],[17.930823,59.25483],[17.931036,59.254769],[17.931151,59.254751],[17.931293,59.254713],[17.931402,59.254696],[17.931587,59.254743],[17.931726,59.254791],[17.93187,59.254835],[17.931994,59.254857],[17.932177,59.254952],[17.93225,59.254975],[17.932288,59.254972],[17.932453,59.254859],[17.933367,59.254667],[17.933713,59.254686],[17.934393,59.254644],[17.93482,59.254711],[17.935119,59.254802],[17.935162,59.254928],[17.935461,59.255099],[17.936208,59.255382],[17.936735,59.255522],[17.936984,59.255678],[17.937874,59.255813],[17.938279,59.255934],[17.938571,59.255938],[17.939179,59.256055],[17.939705,59.256174],[17.940088,59.256281],[17.940204,59.256403],[17.940333,59.256572],[17.940574,59.256687],[17.940657,59.256718],[17.941314,59.256596],[17.941565,59.256474],[17.941785,59.256464],[17.94184,59.256177],[17.942054,59.256071],[17.942317,59.255988],[17.942545,59.255945],[17.942938,59.256006],[17.94332,59.255965],[17.94345,59.256164],[17.943464,59.256474],[17.943819,59.256577],[17.944034,59.256535],[17.94421,59.25635],[17.944732,59.256302],[17.945193,59.25648],[17.945447,59.256554],[17.945697,59.25658],[17.945775,59.256627],[17.945828,59.25675],[17.946011,59.256867],[17.946161,59.256865],[17.946287,59.256921],[17.946356,59.256988],[17.946636,59.257023],[17.94688,59.257086],[17.946917,59.257129],[17.946958,59.257362],[17.947184,59.257501],[17.947311,59.25763],[17.947662,59.257785],[17.947747,59.257821],[17.948058,59.257989],[17.948497,59.258278],[17.948627,59.258346],[17.9487,59.25839],[17.948803,59.258424],[17.948882,59.258505],[17.94889,59.258623],[17.948765,59.258702],[17.948718,59.258783],[17.948604,59.258922],[17.948597,59.25899],[17.948612,59.259052],[17.948632,59.259072],[17.948629,59.259122],[17.948568,59.259249],[17.94851,59.25944],[17.948402,59.259536],[17.948251,59.259638],[17.948231,59.259685],[17.948225,59.259722],[17.948181,59.25979],[17.948089,59.259863],[17.948071,59.25987],[17.947982,59.259944],[17.947943,59.259964],[17.947914,59.259985],[17.947881,59.26],[17.947851,59.260029],[17.947634,59.260173],[17.947476,59.260255],[17.94739,59.260344],[17.947304,59.260411],[17.947264,59.260427],[17.947167,59.260544],[17.947149,59.260593],[17.947166,59.260622],[17.947124,59.260705],[17.947128,59.260749],[17.947122,59.260815],[17.947104,59.260853],[17.947125,59.260908],[17.947096,59.261098],[17.947062,59.261133],[17.946944,59.261315],[17.946938,59.261341],[17.946854,59.261401],[17.946755,59.261468],[17.946725,59.261582],[17.946656,59.261688],[17.946643,59.261868],[17.946547,59.262125],[17.946546,59.26215],[17.946586,59.262182],[17.946595,59.26228],[17.946577,59.262331],[17.946498,59.262413],[17.946309,59.26256],[17.946283,59.262642],[17.946108,59.262798],[17.945837,59.262986],[17.945803,59.263007],[17.945726,59.263033],[17.945711,59.263033],[17.945567,59.263071],[17.945442,59.263143],[17.945361,59.263165],[17.945306,59.26317],[17.945295,59.263196],[17.945279,59.263209],[17.945244,59.263287],[17.945182,59.263347],[17.94511,59.263399],[17.945038,59.263476],[17.945007,59.263485],[17.944895,59.263528],[17.944527,59.263555],[17.944393,59.263609],[17.944148,59.263605],[17.94392,59.263685],[17.943818,59.263715],[17.943573,59.263829],[17.943488,59.263904],[17.943603,59.264011000000004],[17.943751,59.264234],[17.943788,59.264326],[17.943752,59.264383],[17.943751,59.264411],[17.943775,59.264447],[17.943688,59.264536],[17.943665,59.264538],[17.943641,59.264617],[17.943649,59.264693],[17.94362,59.264748],[17.943641,59.265094],[17.943685,59.265124],[17.943765,59.265227],[17.943783,59.26526],[17.943804,59.265482],[17.943847,59.265537],[17.943861,59.2656],[17.943913,59.265663],[17.94398,59.265841],[17.94395,59.265955],[17.943947,59.266025],[17.943953,59.266052],[17.943967,59.266078],[17.943982,59.266106],[17.944136,59.266225],[17.944122,59.266252],[17.944109,59.266262],[17.94412,59.266314],[17.944081,59.266354],[17.943977,59.26642],[17.943977,59.266427],[17.943902,59.266469],[17.94388,59.266489],[17.943887,59.266522],[17.943843,59.266552],[17.94381,59.266607],[17.943825,59.266624],[17.943804,59.266688],[17.943804,59.266783],[17.943805,59.266854],[17.94382,59.266956],[17.94381,59.267079],[17.943832,59.267114],[17.943814,59.267174],[17.94381,59.267203],[17.94384,59.267409],[17.943866,59.267433],[17.943883,59.267487],[17.94387,59.267496],[17.943887,59.267533],[17.943888,59.267552],[17.943886,59.267621],[17.944528,59.267699],[17.944602,59.26774],[17.944679,59.267865],[17.94746,59.268048],[17.948293,59.268072],[17.949145,59.268047],[17.950704,59.269561],[17.951444,59.269851],[17.952049,59.270078],[17.954405,59.271335],[17.954517,59.271336],[17.954715,59.271224],[17.954874,59.271271],[17.954989,59.2712],[17.955706,59.271427],[17.957391,59.271086],[17.957556,59.271039],[17.957798,59.270888],[17.958794,59.270192],[17.959028,59.270265],[17.959286,59.270351],[17.959433,59.270384],[17.959508,59.270384],[17.959554,59.270381],[17.959625,59.270369],[17.959711,59.270319],[17.95976,59.270293],[17.959811,59.270257],[17.959835,59.270233],[17.959826,59.270192],[17.959859,59.270146],[17.959905,59.270079],[17.95991,59.270031],[17.959896,59.269978],[17.959902,59.269943],[17.959954,59.269869],[17.959921,59.269817],[17.959883,59.269743],[17.959868,59.269661],[17.959892,59.269566],[17.959999,59.269477],[17.960025,59.269427],[17.96001,59.269389],[17.959988,59.269348],[17.959924,59.269299],[17.959861,59.269164],[17.959907,59.269128],[17.95999,59.268995],[17.96007,59.268901],[17.960164,59.268836],[17.96035,59.26873],[17.960433,59.268702],[17.960575,59.268685],[17.960793,59.268663],[17.960949,59.268637],[17.961129,59.268583],[17.961327,59.268488],[17.961652,59.268397],[17.961732,59.268362],[17.961791,59.268306],[17.961779,59.268246],[17.961782,59.268158],[17.961755,59.268094],[17.96167,59.268032],[17.961546,59.267997],[17.961036,59.267938],[17.960782,59.267903],[17.960694,59.267915],[17.960547,59.267891],[17.960673,59.267788],[17.961452,59.267459],[17.963032,59.266834],[17.963752,59.266549],[17.964555,59.266144],[17.964904,59.266337],[17.964966,59.266404],[17.965043,59.266478],[17.965118,59.266515],[17.965196,59.266535],[17.965432,59.266519],[17.966218,59.266505],[17.966437,59.266513],[17.966629,59.266496],[17.966754,59.266468],[17.966847,59.266455],[17.96695,59.266487],[17.967053,59.266532],[17.967116,59.266551],[17.967183,59.266556],[17.967298,59.266529],[17.967366,59.266494],[17.967404,59.266459],[17.967682,59.266189],[17.967743,59.266111],[17.967741,59.266074],[17.968252,59.265793],[17.968647,59.265804],[17.969125,59.265233],[17.969421,59.265259],[17.969983,59.265196],[17.970474,59.265078],[17.971816,59.264012],[17.972221,59.263126],[17.972373,59.262965],[17.972827,59.262695],[17.97291,59.26226],[17.973078,59.2621],[17.973453,59.262216],[17.973175,59.262571],[17.973178,59.262758],[17.973319,59.263066],[17.973586,59.263556],[17.973567,59.263588],[17.973478,59.26361],[17.973465,59.263665],[17.973488,59.263789],[17.973593,59.263862],[17.973691,59.263888],[17.973851,59.263893],[17.974573,59.263893],[17.974696,59.26388],[17.974815,59.263802],[17.974903,59.263709],[17.974956,59.26363],[17.974988,59.263582],[17.975263,59.263495],[17.975348,59.26346],[17.975472,59.263416],[17.975606,59.263326],[17.975729,59.263257],[17.975865,59.26309],[17.97612,59.262965],[17.976698,59.262296],[17.977233,59.261746],[17.978133,59.261056],[17.980402,59.261407],[17.979816,59.262079],[17.979772,59.262213],[17.9799,59.262293],[17.980087,59.26236],[17.980695,59.2624],[17.980957,59.262455],[17.981011,59.262535],[17.981229,59.262594],[17.981559,59.262556],[17.981754,59.262505],[17.982258,59.26231],[17.982904,59.262127],[17.983518,59.261935],[17.984167,59.261724],[17.984996,59.261667],[17.985412,59.261616],[17.985468,59.261575],[17.985403,59.261517],[17.985247,59.261452],[17.985136,59.261378],[17.986015,59.261072],[17.986966,59.260734],[17.988126,59.260313],[17.98976,59.2597],[17.990708,59.259329],[17.992178,59.258769],[17.99291,59.258471],[17.993472,59.258223],[17.993965,59.257976],[17.994491,59.257726],[17.994971,59.257576],[17.995283,59.257506],[17.995717,59.257442],[17.996321,59.257398],[17.997044,59.257451],[17.997103,59.257414],[17.997233,59.257365],[17.997386,59.257313],[17.99851,59.257227],[17.998543,59.257088],[17.998525,59.256943],[17.998416,59.256674],[17.998354,59.256479],[17.998224,59.256315],[17.998121,59.256171],[17.998115,59.256025],[17.998094,59.255927],[17.998038,59.255898],[17.997917,59.255804],[17.997811,59.255652],[17.997693,59.255427],[17.997347,59.254636],[17.997017,59.254086],[17.996828,59.253763]],"type":"LineString"},"id":"vandringsleder.1636","properties":{"andrad_datum":"2023-12-15T13:13:54.193","ansvarig":null,"namn":"Huddingeleden","omrade":"Huddinge kommun","skapad_datum":null},"type":"Feature"}
 ,{"bbox":[17.909879,59.232984,17.961418,59.238282],"geometry":{"coordinates":[[17.909879,59.232984,0.0],[17.910051,59.233061,0.0],[17.910349,59.233232,0.0],[17.910867,59.233542,0.0],[17.911235,59.233762,0.0],[17.911699,59.234053,0.0],[17.912146,59.234342,0.0],[17.912285,59.234424,0.0],[17.912484,59.2345,0.0],[17.912683,59.234538,0.0],[17.913156,59.234601,0.0],[17.913931,59.234697,0.0],[17.914136,59.234759,0.0],[17.914256,59.234822,0.0],[17.91442,59.234979,0.0],[17.914567,59.235122,0.0],[17.91497,59.235503,0.0],[17.915216,59.235742,0.0],[17.915382,59.235975,0.0],[17.915605,59.236293,0.0],[17.915687,59.236405,0.0],[17.915192,59.236567,0.0],[17.915181,59.236613,0.0],[17.91544,59.236812,0.0],[17.916288,59.237413,0.0],[17.916359,59.237418,0.0],[17.916739,59.237186,0.0],[17.917013,59.237052,0.0],[17.917179,59.237007,0.0],[17.917411,59.237089,0.0],[17.917578,59.237125,0.0],[17.917877,59.237174,0.0],[17.91805,59.237249,0.0],[17.918181,59.237326,0.0],[17.918254,59.237359,0.0],[17.91886,59.237587,0.0],[17.919731,59.237105,0.0],[17.920328,59.237242,0.0],[17.920535,59.237369,0.0],[17.920824,59.237488,0.0],[17.921204,59.237629,0.0],[17.921441,59.237709,0.0],[17.921856,59.237804,0.0],[17.922271,59.237916,0.0],[17.922618,59.238027,0.0],[17.922989,59.238163,0.0],[17.923208,59.238282,0.0],[17.923276,59.238268,0.0],[17.923243,59.238223,0.0],[17.923208,59.238171,0.0],[17.923183,59.23809,0.0],[17.923197,59.238016,0.0],[17.923186,59.237943,0.0],[17.923129,59.237886,0.0],[17.923025,59.237804,0.0],[17.922952,59.237754,0.0],[17.922886,59.237685,0.0],[17.922805,59.237583,0.0],[17.922769,59.237523,0.0],[17.922687,59.237482,0.0],[17.922545,59.237476,0.0],[17.922414,59.237473,0.0],[17.922248,59.237457,0.0],[17.922051,59.237409,0.0],[17.921923,59.237325,0.0],[17.921904,59.237263,0.0],[17.921972,59.237189,0.0],[17.922021,59.237147,0.0],[17.922169,59.237078,0.0],[17.922385,59.237023,0.0],[17.922604,59.236941,0.0],[17.922735,59.236886,0.0],[17.922869,59.236841,0.0],[17.923039,59.236767,0.0],[17.923075,59.23672,0.0],[17.92319,59.236608,0.0],[17.923332,59.236551,0.0],[17.923466,59.236454,0.0],[17.923526,59.236423,0.0],[17.923643,59.236403,0.0],[17.923739,59.236389,0.0],[17.923837,59.236356,0.0],[17.92402,59.236326,0.0],[17.924181,59.23629,0.0],[17.924362,59.236266,0.0],[17.924463,59.236252,0.0],[17.924507,59.236216,0.0],[17.92454,59.236179,0.0],[17.924614,59.23611,0.0],[17.92469,59.236041,0.0],[17.924761,59.235999,0.0],[17.924912,59.235956,0.0],[17.924914,59.235917,0.0],[17.924956,59.235892,0.0],[17.925007,59.235855,0.0],[17.925187,59.235829,0.0],[17.926784,59.235532,0.0],[17.928005,59.235282,0.0],[17.928264,59.23524,0.0],[17.928671,59.235231,0.0],[17.928953,59.23517,0.0],[17.929256,59.235134,0.0],[17.929434,59.235141,0.0],[17.929561,59.235142,0.0],[17.929665,59.23516,0.0],[17.929775,59.235191,0.0],[17.929992,59.235284,0.0],[17.930213,59.235337,0.0],[17.930543,59.235398000000004,0.0],[17.930695,59.235401,0.0],[17.934048,59.23413,0.0],[17.934522,59.234637,0.0],[17.934675,59.234808,0.0],[17.934808,59.235068,0.0],[17.935303,59.235036,0.0],[17.935595,59.235031,0.0],[17.935811,59.235066,0.0],[17.936141,59.235066,0.0],[17.936423,59.235052,0.0],[17.936696,59.235058,0.0],[17.936936,59.235054,0.0],[17.937062,59.235009,0.0],[17.937177,59.234945,0.0],[17.937128,59.234802,0.0],[17.937054,59.234679,0.0],[17.937014,59.234528,0.0],[17.937025,59.234393,0.0],[17.937011,59.234192,0.0],[17.937094,59.234119,0.0],[17.93712,59.234019,0.0],[17.937412,59.233963,0.0],[17.937547,59.233941,0.0],[17.937685,59.23391,0.0],[17.937757,59.233902,0.0],[17.937845,59.233921,0.0],[17.937904,59.233986,0.0],[17.937998,59.23412,0.0],[17.938122,59.234219,0.0],[17.938264,59.234297,0.0],[17.938346,59.23434,0.0],[17.938469,59.2344,0.0],[17.938573,59.234472,0.0],[17.938721,59.234538,0.0],[17.938776,59.234578,0.0],[17.938995,59.234615,0.0],[17.939124,59.23468,0.0],[17.939253,59.234697,0.0],[17.939403,59.234702,0.0],[17.93956,59.234727,0.0],[17.939706,59.234767,0.0],[17.939847,59.234792,0.0],[17.939953,59.234793,0.0],[17.940035,59.234792,0.0],[17.940171,59.234781,0.0],[17.940341,59.234588,0.0],[17.940462,59.234224,0.0],[17.940607,59.234004,0.0],[17.940757,59.233995,0.0],[17.940946,59.233926,0.0],[17.941088,59.233939,0.0],[17.941241,59.233898,0.0],[17.941468,59.233834,0.0],[17.941599,59.233823,0.0],[17.9417,59.233837,0.0],[17.94179,59.23388,0.0],[17.94215,59.234305,0.0],[17.942297,59.234317,0.0],[17.942488,59.234364,0.0],[17.942641,59.23439,0.0],[17.942715,59.234369,0.0],[17.942827,59.234346,0.0],[17.942977,59.234326,0.0],[17.943152,59.234309,0.0],[17.943352,59.234304,0.0],[17.943559,59.234328,0.0],[17.943614,59.234378,0.0],[17.943652,59.234455,0.0],[17.943654,59.234521,0.0],[17.943698,59.234585,0.0],[17.94384,59.234609,0.0],[17.944034,59.23457,0.0],[17.944133,59.234511,0.0],[17.94425,59.234465,0.0],[17.944362,59.234451,0.0],[17.944512,59.234475,0.0],[17.944706,59.234482,0.0],[17.944821,59.234464,0.0],[17.945026,59.234449,0.0],[17.945143,59.234411,0.0],[17.945245,59.234375,0.0],[17.94537,59.234363,0.0],[17.945717,59.234329,0.0],[17.946166,59.234262,0.0],[17.946283,59.234246,0.0],[17.946501,59.234246,0.0],[17.946796,59.234283,0.0],[17.947416,59.234328,0.0],[17.947567,59.234415,0.0],[17.947643,59.234503,0.0],[17.947777,59.23456,0.0],[17.947842,59.234563,0.0],[17.947812,59.234724,0.0],[17.948043,59.234733,0.0],[17.94801,59.234902,0.0],[17.94809,59.234914,0.0],[17.948219,59.234898,0.0],[17.948389,59.234775,0.0],[17.948568,59.234673,0.0],[17.948758,59.234565,0.0],[17.949006,59.23443,0.0],[17.949284,59.234294,0.0],[17.949531,59.234199,0.0],[17.949686,59.23416,0.0],[17.949837,59.234229,0.0],[17.949867,59.234147,0.0],[17.949933,59.234066,0.0],[17.950225,59.233968,0.0],[17.950394,59.233878,0.0],[17.950621,59.233817,0.0],[17.950936,59.233775,0.0],[17.951168,59.233755,0.0],[17.951392,59.233751,0.0],[17.951629,59.23374,0.0],[17.951804,59.233755,0.0],[17.952001,59.233785,0.0],[17.952241,59.233799,0.0],[17.952454,59.233833,0.0],[17.952722,59.233895,0.0],[17.953061,59.233932,0.0],[17.953197,59.233914,0.0],[17.953252,59.233865,0.0],[17.95332,59.233815,0.0],[17.953348,59.233721,0.0],[17.953443,59.2337,0.0],[17.954421,59.233622,0.0],[17.954547,59.233708,0.0],[17.954766,59.233893,0.0],[17.954938,59.234145,0.0],[17.955034,59.234238,0.0],[17.955048,59.234292,0.0],[17.95494,59.234559,0.0],[17.954692,59.235359,0.0],[17.954719,59.235435,0.0],[17.954779,59.235497,0.0],[17.95496,59.23546,0.0],[17.955304,59.235357,0.0],[17.955594,59.235281,0.0],[17.956025,59.235212,0.0],[17.956578,59.234921,0.0],[17.957124,59.234708,0.0],[17.957556,59.234593,0.0],[17.958157,59.234549,0.0],[17.958802,59.234504,0.0],[17.959474,59.234488,0.0],[17.959775,59.234483,0.0],[17.959934,59.234503,0.0],[17.960079,59.234495,0.0],[17.960173,59.234471,0.0],[17.960244,59.234439,0.0],[17.96036,59.234394,0.0],[17.960539,59.234386,0.0],[17.96061,59.234384,0.0],[17.960776,59.234364,0.0],[17.960867,59.234337,0.0],[17.961051,59.234242,0.0],[17.961263,59.234073,0.0],[17.961418,59.233889,0.0]],"type":"LineString"},"id":"vandringsleder.1638","properties":{"andrad_datum":"2023-06-26T10:11:03.567","ansvarig":null,"namn":"Fornstigen Glömsta-Kästa-Vista","omrade":"Glömsta-Kästa_Vista","skapad_datum":null},"type":"Feature"}
 ,{"bbox":[17.87631,59.222984,17.901429,59.230923],"geometry":{"coordinates":[[17.880974,59.230841,0.0],[17.881015,59.230911,0.0],[17.88184,59.230923,0.0],[17.882406,59.230874,0.0],[17.882802,59.230909,0.0],[17.883204,59.230488,0.0],[17.88363,59.230159,0.0],[17.883779,59.230066,0.0],[17.883862,59.229956,0.0],[17.884019,59.22984,0.0],[17.88423,59.22973,0.0],[17.884424,59.22959,0.0],[17.884561,59.229468,0.0],[17.884644,59.229377,0.0],[17.88485,59.229371,0.0],[17.885502,59.229378,0.0],[17.886419,59.22919,0.0],[17.887071,59.229125,0.0],[17.887838,59.229221,0.0],[17.88903,59.229506,0.0],[17.889265,59.229677,0.0],[17.889454,59.229774,0.0],[17.890246,59.229792,0.0],[17.890569,59.229723,0.0],[17.891019,59.229679,0.0],[17.891782,59.229768,0.0],[17.891992,59.229774,0.0],[17.892248,59.229675,0.0],[17.892741,59.229354,0.0],[17.893278,59.229095,0.0],[17.893563,59.229036,0.0],[17.894302,59.229013,0.0],[17.89462,59.228933,0.0],[17.89521,59.228779,0.0],[17.895702,59.22858,0.0],[17.896325,59.22842,0.0],[17.896953,59.228182,0.0],[17.897755,59.22777,0.0],[17.898082,59.22758,0.0],[17.898594,59.227447,0.0],[17.899028,59.227329,0.0],[17.900073,59.22693,0.0],[17.901176,59.226489,0.0],[17.901267,59.226364,0.0],[17.901334,59.226193,0.0],[17.901387,59.226129,0.0],[17.901429,59.226017,0.0],[17.901405,59.225869,0.0],[17.901355,59.225793,0.0],[17.901075,59.225585,0.0],[17.900812,59.225391,0.0],[17.900408,59.225236,0.0],[17.900099,59.225149,0.0],[17.899847,59.225123,0.0],[17.899538,59.225062,0.0],[17.899377,59.225045,0.0],[17.89917,59.225057,0.0],[17.898944,59.225004,0.0],[17.898387,59.224877,0.0],[17.897706,59.224811,0.0],[17.897405,59.224781,0.0],[17.89722,59.224751,0.0],[17.897046,59.2247,0.0],[17.89689,59.224603,0.0],[17.896016,59.224247,0.0],[17.89567,59.224092,0.0],[17.895312,59.223946,0.0],[17.89497,59.223749,0.0],[17.894686,59.223567,0.0],[17.894409,59.223484,0.0],[17.894216,59.223385,0.0],[17.893923,59.223215,0.0],[17.893775,59.223116,0.0],[17.89347,59.223008,0.0],[17.89314,59.222984,0.0],[17.892798,59.222996,0.0],[17.892579,59.223024,0.0],[17.892071,59.223174,0.0],[17.891311,59.223346,0.0],[17.891055,59.223469,0.0],[17.890873,59.223521,0.0],[17.890675,59.223547,0.0],[17.890225,59.223565,0.0],[17.88971,59.22351,0.0],[17.889013,59.223408,0.0],[17.888522,59.223344,0.0],[17.888142,59.223327,0.0],[17.887437,59.223362,0.0],[17.887342,59.223351,0.0],[17.88702,59.223377,0.0],[17.886479,59.223454,0.0],[17.885831,59.223475,0.0],[17.885575,59.223453,0.0],[17.885398,59.223392,0.0],[17.885205,59.223295,0.0],[17.884334,59.22333,0.0],[17.884061,59.223351,0.0],[17.883908,59.223577,0.0],[17.883619,59.223763,0.0],[17.883238,59.223948,0.0],[17.882982,59.22409,0.0],[17.882742,59.224155,0.0],[17.882478,59.224339,0.0],[17.882308,59.224426,0.0],[17.882197,59.224453,0.0],[17.881825,59.224567,0.0],[17.881569,59.224702,0.0],[17.881531,59.224831,0.0],[17.881502,59.224992,0.0],[17.881389,59.225275,0.0],[17.880968,59.225315,0.0],[17.880721,59.225327,0.0],[17.880469,59.225291,0.0],[17.879929,59.225172,0.0],[17.87969,59.224992,0.0],[17.879381,59.224882,0.0],[17.879315,59.224801,0.0],[17.879031,59.224782,0.0],[17.878771,59.224858,0.0],[17.878543,59.224921,0.0],[17.878341,59.225097,0.0],[17.878266,59.225166,0.0],[17.877713,59.225193,0.0],[17.87756,59.225176,0.0],[17.877503,59.225136,0.0],[17.877524,59.225079,0.0],[17.877449,59.225049,0.0],[17.877504,59.224857,0.0],[17.877483,59.22477,0.0],[17.877442,59.224736,0.0],[17.877356,59.224757,0.0],[17.877174,59.224806,0.0],[17.876901,59.224968,0.0],[17.876839,59.225064,0.0],[17.876863,59.225281,0.0],[17.876788,59.225404,0.0],[17.876788,59.225501,0.0],[17.876762,59.225586,0.0],[17.876733,59.225654,0.0],[17.87696,59.225738,0.0],[17.877154,59.225832,0.0],[17.877285,59.225969,0.0],[17.877343,59.226037,0.0],[17.877379,59.22632,0.0],[17.877275,59.226422,0.0],[17.876949,59.22654,0.0],[17.876784,59.226616,0.0],[17.876734,59.226688,0.0],[17.876824,59.226944,0.0],[17.876782,59.227028,0.0],[17.876674,59.227197,0.0],[17.876665,59.227411,0.0],[17.87664,59.227559,0.0],[17.87659,59.227747,0.0],[17.876746,59.227925,0.0],[17.876845,59.227982,0.0],[17.877075,59.228067,0.0],[17.87712,59.228188,0.0],[17.876889,59.228278,0.0],[17.876752,59.228399,0.0],[17.877043,59.229008,0.0],[17.876948,59.229211,0.0],[17.876753,59.229365,0.0],[17.87631,59.229653,0.0],[17.876801,59.229668,0.0],[17.876909,59.229719,0.0],[17.87716,59.229772,0.0],[17.877242,59.230038,0.0],[17.877847,59.23038,0.0],[17.878634,59.230803,0.0],[17.878774,59.230812,0.0],[17.879047,59.230789,0.0],[17.879327,59.230753,0.0],[17.879922,59.23065,0.0],[17.88005,59.230627,0.0],[17.880569,59.23083,0.0],[17.880664,59.230879,0.0],[17.880813,59.23089,0.0],[17.880945,59.230839,0.0]],"type":"LineString"},"id":"vandringsleder.1639","properties":{"andrad_datum":"2023-06-26T14:00:52.647","ansvarig":"Flottsbro/Huddinge kommun","namn":"Utkiksrundan","omrade":"Flottsbro","skapad_datum":null},"type":"Feature"}
 ,{"bbox":[17.880982,59.226493,17.904566,59.235711],"geometry":{"coordinates":[[17.881021,59.230846,0.0],[17.881122,59.230896,0.0],[17.881756,59.230915,0.0],[17.88233,59.230853,0.0],[17.882794,59.230906,0.0],[17.883187,59.230484,0.0],[17.883775,59.230067,0.0],[17.88392,59.229884,0.0],[17.884381,59.229619,0.0],[17.884617,59.229376,0.0],[17.88536,59.229383,0.0],[17.885512,59.229375,0.0],[17.886423,59.229189,0.0],[17.886545,59.229154,0.0],[17.887057,59.229128,0.0],[17.887822,59.229221,0.0],[17.889034,59.229508,0.0],[17.889238,59.229659,0.0],[17.889461,59.229776,0.0],[17.890245,59.229792,0.0],[17.890585,59.229718,0.0],[17.891017,59.229678,0.0],[17.89178,59.229766,0.0],[17.892001,59.229776,0.0],[17.892255,59.229674,0.0],[17.892768,59.229344,0.0],[17.893266,59.229098,0.0],[17.893561,59.229034,0.0],[17.894302,59.229014,0.0],[17.895217,59.228776,0.0],[17.895702,59.228576,0.0],[17.896334,59.22842,0.0],[17.896916,59.228194,0.0],[17.897617,59.227838,0.0],[17.898088,59.227578,0.0],[17.899034,59.227325,0.0],[17.899999,59.226953,0.0],[17.901166,59.226493,0.0],[17.901275,59.226599,0.0],[17.901394,59.226654,0.0],[17.901444,59.226697,0.0],[17.901614,59.226813,0.0],[17.901593,59.226882,0.0],[17.901787,59.227028,0.0],[17.901994,59.22729,0.0],[17.902004,59.227298,0.0],[17.902086,59.227333,0.0],[17.902127,59.227339,0.0],[17.902195,59.227327,0.0],[17.902226,59.227338,0.0],[17.902364,59.227409,0.0],[17.902512,59.227522,0.0],[17.902625,59.227603,0.0],[17.902662,59.227632,0.0],[17.902802,59.227739,0.0],[17.902782,59.227772,0.0],[17.902796,59.227824,0.0],[17.902746,59.227874,0.0],[17.902701,59.227963,0.0],[17.90267,59.228035,0.0],[17.902482,59.22812,0.0],[17.902446,59.228192,0.0],[17.902355,59.228304,0.0],[17.902214,59.228493,0.0],[17.902181,59.228662,0.0],[17.90217,59.228751,0.0],[17.902112,59.228873,0.0],[17.902035,59.22899,0.0],[17.901973,59.229123,0.0],[17.901927,59.229372,0.0],[17.901867,59.22948,0.0],[17.901821,59.229603,0.0],[17.90174,59.229704,0.0],[17.901707,59.229822,0.0],[17.901645,59.229931,0.0],[17.901568,59.230029,0.0],[17.901552,59.230082,0.0],[17.901508,59.230164,0.0],[17.901438,59.230233,0.0],[17.901402,59.230304,0.0],[17.901382,59.230342,0.0],[17.901328,59.230372,0.0],[17.901255,59.230438,0.0],[17.901185,59.23052,0.0],[17.901073,59.230658,0.0],[17.901069,59.230681,0.0],[17.901026,59.23073,0.0],[17.900961,59.230815,0.0],[17.900928,59.230895,0.0],[17.900901,59.231001,0.0],[17.900869,59.231192,0.0],[17.900882,59.23128,0.0],[17.900933,59.231464,0.0],[17.90099,59.231573,0.0],[17.901087,59.231683,0.0],[17.901256,59.231752,0.0],[17.901419,59.231822,0.0],[17.901546,59.231881,0.0],[17.90167,59.231911,0.0],[17.901668,59.231986,0.0],[17.901682,59.232016,0.0],[17.901719,59.232037,0.0],[17.90174,59.232082,0.0],[17.901782999999998,59.23215,0.0],[17.901737,59.232202,0.0],[17.901927,59.23225,0.0],[17.902253,59.232251,0.0],[17.902334,59.232251,0.0],[17.902492,59.232262,0.0],[17.902872,59.232279,0.0],[17.903058,59.232283,0.0],[17.903184,59.232333,0.0],[17.903287,59.232357,0.0],[17.903631,59.232404,0.0],[17.903676,59.232429,0.0],[17.903713,59.232521,0.0],[17.903748,59.232629,0.0],[17.903748,59.232673,0.0],[17.903659,59.232731,0.0],[17.903523,59.23278,0.0],[17.903314,59.232858,0.0],[17.903072,59.23294,0.0],[17.902969,59.23303,0.0],[17.902915,59.233164,0.0],[17.902888,59.233253,0.0],[17.902912,59.233371,0.0],[17.902974,59.233481,0.0],[17.903176,59.233711,0.0],[17.90326,59.233803,0.0],[17.903328,59.233859,0.0],[17.903454,59.233909,0.0],[17.903744,59.23407,0.0],[17.903897,59.234134,0.0],[17.904098,59.234292,0.0],[17.904401,59.234474,0.0],[17.904535,59.234558,0.0],[17.904566,59.23466,0.0],[17.904557,59.234898,0.0],[17.904544,59.234989,0.0],[17.904526,59.235069,0.0],[17.904424,59.235119,0.0],[17.904278,59.235154,0.0],[17.904183,59.235189,0.0],[17.904057,59.235242,0.0],[17.903939,59.235289,0.0],[17.903858,59.23539,0.0],[17.903849,59.235531,0.0],[17.90387,59.235564,0.0],[17.903857,59.235609,0.0],[17.90374,59.235641,0.0],[17.903504,59.235679,0.0],[17.903281,59.23569,0.0],[17.903164,59.235711,0.0],[17.902959,59.235708,0.0],[17.902767,59.235688,0.0],[17.902551,59.235698,0.0],[17.902348,59.235699,0.0],[17.902148,59.235679,0.0],[17.901969,59.23565,0.0],[17.901748,59.235587,0.0],[17.901583,59.235529,0.0],[17.901462,59.23545,0.0],[17.901439,59.235353,0.0],[17.901407,59.235267,0.0],[17.901434,59.235186,0.0],[17.901454,59.235119,0.0],[17.90149,59.235037,0.0],[17.901492,59.234897,0.0],[17.901451,59.234762,0.0],[17.901438,59.234538,0.0],[17.90125,59.234339,0.0],[17.901172,59.234258,0.0],[17.901057,59.23419,0.0],[17.90101,59.234118,0.0],[17.90102,59.23393,0.0],[17.901041,59.233857,0.0],[17.901059,59.233781,0.0],[17.901175,59.233729,0.0],[17.901231,59.23369,0.0],[17.90127,59.233647,0.0],[17.901263,59.233499,0.0],[17.901251,59.233399,0.0],[17.901271,59.233307,0.0],[17.901259,59.23325,0.0],[17.901079,59.23312,0.0],[17.900856,59.233018,0.0],[17.900608,59.233019,0.0],[17.90046,59.233029,0.0],[17.900315,59.233029,0.0],[17.900139,59.23302,0.0],[17.899909,59.23305,0.0],[17.899749,59.2331,0.0],[17.89949,59.233111,0.0],[17.899254,59.233009,0.0],[17.899122,59.23298,0.0],[17.89894,59.23296,0.0],[17.898868,59.23299,0.0],[17.898765,59.233053,0.0],[17.898585,59.233099,0.0],[17.898458,59.23316,0.0],[17.898268,59.233209,0.0],[17.8981,59.23324,0.0],[17.897865,59.233269,0.0],[17.897661,59.233312,0.0],[17.897459,59.233308,0.0],[17.897258,59.23332,0.0],[17.897198,59.233319,0.0],[17.897146,59.23331,0.0],[17.897045,59.2333,0.0],[17.896775,59.23331,0.0],[17.896687,59.233299,0.0],[17.896417,59.23326,0.0],[17.896369,59.233238,0.0],[17.896197,59.233209,0.0],[17.896141,59.23321,0.0],[17.89595,59.23319,0.0],[17.895825,59.2332,0.0],[17.895607,59.233219,0.0],[17.895518,59.23324,0.0],[17.895199,59.233209,0.0],[17.895102,59.23312,0.0],[17.89503,59.233039,0.0],[17.894919,59.23308,0.0],[17.894759,59.2331,0.0],[17.894557,59.2331,0.0],[17.894439,59.23314,0.0],[17.894239,59.233158,0.0],[17.8941,59.23316,0.0],[17.893931,59.233161,0.0],[17.893831,59.233141,0.0],[17.893619,59.233131,0.0],[17.893112,59.232969,0.0],[17.892928,59.232877,0.0],[17.892568,59.23254,0.0],[17.892491,59.232547,0.0],[17.892377,59.23264,0.0],[17.892179,59.232702,0.0],[17.892086,59.232718,0.0],[17.891973,59.232769,0.0],[17.891803,59.232822,0.0],[17.891694,59.232894,0.0],[17.89164,59.232921,0.0],[17.891462,59.232979,0.0],[17.891247,59.233088,0.0],[17.891055,59.233179,0.0],[17.890979,59.23321,0.0],[17.890642,59.233168,0.0],[17.890506,59.23316,0.0],[17.890382,59.233184,0.0],[17.890264,59.233228,0.0],[17.890143,59.233289,0.0],[17.88994,59.233337,0.0],[17.889851,59.23336,0.0],[17.889672,59.233348,0.0],[17.889447,59.23337,0.0],[17.889348,59.233431,0.0],[17.889158,59.233488,0.0],[17.889133,59.233477,0.0],[17.888949,59.233493,0.0],[17.888763,59.233544,0.0],[17.888454,59.233539,0.0],[17.888299,59.233579,0.0],[17.887989,59.233567,0.0],[17.887428,59.233649,0.0],[17.88701,59.233773,0.0],[17.886886,59.233791,0.0],[17.886581,59.233817,0.0],[17.886453,59.23382,0.0],[17.886321,59.23381,0.0],[17.886146,59.233814,0.0],[17.885999,59.23373,0.0],[17.886002,59.233649,0.0],[17.885899,59.23356,0.0],[17.885709,59.233529,0.0],[17.885688,59.233506,0.0],[17.885612,59.233467,0.0],[17.885586,59.233415,0.0],[17.885536,59.233378,0.0],[17.885561,59.233291,0.0],[17.88553,59.233243,0.0],[17.885539,59.233097,0.0],[17.88556,59.232936,0.0],[17.885587,59.232889,0.0],[17.885619,59.232757,0.0],[17.885731,59.23265,0.0],[17.885739,59.23262,0.0],[17.885694,59.232591,0.0],[17.885407,59.232541,0.0],[17.885134,59.232559,0.0],[17.884986,59.232599,0.0],[17.884891,59.232611,0.0],[17.884684,59.232592,0.0],[17.884532,59.232554,0.0],[17.884476,59.232515,0.0],[17.884498,59.232336,0.0],[17.884659,59.232029,0.0],[17.884618,59.23199,0.0],[17.884474,59.231938,0.0],[17.884404,59.231867,0.0],[17.884268,59.231792,0.0],[17.884192,59.231788,0.0],[17.884047,59.231835,0.0],[17.883963,59.231846,0.0],[17.883909,59.231837,0.0],[17.883816,59.23184,0.0],[17.883758,59.231806,0.0],[17.883711,59.231733,0.0],[17.883396,59.231599,0.0],[17.883235,59.231535,0.0],[17.882876,59.231462,0.0],[17.882491,59.231411,0.0],[17.881984,59.231145,0.0],[17.881956,59.231006,0.0],[17.881021,59.230906,0.0],[17.880982,59.230843,0.0]],"type":"LineString"},"id":"vandringsleder.1640","properties":{"andrad_datum":"2023-06-26T14:07:43.020","ansvarig":null,"namn":"Skogsrundan","omrade":"Flottsbro","skapad_datum":null},"type":"Feature"}
 ,{"bbox":[17.971376,59.176059,17.998185,59.190409],"geometry":{"coordinates":[[17.998153,59.190395],[17.997612,59.190184],[17.996752,59.190377],[17.996507,59.190379],[17.995477,59.190297],[17.994677,59.190002],[17.995202,59.189846],[17.995192,59.189748],[17.994657,59.189435],[17.994172,59.189397],[17.993772,59.189417],[17.992607,59.189096],[17.991802,59.188989],[17.991287,59.188868],[17.990647,59.188678],[17.990472,59.188542],[17.990162,59.188416],[17.989847,59.188398],[17.989437,59.188563],[17.989137,59.188614],[17.988748,59.188606],[17.988583,59.188552],[17.988243,59.188419],[17.988068,59.188301],[17.987158,59.187585],[17.986733,59.187452],[17.985559,59.186492],[17.985119,59.186525],[17.984819,59.186461],[17.983969,59.186071],[17.983125,59.185573],[17.982815,59.185263],[17.98256,59.185063],[17.982245,59.184965],[17.98133,59.184806],[17.981045,59.184647],[17.980806,59.18456],[17.980191,59.184444],[17.979871,59.184331],[17.979436,59.184116],[17.977807,59.183546],[17.976822,59.183138],[17.976552,59.183115],[17.976338,59.183086],[17.976088,59.182927],[17.975768,59.18263],[17.974994,59.181803],[17.973944,59.180469],[17.973576,59.180121],[17.973138,59.179288],[17.972451,59.178761],[17.971964,59.178311],[17.971376,59.177871],[17.971406,59.177631],[17.971865,59.177079],[17.971945,59.176726],[17.972154,59.176522],[17.972204,59.17622],[17.972573,59.176098],[17.972988,59.176059],[17.974263,59.176202],[17.976165,59.177021],[17.976473,59.177225],[17.978425,59.177972],[17.979052,59.178166],[17.980058,59.178729],[17.981163,59.179102],[17.982259,59.179624],[17.987975,59.182242],[17.988463,59.182462],[17.98914,59.182636],[17.990395,59.183219],[17.990963,59.183612],[17.992347,59.185233],[17.993662,59.186261],[17.993752,59.186353],[17.992965,59.186501],[17.993592,59.186884],[17.993772,59.187232],[17.993891,59.187554],[17.994061,59.187636],[17.99421,59.187799],[17.994718,59.187994],[17.994957,59.188428],[17.995266,59.188696],[17.996432,59.188941],[17.99676,59.189325],[17.99696,59.189631],[17.997448,59.189693],[17.997438,59.189948],[17.997587,59.190158],[17.998185,59.190409]],"type":"LineString"},"id":"vandringsleder.1703","properties":{"andrad_datum":"2024-02-26T08:01:19.073","ansvarig":null,"namn":"Gladö torparled","omrade":"Gladö Kvarnsjöns naturreservat","skapad_datum":"2024-02-26T08:01:19.073"},"type":"Feature"}
 ]
}