{
  "type": "FeatureCollection",
  "features": [
    {
      "id": 785,
      "type": "Feature",
      "properties": {
        "name": "Vihaga-kullen",
        "type": "Aktivitetsyta",
        "created": "2019-10-14 11:01:03",
        "updated": "2019-10-15 14:06:39",
        "published": false
      },
      "geometry": null
    },
    {
      "id": 786,
      "type": "Feature",
      "properties": {
        "name": "Flottiljvägen",
        "type": "Aktivitetsyta",
        "created": "2019-10-14 11:21:57",
        "updated": "2019-10-15 14:14:40",
        "published": false
      },
      "geometry": null
    },
    {
      "id": 789,
      "type": "Feature",
      "properties": {
        "name": "Knopvägen/Riggvägen",
        "type": "Aktivitetsyta",
        "created": "2019-10-14 14:22:43",
        "updated": "2019-10-15 14:16:59",
        "published": false
      },
      "geometry": null
    },
    {
      "id": 790,
      "type": "Feature",
      "properties": {
        "name": "Vibackeskolan",
        "type": "Aktivitetsyta",
        "created": "2019-10-14 16:29:44",
        "updated": "2020-03-24 14:41:49",
        "published": false
      },
      "geometry": null
    },
    {
      "id": 791,
      "type": "Feature",
      "properties": {
        "name": "Släda 2",
        "type": "Aktivitetsyta",
        "created": "2019-10-14 17:01:14",
        "updated": "2019-10-15 14:47:06",
        "published": false
      },
      "geometry": null
    },
    {
      "id": 792,
      "type": "Feature",
      "properties": {
        "name": "Släda IP",
        "type": "Aktivitetsyta",
        "created": "2019-10-14 17:09:01",
        "updated": "2019-10-15 15:56:41",
        "published": false
      },
      "geometry": null
    },
    {
      "id": 794,
      "type": "Feature",
      "properties": {
        "name": "Släda IP",
        "type": "Aktivitetsyta",
        "created": "2019-10-15 16:00:30",
        "updated": "2019-10-15 16:00:52",
        "published": false
      },
      "geometry": null
    },
    {
      "id": 795,
      "type": "Feature",
      "properties": {
        "name": "Släda IP",
        "type": "Aktivitetsyta",
        "created": "2019-10-15 16:03:54",
        "updated": "2019-10-15 16:04:11",
        "published": false
      },
      "geometry": null
    },
    {
      "id": 796,
      "type": "Feature",
      "properties": {
        "name": "Uslands skola grusplan och isplanen",
        "type": "Aktivitetsyta",
        "created": "2019-10-15 16:15:32",
        "updated": "2023-01-02 13:50:18",
        "published": true,
        "owner": {
          "organizationID": 168,
          "name": "Sundsvalls kommun Drakfastigheter"
        },
        "manager": {
          "organizationID": 170,
          "name": "Sundsvalls kommun Idrott och fritid"
        },
        "tags": [
          "7-mannaplan",
          "bollplan",
          "fotboll",
          "grusplan",
          "spontanyta"
        ],
        "fields": [
          {
            "id": 34,
            "name": "Underlag",
            "type": "DROPDOWN",
            "value": "Grus"
          },
          {
            "id": 140,
            "name": "Isplanens storlek",
            "type": "DROPDOWN",
            "value": "20x40"
          },
          {
            "id": 153,
            "name": "Allmänt tillgänglig",
            "type": "DROPDOWN",
            "value": "Utanför skoltid"
          },
          {
            "id": 142,
            "name": "Fotbollsplan 5-manna antal",
            "type": "INTEGER",
            "value": 1
          },
          {
            "id": 143,
            "name": "Fotbollsplan 7-manna antal",
            "type": "INTEGER",
            "value": 1
          },
          {
            "id": 7,
            "name": "Tillhörande filer",
            "type": "FILES",
            "value": [
              {
                "id": 2284,
                "filename": "Usland skola isbana (1).jpg",
                "description": "Isplan vid Uslands skola",
                "alttext": "Isplan med målburar",
                "sourcetext": "Sundsvalls kommun",
                "validForWinter": true,
                "validForSummer": false,
                "sortIndex": 1,
                "type": "image/jpeg",
                "size": 955471,
                "url": "https://api.sundsvall.se/facilities/2.2/field/filesfield/2284",
                "license": "CC0",
                "licenseDescription": "Creative commons. \"No rights reserved\" https://creativecommons.org/share-your-work/public-domain/cc0/"
              },
              {
                "id": 548,
                "filename": "Uslands skola Grusplan 1c light.jpg",
                "description": "Grusplan vid Uslands skola",
                "alttext": "Grusplan med målburar",
                "sourcetext": "Sundsvalls kommun",
                "validForWinter": false,
                "validForSummer": true,
                "sortIndex": 2,
                "type": "image/jpeg",
                "size": 1221415,
                "url": "https://api.sundsvall.se/facilities/2.2/field/filesfield/548",
                "license": "CC0",
                "licenseDescription": "Creative commons. \"No rights reserved\" https://creativecommons.org/share-your-work/public-domain/cc0/"
              }
            ]
          },
          {
            "id": 137,
            "name": "Isplan enklare",
            "type": "TOGGLE",
            "value": "Ja"
          },
          {
            "id": 138,
            "name": "Ishockeyplan",
            "type": "TOGGLE",
            "value": "Nej"
          },
          {
            "id": 139,
            "name": "Bandyplan",
            "type": "TOGGLE",
            "value": "Nej"
          },
          {
            "id": 141,
            "name": "Fotbollsplan enklare",
            "type": "TOGGLE",
            "value": "Ja"
          },
          {
            "id": 147,
            "name": "Sarg",
            "type": "TOGGLE",
            "value": "Nej"
          },
          {
            "id": 154,
            "name": "Bokningsbar",
            "type": "TOGGLE",
            "value": "Nej"
          },
          {
            "id": 156,
            "name": "Amerikansk fotbollsplan",
            "type": "TOGGLE",
            "value": "Nej"
          },
          {
            "id": 157,
            "name": "Baseball eller softball",
            "type": "TOGGLE",
            "value": "Nej"
          },
          {
            "id": 182,
            "name": "Rugby",
            "type": "TOGGLE",
            "value": "Nej"
          },
          {
            "id": 225,
            "name": "Friidrott",
            "type": "TOGGLE",
            "value": "Nej"
          },
          {
            "id": 279,
            "name": "Belysning",
            "type": "TOGGLE",
            "value": "Ja"
          },
          {
            "id": 285,
            "name": "Felanmälan",
            "type": "Felanmälningstjänst",
            "reportName": "Kontakt Sundsvall",
            "reportDescription": "Felanmälan av motionsspår, elljusspår, leder och andra friluftsanläggningar",
            "reportLink": "https://sundsvall.se/kommun-och-politik/politik-och-demokrati/dialog-och-synpunkter/felanmalan",
            "reportPhone": "060-19 10 00",
            "reportEmail": "kontakt@sundsvall.se"
          },
          {
            "id": 1,
            "name": "Beskrivning",
            "type": "FREETEXT",
            "value": "Sommartid en 7-manna grusplan intill Uslands skola. Vintertid spolas och snöröjs isplanen en gång i veckan."
          },
          {
            "id": 180,
            "name": "Kontakt länk",
            "type": "FREETEXT",
            "value": "https://sundsvall.se/uppleva-och-gora/idrott-motion-och-friluftsliv/hallar-och-idrottsanlaggningar/ishallar-och-isbanor"
          }
        ],
        "centerPoint": [
          17.42842380365388,
          62.42075702529291
        ]
      },
      "geometry": {
        "type": "MultiPolygon",
        "coordinates": [
          [
            [
              [
                17.428771593881844,
                62.42103804538807
              ],
              [
                17.428785133659883,
                62.421037809376244
              ],
              [
                17.428821575900738,
                62.42048396661722
              ],
              [
                17.428101436027845,
                62.42046508568337
              ],
              [
                17.428025378913084,
                62.42103219129709
              ],
              [
                17.428365400350206,
                62.421045125144
              ],
              [
                17.428690864217362,
                62.421045739009976
              ],
              [
                17.428771593881844,
                62.42103804538807
              ]
            ]
          ]
        ]
      }
    },
    {
      "id": 797,
      "type": "Feature",
      "properties": {
        "name": "Fullriggarvägen",
        "type": "Aktivitetsyta",
        "created": "2019-10-15 16:22:15",
        "updated": "2019-10-18 14:34:22",
        "published": false
      },
      "geometry": null
    },
    {
      "id": 798,
      "type": "Feature",
      "properties": {
        "name": "Eriksdal/Hovid",
        "type": "Aktivitetsyta",
        "created": "2019-10-15 16:34:58",
        "updated": "2019-10-15 16:36:00",
        "published": false
      },
      "geometry": null
    },
    {
      "id": 799,
      "type": "Feature",
      "properties": {
        "name": "Vibackeskolan",
        "type": "Aktivitetsyta",
        "created": "2019-10-15 16:52:21",
        "published": false
      },
      "geometry": null
    },
    {
      "id": 800,
      "type": "Feature",
      "properties": {
        "name": "Vibackeskolan grus- och isplan",
        "type": "Aktivitetsyta",
        "created": "2019-10-15 16:54:41",
        "updated": "2023-01-02 13:05:07",
        "published": true,
        "owner": {
          "organizationID": 168,
          "name": "Sundsvalls kommun Drakfastigheter"
        },
        "manager": {
          "organizationID": 170,
          "name": "Sundsvalls kommun Idrott och fritid"
        },
        "tags": [
          "bandy",
          "bollplan",
          "fotboll",
          "grusplan",
          "is",
          "isbana",
          "ishockey",
          "målbur"
        ],
        "fields": [
          {
            "id": 34,
            "name": "Underlag",
            "type": "DROPDOWN",
            "value": "Grus"
          },
          {
            "id": 140,
            "name": "Isplanens storlek",
            "type": "DROPDOWN",
            "value": "20x40"
          },
          {
            "id": 153,
            "name": "Allmänt tillgänglig",
            "type": "DROPDOWN",
            "value": "Utanför skoltid"
          },
          {
            "id": 142,
            "name": "Fotbollsplan 5-manna antal",
            "type": "INTEGER",
            "value": 1
          },
          {
            "id": 137,
            "name": "Isplan enklare",
            "type": "TOGGLE",
            "value": "Ja"
          },
          {
            "id": 138,
            "name": "Ishockeyplan",
            "type": "TOGGLE",
            "value": "Nej"
          },
          {
            "id": 139,
            "name": "Bandyplan",
            "type": "TOGGLE",
            "value": "Nej"
          },
          {
            "id": 141,
            "name": "Fotbollsplan enklare",
            "type": "TOGGLE",
            "value": "Ja"
          },
          {
            "id": 147,
            "name": "Sarg",
            "type": "TOGGLE",
            "value": "Nej"
          },
          {
            "id": 154,
            "name": "Bokningsbar",
            "type": "TOGGLE",
            "value": "Nej"
          },
          {
            "id": 156,
            "name": "Amerikansk fotbollsplan",
            "type": "TOGGLE",
            "value": "Nej"
          },
          {
            "id": 157,
            "name": "Baseball eller softball",
            "type": "TOGGLE",
            "value": "Nej"
          },
          {
            "id": 182,
            "name": "Rugby",
            "type": "TOGGLE",
            "value": "Nej"
          },
          {
            "id": 225,
            "name": "Friidrott",
            "type": "TOGGLE",
            "value": "Nej"
          },
          {
            "id": 279,
            "name": "Belysning",
            "type": "TOGGLE",
            "value": "Ja"
          },
          {
            "id": 285,
            "name": "Felanmälan",
            "type": "Felanmälningstjänst",
            "reportName": "Kontakt Sundsvall",
            "reportDescription": "Felanmälan av motionsspår, elljusspår, leder och andra friluftsanläggningar",
            "reportLink": "https://sundsvall.se/kommun-och-politik/politik-och-demokrati/dialog-och-synpunkter/felanmalan",
            "reportPhone": "060-19 10 00",
            "reportEmail": "kontakt@sundsvall.se"
          },
          {
            "id": 1,
            "name": "Beskrivning",
            "type": "FREETEXT",
            "value": "Belyst grusplan med målburar i anslutning till Vibackeskolan. Vintertid Isbana med hockeymål. Spolning och snöröjning sker vanligtvis en gång i veckan."
          },
          {
            "id": 180,
            "name": "Kontakt länk",
            "type": "FREETEXT",
            "value": "https://sundsvall.se/uppleva-och-gora/idrott-motion-och-friluftsliv/hallar-och-idrottsanlaggningar/ishallar-och-isbanor"
          }
        ],
        "centerPoint": [
          17.417995456696836,
          62.42958708331345
        ]
      },
      "geometry": {
        "type": "MultiPolygon",
        "coordinates": [
          [
            [
              [
                17.41758281771764,
                62.429653292238335
              ],
              [
                17.417978817192335,
                62.42978723796459
              ],
              [
                17.418406162099178,
                62.42950322074046
              ],
              [
                17.41802763363598,
                62.42938406051586
              ],
              [
                17.41758281771764,
                62.429653292238335
              ]
            ]
          ]
        ]
      }
    },
    {
      "id": 801,
      "type": "Feature",
      "properties": {
        "name": "Knopvägen/Riggvägen",
        "type": "Aktivitetsyta",
        "created": "2019-10-15 17:02:54",
        "published": false
      },
      "geometry": null
    },
    {
      "id": 802,
      "type": "Feature",
      "properties": {
        "name": "Äppellunda IP",
        "type": "Aktivitetsyta",
        "created": "2019-10-15 17:19:18",
        "updated": "2022-01-10 15:30:04",
        "published": true,
        "owner": {
          "organizationID": 167,
          "name": "sundsvalls kommun"
        },
        "manager": {
          "organizationID": 2,
          "name": "alnö if"
        },
        "tags": [
          "11-mannaplan",
          "fotboll",
          "gräsplan",
          "alnöif"
        ],
        "fields": [
          {
            "id": 34,
            "name": "Underlag",
            "type": "DROPDOWN",
            "value": "Gräs"
          },
          {
            "id": 153,
            "name": "Allmänt tillgänglig",
            "type": "DROPDOWN",
            "value": "Hela dygnet"
          },
          {
            "id": 142,
            "name": "Fotbollsplan 5-manna antal",
            "type": "INTEGER",
            "value": 2
          },
          {
            "id": 143,
            "name": "Fotbollsplan 7-manna antal",
            "type": "INTEGER",
            "value": 1
          },
          {
            "id": 144,
            "name": "Fotbollsplan 11-mannaplan antal",
            "type": "INTEGER",
            "value": 0
          },
          {
            "id": 7,
            "name": "Tillhörande filer",
            "type": "FILES",
            "value": [
              {
                "id": 554,
                "filename": "Äppellunda (1).JPG",
                "description": "Alnö IF konstgräsplan vid Äppelunda IP",
                "alttext": "Fotbollsplan med konstgräs",
                "sourcetext": "Sundsvalls kommun",
                "validForWinter": false,
                "validForSummer": true,
                "sortIndex": 1,
                "type": "image/jpeg",
                "size": 422188,
                "url": "https://api.sundsvall.se/facilities/2.2/field/filesfield/554",
                "license": "CC0",
                "licenseDescription": "Creative commons. \"No rights reserved\" https://creativecommons.org/share-your-work/public-domain/cc0/"
              }
            ]
          },
          {
            "id": 137,
            "name": "Isplan enklare",
            "type": "TOGGLE",
            "value": "Nej"
          },
          {
            "id": 138,
            "name": "Ishockeyplan",
            "type": "TOGGLE",
            "value": "Nej"
          },
          {
            "id": 139,
            "name": "Bandyplan",
            "type": "TOGGLE",
            "value": "Nej"
          },
          {
            "id": 141,
            "name": "Fotbollsplan enklare",
            "type": "TOGGLE",
            "value": "Ja"
          },
          {
            "id": 147,
            "name": "Sarg",
            "type": "TOGGLE",
            "value": "Nej"
          },
          {
            "id": 154,
            "name": "Bokningsbar",
            "type": "TOGGLE",
            "value": "Ja"
          },
          {
            "id": 156,
            "name": "Amerikansk fotbollsplan",
            "type": "TOGGLE",
            "value": "Nej"
          },
          {
            "id": 157,
            "name": "Baseball eller softball",
            "type": "TOGGLE",
            "value": "Nej"
          },
          {
            "id": 182,
            "name": "Rugby",
            "type": "TOGGLE",
            "value": "Nej"
          },
          {
            "id": 225,
            "name": "Friidrott",
            "type": "TOGGLE",
            "value": "Nej"
          },
          {
            "id": 279,
            "name": "Belysning",
            "type": "TOGGLE",
            "value": "Nej"
          },
          {
            "id": 1,
            "name": "Beskrivning",
            "type": "FREETEXT",
            "value": "Konstgräsplan 7-manna. "
          },
          {
            "id": 155,
            "name": "Bokning länk",
            "type": "FREETEXT",
            "value": "https://www.svenskalag.se/alnoif"
          }
        ],
        "centerPoint": [
          17.419369119484767,
          62.425170093395636
        ]
      },
      "geometry": {
        "type": "MultiPolygon",
        "coordinates": [
          [
            [
              [
                17.418876887482117,
                62.42539127795157
              ],
              [
                17.419497093788955,
                62.42548109374066
              ],
              [
                17.419860333701383,
                62.424941697943915
              ],
              [
                17.419240543246744,
                62.42485690581026
              ],
              [
                17.418876887482117,
                62.42539127795157
              ]
            ]
          ]
        ]
      }
    },
    {
      "id": 803,
      "type": "Feature",
      "properties": {
        "name": "Äppellunda IP",
        "type": "Aktivitetsyta",
        "created": "2019-10-15 17:21:03",
        "updated": "2019-10-16 08:34:08",
        "published": false
      },
      "geometry": null
    },
    {
      "id": 804,
      "type": "Feature",
      "properties": {
        "name": "Öde skolplan",
        "type": "Aktivitetsyta",
        "created": "2019-10-15 17:26:43",
        "updated": "2019-10-17 12:18:24",
        "published": false
      },
      "geometry": null
    },
    {
      "id": 805,
      "type": "Feature",
      "properties": {
        "name": "Kyrkskolan",
        "type": "Aktivitetsyta",
        "created": "2019-10-16 08:52:28",
        "updated": "2022-01-14 08:54:05",
        "published": false
      },
      "geometry": null
    },
    {
      "id": 815,
      "type": "Feature",
      "properties": {
        "name": "Grönyta, Uddevallavägen",
        "type": "Aktivitetsyta",
        "created": "2019-10-16 14:21:12",
        "updated": "2019-10-18 11:17:44",
        "published": false
      },
      "geometry": null
    },
    {
      "id": 816,
      "type": "Feature",
      "properties": {
        "name": "Granloholms Basketplan",
        "type": "Aktivitetsyta",
        "created": "2019-10-16 14:29:03",
        "updated": "2019-10-18 11:18:46",
        "published": false
      },
      "geometry": null
    },
    {
      "id": 817,
      "type": "Feature",
      "properties": {
        "name": "Basketplan, Kungsbackavägen",
        "type": "Aktivitetsyta",
        "created": "2019-10-16 14:36:00",
        "updated": "2020-03-24 14:43:23",
        "published": false
      },
      "geometry": null
    },
    {
      "id": 818,
      "type": "Feature",
      "properties": {
        "name": "Sticksjö Basketplan",
        "type": "Aktivitetsyta",
        "created": "2019-10-16 14:49:17",
        "updated": "2020-03-24 14:44:24",
        "published": false
      },
      "geometry": null
    },
    {
      "id": 819,
      "type": "Feature",
      "properties": {
        "name": "Basketplan, Halmstadsvägen",
        "type": "Aktivitetsyta",
        "created": "2019-10-16 15:55:57",
        "updated": "2020-03-24 14:45:08",
        "published": false
      },
      "geometry": null
    },
    {
      "id": 820,
      "type": "Feature",
      "properties": {
        "name": "Basketkorg, Landskronavägen",
        "type": "Aktivitetsyta",
        "created": "2019-10-16 16:05:05",
        "updated": "2019-10-18 11:22:40",
        "published": false
      },
      "geometry": null
    },
    {
      "id": 821,
      "type": "Feature",
      "properties": {
        "name": "Basketplan, Vänersborgsvägen",
        "type": "Aktivitetsyta",
        "created": "2019-10-16 16:26:47",
        "updated": "2019-10-18 11:27:47",
        "published": false
      },
      "geometry": null
    },
    {
      "id": 823,
      "type": "Feature",
      "properties": {
        "name": "Granloholm Beachvolleyboll",
        "type": "Aktivitetsyta",
        "created": "2019-10-16 16:44:37",
        "updated": "2023-05-11 15:37:18",
        "published": true,
        "owner": {
          "organizationID": 36,
          "name": "Sundsvalls kommun Friluftsenheten"
        },
        "manager": {
          "organizationID": 36,
          "name": "Sundsvalls kommun Friluftsenheten"
        },
        "fields": [
          {
            "id": 153,
            "name": "Allmänt tillgänglig",
            "type": "DROPDOWN",
            "value": "Hela dygnet"
          },
          {
            "id": 137,
            "name": "Isplan enklare",
            "type": "TOGGLE",
            "value": "Nej"
          },
          {
            "id": 138,
            "name": "Ishockeyplan",
            "type": "TOGGLE",
            "value": "Nej"
          },
          {
            "id": 139,
            "name": "Bandyplan",
            "type": "TOGGLE",
            "value": "Nej"
          },
          {
            "id": 141,
            "name": "Fotbollsplan enklare",
            "type": "TOGGLE",
            "value": "Nej"
          },
          {
            "id": 147,
            "name": "Sarg",
            "type": "TOGGLE",
            "value": "Nej"
          },
          {
            "id": 154,
            "name": "Bokningsbar",
            "type": "TOGGLE",
            "value": "Nej"
          },
          {
            "id": 156,
            "name": "Amerikansk fotbollsplan",
            "type": "TOGGLE",
            "value": "Nej"
          },
          {
            "id": 157,
            "name": "Baseball eller softball",
            "type": "TOGGLE",
            "value": "Nej"
          },
          {
            "id": 182,
            "name": "Rugby",
            "type": "TOGGLE",
            "value": "Nej"
          },
          {
            "id": 225,
            "name": "Friidrott",
            "type": "TOGGLE",
            "value": "Nej"
          },
          {
            "id": 279,
            "name": "Belysning",
            "type": "TOGGLE",
            "value": "Nej"
          },
          {
            "id": 285,
            "name": "Felanmälan",
            "type": "Felanmälningstjänst",
            "reportName": "Sundsvalls kommun Kommunal fastighet",
            "reportDescription": "Felanmälan av kommunala byggnader/fastigheter",
            "reportLink": "https://dedu.se/deduwebextern/sundsvallskommun/drakfastigheter/index.html#!/",
            "reportPhone": null,
            "reportEmail": null
          },
          {
            "id": 1,
            "name": "Beskrivning",
            "type": "FREETEXT",
            "value": "Sandyta för beachvolleyboll. Nyttjas genom Centrumvillan"
          },
          {
            "id": 155,
            "name": "Bokning länk",
            "type": "FREETEXT",
            "value": "https://www.ungisundsvall.se/motesplatser/sundsvalls-fritidsgardar/centrumvillan/"
          }
        ],
        "centerPoint": [
          17.269158733329483,
          62.41145840046915
        ]
      },
      "geometry": {
        "type": "MultiPolygon",
        "coordinates": [
          [
            [
              [
                17.268873929273283,
                62.41155311308568
              ],
              [
                17.269446570780058,
                62.41155484934658
              ],
              [
                17.269445111918486,
                62.41136377730485
              ],
              [
                17.26931059708786,
                62.41136295119942
              ],
              [
                17.268862405051994,
                62.41137226267704
              ],
              [
                17.268873929273283,
                62.41155311308568
              ]
            ]
          ]
        ]
      }
    },
    {
      "id": 824,
      "type": "Feature",
      "properties": {
        "name": "Bollplan, Lysekilsvägen",
        "type": "Aktivitetsyta",
        "created": "2019-10-16 16:57:24",
        "updated": "2020-03-24 14:45:41",
        "published": false
      },
      "geometry": null
    },
    {
      "id": 825,
      "type": "Feature",
      "properties": {
        "name": "Granbergsskolan västra grusplan och isplan",
        "type": "Aktivitetsyta",
        "created": "2019-10-16 17:02:01",
        "updated": "2023-01-02 16:14:13",
        "published": true,
        "owner": {
          "organizationID": 168,
          "name": "Sundsvalls kommun Drakfastigheter"
        },
        "manager": {
          "organizationID": 170,
          "name": "Sundsvalls kommun Idrott och fritid"
        },
        "tags": [
          "bandy",
          "bollplan",
          "brännboll",
          "fotboll",
          "isbana",
          "ishockey",
          "skridskor"
        ],
        "fields": [
          {
            "id": 34,
            "name": "Underlag",
            "type": "DROPDOWN",
            "value": "Grus"
          },
          {
            "id": 140,
            "name": "Isplanens storlek",
            "type": "DROPDOWN",
            "value": "20x40"
          },
          {
            "id": 153,
            "name": "Allmänt tillgänglig",
            "type": "DROPDOWN",
            "value": "Utanför skoltid"
          },
          {
            "id": 142,
            "name": "Fotbollsplan 5-manna antal",
            "type": "INTEGER",
            "value": 1
          },
          {
            "id": 143,
            "name": "Fotbollsplan 7-manna antal",
            "type": "INTEGER",
            "value": 1
          },
          {
            "id": 7,
            "name": "Tillhörande filer",
            "type": "FILES",
            "value": [
              {
                "id": 588,
                "filename": "Sticksjö isbana.jpg",
                "description": "Granbergsskolan västras isplan",
                "alttext": "Isplan vid Granbergsskolan västra",
                "sourcetext": "Sundsvalls kommun",
                "validForWinter": true,
                "validForSummer": false,
                "sortIndex": 1,
                "type": "image/jpeg",
                "size": 623887,
                "url": "https://api.sundsvall.se/facilities/2.2/field/filesfield/588",
                "license": "CC0",
                "licenseDescription": "Creative commons. \"No rights reserved\" https://creativecommons.org/share-your-work/public-domain/cc0/"
              },
              {
                "id": 564,
                "filename": "Sticksjö grus 7-manna.jpg",
                "description": "Granbergsskolan västras grusplan",
                "alttext": "Grusplan vid Granbergsskolan västra",
                "sourcetext": "Sundsvalls kommun",
                "validForWinter": false,
                "validForSummer": true,
                "sortIndex": 2,
                "type": "image/jpeg",
                "size": 1416186,
                "url": "https://api.sundsvall.se/facilities/2.2/field/filesfield/564",
                "license": "CC0",
                "licenseDescription": "Creative commons. \"No rights reserved\" https://creativecommons.org/share-your-work/public-domain/cc0/"
              }
            ]
          },
          {
            "id": 137,
            "name": "Isplan enklare",
            "type": "TOGGLE",
            "value": "Ja"
          },
          {
            "id": 138,
            "name": "Ishockeyplan",
            "type": "TOGGLE",
            "value": "Nej"
          },
          {
            "id": 139,
            "name": "Bandyplan",
            "type": "TOGGLE",
            "value": "Nej"
          },
          {
            "id": 141,
            "name": "Fotbollsplan enklare",
            "type": "TOGGLE",
            "value": "Ja"
          },
          {
            "id": 147,
            "name": "Sarg",
            "type": "TOGGLE",
            "value": "Nej"
          },
          {
            "id": 154,
            "name": "Bokningsbar",
            "type": "TOGGLE",
            "value": "Nej"
          },
          {
            "id": 156,
            "name": "Amerikansk fotbollsplan",
            "type": "TOGGLE",
            "value": "Nej"
          },
          {
            "id": 157,
            "name": "Baseball eller softball",
            "type": "TOGGLE",
            "value": "Nej"
          },
          {
            "id": 182,
            "name": "Rugby",
            "type": "TOGGLE",
            "value": "Nej"
          },
          {
            "id": 225,
            "name": "Friidrott",
            "type": "TOGGLE",
            "value": "Nej"
          },
          {
            "id": 279,
            "name": "Belysning",
            "type": "TOGGLE",
            "value": "Ja"
          },
          {
            "id": 285,
            "name": "Felanmälan",
            "type": "Felanmälningstjänst",
            "reportName": "Kontakt Sundsvall",
            "reportDescription": "Felanmälan av motionsspår, elljusspår, leder och andra friluftsanläggningar",
            "reportLink": "https://sundsvall.se/kommun-och-politik/politik-och-demokrati/dialog-och-synpunkter/felanmalan",
            "reportPhone": "060-19 10 00",
            "reportEmail": "kontakt@sundsvall.se"
          },
          {
            "id": 1,
            "name": "Beskrivning",
            "type": "FREETEXT",
            "value": "Sommartid en 7-manna grusplan. Fakta: Cirka 55x30 meter, 2 mål. Vintertid en isplan med belysning som spolas och snöröjs en gång i veckan utifrån väder."
          },
          {
            "id": 180,
            "name": "Kontakt länk",
            "type": "FREETEXT",
            "value": "https://sundsvall.se/skridsko"
          }
        ],
        "centerPoint": [
          17.2713286156788,
          62.41266827068533
        ]
      },
      "geometry": {
        "type": "MultiPolygon",
        "coordinates": [
          [
            [
              [
                17.270863229156156,
                62.41288579982138
              ],
              [
                17.27071439287971,
                62.41261499214334
              ],
              [
                17.27177887624612,
                62.41244844939861
              ],
              [
                17.271941018884444,
                62.41270395253239
              ],
              [
                17.270863229156156,
                62.41288579982138
              ]
            ]
          ]
        ]
      }
    },
    {
      "id": 826,
      "type": "Feature",
      "properties": {
        "name": "Bollplan, Landskronavägen",
        "type": "Aktivitetsyta",
        "created": "2019-10-16 17:06:56",
        "updated": "2019-10-18 11:36:50",
        "published": false
      },
      "geometry": null
    },
    {
      "id": 827,
      "type": "Feature",
      "properties": {
        "name": "Bollplan, Halmstadsvägen",
        "type": "Aktivitetsyta",
        "created": "2019-10-17 10:17:52",
        "updated": "2020-03-24 14:46:05",
        "published": false
      },
      "geometry": null
    },
    {
      "id": 828,
      "type": "Feature",
      "properties": {
        "name": "Luleåvägen i Granloholm - isplan och grusplan",
        "type": "Aktivitetsyta",
        "created": "2019-10-17 10:27:49",
        "updated": "2023-01-02 16:23:07",
        "published": true,
        "owner": {
          "organizationID": 168,
          "name": "Sundsvalls kommun Drakfastigheter"
        },
        "manager": {
          "organizationID": 170,
          "name": "Sundsvalls kommun Idrott och fritid"
        },
        "tags": [
          "5-mannamål",
          "7-mannaplan",
          "bandy",
          "bollplan",
          "fotboll",
          "isbana",
          "ishockey",
          "isplan",
          "luleåplan"
        ],
        "fields": [
          {
            "id": 34,
            "name": "Underlag",
            "type": "DROPDOWN",
            "value": "Grus"
          },
          {
            "id": 140,
            "name": "Isplanens storlek",
            "type": "DROPDOWN",
            "value": "20x40"
          },
          {
            "id": 153,
            "name": "Allmänt tillgänglig",
            "type": "DROPDOWN",
            "value": "Utanför skoltid"
          },
          {
            "id": 142,
            "name": "Fotbollsplan 5-manna antal",
            "type": "INTEGER",
            "value": 1
          },
          {
            "id": 143,
            "name": "Fotbollsplan 7-manna antal",
            "type": "INTEGER",
            "value": 1
          },
          {
            "id": 7,
            "name": "Tillhörande filer",
            "type": "FILES",
            "value": [
              {
                "id": 567,
                "filename": "isbana.luleåplan.JPG",
                "description": "Isplan vid Luleåvägen",
                "alttext": "Isplan vid Luleåvägen",
                "sourcetext": "Sundsvalls kommun",
                "validForWinter": true,
                "validForSummer": false,
                "sortIndex": 1,
                "type": "image/jpeg",
                "size": 2800700,
                "url": "https://api.sundsvall.se/facilities/2.2/field/filesfield/567",
                "license": "CC0",
                "licenseDescription": "Creative commons. \"No rights reserved\" https://creativecommons.org/share-your-work/public-domain/cc0/"
              },
              {
                "id": 568,
                "filename": "isbana.luleåplan (3).JPG",
                "description": "Isplan vid Luleåvägen",
                "alttext": "Isplan vid Luleåvägen",
                "sourcetext": "Sundsvalls kommun",
                "validForWinter": true,
                "validForSummer": false,
                "sortIndex": 2,
                "type": "image/jpeg",
                "size": 2439187,
                "url": "https://api.sundsvall.se/facilities/2.2/field/filesfield/568",
                "license": "CC0",
                "licenseDescription": "Creative commons. \"No rights reserved\" https://creativecommons.org/share-your-work/public-domain/cc0/"
              },
              {
                "id": 569,
                "filename": "Granloholms Grus pl.jpg",
                "description": "Grusplan vid Luleåvägen",
                "alttext": "Grusplan vid Luleåvägen",
                "sourcetext": "Sundsvalls kommun",
                "validForWinter": false,
                "validForSummer": true,
                "sortIndex": 3,
                "type": "image/jpeg",
                "size": 357002,
                "url": "https://api.sundsvall.se/facilities/2.2/field/filesfield/569",
                "license": "CC0",
                "licenseDescription": "Creative commons. \"No rights reserved\" https://creativecommons.org/share-your-work/public-domain/cc0/"
              },
              {
                "id": 570,
                "filename": "Granloholms Grus pl belysning.jpg",
                "description": "Grusplan vid Luleåvägen, belysningsstolpe",
                "alttext": "En belysningsstolpe vid grusplan intill Luleåvägen",
                "sourcetext": "Sundsvall",
                "validForWinter": false,
                "validForSummer": false,
                "sortIndex": 4,
                "type": "image/jpeg",
                "size": 315459,
                "url": "https://api.sundsvall.se/facilities/2.2/field/filesfield/570",
                "license": "CC0",
                "licenseDescription": "Creative commons. \"No rights reserved\" https://creativecommons.org/share-your-work/public-domain/cc0/"
              }
            ]
          },
          {
            "id": 137,
            "name": "Isplan enklare",
            "type": "TOGGLE",
            "value": "Ja"
          },
          {
            "id": 138,
            "name": "Ishockeyplan",
            "type": "TOGGLE",
            "value": "Nej"
          },
          {
            "id": 139,
            "name": "Bandyplan",
            "type": "TOGGLE",
            "value": "Nej"
          },
          {
            "id": 141,
            "name": "Fotbollsplan enklare",
            "type": "TOGGLE",
            "value": "Ja"
          },
          {
            "id": 147,
            "name": "Sarg",
            "type": "TOGGLE",
            "value": "Nej"
          },
          {
            "id": 154,
            "name": "Bokningsbar",
            "type": "TOGGLE",
            "value": "Nej"
          },
          {
            "id": 156,
            "name": "Amerikansk fotbollsplan",
            "type": "TOGGLE",
            "value": "Nej"
          },
          {
            "id": 157,
            "name": "Baseball eller softball",
            "type": "TOGGLE",
            "value": "Nej"
          },
          {
            "id": 182,
            "name": "Rugby",
            "type": "TOGGLE",
            "value": "Nej"
          },
          {
            "id": 225,
            "name": "Friidrott",
            "type": "TOGGLE",
            "value": "Nej"
          },
          {
            "id": 279,
            "name": "Belysning",
            "type": "TOGGLE",
            "value": "Ja"
          },
          {
            "id": 285,
            "name": "Felanmälan",
            "type": "Felanmälningstjänst",
            "reportName": "Kontakt Sundsvall",
            "reportDescription": "Felanmälan av motionsspår, elljusspår, leder och andra friluftsanläggningar",
            "reportLink": "https://sundsvall.se/kommun-och-politik/politik-och-demokrati/dialog-och-synpunkter/felanmalan",
            "reportPhone": "060-19 10 00",
            "reportEmail": "kontakt@sundsvall.se"
          },
          {
            "id": 1,
            "name": "Beskrivning",
            "type": "FREETEXT",
            "value": "Sommartid 7-manna/5-manna grusplan. \r\nFakta: 58x32 m, belysning, 2 st 7-manna mål, 4 st 5-manna mål. Vintertid snöröjes och spolas isplanen vanligtvis 1 gång i veckan."
          },
          {
            "id": 136,
            "name": "Öppettider länk",
            "type": "FREETEXT",
            "value": "https://sundsvall.se/uppleva-och-gora/idrott-motion-och-friluftsliv/hallar-och-idrottsanlaggningar/ishallar-och-isbanor"
          }
        ],
        "centerPoint": [
          17.283725308944497,
          62.4138033811554
        ]
      },
      "geometry": {
        "type": "MultiPolygon",
        "coordinates": [
          [
            [
              [
                17.2843161356651,
                62.41356729490208
              ],
              [
                17.284464699012627,
                62.413922914192796
              ],
              [
                17.283139297335417,
                62.41403314849079
              ],
              [
                17.282984557078905,
                62.41368165228025
              ],
              [
                17.2843161356651,
                62.41356729490208
              ]
            ]
          ]
        ]
      }
    },
    {
      "id": 829,
      "type": "Feature",
      "properties": {
        "name": "Bollplan, Vänersborgsvägen",
        "type": "Aktivitetsyta",
        "created": "2019-10-17 10:38:23",
        "updated": "2019-10-18 11:38:21",
        "published": false
      },
      "geometry": null
    },
    {
      "id": 830,
      "type": "Feature",
      "properties": {
        "name": "Bollplan, Malmövägen",
        "type": "Aktivitetsyta",
        "created": "2019-10-17 10:49:23",
        "updated": "2020-03-24 14:46:33",
        "published": false
      },
      "geometry": null
    },
    {
      "id": 831,
      "type": "Feature",
      "properties": {
        "name": "Bollplan, Strömstadsvägen",
        "type": "Aktivitetsyta",
        "created": "2019-10-17 10:53:19",
        "updated": "2020-03-24 14:46:56",
        "published": false
      },
      "geometry": null
    },
    {
      "id": 832,
      "type": "Feature",
      "properties": {
        "name": "Bollplan, Nynäshamnsvägen",
        "type": "Aktivitetsyta",
        "created": "2019-10-17 10:57:49",
        "updated": "2020-03-24 14:47:19",
        "published": false
      },
      "geometry": null
    },
    {
      "id": 833,
      "type": "Feature",
      "properties": {
        "name": "Grimvallen",
        "type": "Aktivitetsyta",
        "created": "2019-10-17 14:57:33",
        "updated": "2019-10-18 11:51:25",
        "published": false
      },
      "geometry": null
    },
    {
      "id": 834,
      "type": "Feature",
      "properties": {
        "name": "Bollplan, Haparandavägen",
        "type": "Aktivitetsyta",
        "created": "2019-10-17 15:07:35",
        "updated": "2020-03-24 14:47:44",
        "published": false
      },
      "geometry": null
    },
    {
      "id": 835,
      "type": "Feature",
      "properties": {
        "name": "Bollplan, Kungsbackavägen",
        "type": "Aktivitetsyta",
        "created": "2019-10-17 15:12:08",
        "updated": "2020-03-24 14:48:08",
        "published": false
      },
      "geometry": null
    },
    {
      "id": 844,
      "type": "Feature",
      "properties": {
        "name": "Tennisbana",
        "type": "Aktivitetsyta",
        "created": "2019-10-18 08:59:38",
        "updated": "2020-03-24 14:49:05",
        "published": false
      },
      "geometry": null
    },
    {
      "id": 852,
      "type": "Feature",
      "properties": {
        "name": "Basketplan, Piteåvägen",
        "type": "Aktivitetsyta",
        "created": "2019-10-18 11:25:34",
        "updated": "2020-03-24 14:49:27",
        "published": false
      },
      "geometry": null
    },
    {
      "id": 853,
      "type": "Feature",
      "properties": {
        "name": "Bollplank/Basketkorg, Haparandavägen",
        "type": "Aktivitetsyta",
        "created": "2019-10-18 11:34:52",
        "updated": "2020-03-24 14:49:49",
        "published": false
      },
      "geometry": null
    },
    {
      "id": 856,
      "type": "Feature",
      "properties": {
        "name": "Tennis, Släda 2",
        "type": "Aktivitetsyta",
        "created": "2019-10-18 15:53:41",
        "published": false
      },
      "geometry": null
    },
    {
      "id": 858,
      "type": "Feature",
      "properties": {
        "name": "Dressyrvägen",
        "type": "Aktivitetsyta",
        "created": "2019-10-18 16:16:45",
        "published": false
      },
      "geometry": null
    },
    {
      "id": 859,
      "type": "Feature",
      "properties": {
        "name": "Dressyrvägen",
        "type": "Aktivitetsyta",
        "created": "2019-10-18 16:21:23",
        "published": false
      },
      "geometry": null
    },
    {
      "id": 860,
      "type": "Feature",
      "properties": {
        "name": "Vikingavägen",
        "type": "Aktivitetsyta",
        "created": "2019-10-18 16:27:14",
        "updated": "2019-10-21 11:24:44",
        "published": false
      },
      "geometry": null
    },
    {
      "id": 861,
      "type": "Feature",
      "properties": {
        "name": "Basketplan - Bergsåkers skola",
        "type": "Aktivitetsyta",
        "created": "2019-10-18 16:29:38",
        "updated": "2019-11-13 11:28:22",
        "published": false
      },
      "geometry": null
    },
    {
      "id": 865,
      "type": "Feature",
      "properties": {
        "name": "Bergsåkers IP - gräs",
        "type": "Aktivitetsyta",
        "created": "2019-10-21 09:09:10",
        "updated": "2019-10-21 09:09:40",
        "published": false
      },
      "geometry": null
    },
    {
      "id": 866,
      "type": "Feature",
      "properties": {
        "name": "Bergsåkers skola - Isplan och grusplan",
        "type": "Aktivitetsyta",
        "created": "2019-10-21 09:48:33",
        "updated": "2024-02-20 13:29:03",
        "published": false
      },
      "geometry": null
    },
    {
      "id": 867,
      "type": "Feature",
      "properties": {
        "name": "Fullblodsvägen - gräs",
        "type": "Aktivitetsyta",
        "created": "2019-10-21 09:59:31",
        "published": false
      },
      "geometry": null
    },
    {
      "id": 868,
      "type": "Feature",
      "properties": {
        "name": "Fölvägen - basketplan",
        "type": "Aktivitetsyta",
        "created": "2019-10-21 10:03:57",
        "updated": "2019-11-13 11:34:32",
        "published": false
      },
      "geometry": null
    },
    {
      "id": 869,
      "type": "Feature",
      "properties": {
        "name": "Bergsåkers IP - gräs",
        "type": "Aktivitetsyta",
        "created": "2019-10-21 10:12:02",
        "published": false
      },
      "geometry": null
    },
    {
      "id": 870,
      "type": "Feature",
      "properties": {
        "name": "Bergsåkers IP - grusplan samt bandyplan",
        "type": "Aktivitetsyta",
        "created": "2019-10-21 10:22:20",
        "updated": "2024-12-25 11:27:54",
        "published": false
      },
      "geometry": null
    },
    {
      "id": 871,
      "type": "Feature",
      "properties": {
        "name": "Bergsåkers skola - gräsplan med löparbanor",
        "type": "Aktivitetsyta",
        "created": "2019-10-21 10:27:55",
        "published": false
      },
      "geometry": null
    },
    {
      "id": 872,
      "type": "Feature",
      "properties": {
        "name": "Vikingavägen - grus",
        "type": "Aktivitetsyta",
        "created": "2019-10-21 11:22:21",
        "updated": "2019-10-21 11:25:50",
        "published": false
      },
      "geometry": null
    },
    {
      "id": 873,
      "type": "Feature",
      "properties": {
        "name": "Österro skola - grusplan och isplan",
        "type": "Aktivitetsyta",
        "created": "2019-10-21 11:35:05",
        "updated": "2023-01-02 14:02:36",
        "published": true,
        "owner": {
          "organizationID": 167,
          "name": "sundsvalls kommun"
        },
        "manager": {
          "organizationID": 170,
          "name": "Sundsvalls kommun Idrott och fritid"
        },
        "tags": [
          "bollplan",
          "fotboll",
          "grusplan",
          "isbana",
          "ishockey",
          "skridskor"
        ],
        "fields": [
          {
            "id": 34,
            "name": "Underlag",
            "type": "DROPDOWN",
            "value": "Grus"
          },
          {
            "id": 140,
            "name": "Isplanens storlek",
            "type": "DROPDOWN",
            "value": "20x40"
          },
          {
            "id": 153,
            "name": "Allmänt tillgänglig",
            "type": "DROPDOWN",
            "value": "Utanför skoltid"
          },
          {
            "id": 7,
            "name": "Tillhörande filer",
            "type": "FILES",
            "value": [
              {
                "id": 646,
                "filename": "Österro skola isbana.jpg",
                "description": "Isplan vid Östero skola",
                "alttext": "isplan",
                "sourcetext": "Sundsvalls kommun",
                "validForWinter": true,
                "validForSummer": false,
                "sortIndex": 1,
                "type": "image/jpeg",
                "size": 615460,
                "url": "https://api.sundsvall.se/facilities/2.2/field/filesfield/646",
                "license": "CC0",
                "licenseDescription": "Creative commons. \"No rights reserved\" https://creativecommons.org/share-your-work/public-domain/cc0/"
              },
              {
                "id": 645,
                "filename": "grusplan_österro_skola_30x15m.jpg",
                "description": "Grusplan vid Östero skola",
                "alttext": "Grusplan för bollspel",
                "sourcetext": "Sundsvalls kommun",
                "validForWinter": false,
                "validForSummer": true,
                "sortIndex": 2,
                "type": "image/jpeg",
                "size": 72490,
                "url": "https://api.sundsvall.se/facilities/2.2/field/filesfield/645",
                "license": "CC0",
                "licenseDescription": "Creative commons. \"No rights reserved\" https://creativecommons.org/share-your-work/public-domain/cc0/"
              }
            ]
          },
          {
            "id": 137,
            "name": "Isplan enklare",
            "type": "TOGGLE",
            "value": "Ja"
          },
          {
            "id": 138,
            "name": "Ishockeyplan",
            "type": "TOGGLE",
            "value": "Nej"
          },
          {
            "id": 139,
            "name": "Bandyplan",
            "type": "TOGGLE",
            "value": "Nej"
          },
          {
            "id": 141,
            "name": "Fotbollsplan enklare",
            "type": "TOGGLE",
            "value": "Ja"
          },
          {
            "id": 147,
            "name": "Sarg",
            "type": "TOGGLE",
            "value": "Nej"
          },
          {
            "id": 154,
            "name": "Bokningsbar",
            "type": "TOGGLE",
            "value": "Nej"
          },
          {
            "id": 156,
            "name": "Amerikansk fotbollsplan",
            "type": "TOGGLE",
            "value": "Nej"
          },
          {
            "id": 157,
            "name": "Baseball eller softball",
            "type": "TOGGLE",
            "value": "Nej"
          },
          {
            "id": 182,
            "name": "Rugby",
            "type": "TOGGLE",
            "value": "Nej"
          },
          {
            "id": 225,
            "name": "Friidrott",
            "type": "TOGGLE",
            "value": "Nej"
          },
          {
            "id": 279,
            "name": "Belysning",
            "type": "TOGGLE",
            "value": "Ja"
          },
          {
            "id": 285,
            "name": "Felanmälan",
            "type": "Felanmälningstjänst",
            "reportName": "Kontakt Sundsvall",
            "reportDescription": "Felanmälan av motionsspår, elljusspår, leder och andra friluftsanläggningar",
            "reportLink": "https://sundsvall.se/kommun-och-politik/politik-och-demokrati/dialog-och-synpunkter/felanmalan",
            "reportPhone": "060-19 10 00",
            "reportEmail": "kontakt@sundsvall.se"
          },
          {
            "id": 1,
            "name": "Beskrivning",
            "type": "FREETEXT",
            "value": "Sommartid en grusplan med mål. Yta ca 30x15 m. På vintern är det en belyst isbana med målburar som snöröjes och spolas vanligen veckovis. "
          }
        ],
        "centerPoint": [
          17.222898108398432,
          62.42069275269293
        ]
      },
      "geometry": {
        "type": "MultiPolygon",
        "coordinates": [
          [
            [
              [
                17.222693517729283,
                62.42084299742463
              ],
              [
                17.223089400386435,
                62.420842968259805
              ],
              [
                17.22310597634543,
                62.42055480844228
              ],
              [
                17.222707389188614,
                62.420554880837074
              ],
              [
                17.222693517729283,
                62.42084299742463
              ]
            ]
          ]
        ]
      }
    },
    {
      "id": 874,
      "type": "Feature",
      "properties": {
        "name": "Österro skola - gräs",
        "type": "Aktivitetsyta",
        "created": "2019-10-21 11:38:00",
        "published": false
      },
      "geometry": null
    },
    {
      "id": 875,
      "type": "Feature",
      "properties": {
        "name": "Högoms skola - gräs",
        "type": "Aktivitetsyta",
        "created": "2019-10-21 11:43:18",
        "published": false
      },
      "geometry": null
    },
    {
      "id": 876,
      "type": "Feature",
      "properties": {
        "name": "Tränarvägen - gräs",
        "type": "Aktivitetsyta",
        "created": "2019-10-21 11:49:36",
        "published": false
      },
      "geometry": null
    },
    {
      "id": 877,
      "type": "Feature",
      "properties": {
        "name": "Högoms skola - grus och isplan",
        "type": "Aktivitetsyta",
        "created": "2019-10-21 13:26:31",
        "updated": "2023-01-02 14:22:14",
        "published": true,
        "owner": {
          "organizationID": 167,
          "name": "sundsvalls kommun"
        },
        "manager": {
          "organizationID": 170,
          "name": "Sundsvalls kommun Idrott och fritid"
        },
        "tags": [
          "7-mannaplan",
          "bandy",
          "bollplan",
          "fotboll",
          "gräsplan",
          "isbana",
          "ishockey",
          "skridskor"
        ],
        "fields": [
          {
            "id": 34,
            "name": "Underlag",
            "type": "DROPDOWN",
            "value": "Grus"
          },
          {
            "id": 140,
            "name": "Isplanens storlek",
            "type": "DROPDOWN",
            "value": "20x40"
          },
          {
            "id": 153,
            "name": "Allmänt tillgänglig",
            "type": "DROPDOWN",
            "value": "Utanför skoltid"
          },
          {
            "id": 142,
            "name": "Fotbollsplan 5-manna antal",
            "type": "INTEGER",
            "value": 1
          },
          {
            "id": 143,
            "name": "Fotbollsplan 7-manna antal",
            "type": "INTEGER",
            "value": 1
          },
          {
            "id": 7,
            "name": "Tillhörande filer",
            "type": "FILES",
            "value": [
              {
                "id": 654,
                "filename": "isbana_högoms_skola.jpg",
                "description": "Isplan vid Högoms skola",
                "alttext": "Isplan med snö ",
                "sourcetext": "Sundsvalls kommun",
                "validForWinter": true,
                "validForSummer": false,
                "sortIndex": 1,
                "type": "image/jpeg",
                "size": 45868,
                "url": "https://api.sundsvall.se/facilities/2.2/field/filesfield/654",
                "license": "CC0",
                "licenseDescription": "Creative commons. \"No rights reserved\" https://creativecommons.org/share-your-work/public-domain/cc0/"
              },
              {
                "id": 650,
                "filename": "grusplan_7m_högoms_skola.jpg",
                "description": "Grusplan vid Högoms skola",
                "alttext": "Grusyta för bollspel",
                "sourcetext": "Sundsvalls kommun",
                "validForWinter": false,
                "validForSummer": true,
                "sortIndex": 2,
                "type": "image/jpeg",
                "size": 57330,
                "url": "https://api.sundsvall.se/facilities/2.2/field/filesfield/650",
                "license": "CC0",
                "licenseDescription": "Creative commons. \"No rights reserved\" https://creativecommons.org/share-your-work/public-domain/cc0/"
              }
            ]
          },
          {
            "id": 137,
            "name": "Isplan enklare",
            "type": "TOGGLE",
            "value": "Ja"
          },
          {
            "id": 138,
            "name": "Ishockeyplan",
            "type": "TOGGLE",
            "value": "Nej"
          },
          {
            "id": 139,
            "name": "Bandyplan",
            "type": "TOGGLE",
            "value": "Nej"
          },
          {
            "id": 141,
            "name": "Fotbollsplan enklare",
            "type": "TOGGLE",
            "value": "Ja"
          },
          {
            "id": 147,
            "name": "Sarg",
            "type": "TOGGLE",
            "value": "Nej"
          },
          {
            "id": 154,
            "name": "Bokningsbar",
            "type": "TOGGLE",
            "value": "Nej"
          },
          {
            "id": 156,
            "name": "Amerikansk fotbollsplan",
            "type": "TOGGLE",
            "value": "Nej"
          },
          {
            "id": 157,
            "name": "Baseball eller softball",
            "type": "TOGGLE",
            "value": "Nej"
          },
          {
            "id": 182,
            "name": "Rugby",
            "type": "TOGGLE",
            "value": "Nej"
          },
          {
            "id": 225,
            "name": "Friidrott",
            "type": "TOGGLE",
            "value": "Nej"
          },
          {
            "id": 279,
            "name": "Belysning",
            "type": "TOGGLE",
            "value": "Ja"
          },
          {
            "id": 285,
            "name": "Felanmälan",
            "type": "Felanmälningstjänst",
            "reportName": "Kontakt Sundsvall",
            "reportDescription": "Felanmälan av motionsspår, elljusspår, leder och andra friluftsanläggningar",
            "reportLink": "https://sundsvall.se/kommun-och-politik/politik-och-demokrati/dialog-och-synpunkter/felanmalan",
            "reportPhone": "060-19 10 00",
            "reportEmail": "kontakt@sundsvall.se"
          },
          {
            "id": 1,
            "name": "Beskrivning",
            "type": "FREETEXT",
            "value": "Sommartid en sjumannaplan i anslutning till Högoms skola. Vintertid en isplan som spolas och snöröjes en gång i veckan utifrån väder. "
          },
          {
            "id": 180,
            "name": "Kontakt länk",
            "type": "FREETEXT",
            "value": "https://sundsvall.se/skridsko"
          }
        ],
        "centerPoint": [
          17.256905252935297,
          62.40319800235288
        ]
      },
      "geometry": {
        "type": "MultiPolygon",
        "coordinates": [
          [
            [
              [
                17.256689667168253,
                62.403103937337036
              ],
              [
                17.25631353593396,
                62.40323732270854
              ],
              [
                17.25667588899419,
                62.40346089225461
              ],
              [
                17.257495772826235,
                62.40314744890994
              ],
              [
                17.25712735998484,
                62.40293340869315
              ],
              [
                17.25631680114706,
                62.40323569831044
              ],
              [
                17.25666430249903,
                62.40311290060721
              ],
              [
                17.256689667168253,
                62.403103937337036
              ]
            ]
          ]
        ]
      }
    },
    {
      "id": 878,
      "type": "Feature",
      "properties": {
        "name": "Rasåsgården - gräs",
        "type": "Aktivitetsyta",
        "created": "2019-10-21 13:33:00",
        "published": false
      },
      "geometry": null
    },
    {
      "id": 888,
      "type": "Feature",
      "properties": {
        "name": "Tövarinken i Töva",
        "type": "Aktivitetsyta",
        "created": "2019-10-22 08:54:10",
        "updated": "2024-03-22 10:10:56",
        "published": false
      },
      "geometry": null
    },
    {
      "id": 889,
      "type": "Feature",
      "properties": {
        "name": "Isbana, Nunnevägen",
        "type": "Aktivitetsyta",
        "created": "2019-10-22 10:25:31",
        "published": false
      },
      "geometry": null
    },
    {
      "id": 898,
      "type": "Feature",
      "properties": {
        "name": "Basketplan",
        "type": "Aktivitetsyta",
        "created": "2019-10-22 14:38:32",
        "published": false
      },
      "geometry": null
    },
    {
      "id": 899,
      "type": "Feature",
      "properties": {
        "name": "Indals IP - Spontanidrottsplats",
        "type": "Aktivitetsyta",
        "created": "2019-10-22 16:04:55",
        "updated": "2019-10-22 16:05:30",
        "published": false
      },
      "geometry": null
    },
    {
      "id": 900,
      "type": "Feature",
      "properties": {
        "name": "Indals IP - gräsplan",
        "type": "Aktivitetsyta",
        "created": "2019-10-22 16:17:11",
        "published": false
      },
      "geometry": null
    },
    {
      "id": 902,
      "type": "Feature",
      "properties": {
        "name": "Lidens grusplan/isrink",
        "type": "Aktivitetsyta",
        "created": "2019-10-22 16:50:58",
        "updated": "2024-02-14 14:28:36",
        "published": true,
        "manager": {
          "organizationID": 76,
          "name": "lidens if"
        },
        "tags": [
          "bollplan",
          "brännboll",
          "fotboll",
          "grusplan",
          "isbana",
          "ishockey",
          "isrink"
        ],
        "fields": [
          {
            "id": 34,
            "name": "Underlag",
            "type": "DROPDOWN",
            "value": "Grus"
          },
          {
            "id": 140,
            "name": "Isplanens storlek",
            "type": "DROPDOWN",
            "value": "Hela ytan"
          },
          {
            "id": 153,
            "name": "Allmänt tillgänglig",
            "type": "DROPDOWN",
            "value": "Hela dygnet"
          },
          {
            "id": 7,
            "name": "Tillhörande filer",
            "type": "FILES",
            "value": [
              {
                "id": 688,
                "filename": "Lidens skola isbana (1).jpg",
                "description": "Hockeyrink",
                "alttext": "Hockeyrink med mål som delvis är oskottad",
                "sourcetext": "Kultur- och fritid",
                "validForWinter": true,
                "validForSummer": false,
                "sortIndex": 1,
                "type": "image/jpeg",
                "size": 805045,
                "url": "https://api.sundsvall.se/facilities/2.2/field/filesfield/688",
                "license": "CC0",
                "licenseDescription": "Creative commons. \"No rights reserved\" https://creativecommons.org/share-your-work/public-domain/cc0/"
              },
              {
                "id": 689,
                "filename": "Lidens skola isbana (4).jpg",
                "description": "Hockeyrink",
                "alttext": "Hockeyrink med mål som delvis är oskottad",
                "sourcetext": "Kultur- och fritid",
                "validForWinter": true,
                "validForSummer": false,
                "sortIndex": 2,
                "type": "image/jpeg",
                "size": 890723,
                "url": "https://api.sundsvall.se/facilities/2.2/field/filesfield/689",
                "license": "CC0",
                "licenseDescription": "Creative commons. \"No rights reserved\" https://creativecommons.org/share-your-work/public-domain/cc0/"
              }
            ]
          },
          {
            "id": 137,
            "name": "Isplan enklare",
            "type": "TOGGLE",
            "value": "Nej"
          },
          {
            "id": 138,
            "name": "Ishockeyplan",
            "type": "TOGGLE",
            "value": "Ja"
          },
          {
            "id": 139,
            "name": "Bandyplan",
            "type": "TOGGLE",
            "value": "Nej"
          },
          {
            "id": 141,
            "name": "Fotbollsplan enklare",
            "type": "TOGGLE",
            "value": "Ja"
          },
          {
            "id": 147,
            "name": "Sarg",
            "type": "TOGGLE",
            "value": "Ja"
          },
          {
            "id": 154,
            "name": "Bokningsbar",
            "type": "TOGGLE",
            "value": "Nej"
          },
          {
            "id": 156,
            "name": "Amerikansk fotbollsplan",
            "type": "TOGGLE",
            "value": "Nej"
          },
          {
            "id": 157,
            "name": "Baseball eller softball",
            "type": "TOGGLE",
            "value": "Nej"
          },
          {
            "id": 182,
            "name": "Rugby",
            "type": "TOGGLE",
            "value": "Nej"
          },
          {
            "id": 225,
            "name": "Friidrott",
            "type": "TOGGLE",
            "value": "Nej"
          },
          {
            "id": 279,
            "name": "Belysning",
            "type": "TOGGLE",
            "value": "Ja"
          },
          {
            "id": 1,
            "name": "Beskrivning",
            "type": "FREETEXT",
            "value": "Grusplan för bollspel under sommaren och isrink under vintern. "
          }
        ],
        "centerPoint": [
          16.807431832742903,
          62.70159564150625
        ]
      },
      "geometry": {
        "type": "MultiPolygon",
        "coordinates": [
          [
            [
              [
                16.807414785941408,
                62.70143247692951
              ],
              [
                16.80743862708824,
                62.701434159966766
              ],
              [
                16.807632562775964,
                62.70145994354479
              ],
              [
                16.807652421376616,
                62.7014655060594
              ],
              [
                16.807676217300003,
                62.70147796808846
              ],
              [
                16.807700290802476,
                62.70149863703505
              ],
              [
                16.807703660898778,
                62.7015199894272
              ],
              [
                16.80755926922119,
                62.70174327561399
              ],
              [
                16.807527677735134,
                62.701761308731264
              ],
              [
                16.807494857145244,
                62.70176723270906
              ],
              [
                16.807463368867303,
                62.70177060632144
              ],
              [
                16.80742419250039,
                62.70177129124506
              ],
              [
                16.807242239804342,
                62.70174568248276
              ],
              [
                16.807202212668372,
                62.70173332169481
              ],
              [
                16.807178395453985,
                62.70172022995423
              ],
              [
                16.807168313656934,
                62.70170641044359
              ],
              [
                16.80716331075007,
                62.70168850092309
              ],
              [
                16.807310773085717,
                62.70146365136419
              ],
              [
                16.807334165633158,
                62.70144693635932
              ],
              [
                16.807376369280604,
                62.701434640394
              ],
              [
                16.807414785941408,
                62.70143247692951
              ]
            ]
          ]
        ]
      }
    },
    {
      "id": 911,
      "type": "Feature",
      "properties": {
        "name": "Ånäsvallen",
        "type": "Aktivitetsyta",
        "created": "2019-10-23 17:06:20",
        "published": false
      },
      "geometry": null
    },
    {
      "id": 912,
      "type": "Feature",
      "properties": {
        "name": "Ånäsvallen",
        "type": "Aktivitetsyta",
        "created": "2019-10-23 17:08:00",
        "updated": "2019-10-23 17:09:20",
        "published": false
      },
      "geometry": null
    },
    {
      "id": 914,
      "type": "Feature",
      "properties": {
        "name": "Vallens skolplan",
        "type": "Aktivitetsyta",
        "created": "2019-10-24 10:24:52",
        "published": false
      },
      "geometry": null
    },
    {
      "id": 916,
      "type": "Feature",
      "properties": {
        "name": "Varpa",
        "type": "Aktivitetsyta",
        "created": "2019-10-24 12:45:34",
        "published": false
      },
      "geometry": null
    },
    {
      "id": 919,
      "type": "Feature",
      "properties": {
        "name": "kovlands isbana",
        "type": "Aktivitetsyta",
        "created": "2019-10-24 14:01:40",
        "published": false
      },
      "geometry": null
    },
    {
      "id": 922,
      "type": "Feature",
      "properties": {
        "name": "Basketplan",
        "type": "Aktivitetsyta",
        "created": "2019-10-24 14:30:41",
        "updated": "2020-06-29 15:08:08",
        "published": true,
        "owner": {
          "organizationID": 167,
          "name": "sundsvalls kommun"
        },
        "manager": {
          "organizationID": 25,
          "name": "drakfastigheter"
        },
        "tags": [
          "basket",
          "basketkorg",
          "basketplan"
        ],
        "fields": [
          {
            "id": 153,
            "name": "Allmänt tillgänglig",
            "type": "DROPDOWN",
            "value": "Utanför skoltid"
          },
          {
            "id": 145,
            "name": "Basketplan antal",
            "type": "INTEGER",
            "value": 1
          },
          {
            "id": 137,
            "name": "Isplan enklare",
            "type": "TOGGLE",
            "value": "Nej"
          },
          {
            "id": 138,
            "name": "Ishockeyplan",
            "type": "TOGGLE",
            "value": "Nej"
          },
          {
            "id": 139,
            "name": "Bandyplan",
            "type": "TOGGLE",
            "value": "Nej"
          },
          {
            "id": 141,
            "name": "Fotbollsplan enklare",
            "type": "TOGGLE",
            "value": "Nej"
          },
          {
            "id": 147,
            "name": "Sarg",
            "type": "TOGGLE",
            "value": "Nej"
          },
          {
            "id": 154,
            "name": "Bokningsbar",
            "type": "TOGGLE",
            "value": "Nej"
          },
          {
            "id": 156,
            "name": "Amerikansk fotbollsplan",
            "type": "TOGGLE",
            "value": "Nej"
          },
          {
            "id": 157,
            "name": "Baseball eller softball",
            "type": "TOGGLE",
            "value": "Nej"
          },
          {
            "id": 182,
            "name": "Rugby",
            "type": "TOGGLE",
            "value": "Nej"
          },
          {
            "id": 225,
            "name": "Friidrott",
            "type": "TOGGLE",
            "value": "Nej"
          },
          {
            "id": 1,
            "name": "Beskrivning",
            "type": "FREETEXT",
            "value": "Basketplan intill Vallens skola."
          }
        ],
        "centerPoint": [
          17.14632002112545,
          62.46680557429556
        ]
      },
      "geometry": {
        "type": "MultiPolygon",
        "coordinates": [
          [
            [
              [
                17.145985394182087,
                62.466876537839454
              ],
              [
                17.14662738024858,
                62.46689180403316
              ],
              [
                17.146655622584777,
                62.46674051252076
              ],
              [
                17.14603078423465,
                62.46672196557968
              ],
              [
                17.145985394182087,
                62.466876537839454
              ]
            ]
          ]
        ]
      }
    },
    {
      "id": 923,
      "type": "Feature",
      "properties": {
        "name": "Odenshov aktivitetsyta",
        "type": "Aktivitetsyta",
        "created": "2019-10-24 16:36:39",
        "updated": "2023-05-11 15:40:22",
        "published": true,
        "owner": {
          "organizationID": 36,
          "name": "Sundsvalls kommun Friluftsenheten"
        },
        "manager": {
          "organizationID": 36,
          "name": "Sundsvalls kommun Friluftsenheten"
        },
        "tags": [
          "aktivitetsyta",
          "basket",
          "streetbasket"
        ],
        "fields": [
          {
            "id": 153,
            "name": "Allmänt tillgänglig",
            "type": "DROPDOWN",
            "value": "Hela dygnet"
          },
          {
            "id": 145,
            "name": "Basketplan antal",
            "type": "INTEGER",
            "value": 1
          },
          {
            "id": 7,
            "name": "Tillhörande filer",
            "type": "FILES",
            "value": [
              {
                "id": 2436,
                "filename": "20210331_123949.jpg",
                "description": "",
                "alttext": "",
                "sourcetext": "Kultur och fritid",
                "validForWinter": true,
                "validForSummer": true,
                "sortIndex": 1,
                "type": "image/jpeg",
                "size": 3959006,
                "url": "https://api.sundsvall.se/facilities/2.2/field/filesfield/2436",
                "license": "CC0",
                "licenseDescription": "Creative commons. \"No rights reserved\" https://creativecommons.org/share-your-work/public-domain/cc0/"
              }
            ]
          },
          {
            "id": 137,
            "name": "Isplan enklare",
            "type": "TOGGLE",
            "value": "Nej"
          },
          {
            "id": 138,
            "name": "Ishockeyplan",
            "type": "TOGGLE",
            "value": "Nej"
          },
          {
            "id": 139,
            "name": "Bandyplan",
            "type": "TOGGLE",
            "value": "Nej"
          },
          {
            "id": 141,
            "name": "Fotbollsplan enklare",
            "type": "TOGGLE",
            "value": "Nej"
          },
          {
            "id": 147,
            "name": "Sarg",
            "type": "TOGGLE",
            "value": "Nej"
          },
          {
            "id": 154,
            "name": "Bokningsbar",
            "type": "TOGGLE",
            "value": "Nej"
          },
          {
            "id": 156,
            "name": "Amerikansk fotbollsplan",
            "type": "TOGGLE",
            "value": "Nej"
          },
          {
            "id": 157,
            "name": "Baseball eller softball",
            "type": "TOGGLE",
            "value": "Nej"
          },
          {
            "id": 182,
            "name": "Rugby",
            "type": "TOGGLE",
            "value": "Nej"
          },
          {
            "id": 225,
            "name": "Friidrott",
            "type": "TOGGLE",
            "value": "Nej"
          },
          {
            "id": 279,
            "name": "Belysning",
            "type": "TOGGLE",
            "value": "Nej"
          },
          {
            "id": 1,
            "name": "Beskrivning",
            "type": "FREETEXT",
            "value": "Anläggning för spontana aktiviteter som bland annat rymmer  möjligheter som streetbasket. "
          }
        ],
        "centerPoint": [
          17.261157594579096,
          62.390517434335386
        ]
      },
      "geometry": {
        "type": "MultiPolygon",
        "coordinates": [
          [
            [
              [
                17.260887254311992,
                62.39064387338343
              ],
              [
                17.260775379848734,
                62.39051091710763
              ],
              [
                17.26142704508278,
                62.390387689220645
              ],
              [
                17.26153930066971,
                62.39052566764764
              ],
              [
                17.260887254311992,
                62.39064387338343
              ]
            ]
          ]
        ]
      }
    },
    {
      "id": 924,
      "type": "Feature",
      "properties": {
        "name": "Nacksta Park/Odenshov Utegym och multianläggning",
        "type": "Aktivitetsyta",
        "created": "2019-10-24 16:56:28",
        "updated": "2022-08-11 14:20:23",
        "published": true,
        "owner": {
          "organizationID": 167,
          "name": "sundsvalls kommun"
        },
        "manager": {
          "organizationID": 143,
          "name": "stadsbyggnadskontoret park"
        },
        "tags": [
          "grönyta",
          "gym",
          "lekpark",
          "odenshov",
          "spontanidrottsplats",
          "utegym"
        ],
        "fields": [
          {
            "id": 153,
            "name": "Allmänt tillgänglig",
            "type": "DROPDOWN",
            "value": "Hela dygnet"
          },
          {
            "id": 7,
            "name": "Tillhörande filer",
            "type": "FILES",
            "value": [
              {
                "id": 2330,
                "filename": "007 Utegym motorik balans Nacksta Park.jpg",
                "description": "Nacksta utegym",
                "alttext": "Utegym i Nacksta park",
                "sourcetext": "Sundsvalls kommun",
                "validForWinter": true,
                "validForSummer": true,
                "sortIndex": 1,
                "type": "image/jpeg",
                "size": 83729,
                "url": "https://api.sundsvall.se/facilities/2.2/field/filesfield/2330",
                "license": "CC0",
                "licenseDescription": "Creative commons. \"No rights reserved\" https://creativecommons.org/share-your-work/public-domain/cc0/"
              },
              {
                "id": 1255,
                "filename": "DSC_0118_1_.jpg",
                "description": "",
                "alttext": "Utegym i Nacksta park",
                "sourcetext": "Sundsvalls kommun",
                "validForWinter": true,
                "validForSummer": true,
                "sortIndex": 2,
                "type": "image/jpeg",
                "size": 2739379,
                "url": "https://api.sundsvall.se/facilities/2.2/field/filesfield/1255",
                "license": "CC0",
                "licenseDescription": "Creative commons. \"No rights reserved\" https://creativecommons.org/share-your-work/public-domain/cc0/"
              },
              {
                "id": 1254,
                "filename": "DSC_0114_1_.jpg",
                "description": "",
                "alttext": "Utegym i Nacksta park",
                "sourcetext": "Sundsvalls kommun",
                "validForWinter": true,
                "validForSummer": true,
                "sortIndex": 3,
                "type": "image/jpeg",
                "size": 2665128,
                "url": "https://api.sundsvall.se/facilities/2.2/field/filesfield/1254",
                "license": "CC0",
                "licenseDescription": "Creative commons. \"No rights reserved\" https://creativecommons.org/share-your-work/public-domain/cc0/"
              },
              {
                "id": 1256,
                "filename": "DSC_0115_1_.jpg",
                "description": "",
                "alttext": "Nacksta aktivitetspark",
                "sourcetext": "Sundsvalls kommun",
                "validForWinter": true,
                "validForSummer": true,
                "sortIndex": 4,
                "type": "image/jpeg",
                "size": 3069434,
                "url": "https://api.sundsvall.se/facilities/2.2/field/filesfield/1256",
                "license": "CC0",
                "licenseDescription": "Creative commons. \"No rights reserved\" https://creativecommons.org/share-your-work/public-domain/cc0/"
              }
            ]
          },
          {
            "id": 137,
            "name": "Isplan enklare",
            "type": "TOGGLE",
            "value": "Nej"
          },
          {
            "id": 138,
            "name": "Ishockeyplan",
            "type": "TOGGLE",
            "value": "Nej"
          },
          {
            "id": 139,
            "name": "Bandyplan",
            "type": "TOGGLE",
            "value": "Nej"
          },
          {
            "id": 141,
            "name": "Fotbollsplan enklare",
            "type": "TOGGLE",
            "value": "Nej"
          },
          {
            "id": 147,
            "name": "Sarg",
            "type": "TOGGLE",
            "value": "Nej"
          },
          {
            "id": 154,
            "name": "Bokningsbar",
            "type": "TOGGLE",
            "value": "Nej"
          },
          {
            "id": 156,
            "name": "Amerikansk fotbollsplan",
            "type": "TOGGLE",
            "value": "Nej"
          },
          {
            "id": 157,
            "name": "Baseball eller softball",
            "type": "TOGGLE",
            "value": "Nej"
          },
          {
            "id": 182,
            "name": "Rugby",
            "type": "TOGGLE",
            "value": "Nej"
          },
          {
            "id": 225,
            "name": "Friidrott",
            "type": "TOGGLE",
            "value": "Nej"
          },
          {
            "id": 279,
            "name": "Belysning",
            "type": "TOGGLE",
            "value": "Ja"
          },
          {
            "id": 285,
            "name": "Felanmälan",
            "type": "Felanmälningstjänst",
            "reportName": "Sundsvalls kommun parker och lekparker",
            "reportDescription": "Felanmälan av parker",
            "reportLink": "https://isycase.isy.se/Sundsvall/publicform/create",
            "reportPhone": "060-19 15 65",
            "reportEmail": "servicecenter.kundtjanst@sundsvall.se"
          },
          {
            "id": 1,
            "name": "Beskrivning",
            "type": "FREETEXT",
            "value": "Grönyta i anslutning till bostadsområde med stor lekplats, två utegym, grillplats och en boulebana."
          }
        ],
        "centerPoint": [
          17.260065255180265,
          62.3904885764256
        ]
      },
      "geometry": {
        "type": "MultiPolygon",
        "coordinates": [
          [
            [
              [
                17.259794199598335,
                62.390647013081306
              ],
              [
                17.26015261315145,
                62.39074450824735
              ],
              [
                17.260646837437363,
                62.39068871146396
              ],
              [
                17.260651995660968,
                62.39064214119976
              ],
              [
                17.260198822169087,
                62.39037995241598
              ],
              [
                17.259615914014123,
                62.390236536491656
              ],
              [
                17.259476271836952,
                62.390310211901685
              ],
              [
                17.259527868986044,
                62.39047733756798
              ],
              [
                17.259794199598335,
                62.390647013081306
              ]
            ]
          ]
        ]
      }
    },
    {
      "id": 926,
      "type": "Feature",
      "properties": {
        "name": "Basketplan, Nackstavägen",
        "type": "Aktivitetsyta",
        "created": "2019-10-24 19:46:42",
        "updated": "2019-10-25 10:27:41",
        "published": false
      },
      "geometry": null
    },
    {
      "id": 927,
      "type": "Feature",
      "properties": {
        "name": "Basketplan, Nackstavägen (Rågen)",
        "type": "Aktivitetsyta",
        "created": "2019-10-24 19:50:34",
        "updated": "2020-03-24 14:52:19",
        "published": false
      },
      "geometry": null
    },
    {
      "id": 928,
      "type": "Feature",
      "properties": {
        "name": "S:t Olofsskolans Basketplan",
        "type": "Aktivitetsyta",
        "created": "2019-10-24 19:54:56",
        "updated": "2019-10-25 10:29:10",
        "published": false
      },
      "geometry": null
    },
    {
      "id": 929,
      "type": "Feature",
      "properties": {
        "name": "Midälvaplan grusplan och isplan",
        "type": "Aktivitetsyta",
        "created": "2019-10-24 19:59:33",
        "updated": "2023-01-02 13:56:42",
        "published": true,
        "owner": {
          "organizationID": 174,
          "name": "Sundsvalls kommun Stadsbyggnadskontoret"
        },
        "manager": {
          "organizationID": 170,
          "name": "Sundsvalls kommun Idrott och fritid"
        },
        "tags": [
          "bollplan",
          "brännboll",
          "fotboll",
          "grusplan",
          "isbana",
          "ishockey",
          "skridskor"
        ],
        "fields": [
          {
            "id": 34,
            "name": "Underlag",
            "type": "DROPDOWN",
            "value": "Grus"
          },
          {
            "id": 140,
            "name": "Isplanens storlek",
            "type": "DROPDOWN",
            "value": "20x40"
          },
          {
            "id": 153,
            "name": "Allmänt tillgänglig",
            "type": "DROPDOWN",
            "value": "Hela dygnet"
          },
          {
            "id": 142,
            "name": "Fotbollsplan 5-manna antal",
            "type": "INTEGER",
            "value": 1
          },
          {
            "id": 143,
            "name": "Fotbollsplan 7-manna antal",
            "type": "INTEGER",
            "value": 1
          },
          {
            "id": 144,
            "name": "Fotbollsplan 11-mannaplan antal",
            "type": "INTEGER",
            "value": 1
          },
          {
            "id": 7,
            "name": "Tillhörande filer",
            "type": "FILES",
            "value": [
              {
                "id": 731,
                "filename": "midälvaplan.isbana.JPG",
                "description": "Midälva isplan",
                "alttext": "Belysning speglar sig i isen ",
                "sourcetext": "Sundsvalls kommun",
                "validForWinter": true,
                "validForSummer": false,
                "sortIndex": 1,
                "type": "image/jpeg",
                "size": 2807564,
                "url": "https://api.sundsvall.se/facilities/2.2/field/filesfield/731",
                "license": "CC0",
                "licenseDescription": "Creative commons. \"No rights reserved\" https://creativecommons.org/share-your-work/public-domain/cc0/"
              },
              {
                "id": 2281,
                "filename": "Midälvaplan (1).jpg",
                "description": "Midälvaplan grusplan",
                "alttext": "Grusplan",
                "sourcetext": "Sundsvalls kommun",
                "validForWinter": false,
                "validForSummer": true,
                "sortIndex": 2,
                "type": "image/jpeg",
                "size": 766309,
                "url": "https://api.sundsvall.se/facilities/2.2/field/filesfield/2281",
                "license": "CC0",
                "licenseDescription": "Creative commons. \"No rights reserved\" https://creativecommons.org/share-your-work/public-domain/cc0/"
              }
            ]
          },
          {
            "id": 137,
            "name": "Isplan enklare",
            "type": "TOGGLE",
            "value": "Ja"
          },
          {
            "id": 138,
            "name": "Ishockeyplan",
            "type": "TOGGLE",
            "value": "Nej"
          },
          {
            "id": 139,
            "name": "Bandyplan",
            "type": "TOGGLE",
            "value": "Nej"
          },
          {
            "id": 141,
            "name": "Fotbollsplan enklare",
            "type": "TOGGLE",
            "value": "Ja"
          },
          {
            "id": 147,
            "name": "Sarg",
            "type": "TOGGLE",
            "value": "Nej"
          },
          {
            "id": 154,
            "name": "Bokningsbar",
            "type": "TOGGLE",
            "value": "Ja"
          },
          {
            "id": 156,
            "name": "Amerikansk fotbollsplan",
            "type": "TOGGLE",
            "value": "Nej"
          },
          {
            "id": 157,
            "name": "Baseball eller softball",
            "type": "TOGGLE",
            "value": "Nej"
          },
          {
            "id": 182,
            "name": "Rugby",
            "type": "TOGGLE",
            "value": "Nej"
          },
          {
            "id": 225,
            "name": "Friidrott",
            "type": "TOGGLE",
            "value": "Nej"
          },
          {
            "id": 279,
            "name": "Belysning",
            "type": "TOGGLE",
            "value": "Ja"
          },
          {
            "id": 285,
            "name": "Felanmälan",
            "type": "Felanmälningstjänst",
            "reportName": "Kontakt Sundsvall",
            "reportDescription": "Felanmälan av motionsspår, elljusspår, leder och andra friluftsanläggningar",
            "reportLink": "https://sundsvall.se/kommun-och-politik/politik-och-demokrati/dialog-och-synpunkter/felanmalan",
            "reportPhone": "060-19 10 00",
            "reportEmail": "kontakt@sundsvall.se"
          },
          {
            "id": 1,
            "name": "Beskrivning",
            "type": "FREETEXT",
            "value": "Sommartid en plan för 11-manna och 7-mannaspel. Vintertid en isplan som spolas och snöröjs en gång i veckan."
          },
          {
            "id": 155,
            "name": "Bokning länk",
            "type": "FREETEXT",
            "value": "https://sundsvall.se/kontakter/uthyrningsbyran-2/"
          },
          {
            "id": 180,
            "name": "Kontakt länk",
            "type": "FREETEXT",
            "value": "https://sundsvall.se/kontakter/uthyrningsbyran-2/"
          }
        ],
        "centerPoint": [
          17.27422208538628,
          62.38798237169604
        ]
      },
      "geometry": {
        "type": "MultiPolygon",
        "coordinates": [
          [
            [
              [
                17.27513614108288,
                62.38746362053001
              ],
              [
                17.275642604573,
                62.38810146173374
              ],
              [
                17.273307904063746,
                62.3885007579754
              ],
              [
                17.272801487828275,
                62.38786300226726
              ],
              [
                17.27513614108288,
                62.38746362053001
              ]
            ]
          ]
        ]
      }
    },
    {
      "id": 932,
      "type": "Feature",
      "properties": {
        "name": "Nacksta aktivitetsplan",
        "type": "Aktivitetsyta",
        "created": "2019-10-25 10:36:10",
        "updated": "2023-05-08 12:50:02",
        "published": true,
        "owner": {
          "organizationID": 36,
          "name": "Sundsvalls kommun Friluftsenheten"
        },
        "manager": {
          "organizationID": 36,
          "name": "Sundsvalls kommun Friluftsenheten"
        },
        "tags": [
          "fotboll",
          "fotbollsmål",
          "konstgräs",
          "spontanidrottsplats"
        ],
        "fields": [
          {
            "id": 153,
            "name": "Allmänt tillgänglig",
            "type": "DROPDOWN",
            "value": "Hela dygnet"
          },
          {
            "id": 142,
            "name": "Fotbollsplan 5-manna antal",
            "type": "INTEGER",
            "value": 1
          },
          {
            "id": 145,
            "name": "Basketplan antal",
            "type": "INTEGER",
            "value": 1
          },
          {
            "id": 7,
            "name": "Tillhörande filer",
            "type": "FILES",
            "value": [
              {
                "id": 2297,
                "filename": "20210331_124035.jpg",
                "description": "Odenshovs multiarena i Nacksta",
                "alttext": "Gräsplan med sarg för bland annat fotbollsspel",
                "sourcetext": "Sundsvalls kommun",
                "validForWinter": true,
                "validForSummer": true,
                "sortIndex": 1,
                "type": "image/jpeg",
                "size": 3688834,
                "url": "https://api.sundsvall.se/facilities/2.2/field/filesfield/2297",
                "license": "CC0",
                "licenseDescription": "Creative commons. \"No rights reserved\" https://creativecommons.org/share-your-work/public-domain/cc0/"
              }
            ]
          },
          {
            "id": 137,
            "name": "Isplan enklare",
            "type": "TOGGLE",
            "value": "Nej"
          },
          {
            "id": 138,
            "name": "Ishockeyplan",
            "type": "TOGGLE",
            "value": "Nej"
          },
          {
            "id": 139,
            "name": "Bandyplan",
            "type": "TOGGLE",
            "value": "Nej"
          },
          {
            "id": 141,
            "name": "Fotbollsplan enklare",
            "type": "TOGGLE",
            "value": "Ja"
          },
          {
            "id": 147,
            "name": "Sarg",
            "type": "TOGGLE",
            "value": "Nej"
          },
          {
            "id": 154,
            "name": "Bokningsbar",
            "type": "TOGGLE",
            "value": "Nej"
          },
          {
            "id": 156,
            "name": "Amerikansk fotbollsplan",
            "type": "TOGGLE",
            "value": "Nej"
          },
          {
            "id": 157,
            "name": "Baseball eller softball",
            "type": "TOGGLE",
            "value": "Nej"
          },
          {
            "id": 182,
            "name": "Rugby",
            "type": "TOGGLE",
            "value": "Nej"
          },
          {
            "id": 225,
            "name": "Friidrott",
            "type": "TOGGLE",
            "value": "Nej"
          },
          {
            "id": 279,
            "name": "Belysning",
            "type": "TOGGLE",
            "value": "Ja"
          },
          {
            "id": 1,
            "name": "Beskrivning",
            "type": "FREETEXT",
            "value": "5-manna konstgräsplan i anslutning till Nackstabadet. Fakta: 2 mål, konstgräs - spontanidrottsanläggning "
          },
          {
            "id": 180,
            "name": "Kontakt länk",
            "type": "FREETEXT",
            "value": "https://sundsvall.se/uppleva-och-gora/idrott-och-motion/idrottsplatser/multiarena-spontanidrottsplats/"
          }
        ],
        "centerPoint": [
          17.261025035578704,
          62.39037431076554
        ]
      },
      "geometry": {
        "type": "MultiPolygon",
        "coordinates": [
          [
            [
              [
                17.2607983383489,
                62.39048487718341
              ],
              [
                17.26137599056616,
                62.39038598384058
              ],
              [
                17.261239473456477,
                62.39024236469118
              ],
              [
                17.26066922532387,
                62.39035320648705
              ],
              [
                17.2607983383489,
                62.39048487718341
              ]
            ]
          ]
        ]
      }
    },
    {
      "id": 933,
      "type": "Feature",
      "properties": {
        "name": "Nackstavägen gräsplan",
        "type": "Aktivitetsyta",
        "created": "2019-10-25 10:39:25",
        "updated": "2019-10-25 10:40:00",
        "published": false
      },
      "geometry": null
    },
    {
      "id": 940,
      "type": "Feature",
      "properties": {
        "name": "Sundsvalls Hung Gar klubb",
        "type": "Aktivitetsyta",
        "created": "2019-10-25 14:43:55",
        "updated": "2024-03-22 10:07:44",
        "published": false
      },
      "geometry": null
    },
    {
      "id": 941,
      "type": "Feature",
      "properties": {
        "name": "Hedbergska skolan basketplan och löparbana",
        "type": "Aktivitetsyta",
        "created": "2019-10-25 16:50:56",
        "updated": "2022-01-13 09:09:38",
        "published": true,
        "owner": {
          "organizationID": 167,
          "name": "sundsvalls kommun"
        },
        "tags": [
          "basket",
          "basketplan",
          "friidrott",
          "löparbana",
          "streetbasket"
        ],
        "fields": [
          {
            "id": 153,
            "name": "Allmänt tillgänglig",
            "type": "DROPDOWN",
            "value": "Utanför skoltid"
          },
          {
            "id": 145,
            "name": "Basketplan antal",
            "type": "INTEGER",
            "value": 1
          },
          {
            "id": 7,
            "name": "Tillhörande filer",
            "type": "FILES",
            "value": [
              {
                "id": 735,
                "filename": "basket_hedbergska.jpg",
                "description": "",
                "alttext": "Asfalterad basketplan med basketkorgar",
                "sourcetext": "Sundsvalls kommun",
                "validForWinter": false,
                "validForSummer": true,
                "sortIndex": null,
                "type": "image/jpeg",
                "size": 52751,
                "url": "https://api.sundsvall.se/facilities/2.2/field/filesfield/735",
                "license": "CC0",
                "licenseDescription": "Creative commons. \"No rights reserved\" https://creativecommons.org/share-your-work/public-domain/cc0/"
              },
              {
                "id": 2287,
                "filename": "Löparbana Hedbergska skolan.JPG",
                "description": "Fyra löparbanor 200 meter vid Hedbergska skolan",
                "alttext": "Löparbana",
                "sourcetext": "",
                "validForWinter": false,
                "validForSummer": false,
                "sortIndex": null,
                "type": "image/jpeg",
                "size": 3323999,
                "url": "https://api.sundsvall.se/facilities/2.2/field/filesfield/2287"
              }
            ]
          },
          {
            "id": 137,
            "name": "Isplan enklare",
            "type": "TOGGLE",
            "value": "Nej"
          },
          {
            "id": 138,
            "name": "Ishockeyplan",
            "type": "TOGGLE",
            "value": "Nej"
          },
          {
            "id": 139,
            "name": "Bandyplan",
            "type": "TOGGLE",
            "value": "Nej"
          },
          {
            "id": 141,
            "name": "Fotbollsplan enklare",
            "type": "TOGGLE",
            "value": "Nej"
          },
          {
            "id": 147,
            "name": "Sarg",
            "type": "TOGGLE",
            "value": "Nej"
          },
          {
            "id": 154,
            "name": "Bokningsbar",
            "type": "TOGGLE",
            "value": "Nej"
          },
          {
            "id": 156,
            "name": "Amerikansk fotbollsplan",
            "type": "TOGGLE",
            "value": "Nej"
          },
          {
            "id": 157,
            "name": "Baseball eller softball",
            "type": "TOGGLE",
            "value": "Nej"
          },
          {
            "id": 182,
            "name": "Rugby",
            "type": "TOGGLE",
            "value": "Nej"
          },
          {
            "id": 225,
            "name": "Friidrott",
            "type": "TOGGLE",
            "value": "Ja"
          },
          {
            "id": 279,
            "name": "Belysning",
            "type": "TOGGLE",
            "value": "Ja"
          },
          {
            "id": 1,
            "name": "Beskrivning",
            "type": "FREETEXT",
            "value": "Basketplan med linjemarkeringar och fyra 200 meters löparbanor med doserade kurvor  vid Hedbergska skolan."
          }
        ],
        "centerPoint": [
          17.298414330406292,
          62.38967544178122
        ]
      },
      "geometry": {
        "type": "MultiPolygon",
        "coordinates": [
          [
            [
              [
                17.29822173498855,
                62.389947878041106
              ],
              [
                17.298507930501582,
                62.38993561058392
              ],
              [
                17.298809010869114,
                62.389905495610165
              ],
              [
                17.298598721553446,
                62.389423677588674
              ],
              [
                17.298402781232067,
                62.38941182539067
              ],
              [
                17.29802285343113,
                62.38947341432982
              ],
              [
                17.29822173498855,
                62.389947878041106
              ]
            ]
          ]
        ]
      }
    },
    {
      "id": 945,
      "type": "Feature",
      "properties": {
        "name": "Camp Mitthem",
        "type": "Aktivitetsyta",
        "created": "2019-10-28 09:55:52",
        "updated": "2021-09-24 14:40:05",
        "published": true,
        "owner": {
          "organizationID": 292,
          "name": "GIF Sundsvall"
        },
        "manager": {
          "organizationID": 292,
          "name": "GIF Sundsvall"
        },
        "tags": [
          "11-mannaplan",
          "7-mannaplan",
          "bollplan",
          "fotboll"
        ],
        "fields": [
          {
            "id": 153,
            "name": "Allmänt tillgänglig",
            "type": "DROPDOWN",
            "value": "Nej"
          },
          {
            "id": 142,
            "name": "Fotbollsplan 5-manna antal",
            "type": "INTEGER",
            "value": 1
          },
          {
            "id": 143,
            "name": "Fotbollsplan 7-manna antal",
            "type": "INTEGER",
            "value": 1
          },
          {
            "id": 144,
            "name": "Fotbollsplan 11-mannaplan antal",
            "type": "INTEGER",
            "value": 1
          },
          {
            "id": 137,
            "name": "Isplan enklare",
            "type": "TOGGLE",
            "value": "Nej"
          },
          {
            "id": 138,
            "name": "Ishockeyplan",
            "type": "TOGGLE",
            "value": "Nej"
          },
          {
            "id": 139,
            "name": "Bandyplan",
            "type": "TOGGLE",
            "value": "Nej"
          },
          {
            "id": 141,
            "name": "Fotbollsplan enklare",
            "type": "TOGGLE",
            "value": "Nej"
          },
          {
            "id": 147,
            "name": "Sarg",
            "type": "TOGGLE",
            "value": "Nej"
          },
          {
            "id": 154,
            "name": "Bokningsbar",
            "type": "TOGGLE",
            "value": "Nej"
          },
          {
            "id": 156,
            "name": "Amerikansk fotbollsplan",
            "type": "TOGGLE",
            "value": "Nej"
          },
          {
            "id": 157,
            "name": "Baseball eller softball",
            "type": "TOGGLE",
            "value": "Nej"
          },
          {
            "id": 182,
            "name": "Rugby",
            "type": "TOGGLE",
            "value": "Nej"
          },
          {
            "id": 225,
            "name": "Friidrott",
            "type": "TOGGLE",
            "value": "Nej"
          },
          {
            "id": 1,
            "name": "Beskrivning",
            "type": "FREETEXT",
            "value": "11-manna konstgräsplan med möljlighet till 7- och 5-manna  spel. Här bedrivs utöver en del av GIF Sundsvalls träning även Back 2 basic."
          },
          {
            "id": 136,
            "name": "Öppettider länk",
            "type": "FREETEXT",
            "value": "https://gifsundsvall.se/"
          }
        ],
        "centerPoint": [
          17.258616105030388,
          62.391708364917655
        ]
      },
      "geometry": {
        "type": "MultiPolygon",
        "coordinates": [
          [
            [
              [
                17.257969799581655,
                62.39211879612925
              ],
              [
                17.259701126658783,
                62.39179903930911
              ],
              [
                17.259305766898816,
                62.391297542831936
              ],
              [
                17.257530796168908,
                62.39161297379193
              ],
              [
                17.257969799581655,
                62.39211879612925
              ]
            ]
          ]
        ]
      }
    },
    {
      "id": 946,
      "type": "Feature",
      "properties": {
        "name": "Boule, Nackstavägen (Rågen)",
        "type": "Aktivitetsyta",
        "created": "2019-10-28 10:06:57",
        "updated": "2020-03-24 14:51:57",
        "published": false
      },
      "geometry": null
    },
    {
      "id": 947,
      "type": "Feature",
      "properties": {
        "name": "Grusplan, Sidsjö (Hornsg/Tung)",
        "type": "Aktivitetsyta",
        "created": "2019-10-28 10:27:08",
        "updated": "2021-09-24 14:52:57",
        "published": true,
        "owner": {
          "organizationID": 174,
          "name": "Sundsvalls kommun Stadsbyggnadskontoret"
        },
        "manager": {
          "organizationID": 172,
          "name": "Sundsvalls kommun Parkavdelningen"
        },
        "tags": [
          "bollplan",
          "brännboll",
          "fotboll",
          "grusplan"
        ],
        "fields": [
          {
            "id": 34,
            "name": "Underlag",
            "type": "DROPDOWN",
            "value": "Grus"
          },
          {
            "id": 153,
            "name": "Allmänt tillgänglig",
            "type": "DROPDOWN",
            "value": "Hela dygnet"
          },
          {
            "id": 7,
            "name": "Tillhörande filer",
            "type": "FILES",
            "value": [
              {
                "id": 738,
                "filename": "grusplan_tegelbruksg.jpg",
                "description": "",
                "alttext": "",
                "sourcetext": "",
                "validForWinter": false,
                "validForSummer": false,
                "sortIndex": null,
                "type": "image/jpeg",
                "size": 69557,
                "url": "https://api.sundsvall.se/facilities/2.2/field/filesfield/738",
                "license": "CC0",
                "licenseDescription": "Creative commons. \"No rights reserved\" https://creativecommons.org/share-your-work/public-domain/cc0/"
              }
            ]
          },
          {
            "id": 137,
            "name": "Isplan enklare",
            "type": "TOGGLE",
            "value": "Nej"
          },
          {
            "id": 138,
            "name": "Ishockeyplan",
            "type": "TOGGLE",
            "value": "Nej"
          },
          {
            "id": 139,
            "name": "Bandyplan",
            "type": "TOGGLE",
            "value": "Nej"
          },
          {
            "id": 141,
            "name": "Fotbollsplan enklare",
            "type": "TOGGLE",
            "value": "Ja"
          },
          {
            "id": 147,
            "name": "Sarg",
            "type": "TOGGLE",
            "value": "Nej"
          },
          {
            "id": 154,
            "name": "Bokningsbar",
            "type": "TOGGLE",
            "value": "Nej"
          },
          {
            "id": 156,
            "name": "Amerikansk fotbollsplan",
            "type": "TOGGLE",
            "value": "Nej"
          },
          {
            "id": 157,
            "name": "Baseball eller softball",
            "type": "TOGGLE",
            "value": "Nej"
          },
          {
            "id": 182,
            "name": "Rugby",
            "type": "TOGGLE",
            "value": "Nej"
          },
          {
            "id": 225,
            "name": "Friidrott",
            "type": "TOGGLE",
            "value": "Nej"
          },
          {
            "id": 285,
            "name": "Felanmälan",
            "type": "Felanmälningstjänst",
            "reportName": "Sundsvalls kommun parker och lekparker",
            "reportDescription": "Felanmälan av parker",
            "reportLink": "https://isycase.isy.se/Sundsvall/publicform/create",
            "reportPhone": "060-19 15 65",
            "reportEmail": "servicecenter.kundtjanst@sundsvall.se"
          },
          {
            "id": 1,
            "name": "Beskrivning",
            "type": "FREETEXT",
            "value": "Grusplan i villaområde. Fakta: Yta 23*32 m, 2 mål, grus. "
          }
        ],
        "centerPoint": [
          17.265485034656145,
          62.37786405622753
        ]
      },
      "geometry": {
        "type": "MultiPolygon",
        "coordinates": [
          [
            [
              [
                17.26540758014232,
                62.37804490732578
              ],
              [
                17.26585978729036,
                62.37797342939268
              ],
              [
                17.265596534818343,
                62.377678497677785
              ],
              [
                17.265108511231094,
                62.3777417571364
              ],
              [
                17.26540758014232,
                62.37804490732578
              ]
            ]
          ]
        ]
      }
    },
    {
      "id": 948,
      "type": "Feature",
      "properties": {
        "name": "Böle -",
        "type": "Aktivitetsyta",
        "created": "2019-10-28 10:47:48",
        "published": false
      },
      "geometry": null
    },
    {
      "id": 949,
      "type": "Feature",
      "properties": {
        "name": "Böle fotbollsplan/isbana",
        "type": "Aktivitetsyta",
        "created": "2019-10-28 11:07:12",
        "updated": "2019-10-29 08:51:09",
        "published": false
      },
      "geometry": null
    },
    {
      "id": 950,
      "type": "Feature",
      "properties": {
        "name": "Västhagen",
        "type": "Aktivitetsyta",
        "created": "2019-10-28 11:14:06",
        "updated": "2020-06-29 15:08:47",
        "published": true,
        "owner": {
          "organizationID": 170,
          "name": "Sundsvalls kommun Idrott och fritid"
        },
        "manager": {
          "organizationID": 170,
          "name": "Sundsvalls kommun Idrott och fritid"
        },
        "tags": [
          "11-mannaplan",
          "7-mannaplan",
          "fotboll",
          "fotbollsmål",
          "fotbollsplan",
          "västehagen"
        ],
        "fields": [
          {
            "id": 34,
            "name": "Underlag",
            "type": "DROPDOWN",
            "value": "Konstgräs"
          },
          {
            "id": 153,
            "name": "Allmänt tillgänglig",
            "type": "DROPDOWN",
            "value": "Särskilda öppettider"
          },
          {
            "id": 143,
            "name": "Fotbollsplan 7-manna antal",
            "type": "INTEGER",
            "value": 1
          },
          {
            "id": 144,
            "name": "Fotbollsplan 11-mannaplan antal",
            "type": "INTEGER",
            "value": 1
          },
          {
            "id": 7,
            "name": "Tillhörande filer",
            "type": "FILES",
            "value": [
              {
                "id": 739,
                "filename": "Västhagen 2.JPG",
                "validForWinter": false,
                "validForSummer": false,
                "sortIndex": null,
                "type": "image/jpeg",
                "size": 395735,
                "url": "https://api.sundsvall.se/facilities/2.2/field/filesfield/739",
                "license": "CC0",
                "licenseDescription": "Creative commons. \"No rights reserved\" https://creativecommons.org/share-your-work/public-domain/cc0/"
              },
              {
                "id": 740,
                "filename": "Västhagen 1.JPG",
                "validForWinter": false,
                "validForSummer": false,
                "sortIndex": null,
                "type": "image/jpeg",
                "size": 372224,
                "url": "https://api.sundsvall.se/facilities/2.2/field/filesfield/740",
                "license": "CC0",
                "licenseDescription": "Creative commons. \"No rights reserved\" https://creativecommons.org/share-your-work/public-domain/cc0/"
              },
              {
                "id": 741,
                "filename": "Västhagen konstgräs (1).jpg",
                "validForWinter": false,
                "validForSummer": false,
                "sortIndex": null,
                "type": "image/jpeg",
                "size": 1138277,
                "url": "https://api.sundsvall.se/facilities/2.2/field/filesfield/741",
                "license": "CC0",
                "licenseDescription": "Creative commons. \"No rights reserved\" https://creativecommons.org/share-your-work/public-domain/cc0/"
              },
              {
                "id": 742,
                "filename": "Västhagen Konstgräs Belysning.jpg",
                "validForWinter": false,
                "validForSummer": false,
                "sortIndex": null,
                "type": "image/jpeg",
                "size": 398293,
                "url": "https://api.sundsvall.se/facilities/2.2/field/filesfield/742",
                "license": "CC0",
                "licenseDescription": "Creative commons. \"No rights reserved\" https://creativecommons.org/share-your-work/public-domain/cc0/"
              },
              {
                "id": 743,
                "filename": "050928 036.jpg",
                "validForWinter": false,
                "validForSummer": false,
                "sortIndex": null,
                "type": "image/jpeg",
                "size": 1314989,
                "url": "https://api.sundsvall.se/facilities/2.2/field/filesfield/743",
                "license": "CC0",
                "licenseDescription": "Creative commons. \"No rights reserved\" https://creativecommons.org/share-your-work/public-domain/cc0/"
              }
            ]
          },
          {
            "id": 137,
            "name": "Isplan enklare",
            "type": "TOGGLE",
            "value": "Nej"
          },
          {
            "id": 138,
            "name": "Ishockeyplan",
            "type": "TOGGLE",
            "value": "Nej"
          },
          {
            "id": 139,
            "name": "Bandyplan",
            "type": "TOGGLE",
            "value": "Nej"
          },
          {
            "id": 141,
            "name": "Fotbollsplan enklare",
            "type": "TOGGLE",
            "value": "Nej"
          },
          {
            "id": 147,
            "name": "Sarg",
            "type": "TOGGLE",
            "value": "Nej"
          },
          {
            "id": 154,
            "name": "Bokningsbar",
            "type": "TOGGLE",
            "value": "Ja"
          },
          {
            "id": 156,
            "name": "Amerikansk fotbollsplan",
            "type": "TOGGLE",
            "value": "Nej"
          },
          {
            "id": 157,
            "name": "Baseball eller softball",
            "type": "TOGGLE",
            "value": "Nej"
          },
          {
            "id": 182,
            "name": "Rugby",
            "type": "TOGGLE",
            "value": "Nej"
          },
          {
            "id": 225,
            "name": "Friidrott",
            "type": "TOGGLE",
            "value": "Nej"
          },
          {
            "id": 285,
            "name": "Felanmälan",
            "type": "Felanmälningstjänst",
            "reportName": "Kontakt Sundsvall",
            "reportDescription": "Felanmälan av motionsspår, elljusspår, leder och andra friluftsanläggningar",
            "reportLink": "https://sundsvall.se/kommun-och-politik/politik-och-demokrati/dialog-och-synpunkter/felanmalan",
            "reportPhone": "060-19 10 00",
            "reportEmail": "kontakt@sundsvall.se"
          },
          {
            "id": 1,
            "name": "Beskrivning",
            "type": "FREETEXT",
            "value": "Konstgräsplan för elvamanna- och sjumannaspel. Planen mäter 105 x 65 m. "
          },
          {
            "id": 155,
            "name": "Bokning länk",
            "type": "FREETEXT",
            "value": "https://sundsvall.se/kontakter/uthyrningsbyran-2/"
          }
        ],
        "centerPoint": [
          17.284365715178957,
          62.39629595297551
        ]
      },
      "geometry": {
        "type": "MultiPolygon",
        "coordinates": [
          [
            [
              [
                17.284581413148807,
                62.39572866341008
              ],
              [
                17.285386703453334,
                62.396622927358806
              ],
              [
                17.284149901021227,
                62.39686284091929
              ],
              [
                17.283344640954073,
                62.39596856976326
              ],
              [
                17.284581413148807,
                62.39572866341008
              ]
            ]
          ]
        ]
      }
    },
    {
      "id": 1006,
      "type": "Feature",
      "properties": {
        "name": "Gärdehov Arena - Bandyplan",
        "type": "Aktivitetsyta",
        "created": "2019-11-01 10:49:13",
        "updated": "2023-01-02 14:35:43",
        "published": true,
        "owner": {
          "organizationID": 167,
          "name": "sundsvalls kommun"
        },
        "manager": {
          "organizationID": 170,
          "name": "Sundsvalls kommun Idrott och fritid"
        },
        "tags": [
          "bandy",
          "bandyplan",
          "gärdehov",
          "långfärdsskridsko",
          "läktare",
          "skridsko"
        ],
        "fields": [
          {
            "id": 34,
            "name": "Underlag",
            "type": "DROPDOWN",
            "value": "Grus"
          },
          {
            "id": 140,
            "name": "Isplanens storlek",
            "type": "DROPDOWN",
            "value": "50x100"
          },
          {
            "id": 153,
            "name": "Allmänt tillgänglig",
            "type": "DROPDOWN",
            "value": "Särskilda öppettider"
          },
          {
            "id": 7,
            "name": "Tillhörande filer",
            "type": "FILES",
            "value": [
              {
                "id": 2427,
                "filename": "Allmänh.jpg",
                "description": "Allmänhetens åkning på bandyplanen vid Gärdehov Arena",
                "alttext": "Barn åker skridsko på en isplan",
                "sourcetext": "Sundsvalls kommun",
                "validForWinter": true,
                "validForSummer": false,
                "sortIndex": 1,
                "type": "image/jpeg",
                "size": 82812,
                "url": "https://api.sundsvall.se/facilities/2.2/field/filesfield/2427",
                "license": "CC0",
                "licenseDescription": "Creative commons. \"No rights reserved\" https://creativecommons.org/share-your-work/public-domain/cc0/"
              },
              {
                "id": 2428,
                "filename": "Läktare.jpg",
                "description": "Läktaren vid Gärdehov Arena bandyplan",
                "alttext": "Folk sitter på en läktare och tar på sig skridskor",
                "sourcetext": "Sundsvalls kommun",
                "validForWinter": true,
                "validForSummer": false,
                "sortIndex": 2,
                "type": "image/jpeg",
                "size": 189141,
                "url": "https://api.sundsvall.se/facilities/2.2/field/filesfield/2428",
                "license": "CC0",
                "licenseDescription": "Creative commons. \"No rights reserved\" https://creativecommons.org/share-your-work/public-domain/cc0/"
              },
              {
                "id": 2429,
                "filename": "PA300078.JPG",
                "description": "Skridskoåkning på bandyplanen",
                "alttext": "Vuxna och barn åker skridsko på en isplan",
                "sourcetext": "Sundsvalls kommun",
                "validForWinter": true,
                "validForSummer": false,
                "sortIndex": 3,
                "type": "image/jpeg",
                "size": 2543809,
                "url": "https://api.sundsvall.se/facilities/2.2/field/filesfield/2429",
                "license": "CC0",
                "licenseDescription": "Creative commons. \"No rights reserved\" https://creativecommons.org/share-your-work/public-domain/cc0/"
              }
            ]
          },
          {
            "id": 137,
            "name": "Isplan enklare",
            "type": "TOGGLE",
            "value": "Nej"
          },
          {
            "id": 138,
            "name": "Ishockeyplan",
            "type": "TOGGLE",
            "value": "Nej"
          },
          {
            "id": 139,
            "name": "Bandyplan",
            "type": "TOGGLE",
            "value": "Ja"
          },
          {
            "id": 141,
            "name": "Fotbollsplan enklare",
            "type": "TOGGLE",
            "value": "Nej"
          },
          {
            "id": 147,
            "name": "Sarg",
            "type": "TOGGLE",
            "value": "Nej"
          },
          {
            "id": 154,
            "name": "Bokningsbar",
            "type": "TOGGLE",
            "value": "Ja"
          },
          {
            "id": 156,
            "name": "Amerikansk fotbollsplan",
            "type": "TOGGLE",
            "value": "Nej"
          },
          {
            "id": 157,
            "name": "Baseball eller softball",
            "type": "TOGGLE",
            "value": "Nej"
          },
          {
            "id": 182,
            "name": "Rugby",
            "type": "TOGGLE",
            "value": "Nej"
          },
          {
            "id": 225,
            "name": "Friidrott",
            "type": "TOGGLE",
            "value": "Nej"
          },
          {
            "id": 279,
            "name": "Belysning",
            "type": "TOGGLE",
            "value": "Ja"
          },
          {
            "id": 285,
            "name": "Felanmälan",
            "type": "Felanmälningstjänst",
            "reportName": "Kontakt Sundsvall",
            "reportDescription": "Felanmälan av motionsspår, elljusspår, leder och andra friluftsanläggningar",
            "reportLink": "https://sundsvall.se/kommun-och-politik/politik-och-demokrati/dialog-och-synpunkter/felanmalan",
            "reportPhone": "060-19 10 00",
            "reportEmail": "kontakt@sundsvall.se"
          },
          {
            "id": 1,
            "name": "Beskrivning",
            "type": "FREETEXT",
            "value": "Utomhusanläggning med konstfrusen is, 400 meters skridskobana runt bandyplanen. Fakta:  Läktare för 3 000 personer. Öppettider: https://sundsvall.se/uppleva-och-gora/idrott-motion-och-friluftsliv/hallar-och-idrottsanlaggningar/gardehov-arena/allmanhetens-akning---gardehov-arena\r\n"
          },
          {
            "id": 136,
            "name": "Öppettider länk",
            "type": "FREETEXT",
            "value": "https://sundsvall.se/uppleva-och-gora/idrott-motion-och-friluftsliv/hallar-och-idrottsanlaggningar/gardehov-arena/anlaggningar-i-gardehov-arena"
          },
          {
            "id": 155,
            "name": "Bokning länk",
            "type": "FREETEXT",
            "value": "https://sundsvall.se/kontakter/uthyrningsbyran-2/"
          },
          {
            "id": 180,
            "name": "Kontakt länk",
            "type": "FREETEXT",
            "value": "https://sundsvall.se/kontakter/uthyrningsbyran-2/"
          }
        ],
        "centerPoint": [
          17.34678393597419,
          62.41155913221592
        ]
      },
      "geometry": {
        "type": "MultiPolygon",
        "coordinates": [
          [
            [
              [
                17.34582930511081,
                62.41120667874527
              ],
              [
                17.34787739032352,
                62.41130811966934
              ],
              [
                17.347738405084996,
                62.41191090345528
              ],
              [
                17.345690279472745,
                62.411809467855534
              ],
              [
                17.34582930511081,
                62.41120667874527
              ]
            ]
          ]
        ]
      }
    },
    {
      "id": 1008,
      "type": "Feature",
      "properties": {
        "name": "Hellbergshovs spontanidrottsplats",
        "type": "Aktivitetsyta",
        "created": "2019-11-01 11:27:09",
        "updated": "2019-12-05 13:42:08",
        "published": false
      },
      "geometry": null
    },
    {
      "id": 1009,
      "type": "Feature",
      "properties": {
        "name": "Vasagatans Basketplan",
        "type": "Aktivitetsyta",
        "created": "2019-11-01 11:47:45",
        "updated": "2019-11-06 08:51:50",
        "published": false
      },
      "geometry": null
    },
    {
      "id": 1010,
      "type": "Feature",
      "properties": {
        "name": "Hellbergsskolans grusplan och isplan",
        "type": "Aktivitetsyta",
        "created": "2019-11-01 11:59:28",
        "updated": "2023-01-02 13:43:59",
        "published": true,
        "owner": {
          "organizationID": 168,
          "name": "Sundsvalls kommun Drakfastigheter"
        },
        "manager": {
          "organizationID": 170,
          "name": "Sundsvalls kommun Idrott och fritid"
        },
        "tags": [
          "7-mannaplan",
          "fotboll",
          "fotbollsmål",
          "isbana",
          "ishockey",
          "isplan"
        ],
        "fields": [
          {
            "id": 34,
            "name": "Underlag",
            "type": "DROPDOWN",
            "value": "Grus"
          },
          {
            "id": 140,
            "name": "Isplanens storlek",
            "type": "DROPDOWN",
            "value": "20x40"
          },
          {
            "id": 153,
            "name": "Allmänt tillgänglig",
            "type": "DROPDOWN",
            "value": "Utanför skoltid"
          },
          {
            "id": 142,
            "name": "Fotbollsplan 5-manna antal",
            "type": "INTEGER",
            "value": 1
          },
          {
            "id": 143,
            "name": "Fotbollsplan 7-manna antal",
            "type": "INTEGER",
            "value": 1
          },
          {
            "id": 7,
            "name": "Tillhörande filer",
            "type": "FILES",
            "value": [
              {
                "id": 814,
                "filename": "Skönsberg isbana (1).jpg",
                "description": "Isplan vid Hellbergsskolan",
                "alttext": "Isbana med målbur",
                "sourcetext": "Sundsvalls kommun",
                "validForWinter": true,
                "validForSummer": false,
                "sortIndex": 1,
                "type": "image/jpeg",
                "size": 807331,
                "url": "https://api.sundsvall.se/facilities/2.2/field/filesfield/814",
                "license": "CC0",
                "licenseDescription": "Creative commons. \"No rights reserved\" https://creativecommons.org/share-your-work/public-domain/cc0/"
              },
              {
                "id": 815,
                "filename": "Skönsbergs skola grusplan (2).jpg",
                "description": "Grusplan vid Hellbergsskolan",
                "alttext": "Grusplan med målbur",
                "sourcetext": "Sundsvalls kommun",
                "validForWinter": false,
                "validForSummer": true,
                "sortIndex": 2,
                "type": "image/jpeg",
                "size": 1071483,
                "url": "https://api.sundsvall.se/facilities/2.2/field/filesfield/815",
                "license": "CC0",
                "licenseDescription": "Creative commons. \"No rights reserved\" https://creativecommons.org/share-your-work/public-domain/cc0/"
              }
            ]
          },
          {
            "id": 137,
            "name": "Isplan enklare",
            "type": "TOGGLE",
            "value": "Ja"
          },
          {
            "id": 138,
            "name": "Ishockeyplan",
            "type": "TOGGLE",
            "value": "Nej"
          },
          {
            "id": 139,
            "name": "Bandyplan",
            "type": "TOGGLE",
            "value": "Nej"
          },
          {
            "id": 141,
            "name": "Fotbollsplan enklare",
            "type": "TOGGLE",
            "value": "Ja"
          },
          {
            "id": 147,
            "name": "Sarg",
            "type": "TOGGLE",
            "value": "Nej"
          },
          {
            "id": 154,
            "name": "Bokningsbar",
            "type": "TOGGLE",
            "value": "Nej"
          },
          {
            "id": 156,
            "name": "Amerikansk fotbollsplan",
            "type": "TOGGLE",
            "value": "Nej"
          },
          {
            "id": 157,
            "name": "Baseball eller softball",
            "type": "TOGGLE",
            "value": "Nej"
          },
          {
            "id": 182,
            "name": "Rugby",
            "type": "TOGGLE",
            "value": "Nej"
          },
          {
            "id": 225,
            "name": "Friidrott",
            "type": "TOGGLE",
            "value": "Nej"
          },
          {
            "id": 279,
            "name": "Belysning",
            "type": "TOGGLE",
            "value": "Ja"
          },
          {
            "id": 285,
            "name": "Felanmälan",
            "type": "Felanmälningstjänst",
            "reportName": "Kontakt Sundsvall",
            "reportDescription": "Felanmälan av motionsspår, elljusspår, leder och andra friluftsanläggningar",
            "reportLink": "https://sundsvall.se/kommun-och-politik/politik-och-demokrati/dialog-och-synpunkter/felanmalan",
            "reportPhone": "060-19 10 00",
            "reportEmail": "kontakt@sundsvall.se"
          },
          {
            "id": 1,
            "name": "Beskrivning",
            "type": "FREETEXT",
            "value": "7-manna grusplan sommartid. Fakta: Grus, 2 mål, 53 x 24 m. Vintertid spolas och snöröjes en isplan."
          },
          {
            "id": 180,
            "name": "Kontakt länk",
            "type": "FREETEXT",
            "value": "https://sundsvall.se/uppleva-och-gora/idrott-motion-och-friluftsliv/hallar-och-idrottsanlaggningar/ishallar-och-isbanor"
          }
        ],
        "centerPoint": [
          17.34637390563606,
          62.39928308858399
        ]
      },
      "geometry": {
        "type": "MultiPolygon",
        "coordinates": [
          [
            [
              [
                17.346905311731664,
                62.39941539093877
              ],
              [
                17.34586621881061,
                62.39943230643269
              ],
              [
                17.345845636513616,
                62.39916967050395
              ],
              [
                17.346873497826202,
                62.39914196512956
              ],
              [
                17.346905311731664,
                62.39941539093877
              ]
            ]
          ]
        ]
      }
    },
    {
      "id": 1011,
      "type": "Feature",
      "properties": {
        "name": "Vasagatans Bollplan",
        "type": "Aktivitetsyta",
        "created": "2019-11-01 12:06:38",
        "published": false
      },
      "geometry": null
    },
    {
      "id": 1012,
      "type": "Feature",
      "properties": {
        "name": "HK-vallen 2",
        "type": "Aktivitetsyta",
        "created": "2019-11-01 12:47:12",
        "updated": "2019-11-04 16:05:41",
        "published": false
      },
      "geometry": null
    },
    {
      "id": 1013,
      "type": "Feature",
      "properties": {
        "name": "HK-vallen 1",
        "type": "Aktivitetsyta",
        "created": "2019-11-01 12:47:17",
        "updated": "2019-12-13 16:45:09",
        "published": false
      },
      "geometry": null
    },
    {
      "id": 1014,
      "type": "Feature",
      "properties": {
        "name": "Granbackens Bollplan/isplan",
        "type": "Aktivitetsyta",
        "created": "2019-11-01 12:54:50",
        "updated": "2019-11-06 08:54:32",
        "published": false
      },
      "geometry": null
    },
    {
      "id": 1017,
      "type": "Feature",
      "properties": {
        "name": "Sibiriens bollplan",
        "type": "Aktivitetsyta",
        "created": "2019-11-04 09:08:35",
        "published": false
      },
      "geometry": null
    },
    {
      "id": 1027,
      "type": "Feature",
      "properties": {
        "name": "Ortviksparken",
        "type": "Aktivitetsyta",
        "created": "2019-11-04 16:10:34",
        "updated": "2022-08-11 14:34:07",
        "published": true,
        "owner": {
          "organizationID": 174,
          "name": "Sundsvalls kommun Stadsbyggnadskontoret"
        },
        "manager": {
          "organizationID": 172,
          "name": "Sundsvalls kommun Parkavdelningen"
        },
        "tags": [
          "utegym",
          "klätterställning",
          "balans"
        ],
        "fields": [
          {
            "id": 34,
            "name": "Underlag",
            "type": "DROPDOWN",
            "value": "Gräs"
          },
          {
            "id": 153,
            "name": "Allmänt tillgänglig",
            "type": "DROPDOWN",
            "value": "Hela dygnet"
          },
          {
            "id": 7,
            "name": "Tillhörande filer",
            "type": "FILES",
            "value": [
              {
                "id": 2331,
                "filename": "ortviksparken.jpg",
                "description": "Ortviksparkens aktivitetsutrustning",
                "alttext": "Stolpar och linor för aktivitet i Ortviksparken",
                "sourcetext": "Sundsvalls kommun",
                "validForWinter": true,
                "validForSummer": false,
                "sortIndex": 1,
                "type": "image/jpeg",
                "size": 149030,
                "url": "https://api.sundsvall.se/facilities/2.2/field/filesfield/2331",
                "license": "CC0",
                "licenseDescription": "Creative commons. \"No rights reserved\" https://creativecommons.org/share-your-work/public-domain/cc0/"
              },
              {
                "id": 2332,
                "filename": "20210908_182213.jpg",
                "description": "Ortviksparkens aktivitetspark",
                "alttext": "Aktiviteter i Ortviksparken",
                "sourcetext": "Sundsvalls kommun",
                "validForWinter": true,
                "validForSummer": false,
                "sortIndex": 2,
                "type": "image/jpeg",
                "size": 10222265,
                "url": "https://api.sundsvall.se/facilities/2.2/field/filesfield/2332",
                "license": "CC0",
                "licenseDescription": "Creative commons. \"No rights reserved\" https://creativecommons.org/share-your-work/public-domain/cc0/"
              }
            ]
          },
          {
            "id": 137,
            "name": "Isplan enklare",
            "type": "TOGGLE",
            "value": "Nej"
          },
          {
            "id": 138,
            "name": "Ishockeyplan",
            "type": "TOGGLE",
            "value": "Nej"
          },
          {
            "id": 139,
            "name": "Bandyplan",
            "type": "TOGGLE",
            "value": "Nej"
          },
          {
            "id": 141,
            "name": "Fotbollsplan enklare",
            "type": "TOGGLE",
            "value": "Nej"
          },
          {
            "id": 147,
            "name": "Sarg",
            "type": "TOGGLE",
            "value": "Nej"
          },
          {
            "id": 154,
            "name": "Bokningsbar",
            "type": "TOGGLE",
            "value": "Nej"
          },
          {
            "id": 156,
            "name": "Amerikansk fotbollsplan",
            "type": "TOGGLE",
            "value": "Nej"
          },
          {
            "id": 157,
            "name": "Baseball eller softball",
            "type": "TOGGLE",
            "value": "Nej"
          },
          {
            "id": 182,
            "name": "Rugby",
            "type": "TOGGLE",
            "value": "Nej"
          },
          {
            "id": 225,
            "name": "Friidrott",
            "type": "TOGGLE",
            "value": "Nej"
          },
          {
            "id": 279,
            "name": "Belysning",
            "type": "TOGGLE",
            "value": "Nej"
          },
          {
            "id": 285,
            "name": "Felanmälan",
            "type": "Felanmälningstjänst",
            "reportName": "Sundsvalls kommun parker och lekparker",
            "reportDescription": "Felanmälan av parker",
            "reportLink": "https://isycase.isy.se/Sundsvall/publicform/create",
            "reportPhone": "060-19 15 65",
            "reportEmail": "servicecenter.kundtjanst@sundsvall.se"
          },
          {
            "id": 1,
            "name": "Beskrivning",
            "type": "FREETEXT",
            "value": "Grönyta 50x40 m. "
          }
        ],
        "centerPoint": [
          17.354725417067314,
          62.39793711346562
        ]
      },
      "geometry": {
        "type": "MultiPolygon",
        "coordinates": [
          [
            [
              [
                17.354415220419458,
                62.39796569861977
              ],
              [
                17.354845643043653,
                62.39806403051174
              ],
              [
                17.355034646092268,
                62.397917507452185
              ],
              [
                17.35458119648283,
                62.397801963929375
              ],
              [
                17.354415220419458,
                62.39796569861977
              ]
            ]
          ]
        ]
      }
    },
    {
      "id": 1028,
      "type": "Feature",
      "properties": {
        "name": "Grönyta",
        "type": "Aktivitetsyta",
        "created": "2019-11-04 16:25:15",
        "updated": "2019-11-04 16:36:08",
        "published": false
      },
      "geometry": null
    },
    {
      "id": 1031,
      "type": "Feature",
      "properties": {
        "name": "Stöde grusplan",
        "type": "Aktivitetsyta",
        "created": "2019-11-06 10:56:27",
        "updated": "2019-11-06 11:00:05",
        "published": false
      },
      "geometry": null
    },
    {
      "id": 1033,
      "type": "Feature",
      "properties": {
        "name": "Nedansjö isbana/grusplan",
        "type": "Aktivitetsyta",
        "created": "2019-11-06 13:36:24",
        "updated": "2023-01-02 14:25:57",
        "published": true,
        "owner": {
          "organizationID": 167,
          "name": "sundsvalls kommun"
        },
        "manager": {
          "organizationID": 104,
          "name": "nedansjö ik"
        },
        "tags": [
          "bandy",
          "fotboll",
          "grusplan",
          "isbana",
          "ishockey",
          "isrink",
          "skridskor"
        ],
        "fields": [
          {
            "id": 34,
            "name": "Underlag",
            "type": "DROPDOWN",
            "value": "Grus"
          },
          {
            "id": 140,
            "name": "Isplanens storlek",
            "type": "DROPDOWN",
            "value": "20x40"
          },
          {
            "id": 153,
            "name": "Allmänt tillgänglig",
            "type": "DROPDOWN",
            "value": "Hela dygnet"
          },
          {
            "id": 7,
            "name": "Tillhörande filer",
            "type": "FILES",
            "value": [
              {
                "id": 857,
                "filename": "Nedansjö skola isbana (2).jpg",
                "description": "Isplan vid Nedansjö gamla skola",
                "alttext": "Isplan",
                "sourcetext": "Sundsvalls kommun",
                "validForWinter": true,
                "validForSummer": false,
                "sortIndex": 1,
                "type": "image/jpeg",
                "size": 766057,
                "url": "https://api.sundsvall.se/facilities/2.2/field/filesfield/857",
                "license": "CC0",
                "licenseDescription": "Creative commons. \"No rights reserved\" https://creativecommons.org/share-your-work/public-domain/cc0/"
              },
              {
                "id": 856,
                "filename": "Nedansjö skola isbana.jpg",
                "description": "Isplan vid Nedansjö gamla skola",
                "alttext": "Isplan",
                "sourcetext": "Sundsvalls kommun",
                "validForWinter": true,
                "validForSummer": false,
                "sortIndex": 2,
                "type": "image/jpeg",
                "size": 627056,
                "url": "https://api.sundsvall.se/facilities/2.2/field/filesfield/856",
                "license": "CC0",
                "licenseDescription": "Creative commons. \"No rights reserved\" https://creativecommons.org/share-your-work/public-domain/cc0/"
              },
              {
                "id": 855,
                "filename": "Nedansjö skola isbana (1).jpg",
                "description": "Nedansjö gamla skola",
                "alttext": "Gammal skolbyggnad",
                "sourcetext": "Sundsvalls kommun",
                "validForWinter": true,
                "validForSummer": false,
                "sortIndex": 3,
                "type": "image/jpeg",
                "size": 764738,
                "url": "https://api.sundsvall.se/facilities/2.2/field/filesfield/855",
                "license": "CC0",
                "licenseDescription": "Creative commons. \"No rights reserved\" https://creativecommons.org/share-your-work/public-domain/cc0/"
              }
            ]
          },
          {
            "id": 137,
            "name": "Isplan enklare",
            "type": "TOGGLE",
            "value": "Ja"
          },
          {
            "id": 138,
            "name": "Ishockeyplan",
            "type": "TOGGLE",
            "value": "Nej"
          },
          {
            "id": 139,
            "name": "Bandyplan",
            "type": "TOGGLE",
            "value": "Nej"
          },
          {
            "id": 141,
            "name": "Fotbollsplan enklare",
            "type": "TOGGLE",
            "value": "Nej"
          },
          {
            "id": 147,
            "name": "Sarg",
            "type": "TOGGLE",
            "value": "Ja"
          },
          {
            "id": 154,
            "name": "Bokningsbar",
            "type": "TOGGLE",
            "value": "Nej"
          },
          {
            "id": 156,
            "name": "Amerikansk fotbollsplan",
            "type": "TOGGLE",
            "value": "Nej"
          },
          {
            "id": 157,
            "name": "Baseball eller softball",
            "type": "TOGGLE",
            "value": "Nej"
          },
          {
            "id": 182,
            "name": "Rugby",
            "type": "TOGGLE",
            "value": "Nej"
          },
          {
            "id": 225,
            "name": "Friidrott",
            "type": "TOGGLE",
            "value": "Nej"
          },
          {
            "id": 279,
            "name": "Belysning",
            "type": "TOGGLE",
            "value": "Ja"
          },
          {
            "id": 1,
            "name": "Beskrivning",
            "type": "FREETEXT",
            "value": "Isrink med sarg vid Nedansjö gamla skola "
          }
        ],
        "centerPoint": [
          16.834162250117856,
          62.37781918569017
        ]
      },
      "geometry": {
        "type": "MultiPolygon",
        "coordinates": [
          [
            [
              [
                16.834640878828086,
                62.3777107102218
              ],
              [
                16.834644605968112,
                62.37792649213606
              ],
              [
                16.83368421674359,
                62.3779300841677
              ],
              [
                16.83368051209253,
                62.37771430209892
              ],
              [
                16.834640878828086,
                62.3777107102218
              ]
            ]
          ]
        ]
      }
    },
    {
      "id": 1034,
      "type": "Feature",
      "properties": {
        "name": "Stöde IF - Skolplan",
        "type": "Aktivitetsyta",
        "created": "2019-11-06 14:03:28",
        "updated": "2019-11-06 14:26:40",
        "published": false
      },
      "geometry": null
    },
    {
      "id": 1035,
      "type": "Feature",
      "properties": {
        "name": "Stöde IF - Skolplan",
        "type": "Aktivitetsyta",
        "created": "2019-11-06 14:05:14",
        "updated": "2019-11-06 14:26:14",
        "published": false
      },
      "geometry": null
    },
    {
      "id": 1036,
      "type": "Feature",
      "properties": {
        "name": "Stöde IF - Gräsplan",
        "type": "Aktivitetsyta",
        "created": "2019-11-06 14:20:06",
        "updated": "2019-11-06 14:25:55",
        "published": false
      },
      "geometry": null
    },
    {
      "id": 1037,
      "type": "Feature",
      "properties": {
        "name": "Stöde IF - Grusplan",
        "type": "Aktivitetsyta",
        "created": "2019-11-06 14:25:25",
        "published": false
      },
      "geometry": null
    },
    {
      "id": 1038,
      "type": "Feature",
      "properties": {
        "name": "Nedansjö IK",
        "type": "Aktivitetsyta",
        "created": "2019-11-06 14:40:25",
        "published": false
      },
      "geometry": null
    },
    {
      "id": 1047,
      "type": "Feature",
      "properties": {
        "name": "Stöde Tennisbana",
        "type": "Aktivitetsyta",
        "created": "2019-11-06 16:34:58",
        "updated": "2019-11-06 16:40:10",
        "published": false
      },
      "geometry": null
    },
    {
      "id": 1048,
      "type": "Feature",
      "properties": {
        "name": "Stöde Tennisbana",
        "type": "Aktivitetsyta",
        "created": "2019-11-06 16:38:22",
        "updated": "2019-11-06 16:39:43",
        "published": false
      },
      "geometry": null
    },
    {
      "id": 1049,
      "type": "Feature",
      "properties": {
        "name": "Viskans isplan",
        "type": "Aktivitetsyta",
        "created": "2019-11-06 16:49:02",
        "updated": "2022-12-20 08:58:05",
        "published": true,
        "owner": {
          "organizationID": 171,
          "name": "Sundsvalls kommun Kultur och fritid"
        },
        "manager": {
          "organizationID": 193,
          "name": "Viskans IF"
        },
        "tags": [
          "isbana",
          "ishockey",
          "isplan",
          "isrink",
          "skridskor"
        ],
        "fields": [
          {
            "id": 153,
            "name": "Allmänt tillgänglig",
            "type": "DROPDOWN",
            "value": "Hela dygnet"
          },
          {
            "id": 7,
            "name": "Tillhörande filer",
            "type": "FILES",
            "value": [
              {
                "id": 2288,
                "filename": "Viskan isbana (1).jpg",
                "description": "Isbana i Viskan",
                "alttext": "Isbana",
                "sourcetext": "Sundsvalls kommun",
                "validForWinter": true,
                "validForSummer": false,
                "sortIndex": 1,
                "type": "image/jpeg",
                "size": 833513,
                "url": "https://api.sundsvall.se/facilities/2.2/field/filesfield/2288",
                "license": "CC0",
                "licenseDescription": "Creative commons. \"No rights reserved\" https://creativecommons.org/share-your-work/public-domain/cc0/"
              },
              {
                "id": 2289,
                "filename": "Viskans IF klubbstuga (1).jpg",
                "description": "Klubbstuga Wiskans IF, ligger intill isbanan",
                "alttext": "Röd byggnad",
                "sourcetext": "Sundsvalls kommun",
                "validForWinter": true,
                "validForSummer": true,
                "sortIndex": 2,
                "type": "image/jpeg",
                "size": 684167,
                "url": "https://api.sundsvall.se/facilities/2.2/field/filesfield/2289",
                "license": "CC0",
                "licenseDescription": "Creative commons. \"No rights reserved\" https://creativecommons.org/share-your-work/public-domain/cc0/"
              }
            ]
          },
          {
            "id": 137,
            "name": "Isplan enklare",
            "type": "TOGGLE",
            "value": "Ja"
          },
          {
            "id": 138,
            "name": "Ishockeyplan",
            "type": "TOGGLE",
            "value": "Nej"
          },
          {
            "id": 139,
            "name": "Bandyplan",
            "type": "TOGGLE",
            "value": "Nej"
          },
          {
            "id": 141,
            "name": "Fotbollsplan enklare",
            "type": "TOGGLE",
            "value": "Nej"
          },
          {
            "id": 147,
            "name": "Sarg",
            "type": "TOGGLE",
            "value": "Nej"
          },
          {
            "id": 154,
            "name": "Bokningsbar",
            "type": "TOGGLE",
            "value": "Nej"
          },
          {
            "id": 156,
            "name": "Amerikansk fotbollsplan",
            "type": "TOGGLE",
            "value": "Nej"
          },
          {
            "id": 157,
            "name": "Baseball eller softball",
            "type": "TOGGLE",
            "value": "Nej"
          },
          {
            "id": 182,
            "name": "Rugby",
            "type": "TOGGLE",
            "value": "Nej"
          },
          {
            "id": 225,
            "name": "Friidrott",
            "type": "TOGGLE",
            "value": "Nej"
          },
          {
            "id": 279,
            "name": "Belysning",
            "type": "TOGGLE",
            "value": "Ja"
          },
          {
            "id": 1,
            "name": "Beskrivning",
            "type": "FREETEXT",
            "value": "Isbana med belysning i Viskan."
          }
        ],
        "centerPoint": [
          16.438183116398825,
          62.44870279336649
        ]
      },
      "geometry": {
        "type": "MultiPolygon",
        "coordinates": [
          [
            [
              [
                16.437840786827117,
                62.448730181359515
              ],
              [
                16.43804363207634,
                62.448840705411904
              ],
              [
                16.438521323466084,
                62.44866283502614
              ],
              [
                16.438298612992416,
                62.448545478055095
              ],
              [
                16.437840786827117,
                62.448730181359515
              ]
            ]
          ]
        ]
      }
    },
    {
      "id": 1050,
      "type": "Feature",
      "properties": {
        "name": "Viskans IP Fotbollsplan",
        "type": "Aktivitetsyta",
        "created": "2019-11-06 16:51:49",
        "updated": "2021-07-28 11:40:38",
        "published": true,
        "owner": {
          "organizationID": 193,
          "name": "Viskans IF"
        },
        "manager": {
          "organizationID": 193,
          "name": "Viskans IF"
        },
        "tags": [
          "fotboll",
          "gräsplan"
        ],
        "fields": [
          {
            "id": 34,
            "name": "Underlag",
            "type": "DROPDOWN",
            "value": "Gräs"
          },
          {
            "id": 153,
            "name": "Allmänt tillgänglig",
            "type": "DROPDOWN",
            "value": "Särskilda öppettider"
          },
          {
            "id": 143,
            "name": "Fotbollsplan 7-manna antal",
            "type": "INTEGER",
            "value": 1
          },
          {
            "id": 144,
            "name": "Fotbollsplan 11-mannaplan antal",
            "type": "INTEGER",
            "value": 1
          },
          {
            "id": 137,
            "name": "Isplan enklare",
            "type": "TOGGLE",
            "value": "Nej"
          },
          {
            "id": 138,
            "name": "Ishockeyplan",
            "type": "TOGGLE",
            "value": "Nej"
          },
          {
            "id": 139,
            "name": "Bandyplan",
            "type": "TOGGLE",
            "value": "Nej"
          },
          {
            "id": 141,
            "name": "Fotbollsplan enklare",
            "type": "TOGGLE",
            "value": "Nej"
          },
          {
            "id": 147,
            "name": "Sarg",
            "type": "TOGGLE",
            "value": "Nej"
          },
          {
            "id": 154,
            "name": "Bokningsbar",
            "type": "TOGGLE",
            "value": "Nej"
          },
          {
            "id": 156,
            "name": "Amerikansk fotbollsplan",
            "type": "TOGGLE",
            "value": "Nej"
          },
          {
            "id": 157,
            "name": "Baseball eller softball",
            "type": "TOGGLE",
            "value": "Nej"
          },
          {
            "id": 182,
            "name": "Rugby",
            "type": "TOGGLE",
            "value": "Nej"
          },
          {
            "id": 225,
            "name": "Friidrott",
            "type": "TOGGLE",
            "value": "Nej"
          },
          {
            "id": 1,
            "name": "Beskrivning",
            "type": "FREETEXT",
            "value": "Gräsplan"
          },
          {
            "id": 180,
            "name": "Kontakt länk",
            "type": "FREETEXT",
            "value": "https://www.facebook.com/groups/455255397917935/"
          }
        ],
        "centerPoint": [
          16.42898033787697,
          62.446851833850445
        ]
      },
      "geometry": {
        "type": "MultiPolygon",
        "coordinates": [
          [
            [
              [
                16.42767050827165,
                62.446921923831745
              ],
              [
                16.42835403200062,
                62.447372423925955
              ],
              [
                16.430293216263006,
                62.44684477932968
              ],
              [
                16.429595828178453,
                62.44633158751
              ],
              [
                16.42767050827165,
                62.446921923831745
              ]
            ]
          ]
        ]
      }
    },
    {
      "id": 1053,
      "type": "Feature",
      "properties": {
        "name": "Sjukhusplanen",
        "type": "Aktivitetsyta",
        "created": "2019-11-11 11:23:32",
        "updated": "2021-12-06 12:37:14",
        "published": true,
        "owner": {
          "organizationID": 168,
          "name": "Sundsvalls kommun Drakfastigheter"
        },
        "manager": {
          "organizationID": 170,
          "name": "Sundsvalls kommun Idrott och fritid"
        },
        "tags": [
          "fotboll",
          "fotbollsplan"
        ],
        "fields": [
          {
            "id": 153,
            "name": "Allmänt tillgänglig",
            "type": "DROPDOWN",
            "value": "Särskilda öppettider"
          },
          {
            "id": 143,
            "name": "Fotbollsplan 7-manna antal",
            "type": "INTEGER",
            "value": 1
          },
          {
            "id": 144,
            "name": "Fotbollsplan 11-mannaplan antal",
            "type": "INTEGER",
            "value": 1
          },
          {
            "id": 137,
            "name": "Isplan enklare",
            "type": "TOGGLE",
            "value": "Nej"
          },
          {
            "id": 138,
            "name": "Ishockeyplan",
            "type": "TOGGLE",
            "value": "Nej"
          },
          {
            "id": 139,
            "name": "Bandyplan",
            "type": "TOGGLE",
            "value": "Nej"
          },
          {
            "id": 141,
            "name": "Fotbollsplan enklare",
            "type": "TOGGLE",
            "value": "Ja"
          },
          {
            "id": 147,
            "name": "Sarg",
            "type": "TOGGLE",
            "value": "Nej"
          },
          {
            "id": 154,
            "name": "Bokningsbar",
            "type": "TOGGLE",
            "value": "Ja"
          },
          {
            "id": 156,
            "name": "Amerikansk fotbollsplan",
            "type": "TOGGLE",
            "value": "Nej"
          },
          {
            "id": 157,
            "name": "Baseball eller softball",
            "type": "TOGGLE",
            "value": "Nej"
          },
          {
            "id": 182,
            "name": "Rugby",
            "type": "TOGGLE",
            "value": "Nej"
          },
          {
            "id": 225,
            "name": "Friidrott",
            "type": "TOGGLE",
            "value": "Nej"
          },
          {
            "id": 279,
            "name": "Belysning",
            "type": "TOGGLE",
            "value": "Nej"
          },
          {
            "id": 285,
            "name": "Felanmälan",
            "type": "Felanmälningstjänst",
            "reportName": "Kontakt Sundsvall",
            "reportDescription": "Felanmälan av motionsspår, elljusspår, leder och andra friluftsanläggningar",
            "reportLink": "https://sundsvall.se/kommun-och-politik/politik-och-demokrati/dialog-och-synpunkter/felanmalan",
            "reportPhone": "060-19 10 00",
            "reportEmail": "kontakt@sundsvall.se"
          },
          {
            "id": 1,
            "name": "Beskrivning",
            "type": "FREETEXT",
            "value": "Gräsplan, 120 x 55 m."
          },
          {
            "id": 155,
            "name": "Bokning länk",
            "type": "FREETEXT",
            "value": "https://sundsvall.se/kontakter/uthyrningsbyran-2/"
          },
          {
            "id": 180,
            "name": "Kontakt länk",
            "type": "FREETEXT",
            "value": "https://sundsvall.se/uppleva-och-gora/idrott-och-motion/idrottsplatser/fotbollsplaner/"
          }
        ],
        "centerPoint": [
          17.311180674930398,
          62.40794684706162
        ]
      },
      "geometry": {
        "type": "MultiPolygon",
        "coordinates": [
          [
            [
              [
                17.31063971211408,
                62.40845256742295
              ],
              [
                17.31068021940502,
                62.40743142107349
              ],
              [
                17.311721685544796,
                62.407443306870505
              ],
              [
                17.311673551993387,
                62.40846186645908
              ],
              [
                17.31063971211408,
                62.40845256742295
              ]
            ]
          ]
        ]
      }
    },
    {
      "id": 1055,
      "type": "Feature",
      "properties": {
        "name": "Baldershovs IP, gräs",
        "type": "Aktivitetsyta",
        "created": "2019-11-11 11:51:38",
        "updated": "2019-11-11 11:54:31",
        "published": false
      },
      "geometry": null
    },
    {
      "id": 1056,
      "type": "Feature",
      "properties": {
        "name": "Baldershovs IP, konstgräs",
        "type": "Aktivitetsyta",
        "created": "2019-11-11 11:54:15",
        "updated": "2021-12-06 12:53:15",
        "published": true,
        "owner": {
          "organizationID": 168,
          "name": "Sundsvalls kommun Drakfastigheter"
        },
        "manager": {
          "organizationID": 170,
          "name": "Sundsvalls kommun Idrott och fritid"
        },
        "tags": [
          "11-mannaplan",
          "fotboll",
          "fotbollsplan",
          "ifk sundsvall",
          "konstgräs"
        ],
        "fields": [
          {
            "id": 34,
            "name": "Underlag",
            "type": "DROPDOWN",
            "value": "Konstgräs"
          },
          {
            "id": 153,
            "name": "Allmänt tillgänglig",
            "type": "DROPDOWN",
            "value": "Särskilda öppettider"
          },
          {
            "id": 143,
            "name": "Fotbollsplan 7-manna antal",
            "type": "INTEGER",
            "value": 3
          },
          {
            "id": 144,
            "name": "Fotbollsplan 11-mannaplan antal",
            "type": "INTEGER",
            "value": 1
          },
          {
            "id": 7,
            "name": "Tillhörande filer",
            "type": "FILES",
            "value": [
              {
                "id": 1281,
                "filename": "DSC_0134_1_.jpg",
                "description": "Baldershovs konstgräsplan",
                "alttext": "Gräsplan med omklädningsbyggnad",
                "sourcetext": "Sundsvalls kommun",
                "validForWinter": false,
                "validForSummer": true,
                "sortIndex": null,
                "type": "image/jpeg",
                "size": 3100066,
                "url": "https://api.sundsvall.se/facilities/2.2/field/filesfield/1281",
                "license": "CC0",
                "licenseDescription": "Creative commons. \"No rights reserved\" https://creativecommons.org/share-your-work/public-domain/cc0/"
              }
            ]
          },
          {
            "id": 137,
            "name": "Isplan enklare",
            "type": "TOGGLE",
            "value": "Nej"
          },
          {
            "id": 138,
            "name": "Ishockeyplan",
            "type": "TOGGLE",
            "value": "Nej"
          },
          {
            "id": 139,
            "name": "Bandyplan",
            "type": "TOGGLE",
            "value": "Nej"
          },
          {
            "id": 141,
            "name": "Fotbollsplan enklare",
            "type": "TOGGLE",
            "value": "Nej"
          },
          {
            "id": 147,
            "name": "Sarg",
            "type": "TOGGLE",
            "value": "Nej"
          },
          {
            "id": 154,
            "name": "Bokningsbar",
            "type": "TOGGLE",
            "value": "Ja"
          },
          {
            "id": 156,
            "name": "Amerikansk fotbollsplan",
            "type": "TOGGLE",
            "value": "Nej"
          },
          {
            "id": 157,
            "name": "Baseball eller softball",
            "type": "TOGGLE",
            "value": "Nej"
          },
          {
            "id": 182,
            "name": "Rugby",
            "type": "TOGGLE",
            "value": "Nej"
          },
          {
            "id": 225,
            "name": "Friidrott",
            "type": "TOGGLE",
            "value": "Nej"
          },
          {
            "id": 279,
            "name": "Belysning",
            "type": "TOGGLE",
            "value": "Ja"
          },
          {
            "id": 285,
            "name": "Felanmälan",
            "type": "Felanmälningstjänst",
            "reportName": "Kontakt Sundsvall",
            "reportDescription": "Felanmälan av motionsspår, elljusspår, leder och andra friluftsanläggningar",
            "reportLink": "https://sundsvall.se/kommun-och-politik/politik-och-demokrati/dialog-och-synpunkter/felanmalan",
            "reportPhone": "060-19 10 00",
            "reportEmail": "kontakt@sundsvall.se"
          },
          {
            "id": 1,
            "name": "Beskrivning",
            "type": "FREETEXT",
            "value": "Elva-manna konstgräsplan, 100 x 60 m. Bland annat IFK Sundsvalls hemmaarena. "
          },
          {
            "id": 136,
            "name": "Öppettider länk",
            "type": "FREETEXT",
            "value": "https://sundsvall.se/uppleva-och-gora/idrott-och-motion/idrottsplatser/fotbollsplaner/"
          },
          {
            "id": 155,
            "name": "Bokning länk",
            "type": "FREETEXT",
            "value": "https://sundsvall.se/kontakter/uthyrningsbyran-2/"
          },
          {
            "id": 180,
            "name": "Kontakt länk",
            "type": "FREETEXT",
            "value": "https://sundsvall.se/uppleva-och-gora/idrott-och-motion/idrottsplatser/fotbollsplaner/"
          }
        ],
        "centerPoint": [
          17.31491547930371,
          62.40855793356706
        ]
      },
      "geometry": {
        "type": "MultiPolygon",
        "coordinates": [
          [
            [
              [
                17.31498144217312,
                62.407971908475155
              ],
              [
                17.316052662481795,
                62.40829416219707
              ],
              [
                17.314786139871785,
                62.40914532511152
              ],
              [
                17.31377875870989,
                62.408827164255065
              ],
              [
                17.31498144217312,
                62.407971908475155
              ]
            ]
          ]
        ]
      }
    },
    {
      "id": 1057,
      "type": "Feature",
      "properties": {
        "name": "Baldershovs IP, grus",
        "type": "Aktivitetsyta",
        "created": "2019-11-11 11:55:53",
        "published": false
      },
      "geometry": null
    },
    {
      "id": 1058,
      "type": "Feature",
      "properties": {
        "name": "Baldershovs IP, gräs",
        "type": "Aktivitetsyta",
        "created": "2019-11-11 11:57:05",
        "published": false
      },
      "geometry": null
    },
    {
      "id": 1059,
      "type": "Feature",
      "properties": {
        "name": "Baldershovs IP",
        "type": "Aktivitetsyta",
        "created": "2019-11-11 11:59:12",
        "published": false
      },
      "geometry": null
    },
    {
      "id": 1064,
      "type": "Feature",
      "properties": {
        "name": "Hagaskolans grusplan och isplan",
        "type": "Aktivitetsyta",
        "created": "2019-11-11 14:51:06",
        "updated": "2023-01-02 13:07:31",
        "published": true,
        "owner": {
          "organizationID": 168,
          "name": "Sundsvalls kommun Drakfastigheter"
        },
        "manager": {
          "organizationID": 170,
          "name": "Sundsvalls kommun Idrott och fritid"
        },
        "tags": [
          "aktivitetsyta",
          "brännboll",
          "fotboll",
          "grusplan",
          "ishockey",
          "isplan",
          "skridskor"
        ],
        "fields": [
          {
            "id": 34,
            "name": "Underlag",
            "type": "DROPDOWN",
            "value": "Grus"
          },
          {
            "id": 140,
            "name": "Isplanens storlek",
            "type": "DROPDOWN",
            "value": "20x40"
          },
          {
            "id": 153,
            "name": "Allmänt tillgänglig",
            "type": "DROPDOWN",
            "value": "Utanför skoltid"
          },
          {
            "id": 142,
            "name": "Fotbollsplan 5-manna antal",
            "type": "INTEGER",
            "value": 1
          },
          {
            "id": 143,
            "name": "Fotbollsplan 7-manna antal",
            "type": "INTEGER",
            "value": 1
          },
          {
            "id": 7,
            "name": "Tillhörande filer",
            "type": "FILES",
            "value": [
              {
                "id": 2276,
                "filename": "DSC_0009.JPG",
                "description": "Isplan vid Hagaskolan",
                "alttext": "Isplan med målburar",
                "sourcetext": "Sundsvalls kommun",
                "validForWinter": true,
                "validForSummer": false,
                "sortIndex": 1,
                "type": "image/jpeg",
                "size": 2504139,
                "url": "https://api.sundsvall.se/facilities/2.2/field/filesfield/2276",
                "license": "CC0",
                "licenseDescription": "Creative commons. \"No rights reserved\" https://creativecommons.org/share-your-work/public-domain/cc0/"
              },
              {
                "id": 877,
                "filename": "Haga skolan Grus 7m.jpg",
                "description": "Grusplan vid Hagaskolan",
                "alttext": "Grusplan för bollspel",
                "sourcetext": "Sundsvalls kommun",
                "validForWinter": false,
                "validForSummer": true,
                "sortIndex": 2,
                "type": "image/jpeg",
                "size": 137973,
                "url": "https://api.sundsvall.se/facilities/2.2/field/filesfield/877",
                "license": "CC0",
                "licenseDescription": "Creative commons. \"No rights reserved\" https://creativecommons.org/share-your-work/public-domain/cc0/"
              }
            ]
          },
          {
            "id": 137,
            "name": "Isplan enklare",
            "type": "TOGGLE",
            "value": "Ja"
          },
          {
            "id": 138,
            "name": "Ishockeyplan",
            "type": "TOGGLE",
            "value": "Nej"
          },
          {
            "id": 139,
            "name": "Bandyplan",
            "type": "TOGGLE",
            "value": "Nej"
          },
          {
            "id": 141,
            "name": "Fotbollsplan enklare",
            "type": "TOGGLE",
            "value": "Ja"
          },
          {
            "id": 147,
            "name": "Sarg",
            "type": "TOGGLE",
            "value": "Nej"
          },
          {
            "id": 154,
            "name": "Bokningsbar",
            "type": "TOGGLE",
            "value": "Nej"
          },
          {
            "id": 156,
            "name": "Amerikansk fotbollsplan",
            "type": "TOGGLE",
            "value": "Nej"
          },
          {
            "id": 157,
            "name": "Baseball eller softball",
            "type": "TOGGLE",
            "value": "Nej"
          },
          {
            "id": 182,
            "name": "Rugby",
            "type": "TOGGLE",
            "value": "Nej"
          },
          {
            "id": 225,
            "name": "Friidrott",
            "type": "TOGGLE",
            "value": "Nej"
          },
          {
            "id": 279,
            "name": "Belysning",
            "type": "TOGGLE",
            "value": "Ja"
          },
          {
            "id": 285,
            "name": "Felanmälan",
            "type": "Felanmälningstjänst",
            "reportName": "Kontakt Sundsvall",
            "reportDescription": "Felanmälan av motionsspår, elljusspår, leder och andra friluftsanläggningar",
            "reportLink": "https://sundsvall.se/kommun-och-politik/politik-och-demokrati/dialog-och-synpunkter/felanmalan",
            "reportPhone": "060-19 10 00",
            "reportEmail": "kontakt@sundsvall.se"
          },
          {
            "id": 1,
            "name": "Beskrivning",
            "type": "FREETEXT",
            "value": "Grusplan med två sjumannamål vid Hagaskolan, isbana som spolas och snöröjs under vintertid en gång i veckan utifrån väder.   "
          },
          {
            "id": 136,
            "name": "Öppettider länk",
            "type": "FREETEXT",
            "value": "https://sundsvall.se/uppleva-och-gora/idrott-motion-och-friluftsliv/hallar-och-idrottsanlaggningar/ishallar-och-isbanor"
          }
        ],
        "centerPoint": [
          17.326313899483097,
          62.40645872927276
        ]
      },
      "geometry": {
        "type": "MultiPolygon",
        "coordinates": [
          [
            [
              [
                17.326730147502754,
                62.406607815984884
              ],
              [
                17.326223687022065,
                62.40668785926073
              ],
              [
                17.325897270531975,
                62.406323395721714
              ],
              [
                17.326409812596598,
                62.4062219845746
              ],
              [
                17.326730147502754,
                62.406607815984884
              ]
            ]
          ]
        ]
      }
    },
    {
      "id": 1066,
      "type": "Feature",
      "properties": {
        "name": "Bosvedjeskolans grusplan och isplan",
        "type": "Aktivitetsyta",
        "created": "2019-11-11 16:15:19",
        "updated": "2023-01-02 16:17:23",
        "published": true,
        "owner": {
          "organizationID": 168,
          "name": "Sundsvalls kommun Drakfastigheter"
        },
        "manager": {
          "organizationID": 170,
          "name": "Sundsvalls kommun Idrott och fritid"
        },
        "tags": [
          "fotboll",
          "grusplan",
          "ishockey",
          "isplan"
        ],
        "fields": [
          {
            "id": 34,
            "name": "Underlag",
            "type": "DROPDOWN",
            "value": "Grus"
          },
          {
            "id": 140,
            "name": "Isplanens storlek",
            "type": "DROPDOWN",
            "value": "20x40"
          },
          {
            "id": 153,
            "name": "Allmänt tillgänglig",
            "type": "DROPDOWN",
            "value": "Utanför skoltid"
          },
          {
            "id": 142,
            "name": "Fotbollsplan 5-manna antal",
            "type": "INTEGER",
            "value": 1
          },
          {
            "id": 7,
            "name": "Tillhörande filer",
            "type": "FILES",
            "value": [
              {
                "id": 881,
                "filename": "Bosvedjans isbana.02.jpg",
                "description": "Isplan vid Bosvedjeskolan",
                "alttext": "Isplan med två målburar",
                "sourcetext": "Sundsvalls kommun",
                "validForWinter": true,
                "validForSummer": false,
                "sortIndex": 1,
                "type": "image/jpeg",
                "size": 156742,
                "url": "https://api.sundsvall.se/facilities/2.2/field/filesfield/881",
                "license": "CC0",
                "licenseDescription": "Creative commons. \"No rights reserved\" https://creativecommons.org/share-your-work/public-domain/cc0/"
              },
              {
                "id": 882,
                "filename": "Bosvedjeskolan Grusplan 5m.jpg",
                "description": "Grusplan med fotbollsmål för fem-mannaspel",
                "alttext": "Grusplan med fotbollsmål",
                "sourcetext": "Sundsvalls kommun",
                "validForWinter": false,
                "validForSummer": true,
                "sortIndex": 2,
                "type": "image/jpeg",
                "size": 166216,
                "url": "https://api.sundsvall.se/facilities/2.2/field/filesfield/882",
                "license": "CC0",
                "licenseDescription": "Creative commons. \"No rights reserved\" https://creativecommons.org/share-your-work/public-domain/cc0/"
              }
            ]
          },
          {
            "id": 137,
            "name": "Isplan enklare",
            "type": "TOGGLE",
            "value": "Ja"
          },
          {
            "id": 138,
            "name": "Ishockeyplan",
            "type": "TOGGLE",
            "value": "Nej"
          },
          {
            "id": 139,
            "name": "Bandyplan",
            "type": "TOGGLE",
            "value": "Nej"
          },
          {
            "id": 141,
            "name": "Fotbollsplan enklare",
            "type": "TOGGLE",
            "value": "Ja"
          },
          {
            "id": 147,
            "name": "Sarg",
            "type": "TOGGLE",
            "value": "Nej"
          },
          {
            "id": 154,
            "name": "Bokningsbar",
            "type": "TOGGLE",
            "value": "Nej"
          },
          {
            "id": 156,
            "name": "Amerikansk fotbollsplan",
            "type": "TOGGLE",
            "value": "Nej"
          },
          {
            "id": 157,
            "name": "Baseball eller softball",
            "type": "TOGGLE",
            "value": "Nej"
          },
          {
            "id": 182,
            "name": "Rugby",
            "type": "TOGGLE",
            "value": "Nej"
          },
          {
            "id": 225,
            "name": "Friidrott",
            "type": "TOGGLE",
            "value": "Nej"
          },
          {
            "id": 279,
            "name": "Belysning",
            "type": "TOGGLE",
            "value": "Ja"
          },
          {
            "id": 285,
            "name": "Felanmälan",
            "type": "Felanmälningstjänst",
            "reportName": "Kontakt Sundsvall",
            "reportDescription": "Felanmälan av motionsspår, elljusspår, leder och andra friluftsanläggningar",
            "reportLink": "https://sundsvall.se/kommun-och-politik/politik-och-demokrati/dialog-och-synpunkter/felanmalan",
            "reportPhone": "060-19 10 00",
            "reportEmail": "kontakt@sundsvall.se"
          },
          {
            "id": 1,
            "name": "Beskrivning",
            "type": "FREETEXT",
            "value": "Sommartid en grusplan med två femmannamål vid Bosvedjeskolan. Vintertid spolas och snöröjs isplanen en gång i veckan utifrån väder. Totalt mått på grusplan 53x28 meter."
          },
          {
            "id": 136,
            "name": "Öppettider länk",
            "type": "FREETEXT",
            "value": "https://sundsvall.se/uppleva-och-gora/idrott-motion-och-friluftsliv/hallar-och-idrottsanlaggningar/ishallar-och-isbanor"
          }
        ],
        "centerPoint": [
          17.33386408201252,
          62.42096672850218
        ]
      },
      "geometry": {
        "type": "MultiPolygon",
        "coordinates": [
          [
            [
              [
                17.333272381732314,
                62.42106760263703
              ],
              [
                17.334430650554815,
                62.42110729313517
              ],
              [
                17.334453822362256,
                62.42084791337673
              ],
              [
                17.333294029113727,
                62.42082333559836
              ],
              [
                17.333272381732314,
                62.42106760263703
              ]
            ]
          ]
        ]
      }
    },
    {
      "id": 1068,
      "type": "Feature",
      "properties": {
        "name": "Baldershovs IP - Tennisbanor utomhus",
        "type": "Aktivitetsyta",
        "created": "2019-11-11 16:39:03",
        "updated": "2019-12-09 11:09:05",
        "published": false
      },
      "geometry": null
    },
    {
      "id": 1069,
      "type": "Feature",
      "properties": {
        "name": "Jaktfalksplanen, grus- och isplan",
        "type": "Aktivitetsyta",
        "created": "2019-11-11 16:43:42",
        "updated": "2023-01-02 13:35:31",
        "published": true,
        "owner": {
          "organizationID": 172,
          "name": "Sundsvalls kommun Parkavdelningen"
        },
        "manager": {
          "organizationID": 10,
          "name": "bostadsrättsföreningen"
        },
        "tags": [
          "bandy",
          "bollplan",
          "fotboll",
          "grusplan",
          "ishockey",
          "isplan",
          "skridskor"
        ],
        "fields": [
          {
            "id": 34,
            "name": "Underlag",
            "type": "DROPDOWN",
            "value": "Grus"
          },
          {
            "id": 140,
            "name": "Isplanens storlek",
            "type": "DROPDOWN",
            "value": "20x40"
          },
          {
            "id": 153,
            "name": "Allmänt tillgänglig",
            "type": "DROPDOWN",
            "value": "Hela dygnet"
          },
          {
            "id": 7,
            "name": "Tillhörande filer",
            "type": "FILES",
            "value": [
              {
                "id": 885,
                "filename": "Jaktfalksvägens isbana (2).jpg",
                "description": "Isplan vid Jaktfalksvägen",
                "alttext": "Isplan",
                "sourcetext": "Sundsvalls kommun",
                "validForWinter": true,
                "validForSummer": false,
                "sortIndex": 1,
                "type": "image/jpeg",
                "size": 88512,
                "url": "https://api.sundsvall.se/facilities/2.2/field/filesfield/885",
                "license": "CC0",
                "licenseDescription": "Creative commons. \"No rights reserved\" https://creativecommons.org/share-your-work/public-domain/cc0/"
              },
              {
                "id": 884,
                "filename": "Jaktfalksplanen.7m.jpg",
                "description": "Grusplan vid Jaktfalksvägen",
                "alttext": "Grusplan",
                "sourcetext": "Sundsvalls kommun",
                "validForWinter": false,
                "validForSummer": true,
                "sortIndex": 2,
                "type": "image/jpeg",
                "size": 107777,
                "url": "https://api.sundsvall.se/facilities/2.2/field/filesfield/884",
                "license": "CC0",
                "licenseDescription": "Creative commons. \"No rights reserved\" https://creativecommons.org/share-your-work/public-domain/cc0/"
              },
              {
                "id": 886,
                "filename": "Jaktfalksplanen.7m.jpg",
                "description": "Grusplan vid Jaktfalksvägen",
                "alttext": "Grusplan",
                "sourcetext": "Sundsvalls kommun",
                "validForWinter": false,
                "validForSummer": true,
                "sortIndex": 3,
                "type": "image/jpeg",
                "size": 107777,
                "url": "https://api.sundsvall.se/facilities/2.2/field/filesfield/886",
                "license": "CC0",
                "licenseDescription": "Creative commons. \"No rights reserved\" https://creativecommons.org/share-your-work/public-domain/cc0/"
              }
            ]
          },
          {
            "id": 137,
            "name": "Isplan enklare",
            "type": "TOGGLE",
            "value": "Ja"
          },
          {
            "id": 138,
            "name": "Ishockeyplan",
            "type": "TOGGLE",
            "value": "Nej"
          },
          {
            "id": 139,
            "name": "Bandyplan",
            "type": "TOGGLE",
            "value": "Nej"
          },
          {
            "id": 141,
            "name": "Fotbollsplan enklare",
            "type": "TOGGLE",
            "value": "Ja"
          },
          {
            "id": 147,
            "name": "Sarg",
            "type": "TOGGLE",
            "value": "Nej"
          },
          {
            "id": 154,
            "name": "Bokningsbar",
            "type": "TOGGLE",
            "value": "Nej"
          },
          {
            "id": 156,
            "name": "Amerikansk fotbollsplan",
            "type": "TOGGLE",
            "value": "Nej"
          },
          {
            "id": 157,
            "name": "Baseball eller softball",
            "type": "TOGGLE",
            "value": "Nej"
          },
          {
            "id": 182,
            "name": "Rugby",
            "type": "TOGGLE",
            "value": "Nej"
          },
          {
            "id": 225,
            "name": "Friidrott",
            "type": "TOGGLE",
            "value": "Nej"
          },
          {
            "id": 279,
            "name": "Belysning",
            "type": "TOGGLE",
            "value": "Ja"
          },
          {
            "id": 1,
            "name": "Beskrivning",
            "type": "FREETEXT",
            "value": "Grusplan med två sjumannamål i bostadsområde som spolas till isplan vintertid."
          }
        ],
        "centerPoint": [
          17.335847990042613,
          62.42695694182791
        ]
      },
      "geometry": {
        "type": "MultiPolygon",
        "coordinates": [
          [
            [
              [
                17.33521509780124,
                62.42690559112512
              ],
              [
                17.335554046592712,
                62.42722244361105
              ],
              [
                17.33647972567719,
                62.42700403386629
              ],
              [
                17.336135189692317,
                62.426687277269856
              ],
              [
                17.33521509780124,
                62.42690559112512
              ]
            ]
          ]
        ]
      }
    },
    {
      "id": 1070,
      "type": "Feature",
      "properties": {
        "name": "Grönyta, Trafikgatan",
        "type": "Aktivitetsyta",
        "created": "2019-11-12 08:40:28",
        "updated": "2019-12-09 09:52:30",
        "published": false
      },
      "geometry": null
    },
    {
      "id": 1071,
      "type": "Feature",
      "properties": {
        "name": "Grönyta, Klackvägen",
        "type": "Aktivitetsyta",
        "created": "2019-11-12 08:43:37",
        "published": false
      },
      "geometry": null
    },
    {
      "id": 1072,
      "type": "Feature",
      "properties": {
        "name": "Hagaskolans basketplan/multiarena",
        "type": "Aktivitetsyta",
        "created": "2019-11-12 08:50:21",
        "updated": "2019-12-05 13:41:08",
        "published": false
      },
      "geometry": null
    },
    {
      "id": 1073,
      "type": "Feature",
      "properties": {
        "name": "Bosvedjeskolans basketplan",
        "type": "Aktivitetsyta",
        "created": "2019-11-12 08:56:02",
        "published": false
      },
      "geometry": null
    },
    {
      "id": 1074,
      "type": "Feature",
      "properties": {
        "name": "Bosvedjeskolans löparbana",
        "type": "Aktivitetsyta",
        "created": "2019-11-12 08:59:15",
        "published": false
      },
      "geometry": null
    },
    {
      "id": 1075,
      "type": "Feature",
      "properties": {
        "name": "Bollplan/Basket",
        "type": "Aktivitetsyta",
        "created": "2019-11-12 09:02:32",
        "updated": "2019-11-12 09:02:53",
        "published": false
      },
      "geometry": null
    },
    {
      "id": 1076,
      "type": "Feature",
      "properties": {
        "name": "Skönsbergsvägens gräsplan",
        "type": "Aktivitetsyta",
        "created": "2019-11-12 09:57:54",
        "published": false
      },
      "geometry": null
    },
    {
      "id": 1077,
      "type": "Feature",
      "properties": {
        "name": "Kungsvägens grusplan",
        "type": "Aktivitetsyta",
        "created": "2019-11-12 10:21:01",
        "published": false
      },
      "geometry": null
    },
    {
      "id": 1078,
      "type": "Feature",
      "properties": {
        "name": "Basketplan, Skvaderngymnasiet",
        "type": "Aktivitetsyta",
        "created": "2019-11-12 10:23:06",
        "updated": "2019-12-11 13:22:08",
        "published": false
      },
      "geometry": null
    },
    {
      "id": 1079,
      "type": "Feature",
      "properties": {
        "name": "Kungsvägens Bouleplan",
        "type": "Aktivitetsyta",
        "created": "2019-11-12 10:25:17",
        "published": false
      },
      "geometry": null
    },
    {
      "id": 1080,
      "type": "Feature",
      "properties": {
        "name": "Klackvägens grusplan",
        "type": "Aktivitetsyta",
        "created": "2019-11-12 10:45:11",
        "published": false
      },
      "geometry": null
    },
    {
      "id": 1081,
      "type": "Feature",
      "properties": {
        "name": "Klackvägens gräsplan",
        "type": "Aktivitetsyta",
        "created": "2019-11-12 10:56:32",
        "published": false
      },
      "geometry": null
    },
    {
      "id": 1082,
      "type": "Feature",
      "properties": {
        "name": "Hagaskolans gräsplan",
        "type": "Aktivitetsyta",
        "created": "2019-11-12 11:06:52",
        "published": false
      },
      "geometry": null
    },
    {
      "id": 1083,
      "type": "Feature",
      "properties": {
        "name": "Bågevägens grusplan",
        "type": "Aktivitetsyta",
        "created": "2019-11-12 11:10:10",
        "updated": "2019-11-12 11:14:07",
        "published": false
      },
      "geometry": null
    },
    {
      "id": 1086,
      "type": "Feature",
      "properties": {
        "name": "Basvägen grus- och isplan",
        "type": "Aktivitetsyta",
        "created": "2019-11-12 13:34:42",
        "updated": "2020-03-24 14:56:55",
        "published": false
      },
      "geometry": null
    },
    {
      "id": 1087,
      "type": "Feature",
      "properties": {
        "name": "Forsvägen, grönyta/isplan",
        "type": "Aktivitetsyta",
        "created": "2019-11-12 13:39:08",
        "updated": "2019-11-13 16:27:16",
        "published": false
      },
      "geometry": null
    },
    {
      "id": 1088,
      "type": "Feature",
      "properties": {
        "name": "Tångstavägen, Bällsta",
        "type": "Aktivitetsyta",
        "created": "2019-11-12 13:43:33",
        "published": false
      },
      "geometry": null
    },
    {
      "id": 1095,
      "type": "Feature",
      "properties": {
        "name": "Lucksta skola, basket",
        "type": "Aktivitetsyta",
        "created": "2019-11-13 10:52:14",
        "published": false
      },
      "geometry": null
    },
    {
      "id": 1096,
      "type": "Feature",
      "properties": {
        "name": "Runsvik",
        "type": "Aktivitetsyta",
        "created": "2019-11-13 11:25:20",
        "published": false
      },
      "geometry": null
    },
    {
      "id": 1097,
      "type": "Feature",
      "properties": {
        "name": "Bergsåkers skola - multisportsanläggning",
        "type": "Aktivitetsyta",
        "created": "2019-11-13 11:33:10",
        "published": false
      },
      "geometry": null
    },
    {
      "id": 1098,
      "type": "Feature",
      "properties": {
        "name": "Allsta grus- och isplan",
        "type": "Aktivitetsyta",
        "created": "2019-11-13 11:43:32",
        "updated": "2024-02-14 14:26:11",
        "published": true,
        "owner": {
          "organizationID": 305,
          "name": "Allsta Skolfastigheter"
        },
        "manager": {
          "organizationID": 297,
          "name": "Klingstabygdens IF"
        },
        "tags": [
          "allsta",
          "fotboll",
          "grusplan",
          "ishockey",
          "isplan",
          "skridskor"
        ],
        "fields": [
          {
            "id": 34,
            "name": "Underlag",
            "type": "DROPDOWN",
            "value": "Grus"
          },
          {
            "id": 140,
            "name": "Isplanens storlek",
            "type": "DROPDOWN",
            "value": "Hela ytan"
          },
          {
            "id": 153,
            "name": "Allmänt tillgänglig",
            "type": "DROPDOWN",
            "value": "Utanför skoltid"
          },
          {
            "id": 7,
            "name": "Tillhörande filer",
            "type": "FILES",
            "value": [
              {
                "id": 913,
                "filename": "grusplan_allsta_skola.jpg",
                "description": "Grusplan vid Allsta skola",
                "alttext": "Grusyta för bollspel",
                "sourcetext": "Friluftsenheten",
                "validForWinter": false,
                "validForSummer": true,
                "sortIndex": 2,
                "type": "image/jpeg",
                "size": 67994,
                "url": "https://api.sundsvall.se/facilities/2.2/field/filesfield/913",
                "license": "CC0",
                "licenseDescription": "Creative commons. \"No rights reserved\" https://creativecommons.org/share-your-work/public-domain/cc0/"
              }
            ]
          },
          {
            "id": 137,
            "name": "Isplan enklare",
            "type": "TOGGLE",
            "value": "Ja"
          },
          {
            "id": 138,
            "name": "Ishockeyplan",
            "type": "TOGGLE",
            "value": "Nej"
          },
          {
            "id": 139,
            "name": "Bandyplan",
            "type": "TOGGLE",
            "value": "Nej"
          },
          {
            "id": 141,
            "name": "Fotbollsplan enklare",
            "type": "TOGGLE",
            "value": "Ja"
          },
          {
            "id": 147,
            "name": "Sarg",
            "type": "TOGGLE",
            "value": "Nej"
          },
          {
            "id": 154,
            "name": "Bokningsbar",
            "type": "TOGGLE",
            "value": "Nej"
          },
          {
            "id": 156,
            "name": "Amerikansk fotbollsplan",
            "type": "TOGGLE",
            "value": "Nej"
          },
          {
            "id": 157,
            "name": "Baseball eller softball",
            "type": "TOGGLE",
            "value": "Nej"
          },
          {
            "id": 182,
            "name": "Rugby",
            "type": "TOGGLE",
            "value": "Nej"
          },
          {
            "id": 225,
            "name": "Friidrott",
            "type": "TOGGLE",
            "value": "Nej"
          },
          {
            "id": 279,
            "name": "Belysning",
            "type": "TOGGLE",
            "value": "Ja"
          },
          {
            "id": 1,
            "name": "Beskrivning",
            "type": "FREETEXT",
            "value": "Grusplan med två mål på skolgård som spolas vintertid och snöröjes då vanligen veckovis beroende på vädret. "
          }
        ],
        "centerPoint": [
          17.219540083054238,
          62.32488939722245
        ]
      },
      "geometry": {
        "type": "MultiPolygon",
        "coordinates": [
          [
            [
              [
                17.219183863700014,
                62.32496905654723
              ],
              [
                17.219884746818877,
                62.324994288003936
              ],
              [
                17.219891473039226,
                62.32478219182847
              ],
              [
                17.219202730365414,
                62.324769778675844
              ],
              [
                17.219183863700014,
                62.32496905654723
              ]
            ]
          ]
        ]
      }
    },
    {
      "id": 1099,
      "type": "Feature",
      "properties": {
        "name": "Bällsta",
        "type": "Aktivitetsyta",
        "created": "2019-11-13 13:00:42",
        "published": false
      },
      "geometry": null
    },
    {
      "id": 1100,
      "type": "Feature",
      "properties": {
        "name": "Hasselbacken",
        "type": "Aktivitetsyta",
        "created": "2019-11-13 14:33:19",
        "updated": "2024-03-22 10:05:04",
        "published": true,
        "owner": {
          "organizationID": 50,
          "name": "hassels if"
        },
        "manager": {
          "organizationID": 50,
          "name": "hassels if"
        },
        "tags": [
          "11-mannaplan",
          "fotboll",
          "fotbollsplan",
          "gräsplan",
          "hasselbacken",
          "hassels if"
        ],
        "fields": [
          {
            "id": 34,
            "name": "Underlag",
            "type": "DROPDOWN",
            "value": "Gräs"
          },
          {
            "id": 153,
            "name": "Allmänt tillgänglig",
            "type": "DROPDOWN",
            "value": "Särskilda öppettider"
          },
          {
            "id": 144,
            "name": "Fotbollsplan 11-mannaplan antal",
            "type": "INTEGER",
            "value": 1
          },
          {
            "id": 7,
            "name": "Tillhörande filer",
            "type": "FILES",
            "value": [
              {
                "id": 915,
                "filename": "gräsplan_hasselbacken.jpg",
                "description": "",
                "alttext": "",
                "sourcetext": "Sundsvalls kommun",
                "validForWinter": false,
                "validForSummer": false,
                "sortIndex": null,
                "type": "image/jpeg",
                "size": 50416,
                "url": "https://api.sundsvall.se/facilities/2.2/field/filesfield/915",
                "license": "CC0",
                "licenseDescription": "Creative commons. \"No rights reserved\" https://creativecommons.org/share-your-work/public-domain/cc0/"
              }
            ]
          },
          {
            "id": 137,
            "name": "Isplan enklare",
            "type": "TOGGLE",
            "value": "Nej"
          },
          {
            "id": 138,
            "name": "Ishockeyplan",
            "type": "TOGGLE",
            "value": "Nej"
          },
          {
            "id": 139,
            "name": "Bandyplan",
            "type": "TOGGLE",
            "value": "Nej"
          },
          {
            "id": 141,
            "name": "Fotbollsplan enklare",
            "type": "TOGGLE",
            "value": "Nej"
          },
          {
            "id": 147,
            "name": "Sarg",
            "type": "TOGGLE",
            "value": "Nej"
          },
          {
            "id": 154,
            "name": "Bokningsbar",
            "type": "TOGGLE",
            "value": "Nej"
          },
          {
            "id": 156,
            "name": "Amerikansk fotbollsplan",
            "type": "TOGGLE",
            "value": "Nej"
          },
          {
            "id": 157,
            "name": "Baseball eller softball",
            "type": "TOGGLE",
            "value": "Nej"
          },
          {
            "id": 182,
            "name": "Rugby",
            "type": "TOGGLE",
            "value": "Nej"
          },
          {
            "id": 225,
            "name": "Friidrott",
            "type": "TOGGLE",
            "value": "Nej"
          },
          {
            "id": 279,
            "name": "Belysning",
            "type": "TOGGLE",
            "value": "Nej"
          },
          {
            "id": 1,
            "name": "Beskrivning",
            "type": "FREETEXT",
            "value": "Hemmaarena för Hassels IF. Gräsplan, 100 x 60 m, för elvamannaspel. "
          },
          {
            "id": 136,
            "name": "Öppettider länk",
            "type": "FREETEXT",
            "value": "https://www.laget.se/HasselsIF-Fotboll/"
          },
          {
            "id": 180,
            "name": "Kontakt länk",
            "type": "FREETEXT",
            "value": "https://www.laget.se/HasselsIF-Fotboll/"
          }
        ],
        "centerPoint": [
          16.756172992604082,
          62.25609356532731
        ]
      },
      "geometry": {
        "type": "MultiPolygon",
        "coordinates": [
          [
            [
              [
                16.75695282259006,
                62.25571400311695
              ],
              [
                16.757247252668627,
                62.25625516567072
              ],
              [
                16.75539344594403,
                62.25647437284775
              ],
              [
                16.7550990468999,
                62.25593320632151
              ],
              [
                16.75695282259006,
                62.25571400311695
              ]
            ]
          ]
        ]
      }
    },
    {
      "id": 1101,
      "type": "Feature",
      "properties": {
        "name": "Lucksta skolas grusplan och isplan",
        "type": "Aktivitetsyta",
        "created": "2019-11-13 14:43:48",
        "updated": "2023-01-02 14:04:57",
        "published": true,
        "owner": {
          "organizationID": 167,
          "name": "sundsvalls kommun"
        },
        "manager": {
          "organizationID": 170,
          "name": "Sundsvalls kommun Idrott och fritid"
        },
        "tags": [
          "fotboll",
          "grusplan",
          "ishockey",
          "isplan",
          "skridskor",
          "vinter"
        ],
        "fields": [
          {
            "id": 34,
            "name": "Underlag",
            "type": "DROPDOWN",
            "value": "Grus"
          },
          {
            "id": 140,
            "name": "Isplanens storlek",
            "type": "DROPDOWN",
            "value": "20x40"
          },
          {
            "id": 153,
            "name": "Allmänt tillgänglig",
            "type": "DROPDOWN",
            "value": "Utanför skoltid"
          },
          {
            "id": 142,
            "name": "Fotbollsplan 5-manna antal",
            "type": "INTEGER",
            "value": 1
          },
          {
            "id": 143,
            "name": "Fotbollsplan 7-manna antal",
            "type": "INTEGER",
            "value": 1
          },
          {
            "id": 7,
            "name": "Tillhörande filer",
            "type": "FILES",
            "value": [
              {
                "id": 2274,
                "filename": "Lucksta skola isbana (1).jpg",
                "description": "Isplan vid Lucksta skola",
                "alttext": "Isplan med målbur",
                "sourcetext": "Sundsvalls kommun",
                "validForWinter": true,
                "validForSummer": false,
                "sortIndex": 1,
                "type": "image/jpeg",
                "size": 822197,
                "url": "https://api.sundsvall.se/facilities/2.2/field/filesfield/2274",
                "license": "CC0",
                "licenseDescription": "Creative commons. \"No rights reserved\" https://creativecommons.org/share-your-work/public-domain/cc0/"
              },
              {
                "id": 916,
                "filename": "grusplan_7m_lucksta_skola.jpg",
                "description": "Grusplan vid Lucksta skola",
                "alttext": "Grusplan för bollspel",
                "sourcetext": "Sundsvalls kommun",
                "validForWinter": false,
                "validForSummer": true,
                "sortIndex": 2,
                "type": "image/jpeg",
                "size": 57973,
                "url": "https://api.sundsvall.se/facilities/2.2/field/filesfield/916",
                "license": "CC0",
                "licenseDescription": "Creative commons. \"No rights reserved\" https://creativecommons.org/share-your-work/public-domain/cc0/"
              }
            ]
          },
          {
            "id": 137,
            "name": "Isplan enklare",
            "type": "TOGGLE",
            "value": "Ja"
          },
          {
            "id": 138,
            "name": "Ishockeyplan",
            "type": "TOGGLE",
            "value": "Nej"
          },
          {
            "id": 139,
            "name": "Bandyplan",
            "type": "TOGGLE",
            "value": "Nej"
          },
          {
            "id": 141,
            "name": "Fotbollsplan enklare",
            "type": "TOGGLE",
            "value": "Ja"
          },
          {
            "id": 147,
            "name": "Sarg",
            "type": "TOGGLE",
            "value": "Nej"
          },
          {
            "id": 154,
            "name": "Bokningsbar",
            "type": "TOGGLE",
            "value": "Nej"
          },
          {
            "id": 156,
            "name": "Amerikansk fotbollsplan",
            "type": "TOGGLE",
            "value": "Nej"
          },
          {
            "id": 157,
            "name": "Baseball eller softball",
            "type": "TOGGLE",
            "value": "Nej"
          },
          {
            "id": 182,
            "name": "Rugby",
            "type": "TOGGLE",
            "value": "Nej"
          },
          {
            "id": 225,
            "name": "Friidrott",
            "type": "TOGGLE",
            "value": "Nej"
          },
          {
            "id": 279,
            "name": "Belysning",
            "type": "TOGGLE",
            "value": "Ja"
          },
          {
            "id": 285,
            "name": "Felanmälan",
            "type": "Felanmälningstjänst",
            "reportName": "Kontakt Sundsvall",
            "reportDescription": "Felanmälan av motionsspår, elljusspår, leder och andra friluftsanläggningar",
            "reportLink": "https://sundsvall.se/kommun-och-politik/politik-och-demokrati/dialog-och-synpunkter/felanmalan",
            "reportPhone": "060-19 10 00",
            "reportEmail": "kontakt@sundsvall.se"
          },
          {
            "id": 1,
            "name": "Beskrivning",
            "type": "FREETEXT",
            "value": "Belyst grusplan med fotbollsmål i anslutning till Lucksta skola. Vintertid isplan som spolas och snöröjs en gång i veckan. "
          },
          {
            "id": 180,
            "name": "Kontakt länk",
            "type": "FREETEXT",
            "value": "https://sundsvall.se/skridsko"
          }
        ],
        "centerPoint": [
          17.051548258977117,
          62.295246904531076
        ]
      },
      "geometry": {
        "type": "MultiPolygon",
        "coordinates": [
          [
            [
              [
                17.050969534902116,
                62.295373622966295
              ],
              [
                17.052158079088713,
                62.29535345776593
              ],
              [
                17.052130624591783,
                62.295114582083194
              ],
              [
                17.050936179428202,
                62.295129629822334
              ],
              [
                17.050969534902116,
                62.295373622966295
              ]
            ]
          ]
        ]
      }
    },
    {
      "id": 1102,
      "type": "Feature",
      "properties": {
        "name": "Matfors Skol IP - grus- och isplan",
        "type": "Aktivitetsyta",
        "created": "2019-11-13 14:51:28",
        "updated": "2025-02-03 13:56:55",
        "published": true,
        "owner": {
          "organizationID": 167,
          "name": "sundsvalls kommun"
        },
        "manager": {
          "organizationID": 170,
          "name": "Sundsvalls kommun Idrott och fritid"
        },
        "tags": [
          "7-mannaplan",
          "fotboll",
          "friidrott",
          "grusplan",
          "idrott",
          "matfors"
        ],
        "fields": [
          {
            "id": 34,
            "name": "Underlag",
            "type": "DROPDOWN",
            "value": "Grus"
          },
          {
            "id": 140,
            "name": "Isplanens storlek",
            "type": "DROPDOWN",
            "value": "20x40"
          },
          {
            "id": 153,
            "name": "Allmänt tillgänglig",
            "type": "DROPDOWN",
            "value": "Utanför skoltid"
          },
          {
            "id": 143,
            "name": "Fotbollsplan 7-manna antal",
            "type": "INTEGER",
            "value": 1
          },
          {
            "id": 7,
            "name": "Tillhörande filer",
            "type": "FILES",
            "value": [
              {
                "id": 2430,
                "filename": "Matfors skola isbana (1).jpg",
                "description": "Isplan vid Matfors skol-IP",
                "alttext": "Isplan",
                "sourcetext": "Sundsvalls kommun",
                "validForWinter": true,
                "validForSummer": false,
                "sortIndex": 1,
                "type": "image/jpeg",
                "size": 534166,
                "url": "https://api.sundsvall.se/facilities/2.2/field/filesfield/2430",
                "license": "CC0",
                "licenseDescription": "Creative commons. \"No rights reserved\" https://creativecommons.org/share-your-work/public-domain/cc0/"
              },
              {
                "id": 917,
                "filename": "Matfors skol-IP juni 2004 (1).jpg",
                "description": "Grusplan vid Matfors skol-IP",
                "alttext": "Grusplan för bollspel",
                "sourcetext": "Sundsvalls kommun",
                "validForWinter": false,
                "validForSummer": true,
                "sortIndex": 2,
                "type": "image/jpeg",
                "size": 879993,
                "url": "https://api.sundsvall.se/facilities/2.2/field/filesfield/917",
                "license": "CC0",
                "licenseDescription": "Creative commons. \"No rights reserved\" https://creativecommons.org/share-your-work/public-domain/cc0/"
              },
              {
                "id": 921,
                "filename": "PICT0172.JPG",
                "description": "Fotbollsmål vid Matfors skol-IP",
                "alttext": "Fotbollsplan vid en grusplan",
                "sourcetext": "Sundsvalls kommun",
                "validForWinter": false,
                "validForSummer": true,
                "sortIndex": 5,
                "type": "image/jpeg",
                "size": 426484,
                "url": "https://api.sundsvall.se/facilities/2.2/field/filesfield/921",
                "license": "CC0",
                "licenseDescription": "Creative commons. \"No rights reserved\" https://creativecommons.org/share-your-work/public-domain/cc0/"
              }
            ]
          },
          {
            "id": 137,
            "name": "Isplan enklare",
            "type": "TOGGLE",
            "value": "Ja"
          },
          {
            "id": 138,
            "name": "Ishockeyplan",
            "type": "TOGGLE",
            "value": "Nej"
          },
          {
            "id": 139,
            "name": "Bandyplan",
            "type": "TOGGLE",
            "value": "Nej"
          },
          {
            "id": 141,
            "name": "Fotbollsplan enklare",
            "type": "TOGGLE",
            "value": "Ja"
          },
          {
            "id": 147,
            "name": "Sarg",
            "type": "TOGGLE",
            "value": "Nej"
          },
          {
            "id": 154,
            "name": "Bokningsbar",
            "type": "TOGGLE",
            "value": "Nej"
          },
          {
            "id": 156,
            "name": "Amerikansk fotbollsplan",
            "type": "TOGGLE",
            "value": "Nej"
          },
          {
            "id": 157,
            "name": "Baseball eller softball",
            "type": "TOGGLE",
            "value": "Nej"
          },
          {
            "id": 182,
            "name": "Rugby",
            "type": "TOGGLE",
            "value": "Nej"
          },
          {
            "id": 225,
            "name": "Friidrott",
            "type": "TOGGLE",
            "value": "Nej"
          },
          {
            "id": 279,
            "name": "Belysning",
            "type": "TOGGLE",
            "value": "Ja"
          },
          {
            "id": 285,
            "name": "Felanmälan",
            "type": "Felanmälningstjänst",
            "reportName": "Kontakt Sundsvall",
            "reportDescription": "Felanmälan av motionsspår, elljusspår, leder och andra friluftsanläggningar",
            "reportLink": "https://sundsvall.se/kommun-och-politik/politik-och-demokrati/dialog-och-synpunkter/felanmalan",
            "reportPhone": "060-19 10 00",
            "reportEmail": "kontakt@sundsvall.se"
          },
          {
            "id": 1,
            "name": "Beskrivning",
            "type": "FREETEXT",
            "value": "Skolidrottsplats med belyst grusplan för sjumannaspel. Planen spolas vintertid och snöröjes vanligen veckovis."
          }
        ],
        "centerPoint": [
          17.014585981232425,
          62.34648079762491
        ]
      },
      "geometry": {
        "type": "MultiPolygon",
        "coordinates": [
          [
            [
              [
                17.014750995665292,
                62.34603183976676
              ],
              [
                17.015553024511167,
                62.3464131490874
              ],
              [
                17.01442045794924,
                62.346927783872104
              ],
              [
                17.013618429885263,
                62.34654647528708
              ],
              [
                17.014750995665292,
                62.34603183976676
              ]
            ]
          ]
        ]
      }
    },
    {
      "id": 1103,
      "type": "Feature",
      "properties": {
        "name": "Matfors skola",
        "type": "Aktivitetsyta",
        "created": "2019-11-13 14:55:17",
        "updated": "2022-01-20 14:01:47",
        "published": true,
        "owner": {
          "organizationID": 167,
          "name": "sundsvalls kommun"
        },
        "manager": {
          "organizationID": 170,
          "name": "Sundsvalls kommun Idrott och fritid"
        },
        "tags": [
          "fotboll",
          "fotbollsplank",
          "grusplan"
        ],
        "fields": [
          {
            "id": 153,
            "name": "Allmänt tillgänglig",
            "type": "DROPDOWN",
            "value": "Utanför skoltid"
          },
          {
            "id": 7,
            "name": "Tillhörande filer",
            "type": "FILES",
            "value": [
              {
                "id": 918,
                "filename": "grusplan_matfors_skola.jpg",
                "description": "",
                "alttext": "",
                "sourcetext": "",
                "validForWinter": false,
                "validForSummer": false,
                "sortIndex": null,
                "type": "image/jpeg",
                "size": 56768,
                "url": "https://api.sundsvall.se/facilities/2.2/field/filesfield/918",
                "license": "CC0",
                "licenseDescription": "Creative commons. \"No rights reserved\" https://creativecommons.org/share-your-work/public-domain/cc0/"
              }
            ]
          },
          {
            "id": 137,
            "name": "Isplan enklare",
            "type": "TOGGLE",
            "value": "Nej"
          },
          {
            "id": 138,
            "name": "Ishockeyplan",
            "type": "TOGGLE",
            "value": "Nej"
          },
          {
            "id": 139,
            "name": "Bandyplan",
            "type": "TOGGLE",
            "value": "Nej"
          },
          {
            "id": 141,
            "name": "Fotbollsplan enklare",
            "type": "TOGGLE",
            "value": "Nej"
          },
          {
            "id": 147,
            "name": "Sarg",
            "type": "TOGGLE",
            "value": "Nej"
          },
          {
            "id": 154,
            "name": "Bokningsbar",
            "type": "TOGGLE",
            "value": "Nej"
          },
          {
            "id": 156,
            "name": "Amerikansk fotbollsplan",
            "type": "TOGGLE",
            "value": "Nej"
          },
          {
            "id": 157,
            "name": "Baseball eller softball",
            "type": "TOGGLE",
            "value": "Nej"
          },
          {
            "id": 182,
            "name": "Rugby",
            "type": "TOGGLE",
            "value": "Nej"
          },
          {
            "id": 225,
            "name": "Friidrott",
            "type": "TOGGLE",
            "value": "Nej"
          },
          {
            "id": 279,
            "name": "Belysning",
            "type": "TOGGLE",
            "value": "Nej"
          },
          {
            "id": 285,
            "name": "Felanmälan",
            "type": "Felanmälningstjänst",
            "reportName": "Kontakt Sundsvall",
            "reportDescription": "Felanmälan av motionsspår, elljusspår, leder och andra friluftsanläggningar",
            "reportLink": "https://sundsvall.se/kommun-och-politik/politik-och-demokrati/dialog-och-synpunkter/felanmalan",
            "reportPhone": "060-19 10 00",
            "reportEmail": "kontakt@sundsvall.se"
          },
          {
            "id": 1,
            "name": "Beskrivning",
            "type": "FREETEXT",
            "value": "Mindre grusplan med fotbollsplank."
          }
        ],
        "centerPoint": [
          17.01784259594662,
          62.346078170479615
        ]
      },
      "geometry": {
        "type": "MultiPolygon",
        "coordinates": [
          [
            [
              [
                17.017649331399202,
                62.3460912212345
              ],
              [
                17.017759016059383,
                62.34618327183507
              ],
              [
                17.018048228792356,
                62.346115354083466
              ],
              [
                17.017932776568195,
                62.34602079770421
              ],
              [
                17.017649331399202,
                62.3460912212345
              ]
            ]
          ]
        ]
      }
    },
    {
      "id": 1104,
      "type": "Feature",
      "properties": {
        "name": "Runsviks grusplan/isplan",
        "type": "Aktivitetsyta",
        "created": "2019-11-13 15:01:59",
        "published": false
      },
      "geometry": null
    },
    {
      "id": 1105,
      "type": "Feature",
      "properties": {
        "name": "Medskogs IP/Wiiforsplanen",
        "type": "Aktivitetsyta",
        "created": "2019-11-13 16:00:10",
        "published": false
      },
      "geometry": null
    },
    {
      "id": 1106,
      "type": "Feature",
      "properties": {
        "name": "Sörforsvallen, grus",
        "type": "Aktivitetsyta",
        "created": "2019-11-13 16:16:40",
        "published": false
      },
      "geometry": null
    },
    {
      "id": 1107,
      "type": "Feature",
      "properties": {
        "name": "Sörforsvallen, gräs",
        "type": "Aktivitetsyta",
        "created": "2019-11-13 16:17:54",
        "published": false
      },
      "geometry": null
    },
    {
      "id": 1108,
      "type": "Feature",
      "properties": {
        "name": "Sörforsvallen, gräs",
        "type": "Aktivitetsyta",
        "created": "2019-11-13 16:18:39",
        "published": false
      },
      "geometry": null
    },
    {
      "id": 1109,
      "type": "Feature",
      "properties": {
        "name": "Sörforsvallen, gräs",
        "type": "Aktivitetsyta",
        "created": "2019-11-13 16:22:31",
        "published": false
      },
      "geometry": null
    },
    {
      "id": 1110,
      "type": "Feature",
      "properties": {
        "name": "Thulevallen, B-plan (gräs)",
        "type": "Aktivitetsyta",
        "created": "2019-11-13 16:44:32",
        "updated": "2019-11-13 16:45:24",
        "published": false
      },
      "geometry": null
    },
    {
      "id": 1111,
      "type": "Feature",
      "properties": {
        "name": "Thulevallen, gräs",
        "type": "Aktivitetsyta",
        "created": "2019-11-13 16:47:15",
        "updated": "2019-11-13 16:50:34",
        "published": false
      },
      "geometry": null
    },
    {
      "id": 1112,
      "type": "Feature",
      "properties": {
        "name": "Thulevallen, A-plan (gräs)",
        "type": "Aktivitetsyta",
        "created": "2019-11-13 16:48:29",
        "published": false
      },
      "geometry": null
    },
    {
      "id": 1113,
      "type": "Feature",
      "properties": {
        "name": "Thulevallen, grus",
        "type": "Aktivitetsyta",
        "created": "2019-11-13 16:49:33",
        "published": false
      },
      "geometry": null
    },
    {
      "id": 1114,
      "type": "Feature",
      "properties": {
        "name": "Vattjom grus- och isplan",
        "type": "Aktivitetsyta",
        "created": "2019-11-13 16:56:47",
        "published": false
      },
      "geometry": null
    },
    {
      "id": 1115,
      "type": "Feature",
      "properties": {
        "name": "Älvrinken",
        "type": "Aktivitetsyta",
        "created": "2019-11-13 17:01:14",
        "published": false
      },
      "geometry": null
    },
    {
      "id": 1117,
      "type": "Feature",
      "properties": {
        "name": "Matfors Skola, friidrottsbanor",
        "type": "Aktivitetsyta",
        "created": "2019-11-14 10:58:15",
        "updated": "2025-02-03 13:56:16",
        "published": true,
        "owner": {
          "organizationID": 167,
          "name": "sundsvalls kommun"
        },
        "manager": {
          "organizationID": 170,
          "name": "Sundsvalls kommun Idrott och fritid"
        },
        "tags": [
          "friidrott",
          "löparbana"
        ],
        "fields": [
          {
            "id": 34,
            "name": "Underlag",
            "type": "DROPDOWN",
            "value": "Grus"
          },
          {
            "id": 153,
            "name": "Allmänt tillgänglig",
            "type": "DROPDOWN",
            "value": "Utanför skoltid"
          },
          {
            "id": 7,
            "name": "Tillhörande filer",
            "type": "FILES",
            "value": [
              {
                "id": 941,
                "filename": "PICT0171.JPG",
                "description": "Löparbanor vid Matfors skol-IP",
                "alttext": "Löparbanor",
                "sourcetext": "Sundsvalls kommun",
                "validForWinter": false,
                "validForSummer": true,
                "sortIndex": 2,
                "type": "image/jpeg",
                "size": 342744,
                "url": "https://api.sundsvall.se/facilities/2.2/field/filesfield/941",
                "license": "CC0",
                "licenseDescription": "Creative commons. \"No rights reserved\" https://creativecommons.org/share-your-work/public-domain/cc0/"
              },
              {
                "id": 940,
                "filename": "PICT0167.JPG",
                "description": "Längdhoppsgrop och löparbanor vid Matfors skol-IP",
                "alttext": "Längdhoppsgrop",
                "sourcetext": "Sundsvalls kommun",
                "validForWinter": false,
                "validForSummer": true,
                "sortIndex": 3,
                "type": "image/jpeg",
                "size": 350500,
                "url": "https://api.sundsvall.se/facilities/2.2/field/filesfield/940",
                "license": "CC0",
                "licenseDescription": "Creative commons. \"No rights reserved\" https://creativecommons.org/share-your-work/public-domain/cc0/"
              },
              {
                "id": 939,
                "filename": "PICT0168.JPG",
                "description": "Löparbanor vid Matfors skol-IP",
                "alttext": "Löparbanor",
                "sourcetext": "Sundsvalls kommun",
                "validForWinter": false,
                "validForSummer": true,
                "sortIndex": 4,
                "type": "image/jpeg",
                "size": 342000,
                "url": "https://api.sundsvall.se/facilities/2.2/field/filesfield/939",
                "license": "CC0",
                "licenseDescription": "Creative commons. \"No rights reserved\" https://creativecommons.org/share-your-work/public-domain/cc0/"
              }
            ]
          },
          {
            "id": 137,
            "name": "Isplan enklare",
            "type": "TOGGLE",
            "value": "Nej"
          },
          {
            "id": 138,
            "name": "Ishockeyplan",
            "type": "TOGGLE",
            "value": "Nej"
          },
          {
            "id": 139,
            "name": "Bandyplan",
            "type": "TOGGLE",
            "value": "Nej"
          },
          {
            "id": 141,
            "name": "Fotbollsplan enklare",
            "type": "TOGGLE",
            "value": "Nej"
          },
          {
            "id": 147,
            "name": "Sarg",
            "type": "TOGGLE",
            "value": "Nej"
          },
          {
            "id": 154,
            "name": "Bokningsbar",
            "type": "TOGGLE",
            "value": "Nej"
          },
          {
            "id": 156,
            "name": "Amerikansk fotbollsplan",
            "type": "TOGGLE",
            "value": "Nej"
          },
          {
            "id": 157,
            "name": "Baseball eller softball",
            "type": "TOGGLE",
            "value": "Nej"
          },
          {
            "id": 182,
            "name": "Rugby",
            "type": "TOGGLE",
            "value": "Nej"
          },
          {
            "id": 225,
            "name": "Friidrott",
            "type": "TOGGLE",
            "value": "Ja"
          },
          {
            "id": 279,
            "name": "Belysning",
            "type": "TOGGLE",
            "value": "Ja"
          },
          {
            "id": 285,
            "name": "Felanmälan",
            "type": "Felanmälningstjänst",
            "reportName": "Kontakt Sundsvall",
            "reportDescription": "Felanmälan av motionsspår, elljusspår, leder och andra friluftsanläggningar",
            "reportLink": "https://sundsvall.se/kommun-och-politik/politik-och-demokrati/dialog-och-synpunkter/felanmalan",
            "reportPhone": "060-19 10 00",
            "reportEmail": "kontakt@sundsvall.se"
          },
          {
            "id": 1,
            "name": "Beskrivning",
            "type": "FREETEXT",
            "value": "Anläggning för friidrott."
          }
        ],
        "centerPoint": [
          17.01458054874014,
          62.34648047416301
        ]
      },
      "geometry": {
        "type": "MultiPolygon",
        "coordinates": [
          [
            [
              [
                17.01482606078021,
                62.34596343180897
              ],
              [
                17.015021059822327,
                62.34598180031713
              ],
              [
                17.01527690728092,
                62.34601898470673
              ],
              [
                17.01543627706058,
                62.346080115654075
              ],
              [
                17.015588550243603,
                62.346167696794566
              ],
              [
                17.015660195729115,
                62.34624153490266
              ],
              [
                17.0156864606454,
                62.34634419025473
              ],
              [
                17.01564834084305,
                62.34645318937376
              ],
              [
                17.01556676813917,
                62.346563847309234
              ],
              [
                17.015438509600692,
                62.34663609131916
              ],
              [
                17.0148037848689,
                62.346914531640046
              ],
              [
                17.01464390250836,
                62.346969326571774
              ],
              [
                17.014490032539822,
                62.34699585601254
              ],
              [
                17.014190667460596,
                62.346992234472566
              ],
              [
                17.013948168912428,
                62.346963750226784
              ],
              [
                17.013749379512056,
                62.346894612046476
              ],
              [
                17.013571498004207,
                62.346805021129725
              ],
              [
                17.01347853199453,
                62.346673398517524
              ],
              [
                17.013473936374034,
                62.34655900759703
              ],
              [
                17.013579146180938,
                62.34643518691283
              ],
              [
                17.013743697989636,
                62.34634583378821
              ],
              [
                17.014337408879133,
                62.346077839037655
              ],
              [
                17.014436505300093,
                62.34603957163768
              ],
              [
                17.014610704735105,
                62.345976442832594
              ],
              [
                17.01482606078021,
                62.34596343180897
              ]
            ]
          ],
          [
            [
              [
                17.01482260832767,
                62.346008876457546
              ],
              [
                17.014649266735102,
                62.3460193509381
              ],
              [
                17.014497036044002,
                62.34607452095172
              ],
              [
                17.01440197377503,
                62.346111240291854
              ],
              [
                17.013814137176237,
                62.346376578077184
              ],
              [
                17.013662968743972,
                62.34645865516395
              ],
              [
                17.01357080311588,
                62.34656713771139
              ],
              [
                17.013574767831678,
                62.34666581670318
              ],
              [
                17.013656652938007,
                62.346781767264766
              ],
              [
                17.01381429652632,
                62.34686116633166
              ],
              [
                17.013990527331877,
                62.34692244953697
              ],
              [
                17.01420391671943,
                62.34694752294953
              ],
              [
                17.01447392156033,
                62.34695079109134
              ],
              [
                17.01459756451478,
                62.346929461462985
              ],
              [
                17.0147417906017,
                62.34688003677494
              ],
              [
                17.01536788275976,
                62.3466053856676
              ],
              [
                17.015481154536023,
                62.34654159030042
              ],
              [
                17.015554382179932,
                62.34644224092042
              ],
              [
                17.015589010174327,
                62.34634322675487
              ],
              [
                17.0155661083158,
                62.34625368948685
              ],
              [
                17.01550567489596,
                62.346191395407565
              ],
              [
                17.015367322045897,
                62.34611183072771
              ],
              [
                17.01523006834837,
                62.3460591808424
              ],
              [
                17.014997016574394,
                62.34602530973156
              ],
              [
                17.01482260832767,
                62.346008876457546
              ]
            ]
          ]
        ]
      }
    },
    {
      "id": 1152,
      "type": "Feature",
      "properties": {
        "name": "Klättring, Rude - Tuna, Vattjom",
        "type": "Aktivitetsyta",
        "created": "2019-11-15 13:53:59",
        "published": false
      },
      "geometry": null
    },
    {
      "id": 1155,
      "type": "Feature",
      "properties": {
        "name": "Klättring, Vivstaberget - Tuna, Vivsta",
        "type": "Aktivitetsyta",
        "created": "2019-11-15 14:26:36",
        "published": false
      },
      "geometry": null
    },
    {
      "id": 1157,
      "type": "Feature",
      "properties": {
        "name": "Klättring, Hålberget - Lagmansören - Indal",
        "type": "Aktivitetsyta",
        "created": "2019-11-15 15:40:23",
        "published": false
      },
      "geometry": null
    },
    {
      "id": 1174,
      "type": "Feature",
      "properties": {
        "name": "Tennisplan, Allsta, Berge",
        "type": "Aktivitetsyta",
        "created": "2019-11-19 08:42:26",
        "published": false
      },
      "geometry": null
    },
    {
      "id": 1175,
      "type": "Feature",
      "properties": {
        "name": "Tennis 1, Thulevallen",
        "type": "Aktivitetsyta",
        "created": "2019-11-19 10:00:53",
        "updated": "2019-11-19 10:08:30",
        "published": false
      },
      "geometry": null
    },
    {
      "id": 1176,
      "type": "Feature",
      "properties": {
        "name": "Tennis 2, Thulevallen",
        "type": "Aktivitetsyta",
        "created": "2019-11-19 10:02:46",
        "updated": "2019-11-19 10:08:20",
        "published": false
      },
      "geometry": null
    },
    {
      "id": 1177,
      "type": "Feature",
      "properties": {
        "name": "Bällstaviken, Vattenskidor",
        "type": "Aktivitetsyta",
        "created": "2019-11-19 11:12:34",
        "published": false
      },
      "geometry": null
    },
    {
      "id": 1178,
      "type": "Feature",
      "properties": {
        "name": "Brf Kattens boll- och isplan",
        "type": "Aktivitetsyta",
        "created": "2019-11-19 13:20:11",
        "published": false
      },
      "geometry": null
    },
    {
      "id": 1179,
      "type": "Feature",
      "properties": {
        "name": "Skönsmons skola multiarena",
        "type": "Aktivitetsyta",
        "created": "2019-11-19 13:35:05",
        "updated": "2021-12-17 16:41:57",
        "published": true,
        "owner": {
          "organizationID": 167,
          "name": "sundsvalls kommun"
        },
        "manager": {
          "organizationID": 168,
          "name": "Sundsvalls kommun Drakfastigheter"
        },
        "tags": [
          "basket",
          "multiarena"
        ],
        "fields": [
          {
            "id": 153,
            "name": "Allmänt tillgänglig",
            "type": "DROPDOWN",
            "value": "Utanför skoltid"
          },
          {
            "id": 137,
            "name": "Isplan enklare",
            "type": "TOGGLE",
            "value": "Nej"
          },
          {
            "id": 138,
            "name": "Ishockeyplan",
            "type": "TOGGLE",
            "value": "Nej"
          },
          {
            "id": 139,
            "name": "Bandyplan",
            "type": "TOGGLE",
            "value": "Nej"
          },
          {
            "id": 141,
            "name": "Fotbollsplan enklare",
            "type": "TOGGLE",
            "value": "Nej"
          },
          {
            "id": 147,
            "name": "Sarg",
            "type": "TOGGLE",
            "value": "Nej"
          },
          {
            "id": 154,
            "name": "Bokningsbar",
            "type": "TOGGLE",
            "value": "Nej"
          },
          {
            "id": 156,
            "name": "Amerikansk fotbollsplan",
            "type": "TOGGLE",
            "value": "Nej"
          },
          {
            "id": 157,
            "name": "Baseball eller softball",
            "type": "TOGGLE",
            "value": "Nej"
          },
          {
            "id": 182,
            "name": "Rugby",
            "type": "TOGGLE",
            "value": "Nej"
          },
          {
            "id": 225,
            "name": "Friidrott",
            "type": "TOGGLE",
            "value": "Nej"
          },
          {
            "id": 279,
            "name": "Belysning",
            "type": "TOGGLE",
            "value": "Nej"
          },
          {
            "id": 285,
            "name": "Felanmälan",
            "type": "Felanmälningstjänst",
            "reportName": "Sundsvalls kommun Kommunal fastighet",
            "reportDescription": "Felanmälan av kommunala byggnader/fastigheter",
            "reportLink": "https://dedu.se/deduwebextern/sundsvallskommun/drakfastigheter/index.html#!/",
            "reportPhone": null,
            "reportEmail": null
          },
          {
            "id": 1,
            "name": "Beskrivning",
            "type": "FREETEXT",
            "value": "Multiarena vid Skönsmons skola"
          }
        ],
        "centerPoint": [
          17.336347742889448,
          62.38065207930183
        ]
      },
      "geometry": {
        "type": "MultiPolygon",
        "coordinates": [
          [
            [
              [
                17.336149189568097,
                62.38075298673056
              ],
              [
                17.336614803188972,
                62.380696667484415
              ],
              [
                17.33656481570396,
                62.380576282645514
              ],
              [
                17.336089242585015,
                62.38065431812426
              ],
              [
                17.336149189568097,
                62.38075298673056
              ]
            ]
          ]
        ]
      }
    },
    {
      "id": 1180,
      "type": "Feature",
      "properties": {
        "name": "Stenhammargatans is- och bollplan",
        "type": "Aktivitetsyta",
        "created": "2019-11-19 13:42:30",
        "updated": "2024-03-22 09:48:54",
        "published": true,
        "owner": {
          "organizationID": 172,
          "name": "Sundsvalls kommun Parkavdelningen"
        },
        "manager": {
          "organizationID": 170,
          "name": "Sundsvalls kommun Idrott och fritid"
        },
        "tags": [
          "bollplan",
          "brännboll",
          "fotboll",
          "grusplan",
          "isbana",
          "isplan"
        ],
        "fields": [
          {
            "id": 34,
            "name": "Underlag",
            "type": "DROPDOWN",
            "value": "Grus"
          },
          {
            "id": 140,
            "name": "Isplanens storlek",
            "type": "DROPDOWN",
            "value": "20x40"
          },
          {
            "id": 153,
            "name": "Allmänt tillgänglig",
            "type": "DROPDOWN",
            "value": "Hela dygnet"
          },
          {
            "id": 142,
            "name": "Fotbollsplan 5-manna antal",
            "type": "INTEGER",
            "value": 1
          },
          {
            "id": 7,
            "name": "Tillhörande filer",
            "type": "FILES",
            "value": [
              {
                "id": 2413,
                "filename": "Stenhammargatan1.jpg",
                "description": "Stenhammargatans isplan",
                "alttext": "Stenhammargatans isplan",
                "sourcetext": "Sundsvalls kommun",
                "validForWinter": true,
                "validForSummer": false,
                "sortIndex": 1,
                "type": "image/jpeg",
                "size": 4783519,
                "url": "https://api.sundsvall.se/facilities/2.2/field/filesfield/2413",
                "license": "CC0",
                "licenseDescription": "Creative commons. \"No rights reserved\" https://creativecommons.org/share-your-work/public-domain/cc0/"
              },
              {
                "id": 2414,
                "filename": "Stenhammargatan2.jpg",
                "description": "Stenhammargatans isplan",
                "alttext": "Stenhammargatans isplan",
                "sourcetext": "Sundsvalls kommun",
                "validForWinter": true,
                "validForSummer": false,
                "sortIndex": 2,
                "type": "image/jpeg",
                "size": 4857611,
                "url": "https://api.sundsvall.se/facilities/2.2/field/filesfield/2414",
                "license": "CC0",
                "licenseDescription": "Creative commons. \"No rights reserved\" https://creativecommons.org/share-your-work/public-domain/cc0/"
              },
              {
                "id": 997,
                "filename": "grusplan_stenhammargatan.jpg",
                "description": "Grusplan vid Stenhammargatan",
                "alttext": "Stenhammarsgatans bollplan",
                "sourcetext": "Sundsvalls kommun",
                "validForWinter": false,
                "validForSummer": true,
                "sortIndex": 3,
                "type": "image/jpeg",
                "size": 72251,
                "url": "https://api.sundsvall.se/facilities/2.2/field/filesfield/997",
                "license": "CC0",
                "licenseDescription": "Creative commons. \"No rights reserved\" https://creativecommons.org/share-your-work/public-domain/cc0/"
              }
            ]
          },
          {
            "id": 137,
            "name": "Isplan enklare",
            "type": "TOGGLE",
            "value": "Ja"
          },
          {
            "id": 138,
            "name": "Ishockeyplan",
            "type": "TOGGLE",
            "value": "Nej"
          },
          {
            "id": 139,
            "name": "Bandyplan",
            "type": "TOGGLE",
            "value": "Nej"
          },
          {
            "id": 141,
            "name": "Fotbollsplan enklare",
            "type": "TOGGLE",
            "value": "Ja"
          },
          {
            "id": 147,
            "name": "Sarg",
            "type": "TOGGLE",
            "value": "Nej"
          },
          {
            "id": 154,
            "name": "Bokningsbar",
            "type": "TOGGLE",
            "value": "Nej"
          },
          {
            "id": 156,
            "name": "Amerikansk fotbollsplan",
            "type": "TOGGLE",
            "value": "Nej"
          },
          {
            "id": 157,
            "name": "Baseball eller softball",
            "type": "TOGGLE",
            "value": "Nej"
          },
          {
            "id": 182,
            "name": "Rugby",
            "type": "TOGGLE",
            "value": "Nej"
          },
          {
            "id": 225,
            "name": "Friidrott",
            "type": "TOGGLE",
            "value": "Nej"
          },
          {
            "id": 279,
            "name": "Belysning",
            "type": "TOGGLE",
            "value": "Ja"
          },
          {
            "id": 285,
            "name": "Felanmälan",
            "type": "Felanmälningstjänst",
            "reportName": "Kontakt Sundsvall",
            "reportDescription": "Felanmälan av motionsspår, elljusspår, leder och andra friluftsanläggningar",
            "reportLink": "https://sundsvall.se/kommun-och-politik/politik-och-demokrati/dialog-och-synpunkter/felanmalan",
            "reportPhone": "060-19 10 00",
            "reportEmail": "kontakt@sundsvall.se"
          },
          {
            "id": 1,
            "name": "Beskrivning",
            "type": "FREETEXT",
            "value": "Grusplan och isplan med mål.  Totala måttet på grusytan 33x18 meter."
          },
          {
            "id": 180,
            "name": "Kontakt länk",
            "type": "FREETEXT",
            "value": "https://sundsvall.se/uppleva-och-gora/idrott-motion-och-friluftsliv/hallar-och-idrottsanlaggningar/ishallar-och-isbanor"
          }
        ],
        "centerPoint": [
          17.298804261014727,
          62.38176539758076
        ]
      },
      "geometry": {
        "type": "MultiPolygon",
        "coordinates": [
          [
            [
              [
                17.298488463714886,
                62.38189176387987
              ],
              [
                17.29919139829148,
                62.38182629640619
              ],
              [
                17.29910120016995,
                62.38163379578013
              ],
              [
                17.29841501815898,
                62.3816909398191
              ],
              [
                17.298488463714886,
                62.38189176387987
              ]
            ]
          ]
        ]
      }
    },
    {
      "id": 1181,
      "type": "Feature",
      "properties": {
        "name": "Östermalms IP boll- och isplan",
        "type": "Aktivitetsyta",
        "created": "2019-11-19 13:56:40",
        "updated": "2023-01-02 13:10:37",
        "published": true,
        "owner": {
          "organizationID": 174,
          "name": "Sundsvalls kommun Stadsbyggnadskontoret"
        },
        "manager": {
          "organizationID": 295,
          "name": "Östermalms IF"
        },
        "tags": [
          "7-mannaplan",
          "bollplan",
          "fotboll",
          "grusplan",
          "ishockey",
          "isplan",
          "skridskor"
        ],
        "fields": [
          {
            "id": 34,
            "name": "Underlag",
            "type": "DROPDOWN",
            "value": "Grus"
          },
          {
            "id": 153,
            "name": "Allmänt tillgänglig",
            "type": "DROPDOWN",
            "value": "Hela dygnet"
          },
          {
            "id": 7,
            "name": "Tillhörande filer",
            "type": "FILES",
            "value": [
              {
                "id": 2292,
                "filename": "20220114_134207-01.jpeg",
                "description": "Östermalms isbana spolas och skottas under vintern av föreningen Östermalms IF",
                "alttext": "Isbana med målburar",
                "sourcetext": "Sundsvalls kommun",
                "validForWinter": true,
                "validForSummer": false,
                "sortIndex": 1,
                "type": "image/jpeg",
                "size": 5054603,
                "url": "https://api.sundsvall.se/facilities/2.2/field/filesfield/2292",
                "license": "CC0",
                "licenseDescription": "Creative commons. \"No rights reserved\" https://creativecommons.org/share-your-work/public-domain/cc0/"
              },
              {
                "id": 998,
                "filename": "grusplan_rebetskygatan.jpg",
                "description": "Grusplan i parken på Östermalm",
                "alttext": "Grusplan i parken på Östermalm",
                "sourcetext": "Sundsvalls kommun",
                "validForWinter": false,
                "validForSummer": true,
                "sortIndex": 2,
                "type": "image/jpeg",
                "size": 66026,
                "url": "https://api.sundsvall.se/facilities/2.2/field/filesfield/998",
                "license": "CC0",
                "licenseDescription": "Creative commons. \"No rights reserved\" https://creativecommons.org/share-your-work/public-domain/cc0/"
              }
            ]
          },
          {
            "id": 137,
            "name": "Isplan enklare",
            "type": "TOGGLE",
            "value": "Ja"
          },
          {
            "id": 138,
            "name": "Ishockeyplan",
            "type": "TOGGLE",
            "value": "Nej"
          },
          {
            "id": 139,
            "name": "Bandyplan",
            "type": "TOGGLE",
            "value": "Nej"
          },
          {
            "id": 141,
            "name": "Fotbollsplan enklare",
            "type": "TOGGLE",
            "value": "Ja"
          },
          {
            "id": 147,
            "name": "Sarg",
            "type": "TOGGLE",
            "value": "Nej"
          },
          {
            "id": 154,
            "name": "Bokningsbar",
            "type": "TOGGLE",
            "value": "Nej"
          },
          {
            "id": 156,
            "name": "Amerikansk fotbollsplan",
            "type": "TOGGLE",
            "value": "Nej"
          },
          {
            "id": 157,
            "name": "Baseball eller softball",
            "type": "TOGGLE",
            "value": "Nej"
          },
          {
            "id": 182,
            "name": "Rugby",
            "type": "TOGGLE",
            "value": "Nej"
          },
          {
            "id": 225,
            "name": "Friidrott",
            "type": "TOGGLE",
            "value": "Nej"
          },
          {
            "id": 279,
            "name": "Belysning",
            "type": "TOGGLE",
            "value": "Ja"
          },
          {
            "id": 1,
            "name": "Beskrivning",
            "type": "FREETEXT",
            "value": "Sjumanna grusplan i bostadsområde som spolas vintertid. "
          }
        ],
        "centerPoint": [
          17.32410222828519,
          62.37999730727727
        ]
      },
      "geometry": {
        "type": "MultiPolygon",
        "coordinates": [
          [
            [
              [
                17.32364736564738,
                62.38019901970407
              ],
              [
                17.324696274532343,
                62.38010607257462
              ],
              [
                17.324590545655397,
                62.3797899570682
              ],
              [
                17.323507230599652,
                62.379888858854535
              ],
              [
                17.32364736564738,
                62.38019901970407
              ]
            ]
          ]
        ]
      }
    },
    {
      "id": 1182,
      "type": "Feature",
      "properties": {
        "name": "Sidsjövallen - Elvamanna gräs",
        "type": "Aktivitetsyta",
        "created": "2019-11-19 14:07:25",
        "updated": "2020-06-29 15:09:50",
        "published": true,
        "owner": {
          "organizationID": 135,
          "name": "sidsjö-böle if"
        },
        "manager": {
          "organizationID": 135,
          "name": "sidsjö-böle if"
        },
        "tags": [
          "11-mannaplan",
          "fotboll",
          "fotbollsplan",
          "gräsplan",
          "sidsjövallen"
        ],
        "fields": [
          {
            "id": 34,
            "name": "Underlag",
            "type": "DROPDOWN",
            "value": "Gräs"
          },
          {
            "id": 153,
            "name": "Allmänt tillgänglig",
            "type": "DROPDOWN",
            "value": "Särskilda öppettider"
          },
          {
            "id": 144,
            "name": "Fotbollsplan 11-mannaplan antal",
            "type": "INTEGER",
            "value": 1
          },
          {
            "id": 7,
            "name": "Tillhörande filer",
            "type": "FILES",
            "value": [
              {
                "id": 1000,
                "filename": "sidsjövallen_7m_gräs.jpg",
                "validForWinter": false,
                "validForSummer": false,
                "sortIndex": null,
                "type": "image/jpeg",
                "size": 66528,
                "url": "https://api.sundsvall.se/facilities/2.2/field/filesfield/1000",
                "license": "CC0",
                "licenseDescription": "Creative commons. \"No rights reserved\" https://creativecommons.org/share-your-work/public-domain/cc0/"
              },
              {
                "id": 1001,
                "filename": "DSC_0501.JPG",
                "validForWinter": false,
                "validForSummer": false,
                "sortIndex": null,
                "type": "image/jpeg",
                "size": 3064448,
                "url": "https://api.sundsvall.se/facilities/2.2/field/filesfield/1001",
                "license": "CC0",
                "licenseDescription": "Creative commons. \"No rights reserved\" https://creativecommons.org/share-your-work/public-domain/cc0/"
              },
              {
                "id": 1002,
                "filename": "Fagerdalsalliansen (1).jpg",
                "validForWinter": false,
                "validForSummer": false,
                "sortIndex": null,
                "type": "image/jpeg",
                "size": 1090249,
                "url": "https://api.sundsvall.se/facilities/2.2/field/filesfield/1002",
                "license": "CC0",
                "licenseDescription": "Creative commons. \"No rights reserved\" https://creativecommons.org/share-your-work/public-domain/cc0/"
              },
              {
                "id": 1003,
                "filename": "Fagerdalsallianasen.jpg",
                "validForWinter": false,
                "validForSummer": false,
                "sortIndex": null,
                "type": "image/jpeg",
                "size": 943791,
                "url": "https://api.sundsvall.se/facilities/2.2/field/filesfield/1003",
                "license": "CC0",
                "licenseDescription": "Creative commons. \"No rights reserved\" https://creativecommons.org/share-your-work/public-domain/cc0/"
              }
            ]
          },
          {
            "id": 137,
            "name": "Isplan enklare",
            "type": "TOGGLE",
            "value": "Nej"
          },
          {
            "id": 138,
            "name": "Ishockeyplan",
            "type": "TOGGLE",
            "value": "Nej"
          },
          {
            "id": 139,
            "name": "Bandyplan",
            "type": "TOGGLE",
            "value": "Nej"
          },
          {
            "id": 141,
            "name": "Fotbollsplan enklare",
            "type": "TOGGLE",
            "value": "Nej"
          },
          {
            "id": 147,
            "name": "Sarg",
            "type": "TOGGLE",
            "value": "Nej"
          },
          {
            "id": 154,
            "name": "Bokningsbar",
            "type": "TOGGLE",
            "value": "Nej"
          },
          {
            "id": 156,
            "name": "Amerikansk fotbollsplan",
            "type": "TOGGLE",
            "value": "Nej"
          },
          {
            "id": 157,
            "name": "Baseball eller softball",
            "type": "TOGGLE",
            "value": "Nej"
          },
          {
            "id": 182,
            "name": "Rugby",
            "type": "TOGGLE",
            "value": "Nej"
          },
          {
            "id": 225,
            "name": "Friidrott",
            "type": "TOGGLE",
            "value": "Nej"
          },
          {
            "id": 1,
            "name": "Beskrivning",
            "type": "FREETEXT",
            "value": "Elvamanna gräsplan på Sidsjövallen"
          }
        ],
        "centerPoint": [
          17.29265522566761,
          62.379203461695184
        ]
      },
      "geometry": {
        "type": "MultiPolygon",
        "coordinates": [
          [
            [
              [
                17.293385441337477,
                62.378789886540304
              ],
              [
                17.293788048745224,
                62.37929712561881
              ],
              [
                17.291924710169415,
                62.379615996213154
              ],
              [
                17.29152212982396,
                62.379108751690666
              ],
              [
                17.293385441337477,
                62.378789886540304
              ]
            ]
          ]
        ]
      }
    },
    {
      "id": 1183,
      "type": "Feature",
      "properties": {
        "name": "Sidsjövallen - Sjumanna gräs",
        "type": "Aktivitetsyta",
        "created": "2019-11-19 14:10:54",
        "updated": "2020-06-29 15:10:04",
        "published": true,
        "owner": {
          "organizationID": 135,
          "name": "sidsjö-böle if"
        },
        "manager": {
          "organizationID": 135,
          "name": "sidsjö-böle if"
        },
        "tags": [
          "7-mannaplan",
          "fotboll",
          "gräsplan",
          "sidsjövallen"
        ],
        "fields": [
          {
            "id": 34,
            "name": "Underlag",
            "type": "DROPDOWN",
            "value": "Gräs"
          },
          {
            "id": 153,
            "name": "Allmänt tillgänglig",
            "type": "DROPDOWN",
            "value": "Särskilda öppettider"
          },
          {
            "id": 143,
            "name": "Fotbollsplan 7-manna antal",
            "type": "INTEGER",
            "value": 1
          },
          {
            "id": 7,
            "name": "Tillhörande filer",
            "type": "FILES",
            "value": [
              {
                "id": 1004,
                "filename": "DSC_0507.JPG",
                "validForWinter": false,
                "validForSummer": false,
                "sortIndex": null,
                "type": "image/jpeg",
                "size": 2677293,
                "url": "https://api.sundsvall.se/facilities/2.2/field/filesfield/1004",
                "license": "CC0",
                "licenseDescription": "Creative commons. \"No rights reserved\" https://creativecommons.org/share-your-work/public-domain/cc0/"
              }
            ]
          },
          {
            "id": 137,
            "name": "Isplan enklare",
            "type": "TOGGLE",
            "value": "Nej"
          },
          {
            "id": 138,
            "name": "Ishockeyplan",
            "type": "TOGGLE",
            "value": "Nej"
          },
          {
            "id": 139,
            "name": "Bandyplan",
            "type": "TOGGLE",
            "value": "Nej"
          },
          {
            "id": 141,
            "name": "Fotbollsplan enklare",
            "type": "TOGGLE",
            "value": "Nej"
          },
          {
            "id": 147,
            "name": "Sarg",
            "type": "TOGGLE",
            "value": "Nej"
          },
          {
            "id": 154,
            "name": "Bokningsbar",
            "type": "TOGGLE",
            "value": "Nej"
          },
          {
            "id": 156,
            "name": "Amerikansk fotbollsplan",
            "type": "TOGGLE",
            "value": "Nej"
          },
          {
            "id": 157,
            "name": "Baseball eller softball",
            "type": "TOGGLE",
            "value": "Nej"
          },
          {
            "id": 182,
            "name": "Rugby",
            "type": "TOGGLE",
            "value": "Nej"
          },
          {
            "id": 225,
            "name": "Friidrott",
            "type": "TOGGLE",
            "value": "Nej"
          },
          {
            "id": 1,
            "name": "Beskrivning",
            "type": "FREETEXT",
            "value": " Sjumanna gräsplan."
          }
        ],
        "centerPoint": [
          17.29104652531555,
          62.37931402514119
        ]
      },
      "geometry": {
        "type": "MultiPolygon",
        "coordinates": [
          [
            [
              [
                17.291355329595817,
                62.37974903319545
              ],
              [
                17.29190178203678,
                62.37961074438478
              ],
              [
                17.290772359625755,
                62.378877690339266
              ],
              [
                17.290193547154317,
                62.379048843154045
              ],
              [
                17.291355329595817,
                62.37974903319545
              ]
            ]
          ]
        ]
      }
    },
    {
      "id": 1184,
      "type": "Feature",
      "properties": {
        "name": "Höglundaskolan bollplan och isplan",
        "type": "Aktivitetsyta",
        "created": "2019-11-19 14:41:24",
        "updated": "2023-01-02 13:52:16",
        "published": true,
        "owner": {
          "organizationID": 168,
          "name": "Sundsvalls kommun Drakfastigheter"
        },
        "manager": {
          "organizationID": 170,
          "name": "Sundsvalls kommun Idrott och fritid"
        },
        "tags": [
          "7-mannaplan",
          "fotboll",
          "grusplan",
          "ishockey",
          "isplan",
          "skridskor"
        ],
        "fields": [
          {
            "id": 34,
            "name": "Underlag",
            "type": "DROPDOWN",
            "value": "Grus"
          },
          {
            "id": 140,
            "name": "Isplanens storlek",
            "type": "DROPDOWN",
            "value": "20x40"
          },
          {
            "id": 153,
            "name": "Allmänt tillgänglig",
            "type": "DROPDOWN",
            "value": "Utanför skoltid"
          },
          {
            "id": 142,
            "name": "Fotbollsplan 5-manna antal",
            "type": "INTEGER",
            "value": 1
          },
          {
            "id": 143,
            "name": "Fotbollsplan 7-manna antal",
            "type": "INTEGER",
            "value": 1
          },
          {
            "id": 7,
            "name": "Tillhörande filer",
            "type": "FILES",
            "value": [
              {
                "id": 1005,
                "filename": "Isbana Höglunda skola.jpg",
                "description": "Isplan vid Höglunda skola",
                "alttext": "isplan vid en skola",
                "sourcetext": "Sundsvalls kommun",
                "validForWinter": true,
                "validForSummer": false,
                "sortIndex": 1,
                "type": "image/jpeg",
                "size": 2916831,
                "url": "https://api.sundsvall.se/facilities/2.2/field/filesfield/1005",
                "license": "CC0",
                "licenseDescription": "Creative commons. \"No rights reserved\" https://creativecommons.org/share-your-work/public-domain/cc0/"
              },
              {
                "id": 1006,
                "filename": "DSC_0570.JPG",
                "description": "Grusplan vid Höglunda skola",
                "alttext": "Grusad plan vid skola",
                "sourcetext": "Sundsvalls kommun",
                "validForWinter": false,
                "validForSummer": true,
                "sortIndex": 2,
                "type": "image/jpeg",
                "size": 3457147,
                "url": "https://api.sundsvall.se/facilities/2.2/field/filesfield/1006",
                "license": "CC0",
                "licenseDescription": "Creative commons. \"No rights reserved\" https://creativecommons.org/share-your-work/public-domain/cc0/"
              }
            ]
          },
          {
            "id": 137,
            "name": "Isplan enklare",
            "type": "TOGGLE",
            "value": "Ja"
          },
          {
            "id": 138,
            "name": "Ishockeyplan",
            "type": "TOGGLE",
            "value": "Nej"
          },
          {
            "id": 139,
            "name": "Bandyplan",
            "type": "TOGGLE",
            "value": "Nej"
          },
          {
            "id": 141,
            "name": "Fotbollsplan enklare",
            "type": "TOGGLE",
            "value": "Ja"
          },
          {
            "id": 147,
            "name": "Sarg",
            "type": "TOGGLE",
            "value": "Nej"
          },
          {
            "id": 154,
            "name": "Bokningsbar",
            "type": "TOGGLE",
            "value": "Nej"
          },
          {
            "id": 156,
            "name": "Amerikansk fotbollsplan",
            "type": "TOGGLE",
            "value": "Nej"
          },
          {
            "id": 157,
            "name": "Baseball eller softball",
            "type": "TOGGLE",
            "value": "Nej"
          },
          {
            "id": 182,
            "name": "Rugby",
            "type": "TOGGLE",
            "value": "Nej"
          },
          {
            "id": 225,
            "name": "Friidrott",
            "type": "TOGGLE",
            "value": "Nej"
          },
          {
            "id": 279,
            "name": "Belysning",
            "type": "TOGGLE",
            "value": "Ja"
          },
          {
            "id": 285,
            "name": "Felanmälan",
            "type": "Felanmälningstjänst",
            "reportName": "Kontakt Sundsvall",
            "reportDescription": "Felanmälan av motionsspår, elljusspår, leder och andra friluftsanläggningar",
            "reportLink": "https://sundsvall.se/kommun-och-politik/politik-och-demokrati/dialog-och-synpunkter/felanmalan",
            "reportPhone": "060-19 10 00",
            "reportEmail": "kontakt@sundsvall.se"
          },
          {
            "id": 1,
            "name": "Beskrivning",
            "type": "FREETEXT",
            "value": "Sommartid sjumanna grusplan. Vintertid spolas och snöröjs isplanen en gång i veckan. "
          },
          {
            "id": 136,
            "name": "Öppettider länk",
            "type": "FREETEXT",
            "value": "https://sundsvall.se/uppleva-och-gora/idrott-motion-och-friluftsliv/hallar-och-idrottsanlaggningar/ishallar-och-isbanor"
          },
          {
            "id": 180,
            "name": "Kontakt länk",
            "type": "FREETEXT",
            "value": "https://sundsvall.se/skridsko"
          }
        ],
        "centerPoint": [
          17.309843052055875,
          62.38288443640562
        ]
      },
      "geometry": {
        "type": "MultiPolygon",
        "coordinates": [
          [
            [
              [
                17.309268130331144,
                62.38291494505955
              ],
              [
                17.309592264619322,
                62.38313046399927
              ],
              [
                17.310419209062314,
                62.382866200949735
              ],
              [
                17.310111606544837,
                62.382639622476056
              ],
              [
                17.309268130331144,
                62.38291494505955
              ]
            ]
          ]
        ]
      }
    },
    {
      "id": 1185,
      "type": "Feature",
      "properties": {
        "name": "Hantverksplan Boll- och isplan",
        "type": "Aktivitetsyta",
        "created": "2019-11-19 15:56:40",
        "updated": "2019-12-13 15:06:42",
        "published": false
      },
      "geometry": null
    },
    {
      "id": 1187,
      "type": "Feature",
      "properties": {
        "name": "Sundsvalls Ungdomsfält",
        "type": "Aktivitetsyta",
        "created": "2019-11-19 16:11:26",
        "published": false
      },
      "geometry": null
    },
    {
      "id": 1188,
      "type": "Feature",
      "properties": {
        "name": "Södra Alléns lekpark/aktivitetsyta",
        "type": "Aktivitetsyta",
        "created": "2019-11-20 16:16:57",
        "updated": "2019-12-13 11:22:24",
        "published": false
      },
      "geometry": null
    },
    {
      "id": 1190,
      "type": "Feature",
      "properties": {
        "name": "Kuben IP - Elvamanna gräs",
        "type": "Aktivitetsyta",
        "created": "2019-11-20 16:41:14",
        "updated": "2020-06-29 15:10:25",
        "published": true,
        "owner": {
          "organizationID": 167,
          "name": "sundsvalls kommun"
        },
        "manager": {
          "organizationID": 72,
          "name": "kultur och fritid"
        },
        "fields": [
          {
            "id": 34,
            "name": "Underlag",
            "type": "DROPDOWN",
            "value": "Gräs"
          },
          {
            "id": 153,
            "name": "Allmänt tillgänglig",
            "type": "DROPDOWN",
            "value": "Särskilda öppettider"
          },
          {
            "id": 144,
            "name": "Fotbollsplan 11-mannaplan antal",
            "type": "INTEGER",
            "value": 1
          },
          {
            "id": 137,
            "name": "Isplan enklare",
            "type": "TOGGLE",
            "value": "Nej"
          },
          {
            "id": 138,
            "name": "Ishockeyplan",
            "type": "TOGGLE",
            "value": "Nej"
          },
          {
            "id": 139,
            "name": "Bandyplan",
            "type": "TOGGLE",
            "value": "Nej"
          },
          {
            "id": 141,
            "name": "Fotbollsplan enklare",
            "type": "TOGGLE",
            "value": "Nej"
          },
          {
            "id": 147,
            "name": "Sarg",
            "type": "TOGGLE",
            "value": "Nej"
          },
          {
            "id": 154,
            "name": "Bokningsbar",
            "type": "TOGGLE",
            "value": "Ja"
          },
          {
            "id": 156,
            "name": "Amerikansk fotbollsplan",
            "type": "TOGGLE",
            "value": "Nej"
          },
          {
            "id": 157,
            "name": "Baseball eller softball",
            "type": "TOGGLE",
            "value": "Nej"
          },
          {
            "id": 182,
            "name": "Rugby",
            "type": "TOGGLE",
            "value": "Nej"
          },
          {
            "id": 225,
            "name": "Friidrott",
            "type": "TOGGLE",
            "value": "Nej"
          },
          {
            "id": 1,
            "name": "Beskrivning",
            "type": "FREETEXT",
            "value": "Elvamanna gräsplan på Kubens IP.  Anläggningen fungerar som   hemmaarena för Sundsvall FK (SDFF) och Kubikenborgs IF . "
          },
          {
            "id": 155,
            "name": "Bokning länk",
            "type": "FREETEXT",
            "value": "https://sundsvall.se/kontakter/uthyrningsbyran-2/"
          },
          {
            "id": 180,
            "name": "Kontakt länk",
            "type": "FREETEXT",
            "value": "https://sundsvall.se/kontakter/uthyrningsbyran-2/"
          }
        ],
        "centerPoint": [
          17.350844271198028,
          62.373795487361946
        ]
      },
      "geometry": {
        "type": "MultiPolygon",
        "coordinates": [
          [
            [
              [
                17.350856341013714,
                62.373371818418434
              ],
              [
                17.35117178521427,
                62.37322267272161
              ],
              [
                17.352057767157813,
                62.37360906313864
              ],
              [
                17.350898282466037,
                62.37418810970475
              ],
              [
                17.35053972719107,
                62.37436717063605
              ],
              [
                17.34962830817969,
                62.37395241767262
              ],
              [
                17.350856341013714,
                62.373371818418434
              ]
            ]
          ]
        ]
      }
    },
    {
      "id": 1191,
      "type": "Feature",
      "properties": {
        "name": "Kuben IP - Elvamanna konstgräs",
        "type": "Aktivitetsyta",
        "created": "2019-11-20 16:42:34",
        "updated": "2020-06-29 15:10:47",
        "published": true,
        "owner": {
          "organizationID": 167,
          "name": "sundsvalls kommun"
        },
        "manager": {
          "organizationID": 72,
          "name": "kultur och fritid"
        },
        "tags": [
          "fotboll"
        ],
        "fields": [
          {
            "id": 34,
            "name": "Underlag",
            "type": "DROPDOWN",
            "value": "Konstgräs"
          },
          {
            "id": 153,
            "name": "Allmänt tillgänglig",
            "type": "DROPDOWN",
            "value": "Särskilda öppettider"
          },
          {
            "id": 144,
            "name": "Fotbollsplan 11-mannaplan antal",
            "type": "INTEGER",
            "value": 1
          },
          {
            "id": 137,
            "name": "Isplan enklare",
            "type": "TOGGLE",
            "value": "Nej"
          },
          {
            "id": 138,
            "name": "Ishockeyplan",
            "type": "TOGGLE",
            "value": "Nej"
          },
          {
            "id": 139,
            "name": "Bandyplan",
            "type": "TOGGLE",
            "value": "Nej"
          },
          {
            "id": 141,
            "name": "Fotbollsplan enklare",
            "type": "TOGGLE",
            "value": "Nej"
          },
          {
            "id": 147,
            "name": "Sarg",
            "type": "TOGGLE",
            "value": "Nej"
          },
          {
            "id": 154,
            "name": "Bokningsbar",
            "type": "TOGGLE",
            "value": "Ja"
          },
          {
            "id": 156,
            "name": "Amerikansk fotbollsplan",
            "type": "TOGGLE",
            "value": "Nej"
          },
          {
            "id": 157,
            "name": "Baseball eller softball",
            "type": "TOGGLE",
            "value": "Nej"
          },
          {
            "id": 182,
            "name": "Rugby",
            "type": "TOGGLE",
            "value": "Nej"
          },
          {
            "id": 225,
            "name": "Friidrott",
            "type": "TOGGLE",
            "value": "Nej"
          },
          {
            "id": 1,
            "name": "Beskrivning",
            "type": "FREETEXT",
            "value": "Elvamanna konstgräsplan. "
          },
          {
            "id": 155,
            "name": "Bokning länk",
            "type": "FREETEXT",
            "value": "https://sundsvall.se/kontakter/uthyrningsbyran-2/"
          },
          {
            "id": 180,
            "name": "Kontakt länk",
            "type": "FREETEXT",
            "value": "https://sundsvall.se/kontakter/uthyrningsbyran-2/"
          }
        ],
        "centerPoint": [
          17.351958407350427,
          62.374295495790676
        ]
      },
      "geometry": {
        "type": "MultiPolygon",
        "coordinates": [
          [
            [
              [
                17.35218992403936,
                62.37376635103492
              ],
              [
                17.35309572351987,
                62.374184016932425
              ],
              [
                17.35172680385569,
                62.374824350861736
              ],
              [
                17.35091166107482,
                62.37444848207145
              ],
              [
                17.350821004220375,
                62.3744066833332
              ],
              [
                17.350907435126512,
                62.37436623789296
              ],
              [
                17.35218992403936,
                62.37376635103492
              ]
            ]
          ]
        ]
      }
    },
    {
      "id": 1192,
      "type": "Feature",
      "properties": {
        "name": "Kuben IP - Tuvan",
        "type": "Aktivitetsyta",
        "created": "2019-11-20 16:45:09",
        "updated": "2020-06-29 15:11:11",
        "published": false
      },
      "geometry": null
    },
    {
      "id": 1193,
      "type": "Feature",
      "properties": {
        "name": "Kuben IP - Slyplanen",
        "type": "Aktivitetsyta",
        "created": "2019-11-20 16:46:39",
        "updated": "2019-11-20 16:48:07",
        "published": false
      },
      "geometry": null
    },
    {
      "id": 1194,
      "type": "Feature",
      "properties": {
        "name": "Kuben IP - Baka-badet",
        "type": "Aktivitetsyta",
        "created": "2019-11-20 16:47:38",
        "published": false
      },
      "geometry": null
    },
    {
      "id": 1195,
      "type": "Feature",
      "properties": {
        "name": "Friluftscentrum Ängen",
        "type": "Aktivitetsyta",
        "created": "2019-11-21 11:06:30",
        "updated": "2023-05-11 15:41:16",
        "published": true,
        "owner": {
          "organizationID": 36,
          "name": "Sundsvalls kommun Friluftsenheten"
        },
        "manager": {
          "organizationID": 36,
          "name": "Sundsvalls kommun Friluftsenheten"
        },
        "tags": [
          "friluftcentrum",
          "grönyta",
          "ängen"
        ],
        "fields": [
          {
            "id": 34,
            "name": "Underlag",
            "type": "DROPDOWN",
            "value": "Gräs"
          },
          {
            "id": 153,
            "name": "Allmänt tillgänglig",
            "type": "DROPDOWN",
            "value": "Hela dygnet"
          },
          {
            "id": 7,
            "name": "Tillhörande filer",
            "type": "FILES",
            "value": [
              {
                "id": 2362,
                "filename": "20220218_155643.jpg",
                "description": "Ängen",
                "alttext": "Ängen",
                "sourcetext": "Friluftsenheten",
                "validForWinter": true,
                "validForSummer": false,
                "sortIndex": 1,
                "type": "image/jpeg",
                "size": 5252186,
                "url": "https://api.sundsvall.se/facilities/2.2/field/filesfield/2362",
                "license": "CC0",
                "licenseDescription": "Creative commons. \"No rights reserved\" https://creativecommons.org/share-your-work/public-domain/cc0/"
              },
              {
                "id": 2286,
                "filename": "1 269.jpg",
                "description": "Ängen i vinterskrud",
                "alttext": "Skidstadion Ängen i vinterskrud",
                "sourcetext": "Anders Ewrlandsson Friluftsenheten",
                "validForWinter": true,
                "validForSummer": false,
                "sortIndex": 2,
                "type": "image/jpeg",
                "size": 733126,
                "url": "https://api.sundsvall.se/facilities/2.2/field/filesfield/2286",
                "license": "CC0",
                "licenseDescription": "Creative commons. \"No rights reserved\" https://creativecommons.org/share-your-work/public-domain/cc0/"
              },
              {
                "id": 1015,
                "filename": "aktivitetsyta_ängen.jpg",
                "description": "Ängen på Södra Berget",
                "alttext": "Ängen på Södra Berget",
                "sourcetext": "Friluftsenheten",
                "validForWinter": false,
                "validForSummer": true,
                "sortIndex": 3,
                "type": "image/jpeg",
                "size": 68824,
                "url": "https://api.sundsvall.se/facilities/2.2/field/filesfield/1015",
                "license": "CC0",
                "licenseDescription": "Creative commons. \"No rights reserved\" https://creativecommons.org/share-your-work/public-domain/cc0/"
              }
            ]
          },
          {
            "id": 137,
            "name": "Isplan enklare",
            "type": "TOGGLE",
            "value": "Nej"
          },
          {
            "id": 138,
            "name": "Ishockeyplan",
            "type": "TOGGLE",
            "value": "Nej"
          },
          {
            "id": 139,
            "name": "Bandyplan",
            "type": "TOGGLE",
            "value": "Nej"
          },
          {
            "id": 141,
            "name": "Fotbollsplan enklare",
            "type": "TOGGLE",
            "value": "Nej"
          },
          {
            "id": 147,
            "name": "Sarg",
            "type": "TOGGLE",
            "value": "Nej"
          },
          {
            "id": 154,
            "name": "Bokningsbar",
            "type": "TOGGLE",
            "value": "Ja"
          },
          {
            "id": 156,
            "name": "Amerikansk fotbollsplan",
            "type": "TOGGLE",
            "value": "Nej"
          },
          {
            "id": 157,
            "name": "Baseball eller softball",
            "type": "TOGGLE",
            "value": "Nej"
          },
          {
            "id": 182,
            "name": "Rugby",
            "type": "TOGGLE",
            "value": "Nej"
          },
          {
            "id": 225,
            "name": "Friidrott",
            "type": "TOGGLE",
            "value": "Nej"
          },
          {
            "id": 279,
            "name": "Belysning",
            "type": "TOGGLE",
            "value": "Nej"
          },
          {
            "id": 285,
            "name": "Felanmälan",
            "type": "Felanmälningstjänst",
            "reportName": "Kontakt Sundsvall",
            "reportDescription": "Felanmälan av motionsspår, elljusspår, leder och andra friluftsanläggningar",
            "reportLink": "https://sundsvall.se/kommun-och-politik/politik-och-demokrati/dialog-och-synpunkter/felanmalan",
            "reportPhone": "060-19 10 00",
            "reportEmail": "kontakt@sundsvall.se"
          },
          {
            "id": 1,
            "name": "Beskrivning",
            "type": "FREETEXT",
            "value": "Större gräsyta vid skidstadion på Södra Stadsberget för lekar och spel. Vintertid skidstadion med pistad yta för skidåkning."
          },
          {
            "id": 155,
            "name": "Bokning länk",
            "type": "FREETEXT",
            "value": "https://sundsvall.se/uppleva-och-gora/friluftsliv-och-natur/friluftsanlaggningar/friluftscentrum-sodra-berget/"
          },
          {
            "id": 180,
            "name": "Kontakt länk",
            "type": "FREETEXT",
            "value": "https://sundsvall.se/uppleva-och-gora/friluftsliv-och-natur/friluftsanlaggningar/friluftscentrum-sodra-berget/"
          }
        ],
        "centerPoint": [
          17.307202744081824,
          62.36639571002589
        ]
      },
      "geometry": {
        "type": "MultiPolygon",
        "coordinates": [
          [
            [
              [
                17.305901282421008,
                62.36629089860074
              ],
              [
                17.30570895430446,
                62.366202515499594
              ],
              [
                17.305947667565633,
                62.36613926184672
              ],
              [
                17.308611925012467,
                62.366391443428014
              ],
              [
                17.30869503318194,
                62.366567895186044
              ],
              [
                17.30844644996293,
                62.36665282699331
              ],
              [
                17.306943203522493,
                62.366564611347854
              ],
              [
                17.305901282421008,
                62.36629089860074
              ]
            ]
          ]
        ]
      }
    },
    {
      "id": 1196,
      "type": "Feature",
      "properties": {
        "name": "Amerikansk fotbollsplan",
        "type": "Aktivitetsyta",
        "created": "2019-11-21 11:12:42",
        "updated": "2020-03-24 14:59:16",
        "published": false
      },
      "geometry": null
    },
    {
      "id": 1198,
      "type": "Feature",
      "properties": {
        "name": "Baseball - Mosquitoes",
        "type": "Aktivitetsyta",
        "created": "2019-11-21 11:21:40",
        "published": false
      },
      "geometry": null
    },
    {
      "id": 1199,
      "type": "Feature",
      "properties": {
        "name": "Höglunda basketplan",
        "type": "Aktivitetsyta",
        "created": "2019-11-21 11:23:57",
        "published": false
      },
      "geometry": null
    },
    {
      "id": 1200,
      "type": "Feature",
      "properties": {
        "name": "Basket, Matrosvägen/Fridhemsg.",
        "type": "Aktivitetsyta",
        "created": "2019-11-21 11:45:44",
        "published": false
      },
      "geometry": null
    },
    {
      "id": 1201,
      "type": "Feature",
      "properties": {
        "name": "Kuben IP - Ungdomsfältet",
        "type": "Aktivitetsyta",
        "created": "2019-11-21 13:34:16",
        "updated": "2020-04-29 16:02:27",
        "published": false
      },
      "geometry": null
    },
    {
      "id": 1202,
      "type": "Feature",
      "properties": {
        "name": "Höglunda Löparbana",
        "type": "Aktivitetsyta",
        "created": "2019-11-21 13:40:22",
        "published": false
      },
      "geometry": null
    },
    {
      "id": 1203,
      "type": "Feature",
      "properties": {
        "name": "Kuben IP - Softball",
        "type": "Aktivitetsyta",
        "created": "2019-11-21 14:36:27",
        "published": false
      },
      "geometry": null
    },
    {
      "id": 1220,
      "type": "Feature",
      "properties": {
        "name": "Heliås skola Multisportsanläggning",
        "type": "Aktivitetsyta",
        "created": "2019-11-25 09:48:03",
        "updated": "2019-12-13 11:23:25",
        "published": false
      },
      "geometry": null
    },
    {
      "id": 1221,
      "type": "Feature",
      "properties": {
        "name": "Heliås skola, boll- och isplan",
        "type": "Aktivitetsyta",
        "created": "2019-11-25 09:50:50",
        "updated": "2019-12-13 11:22:57",
        "published": false
      },
      "geometry": null
    },
    {
      "id": 1222,
      "type": "Feature",
      "properties": {
        "name": "Svartviks IP - Gräs",
        "type": "Aktivitetsyta",
        "created": "2019-11-25 10:21:28",
        "published": false
      },
      "geometry": null
    },
    {
      "id": 1223,
      "type": "Feature",
      "properties": {
        "name": "Svartviks IP - Grus",
        "type": "Aktivitetsyta",
        "created": "2019-11-25 10:22:07",
        "published": false
      },
      "geometry": null
    },
    {
      "id": 1224,
      "type": "Feature",
      "properties": {
        "name": "Kustängens IP - Gräs",
        "type": "Aktivitetsyta",
        "created": "2019-11-25 10:25:40",
        "updated": "2019-11-25 10:32:56",
        "published": false
      },
      "geometry": null
    },
    {
      "id": 1225,
      "type": "Feature",
      "properties": {
        "name": "Kustängens IP - Grus",
        "type": "Aktivitetsyta",
        "created": "2019-11-25 10:32:16",
        "published": false
      },
      "geometry": null
    },
    {
      "id": 1231,
      "type": "Feature",
      "properties": {
        "name": "Tennisplan, Bredsand.",
        "type": "Aktivitetsyta",
        "created": "2019-11-25 14:19:59",
        "published": false
      },
      "geometry": null
    },
    {
      "id": 1233,
      "type": "Feature",
      "properties": {
        "name": "Kägelbana, Svartviks Herrgård",
        "type": "Aktivitetsyta",
        "created": "2019-11-25 14:37:52",
        "updated": "2019-12-13 11:24:41",
        "published": false
      },
      "geometry": null
    },
    {
      "id": 1242,
      "type": "Feature",
      "properties": {
        "name": "Beachvolleyboll Stödehuset",
        "type": "Aktivitetsyta",
        "created": "2019-11-26 13:49:04",
        "updated": "2019-11-26 13:49:22",
        "published": false
      },
      "geometry": null
    },
    {
      "id": 1245,
      "type": "Feature",
      "properties": {
        "name": "Allaktivitetsyta Tunadal",
        "type": "Aktivitetsyta",
        "created": "2019-11-27 09:07:53",
        "published": false
      },
      "geometry": null
    },
    {
      "id": 1246,
      "type": "Feature",
      "properties": {
        "name": "Allaktivitetsyta, Hammarvägen (Finsta)",
        "type": "Aktivitetsyta",
        "created": "2019-11-27 09:11:57",
        "published": false
      },
      "geometry": null
    },
    {
      "id": 1248,
      "type": "Feature",
      "properties": {
        "name": "Ljustadalens IP grusplan och isplan",
        "type": "Aktivitetsyta",
        "created": "2019-11-27 09:49:50",
        "updated": "2023-01-02 13:04:02",
        "published": true,
        "owner": {
          "organizationID": 168,
          "name": "Sundsvalls kommun Drakfastigheter"
        },
        "manager": {
          "organizationID": 170,
          "name": "Sundsvalls kommun Idrott och fritid"
        },
        "tags": [
          "bollplan",
          "brännboll",
          "fotboll",
          "grusplan",
          "ishockey",
          "isplan",
          "ljustadalens ip",
          "skridskor"
        ],
        "fields": [
          {
            "id": 34,
            "name": "Underlag",
            "type": "DROPDOWN",
            "value": "Grus"
          },
          {
            "id": 140,
            "name": "Isplanens storlek",
            "type": "DROPDOWN",
            "value": "20x40"
          },
          {
            "id": 153,
            "name": "Allmänt tillgänglig",
            "type": "DROPDOWN",
            "value": "Utanför skoltid"
          },
          {
            "id": 142,
            "name": "Fotbollsplan 5-manna antal",
            "type": "INTEGER",
            "value": 1
          },
          {
            "id": 143,
            "name": "Fotbollsplan 7-manna antal",
            "type": "INTEGER",
            "value": 1
          },
          {
            "id": 144,
            "name": "Fotbollsplan 11-mannaplan antal",
            "type": "INTEGER",
            "value": 0
          },
          {
            "id": 7,
            "name": "Tillhörande filer",
            "type": "FILES",
            "value": [
              {
                "id": 1089,
                "filename": "Ljustadalenisbana  (1).jpg",
                "description": "Isplan vid Ljustadalens IP",
                "alttext": "Isplan vid Ljustadalen",
                "sourcetext": "Sundsvalls kommun",
                "validForWinter": true,
                "validForSummer": false,
                "sortIndex": 1,
                "type": "image/jpeg",
                "size": 740169,
                "url": "https://api.sundsvall.se/facilities/2.2/field/filesfield/1089",
                "license": "CC0",
                "licenseDescription": "Creative commons. \"No rights reserved\" https://creativecommons.org/share-your-work/public-domain/cc0/"
              },
              {
                "id": 1087,
                "filename": "Ljustadalens IP 11-manna grus.jpg",
                "description": "Grusplan vid Ljustadalens IP",
                "alttext": "Grusplan med målbur",
                "sourcetext": "Sundsvalls kommun",
                "validForWinter": false,
                "validForSummer": true,
                "sortIndex": 2,
                "type": "image/jpeg",
                "size": 1412331,
                "url": "https://api.sundsvall.se/facilities/2.2/field/filesfield/1087",
                "license": "CC0",
                "licenseDescription": "Creative commons. \"No rights reserved\" https://creativecommons.org/share-your-work/public-domain/cc0/"
              },
              {
                "id": 1086,
                "filename": "Ljustadalens IP.JPG",
                "description": "Grusplan vid Ljustadalens IP",
                "alttext": "Grusplan för bollspel",
                "sourcetext": "Sundsvalls kommun",
                "validForWinter": false,
                "validForSummer": true,
                "sortIndex": 3,
                "type": "image/jpeg",
                "size": 379157,
                "url": "https://api.sundsvall.se/facilities/2.2/field/filesfield/1086",
                "license": "CC0",
                "licenseDescription": "Creative commons. \"No rights reserved\" https://creativecommons.org/share-your-work/public-domain/cc0/"
              },
              {
                "id": 1088,
                "filename": "Ljustadalen Stor Grusplan Belysning.jpg",
                "description": "Grusplan vid Ljustadalens IP",
                "alttext": "Grusplan med belysningsstolpe",
                "sourcetext": "Sundsvalls kommun",
                "validForWinter": false,
                "validForSummer": true,
                "sortIndex": 4,
                "type": "image/jpeg",
                "size": 315281,
                "url": "https://api.sundsvall.se/facilities/2.2/field/filesfield/1088",
                "license": "CC0",
                "licenseDescription": "Creative commons. \"No rights reserved\" https://creativecommons.org/share-your-work/public-domain/cc0/"
              }
            ]
          },
          {
            "id": 137,
            "name": "Isplan enklare",
            "type": "TOGGLE",
            "value": "Ja"
          },
          {
            "id": 138,
            "name": "Ishockeyplan",
            "type": "TOGGLE",
            "value": "Nej"
          },
          {
            "id": 139,
            "name": "Bandyplan",
            "type": "TOGGLE",
            "value": "Nej"
          },
          {
            "id": 141,
            "name": "Fotbollsplan enklare",
            "type": "TOGGLE",
            "value": "Ja"
          },
          {
            "id": 147,
            "name": "Sarg",
            "type": "TOGGLE",
            "value": "Nej"
          },
          {
            "id": 154,
            "name": "Bokningsbar",
            "type": "TOGGLE",
            "value": "Nej"
          },
          {
            "id": 156,
            "name": "Amerikansk fotbollsplan",
            "type": "TOGGLE",
            "value": "Nej"
          },
          {
            "id": 157,
            "name": "Baseball eller softball",
            "type": "TOGGLE",
            "value": "Nej"
          },
          {
            "id": 182,
            "name": "Rugby",
            "type": "TOGGLE",
            "value": "Nej"
          },
          {
            "id": 225,
            "name": "Friidrott",
            "type": "TOGGLE",
            "value": "Ja"
          },
          {
            "id": 279,
            "name": "Belysning",
            "type": "TOGGLE",
            "value": "Ja"
          },
          {
            "id": 285,
            "name": "Felanmälan",
            "type": "Felanmälningstjänst",
            "reportName": "Kontakt Sundsvall",
            "reportDescription": "Felanmälan av motionsspår, elljusspår, leder och andra friluftsanläggningar",
            "reportLink": "https://sundsvall.se/kommun-och-politik/politik-och-demokrati/dialog-och-synpunkter/felanmalan",
            "reportPhone": "060-19 10 00",
            "reportEmail": "kontakt@sundsvall.se"
          },
          {
            "id": 1,
            "name": "Beskrivning",
            "type": "FREETEXT",
            "value": "Belyst grusplan, 75 x 40 m, med 2 mål. Planen spolas och snöröjes en gång i veckan vintertid."
          },
          {
            "id": 136,
            "name": "Öppettider länk",
            "type": "FREETEXT",
            "value": "https://sundsvall.se/uppleva-och-gora/idrott-motion-och-friluftsliv/hallar-och-idrottsanlaggningar/ishallar-och-isbanor"
          },
          {
            "id": 180,
            "name": "Kontakt länk",
            "type": "FREETEXT",
            "value": "https://sundsvall.se/uppleva-och-gora/idrott-motion-och-friluftsliv/hallar-och-idrottsanlaggningar/ishallar-och-isbanor"
          }
        ],
        "centerPoint": [
          17.3718254893437,
          62.438457238369686
        ]
      },
      "geometry": {
        "type": "MultiPolygon",
        "coordinates": [
          [
            [
              [
                17.37229755442832,
                62.438164563181594
              ],
              [
                17.372595674460552,
                62.43858852461738
              ],
              [
                17.371360373899734,
                62.43875035678087
              ],
              [
                17.371056185388515,
                62.43833560726831
              ],
              [
                17.37229755442832,
                62.438164563181594
              ]
            ]
          ]
        ]
      }
    },
    {
      "id": 1250,
      "type": "Feature",
      "properties": {
        "name": "Gräsplan, Meteorvägen",
        "type": "Aktivitetsyta",
        "created": "2019-11-27 10:06:40",
        "published": false
      },
      "geometry": null
    },
    {
      "id": 1251,
      "type": "Feature",
      "properties": {
        "name": "Gräsyta. Gångviken",
        "type": "Aktivitetsyta",
        "created": "2019-11-27 10:29:36",
        "published": false
      },
      "geometry": null
    },
    {
      "id": 1252,
      "type": "Feature",
      "properties": {
        "name": "Gångvikens skola grusplan och isplan",
        "type": "Aktivitetsyta",
        "created": "2019-11-27 10:33:36",
        "updated": "2023-01-02 13:48:56",
        "published": true,
        "owner": {
          "organizationID": 168,
          "name": "Sundsvalls kommun Drakfastigheter"
        },
        "manager": {
          "organizationID": 170,
          "name": "Sundsvalls kommun Idrott och fritid"
        },
        "tags": [
          "brännboll",
          "fotboll",
          "grusplan",
          "ishockey",
          "isplan",
          "skridskor"
        ],
        "fields": [
          {
            "id": 34,
            "name": "Underlag",
            "type": "DROPDOWN",
            "value": "Grus"
          },
          {
            "id": 140,
            "name": "Isplanens storlek",
            "type": "DROPDOWN",
            "value": "20x40"
          },
          {
            "id": 153,
            "name": "Allmänt tillgänglig",
            "type": "DROPDOWN",
            "value": "Utanför skoltid"
          },
          {
            "id": 142,
            "name": "Fotbollsplan 5-manna antal",
            "type": "INTEGER",
            "value": 1
          },
          {
            "id": 7,
            "name": "Tillhörande filer",
            "type": "FILES",
            "value": [
              {
                "id": 1097,
                "filename": "Gångviken isbana (1).jpg",
                "description": "Gångvikens isplan",
                "alttext": "Isbana",
                "sourcetext": "Sundsvalls kommun",
                "validForWinter": true,
                "validForSummer": false,
                "sortIndex": 1,
                "type": "image/jpeg",
                "size": 847382,
                "url": "https://api.sundsvall.se/facilities/2.2/field/filesfield/1097",
                "license": "CC0",
                "licenseDescription": "Creative commons. \"No rights reserved\" https://creativecommons.org/share-your-work/public-domain/cc0/"
              },
              {
                "id": 1096,
                "filename": "Gångvikens skola 1.JPG",
                "description": "Gångvikens grusplan",
                "alttext": "Grusplan med fotbollsmål",
                "sourcetext": "Sundsvalls kommun",
                "validForWinter": false,
                "validForSummer": true,
                "sortIndex": 2,
                "type": "image/jpeg",
                "size": 372695,
                "url": "https://api.sundsvall.se/facilities/2.2/field/filesfield/1096",
                "license": "CC0",
                "licenseDescription": "Creative commons. \"No rights reserved\" https://creativecommons.org/share-your-work/public-domain/cc0/"
              }
            ]
          },
          {
            "id": 137,
            "name": "Isplan enklare",
            "type": "TOGGLE",
            "value": "Ja"
          },
          {
            "id": 138,
            "name": "Ishockeyplan",
            "type": "TOGGLE",
            "value": "Nej"
          },
          {
            "id": 139,
            "name": "Bandyplan",
            "type": "TOGGLE",
            "value": "Nej"
          },
          {
            "id": 141,
            "name": "Fotbollsplan enklare",
            "type": "TOGGLE",
            "value": "Ja"
          },
          {
            "id": 147,
            "name": "Sarg",
            "type": "TOGGLE",
            "value": "Nej"
          },
          {
            "id": 154,
            "name": "Bokningsbar",
            "type": "TOGGLE",
            "value": "Nej"
          },
          {
            "id": 156,
            "name": "Amerikansk fotbollsplan",
            "type": "TOGGLE",
            "value": "Nej"
          },
          {
            "id": 157,
            "name": "Baseball eller softball",
            "type": "TOGGLE",
            "value": "Nej"
          },
          {
            "id": 182,
            "name": "Rugby",
            "type": "TOGGLE",
            "value": "Nej"
          },
          {
            "id": 225,
            "name": "Friidrott",
            "type": "TOGGLE",
            "value": "Nej"
          },
          {
            "id": 279,
            "name": "Belysning",
            "type": "TOGGLE",
            "value": "Ja"
          },
          {
            "id": 285,
            "name": "Felanmälan",
            "type": "Felanmälningstjänst",
            "reportName": "Kontakt Sundsvall",
            "reportDescription": "Felanmälan av motionsspår, elljusspår, leder och andra friluftsanläggningar",
            "reportLink": "https://sundsvall.se/kommun-och-politik/politik-och-demokrati/dialog-och-synpunkter/felanmalan",
            "reportPhone": "060-19 10 00",
            "reportEmail": "kontakt@sundsvall.se"
          },
          {
            "id": 1,
            "name": "Beskrivning",
            "type": "FREETEXT",
            "value": "Sommartid grusplan, 40 x 20m, med 2 mål. Vintertid spolas och snöröjes isplanen en gång i veckan utifrån väder."
          },
          {
            "id": 180,
            "name": "Kontakt länk",
            "type": "FREETEXT",
            "value": "https://sundsvall.se/uppleva-och-gora/idrott-motion-och-friluftsliv/hallar-och-idrottsanlaggningar/ishallar-och-isbanor"
          }
        ],
        "centerPoint": [
          17.34640304558759,
          62.462109727212976
        ]
      },
      "geometry": {
        "type": "MultiPolygon",
        "coordinates": [
          [
            [
              [
                17.346185513569598,
                62.46232723685943
              ],
              [
                17.346690634836467,
                62.46230613926152
              ],
              [
                17.34662638769452,
                62.461889844110914
              ],
              [
                17.34611424851052,
                62.46190348833792
              ],
              [
                17.346185513569598,
                62.46232723685943
              ]
            ]
          ]
        ]
      }
    },
    {
      "id": 1253,
      "type": "Feature",
      "properties": {
        "name": "Flodbergs IP",
        "type": "Aktivitetsyta",
        "created": "2019-11-27 10:37:47",
        "published": false
      },
      "geometry": null
    },
    {
      "id": 1254,
      "type": "Feature",
      "properties": {
        "name": "Ljustadalen, Torsdagsv. grus- och isplan",
        "type": "Aktivitetsyta",
        "created": "2019-11-27 11:36:22",
        "published": false
      },
      "geometry": null
    },
    {
      "id": 1255,
      "type": "Feature",
      "properties": {
        "name": "Bollplan Söndagsvägen",
        "type": "Aktivitetsyta",
        "created": "2019-11-27 11:40:47",
        "published": false
      },
      "geometry": null
    },
    {
      "id": 1256,
      "type": "Feature",
      "properties": {
        "name": "Sundvallen, plan 2",
        "type": "Aktivitetsyta",
        "created": "2019-11-27 11:49:00",
        "published": false
      },
      "geometry": null
    },
    {
      "id": 1257,
      "type": "Feature",
      "properties": {
        "name": "Sundvallen, plan 1",
        "type": "Aktivitetsyta",
        "created": "2019-11-27 11:50:24",
        "published": false
      },
      "geometry": null
    },
    {
      "id": 1258,
      "type": "Feature",
      "properties": {
        "name": "Finsta, Hammarvägen (Brf)",
        "type": "Aktivitetsyta",
        "created": "2019-11-27 12:02:31",
        "published": false
      },
      "geometry": null
    },
    {
      "id": 1259,
      "type": "Feature",
      "properties": {
        "name": "Finsta, Fyrväpplingsvägen (Brf)",
        "type": "Aktivitetsyta",
        "created": "2019-11-27 12:07:46",
        "published": false
      },
      "geometry": null
    },
    {
      "id": 1260,
      "type": "Feature",
      "properties": {
        "name": "Malands IP",
        "type": "Aktivitetsyta",
        "created": "2019-11-27 13:12:16",
        "updated": "2019-11-27 13:12:38",
        "published": false
      },
      "geometry": null
    },
    {
      "id": 1280,
      "type": "Feature",
      "properties": {
        "name": "Essviks skola, basket",
        "type": "Aktivitetsyta",
        "created": "2019-11-28 15:35:23",
        "updated": "2020-06-29 15:11:58",
        "published": true,
        "owner": {
          "organizationID": 168,
          "name": "Sundsvalls kommun Drakfastigheter"
        },
        "manager": {
          "organizationID": 168,
          "name": "Sundsvalls kommun Drakfastigheter"
        },
        "tags": [
          "basket",
          "basketkorg",
          "streetbasket"
        ],
        "fields": [
          {
            "id": 153,
            "name": "Allmänt tillgänglig",
            "type": "DROPDOWN",
            "value": "Utanför skoltid"
          },
          {
            "id": 145,
            "name": "Basketplan antal",
            "type": "INTEGER",
            "value": 1
          },
          {
            "id": 7,
            "name": "Tillhörande filer",
            "type": "FILES",
            "value": [
              {
                "id": 1186,
                "filename": "basket_essviks_skola.jpg",
                "validForWinter": false,
                "validForSummer": false,
                "sortIndex": null,
                "type": "image/jpeg",
                "size": 55948,
                "url": "https://api.sundsvall.se/facilities/2.2/field/filesfield/1186",
                "license": "CC0",
                "licenseDescription": "Creative commons. \"No rights reserved\" https://creativecommons.org/share-your-work/public-domain/cc0/"
              }
            ]
          },
          {
            "id": 137,
            "name": "Isplan enklare",
            "type": "TOGGLE",
            "value": "Nej"
          },
          {
            "id": 138,
            "name": "Ishockeyplan",
            "type": "TOGGLE",
            "value": "Nej"
          },
          {
            "id": 139,
            "name": "Bandyplan",
            "type": "TOGGLE",
            "value": "Nej"
          },
          {
            "id": 141,
            "name": "Fotbollsplan enklare",
            "type": "TOGGLE",
            "value": "Nej"
          },
          {
            "id": 147,
            "name": "Sarg",
            "type": "TOGGLE",
            "value": "Nej"
          },
          {
            "id": 154,
            "name": "Bokningsbar",
            "type": "TOGGLE",
            "value": "Nej"
          },
          {
            "id": 156,
            "name": "Amerikansk fotbollsplan",
            "type": "TOGGLE",
            "value": "Nej"
          },
          {
            "id": 157,
            "name": "Baseball eller softball",
            "type": "TOGGLE",
            "value": "Nej"
          },
          {
            "id": 182,
            "name": "Rugby",
            "type": "TOGGLE",
            "value": "Nej"
          },
          {
            "id": 225,
            "name": "Friidrott",
            "type": "TOGGLE",
            "value": "Nej"
          },
          {
            "id": 285,
            "name": "Felanmälan",
            "type": "Felanmälningstjänst",
            "reportName": "Sundsvalls kommun Kommunal fastighet",
            "reportDescription": "Felanmälan av kommunala byggnader/fastigheter",
            "reportLink": "https://dedu.se/deduwebextern/sundsvallskommun/drakfastigheter/index.html#!/",
            "reportPhone": null,
            "reportEmail": null
          },
          {
            "id": 1,
            "name": "Beskrivning",
            "type": "FREETEXT",
            "value": "Asfalterad basketplan med linjemarkeringar på skolgård.  "
          }
        ],
        "centerPoint": [
          17.392987412277993,
          62.30774587998412
        ]
      },
      "geometry": {
        "type": "MultiPolygon",
        "coordinates": [
          [
            [
              [
                17.392926063162797,
                62.307875721622906
              ],
              [
                17.39320634198635,
                62.307833176104296
              ],
              [
                17.393046628729113,
                62.307608269571375
              ],
              [
                17.392766245117897,
                62.30764947128947
              ],
              [
                17.392926063162797,
                62.307875721622906
              ]
            ]
          ]
        ]
      }
    },
    {
      "id": 1281,
      "type": "Feature",
      "properties": {
        "name": "Solede skola, basket",
        "type": "Aktivitetsyta",
        "created": "2019-11-28 15:40:55",
        "published": false
      },
      "geometry": null
    },
    {
      "id": 1282,
      "type": "Feature",
      "properties": {
        "name": "Beachvolleyboll - Dyket",
        "type": "Aktivitetsyta",
        "created": "2019-11-28 15:46:48",
        "updated": "2020-06-29 15:12:23",
        "published": true,
        "owner": {
          "organizationID": 27,
          "name": "dykets intresseförening"
        },
        "manager": {
          "organizationID": 27,
          "name": "dykets intresseförening"
        },
        "tags": [
          "badplats",
          "beachvolleyboll",
          "dyket"
        ],
        "fields": [
          {
            "id": 153,
            "name": "Allmänt tillgänglig",
            "type": "DROPDOWN",
            "value": "Hela dygnet"
          },
          {
            "id": 224,
            "name": "Volleybollplan antal",
            "type": "INTEGER",
            "value": 1
          },
          {
            "id": 7,
            "name": "Tillhörande filer",
            "type": "FILES",
            "value": [
              {
                "id": 1188,
                "filename": "beachvolley_dyket.jpg",
                "validForWinter": false,
                "validForSummer": false,
                "sortIndex": null,
                "type": "image/jpeg",
                "size": 71994,
                "url": "https://api.sundsvall.se/facilities/2.2/field/filesfield/1188",
                "license": "CC0",
                "licenseDescription": "Creative commons. \"No rights reserved\" https://creativecommons.org/share-your-work/public-domain/cc0/"
              }
            ]
          },
          {
            "id": 137,
            "name": "Isplan enklare",
            "type": "TOGGLE",
            "value": "Nej"
          },
          {
            "id": 138,
            "name": "Ishockeyplan",
            "type": "TOGGLE",
            "value": "Nej"
          },
          {
            "id": 139,
            "name": "Bandyplan",
            "type": "TOGGLE",
            "value": "Nej"
          },
          {
            "id": 141,
            "name": "Fotbollsplan enklare",
            "type": "TOGGLE",
            "value": "Nej"
          },
          {
            "id": 147,
            "name": "Sarg",
            "type": "TOGGLE",
            "value": "Nej"
          },
          {
            "id": 154,
            "name": "Bokningsbar",
            "type": "TOGGLE",
            "value": "Nej"
          },
          {
            "id": 156,
            "name": "Amerikansk fotbollsplan",
            "type": "TOGGLE",
            "value": "Nej"
          },
          {
            "id": 157,
            "name": "Baseball eller softball",
            "type": "TOGGLE",
            "value": "Nej"
          },
          {
            "id": 182,
            "name": "Rugby",
            "type": "TOGGLE",
            "value": "Nej"
          },
          {
            "id": 225,
            "name": "Friidrott",
            "type": "TOGGLE",
            "value": "Nej"
          },
          {
            "id": 1,
            "name": "Beskrivning",
            "type": "FREETEXT",
            "value": "Plan för beachvolley. "
          },
          {
            "id": 155,
            "name": "Bokning länk",
            "type": "FREETEXT",
            "value": "http://dyket.se/"
          },
          {
            "id": 180,
            "name": "Kontakt länk",
            "type": "FREETEXT",
            "value": "http://dyket.se/"
          }
        ],
        "centerPoint": [
          17.394859434296183,
          62.29667862698553
        ]
      },
      "geometry": {
        "type": "MultiPolygon",
        "coordinates": [
          [
            [
              [
                17.394756728467183,
                62.296760243811136
              ],
              [
                17.394981992273305,
                62.29675500251968
              ],
              [
                17.394953199809212,
                62.296574989718565
              ],
              [
                17.39473092568204,
                62.296581521092754
              ],
              [
                17.394756728467183,
                62.296760243811136
              ]
            ]
          ]
        ]
      }
    },
    {
      "id": 1283,
      "type": "Feature",
      "properties": {
        "name": "Essvikvallen, gräsplan",
        "type": "Aktivitetsyta",
        "created": "2019-11-28 15:51:37",
        "updated": "2020-06-29 15:12:42",
        "published": true,
        "owner": {
          "organizationID": 30,
          "name": "essviks aif"
        },
        "manager": {
          "organizationID": 30,
          "name": "essviks aif"
        },
        "tags": [
          "11-mannaplan",
          "essviks aif",
          "essviksvallen",
          "fotboll",
          "fotbollsmål",
          "gräsplan"
        ],
        "fields": [
          {
            "id": 34,
            "name": "Underlag",
            "type": "DROPDOWN",
            "value": "Gräs"
          },
          {
            "id": 153,
            "name": "Allmänt tillgänglig",
            "type": "DROPDOWN",
            "value": "Särskilda öppettider"
          },
          {
            "id": 144,
            "name": "Fotbollsplan 11-mannaplan antal",
            "type": "INTEGER",
            "value": 1
          },
          {
            "id": 7,
            "name": "Tillhörande filer",
            "type": "FILES",
            "value": [
              {
                "id": 1189,
                "filename": "Essviks gräs entre.jpg",
                "validForWinter": false,
                "validForSummer": false,
                "sortIndex": null,
                "type": "image/jpeg",
                "size": 979782,
                "url": "https://api.sundsvall.se/facilities/2.2/field/filesfield/1189",
                "license": "CC0",
                "licenseDescription": "Creative commons. \"No rights reserved\" https://creativecommons.org/share-your-work/public-domain/cc0/"
              },
              {
                "id": 1190,
                "filename": "Essviksvallen 11-manna gräs.jpg",
                "validForWinter": false,
                "validForSummer": false,
                "sortIndex": null,
                "type": "image/jpeg",
                "size": 798634,
                "url": "https://api.sundsvall.se/facilities/2.2/field/filesfield/1190",
                "license": "CC0",
                "licenseDescription": "Creative commons. \"No rights reserved\" https://creativecommons.org/share-your-work/public-domain/cc0/"
              },
              {
                "id": 1191,
                "filename": "Essviksvallen övre gräs (1).jpg",
                "validForWinter": false,
                "validForSummer": false,
                "sortIndex": null,
                "type": "image/jpeg",
                "size": 1245699,
                "url": "https://api.sundsvall.se/facilities/2.2/field/filesfield/1191",
                "license": "CC0",
                "licenseDescription": "Creative commons. \"No rights reserved\" https://creativecommons.org/share-your-work/public-domain/cc0/"
              },
              {
                "id": 1192,
                "filename": "Essviksvallen kiosk o omkl..jpg",
                "validForWinter": false,
                "validForSummer": false,
                "sortIndex": null,
                "type": "image/jpeg",
                "size": 1016896,
                "url": "https://api.sundsvall.se/facilities/2.2/field/filesfield/1192",
                "license": "CC0",
                "licenseDescription": "Creative commons. \"No rights reserved\" https://creativecommons.org/share-your-work/public-domain/cc0/"
              },
              {
                "id": 1193,
                "filename": "Essviksvallen övre gräs.jpg",
                "validForWinter": false,
                "validForSummer": false,
                "sortIndex": null,
                "type": "image/jpeg",
                "size": 1154280,
                "url": "https://api.sundsvall.se/facilities/2.2/field/filesfield/1193",
                "license": "CC0",
                "licenseDescription": "Creative commons. \"No rights reserved\" https://creativecommons.org/share-your-work/public-domain/cc0/"
              }
            ]
          },
          {
            "id": 137,
            "name": "Isplan enklare",
            "type": "TOGGLE",
            "value": "Nej"
          },
          {
            "id": 138,
            "name": "Ishockeyplan",
            "type": "TOGGLE",
            "value": "Nej"
          },
          {
            "id": 139,
            "name": "Bandyplan",
            "type": "TOGGLE",
            "value": "Nej"
          },
          {
            "id": 141,
            "name": "Fotbollsplan enklare",
            "type": "TOGGLE",
            "value": "Nej"
          },
          {
            "id": 147,
            "name": "Sarg",
            "type": "TOGGLE",
            "value": "Nej"
          },
          {
            "id": 154,
            "name": "Bokningsbar",
            "type": "TOGGLE",
            "value": "Nej"
          },
          {
            "id": 156,
            "name": "Amerikansk fotbollsplan",
            "type": "TOGGLE",
            "value": "Nej"
          },
          {
            "id": 157,
            "name": "Baseball eller softball",
            "type": "TOGGLE",
            "value": "Nej"
          },
          {
            "id": 182,
            "name": "Rugby",
            "type": "TOGGLE",
            "value": "Nej"
          },
          {
            "id": 225,
            "name": "Friidrott",
            "type": "TOGGLE",
            "value": "Nej"
          },
          {
            "id": 1,
            "name": "Beskrivning",
            "type": "FREETEXT",
            "value": "11-manna gräsplan med 6 x 7-manna mål och 2 x 11-manna mål. "
          },
          {
            "id": 155,
            "name": "Bokning länk",
            "type": "FREETEXT",
            "value": "https://www.laget.se/ESSVIK_AIF"
          },
          {
            "id": 180,
            "name": "Kontakt länk",
            "type": "FREETEXT",
            "value": "https://www.laget.se/ESSVIK_AIF"
          }
        ],
        "centerPoint": [
          17.405124730504927,
          62.31229776812952
        ]
      },
      "geometry": {
        "type": "MultiPolygon",
        "coordinates": [
          [
            [
              [
                17.406061377241407,
                62.311860248928525
              ],
              [
                17.406397328889486,
                62.31247310642147
              ],
              [
                17.404188304666935,
                62.31273547215593
              ],
              [
                17.40385219939162,
                62.312122601767626
              ],
              [
                17.406061377241407,
                62.311860248928525
              ]
            ]
          ]
        ]
      }
    },
    {
      "id": 1284,
      "type": "Feature",
      "properties": {
        "name": "Essvikvallen, gräsplan 2",
        "type": "Aktivitetsyta",
        "created": "2019-11-28 15:55:19",
        "updated": "2020-06-29 15:12:53",
        "published": true,
        "owner": {
          "organizationID": 30,
          "name": "essviks aif"
        },
        "manager": {
          "organizationID": 30,
          "name": "essviks aif"
        },
        "tags": [
          "11-mannaplan",
          "7-mannaplan",
          "essviks aif",
          "essviksvallen",
          "fotboll",
          "fotbollsplan",
          "gräsplan"
        ],
        "fields": [
          {
            "id": 34,
            "name": "Underlag",
            "type": "DROPDOWN",
            "value": "Gräs"
          },
          {
            "id": 153,
            "name": "Allmänt tillgänglig",
            "type": "DROPDOWN",
            "value": "Särskilda öppettider"
          },
          {
            "id": 143,
            "name": "Fotbollsplan 7-manna antal",
            "type": "INTEGER",
            "value": 3
          },
          {
            "id": 144,
            "name": "Fotbollsplan 11-mannaplan antal",
            "type": "INTEGER",
            "value": 1
          },
          {
            "id": 7,
            "name": "Tillhörande filer",
            "type": "FILES",
            "value": [
              {
                "id": 1194,
                "filename": "Essviksvallen övre gräs.jpg",
                "validForWinter": false,
                "validForSummer": false,
                "sortIndex": null,
                "type": "image/jpeg",
                "size": 1154280,
                "url": "https://api.sundsvall.se/facilities/2.2/field/filesfield/1194",
                "license": "CC0",
                "licenseDescription": "Creative commons. \"No rights reserved\" https://creativecommons.org/share-your-work/public-domain/cc0/"
              }
            ]
          },
          {
            "id": 137,
            "name": "Isplan enklare",
            "type": "TOGGLE",
            "value": "Nej"
          },
          {
            "id": 138,
            "name": "Ishockeyplan",
            "type": "TOGGLE",
            "value": "Nej"
          },
          {
            "id": 139,
            "name": "Bandyplan",
            "type": "TOGGLE",
            "value": "Nej"
          },
          {
            "id": 141,
            "name": "Fotbollsplan enklare",
            "type": "TOGGLE",
            "value": "Nej"
          },
          {
            "id": 147,
            "name": "Sarg",
            "type": "TOGGLE",
            "value": "Nej"
          },
          {
            "id": 154,
            "name": "Bokningsbar",
            "type": "TOGGLE",
            "value": "Nej"
          },
          {
            "id": 156,
            "name": "Amerikansk fotbollsplan",
            "type": "TOGGLE",
            "value": "Nej"
          },
          {
            "id": 157,
            "name": "Baseball eller softball",
            "type": "TOGGLE",
            "value": "Nej"
          },
          {
            "id": 182,
            "name": "Rugby",
            "type": "TOGGLE",
            "value": "Nej"
          },
          {
            "id": 225,
            "name": "Friidrott",
            "type": "TOGGLE",
            "value": "Nej"
          },
          {
            "id": 1,
            "name": "Beskrivning",
            "type": "FREETEXT",
            "value": "7-manna gräsplan med   6 x 7-manna mål och   2 x 11-manna mål. "
          },
          {
            "id": 155,
            "name": "Bokning länk",
            "type": "FREETEXT",
            "value": "https://www.laget.se/ESSVIK_AIF"
          },
          {
            "id": 180,
            "name": "Kontakt länk",
            "type": "FREETEXT",
            "value": "https://www.laget.se/ESSVIK_AIF"
          }
        ],
        "centerPoint": [
          17.4054974342267,
          62.31306341531374
        ]
      },
      "geometry": {
        "type": "MultiPolygon",
        "coordinates": [
          [
            [
              [
                17.406409974055286,
                62.3126093770791
              ],
              [
                17.406766915259265,
                62.3132574578649
              ],
              [
                17.40458491891934,
                62.31351762824221
              ],
              [
                17.404228026437522,
                62.31286963580688
              ],
              [
                17.406409974055286,
                62.3126093770791
              ]
            ]
          ]
        ]
      }
    },
    {
      "id": 1285,
      "type": "Feature",
      "properties": {
        "name": "Essvikvallen, grusplan",
        "type": "Aktivitetsyta",
        "created": "2019-11-28 15:57:21",
        "updated": "2020-06-29 15:13:00",
        "published": true,
        "owner": {
          "organizationID": 30,
          "name": "essviks aif"
        },
        "manager": {
          "organizationID": 30,
          "name": "essviks aif"
        },
        "tags": [
          "11-mannaplan",
          "essviks aif",
          "essviksvallen",
          "fotboll",
          "fotbollsplan",
          "grusplan"
        ],
        "fields": [
          {
            "id": 34,
            "name": "Underlag",
            "type": "DROPDOWN",
            "value": "Grus"
          },
          {
            "id": 153,
            "name": "Allmänt tillgänglig",
            "type": "DROPDOWN",
            "value": "Särskilda öppettider"
          },
          {
            "id": 144,
            "name": "Fotbollsplan 11-mannaplan antal",
            "type": "INTEGER",
            "value": 1
          },
          {
            "id": 7,
            "name": "Tillhörande filer",
            "type": "FILES",
            "value": [
              {
                "id": 1195,
                "filename": "Essviksvallen grus 11-manna_ (1).jpg",
                "validForWinter": false,
                "validForSummer": false,
                "sortIndex": null,
                "type": "image/jpeg",
                "size": 788868,
                "url": "https://api.sundsvall.se/facilities/2.2/field/filesfield/1195",
                "license": "CC0",
                "licenseDescription": "Creative commons. \"No rights reserved\" https://creativecommons.org/share-your-work/public-domain/cc0/"
              },
              {
                "id": 1196,
                "filename": "Essviksvallen grus 11-manna_ (2).jpg",
                "validForWinter": false,
                "validForSummer": false,
                "sortIndex": null,
                "type": "image/jpeg",
                "size": 1018459,
                "url": "https://api.sundsvall.se/facilities/2.2/field/filesfield/1196",
                "license": "CC0",
                "licenseDescription": "Creative commons. \"No rights reserved\" https://creativecommons.org/share-your-work/public-domain/cc0/"
              },
              {
                "id": 1197,
                "filename": "Essviksvallen grus 11-manna_.jpg",
                "validForWinter": false,
                "validForSummer": false,
                "sortIndex": null,
                "type": "image/jpeg",
                "size": 969330,
                "url": "https://api.sundsvall.se/facilities/2.2/field/filesfield/1197",
                "license": "CC0",
                "licenseDescription": "Creative commons. \"No rights reserved\" https://creativecommons.org/share-your-work/public-domain/cc0/"
              }
            ]
          },
          {
            "id": 137,
            "name": "Isplan enklare",
            "type": "TOGGLE",
            "value": "Nej"
          },
          {
            "id": 138,
            "name": "Ishockeyplan",
            "type": "TOGGLE",
            "value": "Nej"
          },
          {
            "id": 139,
            "name": "Bandyplan",
            "type": "TOGGLE",
            "value": "Nej"
          },
          {
            "id": 141,
            "name": "Fotbollsplan enklare",
            "type": "TOGGLE",
            "value": "Nej"
          },
          {
            "id": 147,
            "name": "Sarg",
            "type": "TOGGLE",
            "value": "Nej"
          },
          {
            "id": 154,
            "name": "Bokningsbar",
            "type": "TOGGLE",
            "value": "Nej"
          },
          {
            "id": 156,
            "name": "Amerikansk fotbollsplan",
            "type": "TOGGLE",
            "value": "Nej"
          },
          {
            "id": 157,
            "name": "Baseball eller softball",
            "type": "TOGGLE",
            "value": "Nej"
          },
          {
            "id": 182,
            "name": "Rugby",
            "type": "TOGGLE",
            "value": "Nej"
          },
          {
            "id": 225,
            "name": "Friidrott",
            "type": "TOGGLE",
            "value": "Nej"
          },
          {
            "id": 1,
            "name": "Beskrivning",
            "type": "FREETEXT",
            "value": "11-manna grusplan. "
          },
          {
            "id": 155,
            "name": "Bokning länk",
            "type": "FREETEXT",
            "value": "https://www.laget.se/ESSVIK_AIF"
          },
          {
            "id": 180,
            "name": "Kontakt länk",
            "type": "FREETEXT",
            "value": "https://www.laget.se/ESSVIK_AIF"
          }
        ],
        "centerPoint": [
          17.405368214701202,
          62.31136433713033
        ]
      },
      "geometry": {
        "type": "MultiPolygon",
        "coordinates": [
          [
            [
              [
                17.406418651322205,
                62.310929428232505
              ],
              [
                17.406745917513152,
                62.311495184609875
              ],
              [
                17.404317757367732,
                62.311799269701375
              ],
              [
                17.40399053278966,
                62.3112335137337
              ],
              [
                17.406418651322205,
                62.310929428232505
              ]
            ]
          ]
        ]
      }
    },
    {
      "id": 1286,
      "type": "Feature",
      "properties": {
        "name": "Klockarberget, grönyta",
        "type": "Aktivitetsyta",
        "created": "2019-11-29 13:45:36",
        "published": false
      },
      "geometry": null
    },
    {
      "id": 1287,
      "type": "Feature",
      "properties": {
        "name": "Njurundas isrink/bollrink",
        "type": "Aktivitetsyta",
        "created": "2019-11-29 13:51:29",
        "updated": "2024-04-17 12:24:59",
        "published": true,
        "owner": {
          "organizationID": 109,
          "name": "njurunda ik"
        },
        "manager": {
          "organizationID": 109,
          "name": "njurunda ik"
        },
        "tags": [
          "fotboll",
          "grönyta",
          "ishockey",
          "isplan",
          "isrink",
          "njurunda ik",
          "njurunda ishall",
          "skridskor"
        ],
        "fields": [
          {
            "id": 34,
            "name": "Underlag",
            "type": "DROPDOWN",
            "value": "Gräs"
          },
          {
            "id": 153,
            "name": "Allmänt tillgänglig",
            "type": "DROPDOWN",
            "value": "Särskilda öppettider"
          },
          {
            "id": 7,
            "name": "Tillhörande filer",
            "type": "FILES",
            "value": [
              {
                "id": 1199,
                "filename": "njurunda_isrink.jpg",
                "description": "",
                "alttext": "Isbana med sarg",
                "sourcetext": "Sundsvalls kommun",
                "validForWinter": true,
                "validForSummer": false,
                "sortIndex": null,
                "type": "image/jpeg",
                "size": 50612,
                "url": "https://api.sundsvall.se/facilities/2.2/field/filesfield/1199",
                "license": "CC0",
                "licenseDescription": "Creative commons. \"No rights reserved\" https://creativecommons.org/share-your-work/public-domain/cc0/"
              }
            ]
          },
          {
            "id": 137,
            "name": "Isplan enklare",
            "type": "TOGGLE",
            "value": "Nej"
          },
          {
            "id": 138,
            "name": "Ishockeyplan",
            "type": "TOGGLE",
            "value": "Ja"
          },
          {
            "id": 139,
            "name": "Bandyplan",
            "type": "TOGGLE",
            "value": "Nej"
          },
          {
            "id": 141,
            "name": "Fotbollsplan enklare",
            "type": "TOGGLE",
            "value": "Ja"
          },
          {
            "id": 147,
            "name": "Sarg",
            "type": "TOGGLE",
            "value": "Nej"
          },
          {
            "id": 154,
            "name": "Bokningsbar",
            "type": "TOGGLE",
            "value": "Nej"
          },
          {
            "id": 156,
            "name": "Amerikansk fotbollsplan",
            "type": "TOGGLE",
            "value": "Nej"
          },
          {
            "id": 157,
            "name": "Baseball eller softball",
            "type": "TOGGLE",
            "value": "Nej"
          },
          {
            "id": 182,
            "name": "Rugby",
            "type": "TOGGLE",
            "value": "Nej"
          },
          {
            "id": 225,
            "name": "Friidrott",
            "type": "TOGGLE",
            "value": "Nej"
          },
          {
            "id": 279,
            "name": "Belysning",
            "type": "TOGGLE",
            "value": "Ja"
          },
          {
            "id": 1,
            "name": "Beskrivning",
            "type": "FREETEXT",
            "value": "Isrink som under sommarsäsongen fungerar som bollplan med plastgräsmatta."
          },
          {
            "id": 136,
            "name": "Öppettider länk",
            "type": "FREETEXT",
            "value": "https://admin.istiden.se/ut/njurunda-sportklubb/modin-zetterberg-hallen"
          },
          {
            "id": 155,
            "name": "Bokning länk",
            "type": "FREETEXT",
            "value": "https://www.laget.se/NjurundaSportklubb"
          },
          {
            "id": 180,
            "name": "Kontakt länk",
            "type": "FREETEXT",
            "value": "https://www.laget.se/NjurundaSportklubb"
          }
        ],
        "centerPoint": [
          17.366692919219837,
          62.26783503908017
        ]
      },
      "geometry": {
        "type": "MultiPolygon",
        "coordinates": [
          [
            [
              [
                17.36625603761238,
                62.26799129798598
              ],
              [
                17.36622081903028,
                62.26798944107836
              ],
              [
                17.366189422089683,
                62.267982864703
              ],
              [
                17.366163789647715,
                62.26797253007145
              ],
              [
                17.366146929338413,
                62.26796087570794
              ],
              [
                17.366135014718324,
                62.267946778277995
              ],
              [
                17.36610348272532,
                62.267796555187445
              ],
              [
                17.366110757313603,
                62.26777685589769
              ],
              [
                17.366129262409558,
                62.26776045356021
              ],
              [
                17.366152156911106,
                62.26774929697003
              ],
              [
                17.36619187331747,
                62.26774026301691
              ],
              [
                17.366240320152304,
                62.267736972489004
              ],
              [
                17.36689726805416,
                62.26770341434135
              ],
              [
                17.366970992020224,
                62.267697846282076
              ],
              [
                17.367137952636348,
                62.26768993218175
              ],
              [
                17.367163791721012,
                62.267690969507385
              ],
              [
                17.36719226599231,
                62.26769561019947
              ],
              [
                17.36721602789286,
                62.26770346702562
              ],
              [
                17.3672339448619,
                62.26771351109633
              ],
              [
                17.367243497068966,
                62.26772388079079
              ],
              [
                17.36725139187999,
                62.26773951045931
              ],
              [
                17.36725495921257,
                62.267758367192386
              ],
              [
                17.36728596766706,
                62.26789166934458
              ],
              [
                17.36728288941499,
                62.26790280977153
              ],
              [
                17.367274533905515,
                62.267913986305906
              ],
              [
                17.36725974603436,
                62.26792518412362
              ],
              [
                17.367242066046966,
                62.26793307344608
              ],
              [
                17.367219300989806,
                62.267938415024865
              ],
              [
                17.36719735137901,
                62.26794172338811
              ],
              [
                17.36625603761238,
                62.26799129798598
              ]
            ]
          ]
        ]
      }
    },
    {
      "id": 1288,
      "type": "Feature",
      "properties": {
        "name": "Njurunda IP.",
        "type": "Aktivitetsyta",
        "created": "2019-11-29 14:35:07",
        "updated": "2021-12-17 16:10:05",
        "published": false
      },
      "geometry": null
    },
    {
      "id": 1289,
      "type": "Feature",
      "properties": {
        "name": "Nylands skolplan",
        "type": "Aktivitetsyta",
        "created": "2019-11-29 15:21:52",
        "updated": "2020-06-29 15:13:13",
        "published": true,
        "owner": {
          "organizationID": 168,
          "name": "Sundsvalls kommun Drakfastigheter"
        },
        "manager": {
          "organizationID": 168,
          "name": "Sundsvalls kommun Drakfastigheter"
        },
        "tags": [
          "fotboll",
          "grusplan"
        ],
        "fields": [
          {
            "id": 153,
            "name": "Allmänt tillgänglig",
            "type": "DROPDOWN",
            "value": "Utanför skoltid"
          },
          {
            "id": 7,
            "name": "Tillhörande filer",
            "type": "FILES",
            "value": [
              {
                "id": 1204,
                "filename": "nylands_skola_grus_5m.jpg",
                "validForWinter": false,
                "validForSummer": false,
                "sortIndex": null,
                "type": "image/jpeg",
                "size": 69989,
                "url": "https://api.sundsvall.se/facilities/2.2/field/filesfield/1204",
                "license": "CC0",
                "licenseDescription": "Creative commons. \"No rights reserved\" https://creativecommons.org/share-your-work/public-domain/cc0/"
              }
            ]
          },
          {
            "id": 137,
            "name": "Isplan enklare",
            "type": "TOGGLE",
            "value": "Nej"
          },
          {
            "id": 138,
            "name": "Ishockeyplan",
            "type": "TOGGLE",
            "value": "Nej"
          },
          {
            "id": 139,
            "name": "Bandyplan",
            "type": "TOGGLE",
            "value": "Nej"
          },
          {
            "id": 141,
            "name": "Fotbollsplan enklare",
            "type": "TOGGLE",
            "value": "Ja"
          },
          {
            "id": 147,
            "name": "Sarg",
            "type": "TOGGLE",
            "value": "Nej"
          },
          {
            "id": 154,
            "name": "Bokningsbar",
            "type": "TOGGLE",
            "value": "Nej"
          },
          {
            "id": 156,
            "name": "Amerikansk fotbollsplan",
            "type": "TOGGLE",
            "value": "Nej"
          },
          {
            "id": 157,
            "name": "Baseball eller softball",
            "type": "TOGGLE",
            "value": "Nej"
          },
          {
            "id": 182,
            "name": "Rugby",
            "type": "TOGGLE",
            "value": "Nej"
          },
          {
            "id": 225,
            "name": "Friidrott",
            "type": "TOGGLE",
            "value": "Nej"
          },
          {
            "id": 285,
            "name": "Felanmälan",
            "type": "Felanmälningstjänst",
            "reportName": "Sundsvalls kommun Kommunal fastighet",
            "reportDescription": "Felanmälan av kommunala byggnader/fastigheter",
            "reportLink": "https://dedu.se/deduwebextern/sundsvallskommun/drakfastigheter/index.html#!/",
            "reportPhone": null,
            "reportEmail": null
          },
          {
            "id": 1,
            "name": "Beskrivning",
            "type": "FREETEXT",
            "value": "Grusplan vid Nylands skola."
          }
        ],
        "centerPoint": [
          17.416364647180174,
          62.2916389803724
        ]
      },
      "geometry": {
        "type": "MultiPolygon",
        "coordinates": [
          [
            [
              [
                17.415948999328734,
                62.29164606484244
              ],
              [
                17.41614094475707,
                62.291478384131246
              ],
              [
                17.416778342374013,
                62.29163434046388
              ],
              [
                17.41668643403166,
                62.291786815929214
              ],
              [
                17.415948999328734,
                62.29164606484244
              ]
            ]
          ]
        ]
      }
    },
    {
      "id": 1290,
      "type": "Feature",
      "properties": {
        "name": "Solede skola, grusplan- och isplan",
        "type": "Aktivitetsyta",
        "created": "2019-11-29 15:27:29",
        "updated": "2023-01-02 14:10:51",
        "published": true,
        "owner": {
          "organizationID": 167,
          "name": "sundsvalls kommun"
        },
        "manager": {
          "organizationID": 170,
          "name": "Sundsvalls kommun Idrott och fritid"
        },
        "tags": [
          "bandy",
          "bollplan",
          "fotboll",
          "grusplan",
          "ishockey",
          "isplan",
          "skridskor",
          "vinter"
        ],
        "fields": [
          {
            "id": 34,
            "name": "Underlag",
            "type": "DROPDOWN",
            "value": "Grus"
          },
          {
            "id": 140,
            "name": "Isplanens storlek",
            "type": "DROPDOWN",
            "value": "20x40"
          },
          {
            "id": 153,
            "name": "Allmänt tillgänglig",
            "type": "DROPDOWN",
            "value": "Utanför skoltid"
          },
          {
            "id": 142,
            "name": "Fotbollsplan 5-manna antal",
            "type": "INTEGER",
            "value": 1
          },
          {
            "id": 7,
            "name": "Tillhörande filer",
            "type": "FILES",
            "value": [
              {
                "id": 2283,
                "filename": "DSC_0232.JPG",
                "description": "Isplan vid Solede skola",
                "alttext": "Isplan med målburar",
                "sourcetext": "Sundsvalls kommun",
                "validForWinter": true,
                "validForSummer": false,
                "sortIndex": 1,
                "type": "image/jpeg",
                "size": 2502163,
                "url": "https://api.sundsvall.se/facilities/2.2/field/filesfield/2283",
                "license": "CC0",
                "licenseDescription": "Creative commons. \"No rights reserved\" https://creativecommons.org/share-your-work/public-domain/cc0/"
              },
              {
                "id": 1205,
                "filename": "Solede skola (1).JPG",
                "description": "Grusplan vid Solede skola",
                "alttext": "Grusplan med målburar",
                "sourcetext": "Sundsvalls kommun",
                "validForWinter": false,
                "validForSummer": true,
                "sortIndex": 2,
                "type": "image/jpeg",
                "size": 3106484,
                "url": "https://api.sundsvall.se/facilities/2.2/field/filesfield/1205",
                "license": "CC0",
                "licenseDescription": "Creative commons. \"No rights reserved\" https://creativecommons.org/share-your-work/public-domain/cc0/"
              }
            ]
          },
          {
            "id": 137,
            "name": "Isplan enklare",
            "type": "TOGGLE",
            "value": "Ja"
          },
          {
            "id": 138,
            "name": "Ishockeyplan",
            "type": "TOGGLE",
            "value": "Nej"
          },
          {
            "id": 139,
            "name": "Bandyplan",
            "type": "TOGGLE",
            "value": "Nej"
          },
          {
            "id": 141,
            "name": "Fotbollsplan enklare",
            "type": "TOGGLE",
            "value": "Ja"
          },
          {
            "id": 147,
            "name": "Sarg",
            "type": "TOGGLE",
            "value": "Nej"
          },
          {
            "id": 154,
            "name": "Bokningsbar",
            "type": "TOGGLE",
            "value": "Nej"
          },
          {
            "id": 156,
            "name": "Amerikansk fotbollsplan",
            "type": "TOGGLE",
            "value": "Nej"
          },
          {
            "id": 157,
            "name": "Baseball eller softball",
            "type": "TOGGLE",
            "value": "Nej"
          },
          {
            "id": 182,
            "name": "Rugby",
            "type": "TOGGLE",
            "value": "Nej"
          },
          {
            "id": 225,
            "name": "Friidrott",
            "type": "TOGGLE",
            "value": "Nej"
          },
          {
            "id": 279,
            "name": "Belysning",
            "type": "TOGGLE",
            "value": "Ja"
          },
          {
            "id": 285,
            "name": "Felanmälan",
            "type": "Felanmälningstjänst",
            "reportName": "Kontakt Sundsvall",
            "reportDescription": "Felanmälan av motionsspår, elljusspår, leder och andra friluftsanläggningar",
            "reportLink": "https://sundsvall.se/kommun-och-politik/politik-och-demokrati/dialog-och-synpunkter/felanmalan",
            "reportPhone": "060-19 10 00",
            "reportEmail": "kontakt@sundsvall.se"
          },
          {
            "id": 1,
            "name": "Beskrivning",
            "type": "FREETEXT",
            "value": "Vintertid en grusplan för bollspel med målburar. Vintertid spolas och snöröjs isplanen en gång i veckan utifrån väder."
          }
        ],
        "centerPoint": [
          17.369852484591803,
          62.2940849457278
        ]
      },
      "geometry": {
        "type": "MultiPolygon",
        "coordinates": [
          [
            [
              [
                17.36958361450067,
                62.29424616167669
              ],
              [
                17.370294519828573,
                62.294132736723085
              ],
              [
                17.370110210342872,
                62.293908495228614
              ],
              [
                17.36940684881181,
                62.29402933429133
              ],
              [
                17.36958361450067,
                62.29424616167669
              ]
            ]
          ]
        ]
      }
    },
    {
      "id": 1291,
      "type": "Feature",
      "properties": {
        "name": "Bollplan, Övre Klockarberget",
        "type": "Aktivitetsyta",
        "created": "2019-11-29 15:43:07",
        "updated": "2020-04-06 20:05:14",
        "published": false
      },
      "geometry": null
    },
    {
      "id": 1292,
      "type": "Feature",
      "properties": {
        "name": "Söröje gräsplan",
        "type": "Aktivitetsyta",
        "created": "2019-11-29 15:57:24",
        "published": false
      },
      "geometry": null
    },
    {
      "id": 1293,
      "type": "Feature",
      "properties": {
        "name": "Essviks skola, grusplan och isplan",
        "type": "Aktivitetsyta",
        "created": "2019-11-29 16:03:20",
        "updated": "2023-01-02 14:13:58",
        "published": true,
        "owner": {
          "organizationID": 168,
          "name": "Sundsvalls kommun Drakfastigheter"
        },
        "manager": {
          "organizationID": 170,
          "name": "Sundsvalls kommun Idrott och fritid"
        },
        "tags": [
          "bollplan",
          "essvik",
          "fotboll",
          "grusplan",
          "isbana",
          "ishockey",
          "isplan",
          "skridskor"
        ],
        "fields": [
          {
            "id": 34,
            "name": "Underlag",
            "type": "DROPDOWN",
            "value": "Grus"
          },
          {
            "id": 140,
            "name": "Isplanens storlek",
            "type": "DROPDOWN",
            "value": "20x40"
          },
          {
            "id": 153,
            "name": "Allmänt tillgänglig",
            "type": "DROPDOWN",
            "value": "Utanför skoltid"
          },
          {
            "id": 142,
            "name": "Fotbollsplan 5-manna antal",
            "type": "INTEGER",
            "value": 1
          },
          {
            "id": 7,
            "name": "Tillhörande filer",
            "type": "FILES",
            "value": [
              {
                "id": 2275,
                "filename": "Esviks skola (7).JPG",
                "description": "Isplan vid Essviks skola",
                "alttext": "Tre barn som åker skridskor på en isplan",
                "sourcetext": "Sundsvalls okmmun",
                "validForWinter": true,
                "validForSummer": false,
                "sortIndex": 1,
                "type": "image/jpeg",
                "size": 2895576,
                "url": "https://api.sundsvall.se/facilities/2.2/field/filesfield/2275",
                "license": "CC0",
                "licenseDescription": "Creative commons. \"No rights reserved\" https://creativecommons.org/share-your-work/public-domain/cc0/"
              },
              {
                "id": 1207,
                "filename": "essviks_skola_grus_7m.jpg",
                "description": "Grusplan vid Essviks skola",
                "alttext": "Grusplan med fotbollsmål",
                "sourcetext": "Sundsvalls kommun",
                "validForWinter": false,
                "validForSummer": true,
                "sortIndex": 2,
                "type": "image/jpeg",
                "size": 68697,
                "url": "https://api.sundsvall.se/facilities/2.2/field/filesfield/1207",
                "license": "CC0",
                "licenseDescription": "Creative commons. \"No rights reserved\" https://creativecommons.org/share-your-work/public-domain/cc0/"
              }
            ]
          },
          {
            "id": 137,
            "name": "Isplan enklare",
            "type": "TOGGLE",
            "value": "Ja"
          },
          {
            "id": 138,
            "name": "Ishockeyplan",
            "type": "TOGGLE",
            "value": "Nej"
          },
          {
            "id": 139,
            "name": "Bandyplan",
            "type": "TOGGLE",
            "value": "Nej"
          },
          {
            "id": 141,
            "name": "Fotbollsplan enklare",
            "type": "TOGGLE",
            "value": "Ja"
          },
          {
            "id": 147,
            "name": "Sarg",
            "type": "TOGGLE",
            "value": "Nej"
          },
          {
            "id": 154,
            "name": "Bokningsbar",
            "type": "TOGGLE",
            "value": "Nej"
          },
          {
            "id": 156,
            "name": "Amerikansk fotbollsplan",
            "type": "TOGGLE",
            "value": "Nej"
          },
          {
            "id": 157,
            "name": "Baseball eller softball",
            "type": "TOGGLE",
            "value": "Nej"
          },
          {
            "id": 182,
            "name": "Rugby",
            "type": "TOGGLE",
            "value": "Nej"
          },
          {
            "id": 225,
            "name": "Friidrott",
            "type": "TOGGLE",
            "value": "Nej"
          },
          {
            "id": 279,
            "name": "Belysning",
            "type": "TOGGLE",
            "value": "Ja"
          },
          {
            "id": 285,
            "name": "Felanmälan",
            "type": "Felanmälningstjänst",
            "reportName": "Kontakt Sundsvall",
            "reportDescription": "Felanmälan av motionsspår, elljusspår, leder och andra friluftsanläggningar",
            "reportLink": "https://sundsvall.se/kommun-och-politik/politik-och-demokrati/dialog-och-synpunkter/felanmalan",
            "reportPhone": "060-19 10 00",
            "reportEmail": "kontakt@sundsvall.se"
          },
          {
            "id": 1,
            "name": "Beskrivning",
            "type": "FREETEXT",
            "value": "Sommartid en 7-manna plan, 52x32 meter, med  2 stycken sjumanna mål. Vintertid en isplan som spolas och snöröjs en gång i veckan utifrån väder."
          }
        ],
        "centerPoint": [
          17.39291896196596,
          62.307153233785066
        ]
      },
      "geometry": {
        "type": "MultiPolygon",
        "coordinates": [
          [
            [
              [
                17.392467566129486,
                62.307406357375
              ],
              [
                17.393604750698106,
                62.30721972983654
              ],
              [
                17.393313343971606,
                62.30690414077121
              ],
              [
                17.392233796047396,
                62.30708708318154
              ],
              [
                17.392467566129486,
                62.307406357375
              ]
            ]
          ]
        ]
      }
    },
    {
      "id": 1294,
      "type": "Feature",
      "properties": {
        "name": "Nivrenaskolan grusplan och isbana",
        "type": "Aktivitetsyta",
        "created": "2019-11-29 16:23:34",
        "updated": "2023-01-02 13:01:27",
        "published": true,
        "owner": {
          "organizationID": 167,
          "name": "sundsvalls kommun"
        },
        "manager": {
          "organizationID": 170,
          "name": "Sundsvalls kommun Idrott och fritid"
        },
        "tags": [
          "fotboll",
          "grusplan",
          "isplan",
          "skridskor"
        ],
        "fields": [
          {
            "id": 34,
            "name": "Underlag",
            "type": "DROPDOWN",
            "value": "Grus"
          },
          {
            "id": 153,
            "name": "Allmänt tillgänglig",
            "type": "DROPDOWN",
            "value": "Utanför skoltid"
          },
          {
            "id": 142,
            "name": "Fotbollsplan 5-manna antal",
            "type": "INTEGER",
            "value": 1
          },
          {
            "id": 143,
            "name": "Fotbollsplan 7-manna antal",
            "type": "INTEGER",
            "value": 1
          },
          {
            "id": 7,
            "name": "Tillhörande filer",
            "type": "FILES",
            "value": [
              {
                "id": 1208,
                "filename": "grusplan_nivrena_11m.jpg",
                "description": "Nivrena grusplan",
                "alttext": "Grusplan",
                "sourcetext": "Sundsvalls kommun",
                "validForWinter": false,
                "validForSummer": true,
                "sortIndex": null,
                "type": "image/jpeg",
                "size": 58470,
                "url": "https://api.sundsvall.se/facilities/2.2/field/filesfield/1208",
                "license": "CC0",
                "licenseDescription": "Creative commons. \"No rights reserved\" https://creativecommons.org/share-your-work/public-domain/cc0/"
              },
              {
                "id": 1209,
                "filename": "Nivrena skola 11-manna grus (1).jpg",
                "description": "Grusplan vid Nivrenaskolan",
                "alttext": "Grusplan",
                "sourcetext": "Sundsvalls kommun",
                "validForWinter": false,
                "validForSummer": true,
                "sortIndex": null,
                "type": "image/jpeg",
                "size": 1011082,
                "url": "https://api.sundsvall.se/facilities/2.2/field/filesfield/1209",
                "license": "CC0",
                "licenseDescription": "Creative commons. \"No rights reserved\" https://creativecommons.org/share-your-work/public-domain/cc0/"
              }
            ]
          },
          {
            "id": 137,
            "name": "Isplan enklare",
            "type": "TOGGLE",
            "value": "Ja"
          },
          {
            "id": 138,
            "name": "Ishockeyplan",
            "type": "TOGGLE",
            "value": "Nej"
          },
          {
            "id": 139,
            "name": "Bandyplan",
            "type": "TOGGLE",
            "value": "Nej"
          },
          {
            "id": 141,
            "name": "Fotbollsplan enklare",
            "type": "TOGGLE",
            "value": "Ja"
          },
          {
            "id": 147,
            "name": "Sarg",
            "type": "TOGGLE",
            "value": "Nej"
          },
          {
            "id": 154,
            "name": "Bokningsbar",
            "type": "TOGGLE",
            "value": "Nej"
          },
          {
            "id": 156,
            "name": "Amerikansk fotbollsplan",
            "type": "TOGGLE",
            "value": "Nej"
          },
          {
            "id": 157,
            "name": "Baseball eller softball",
            "type": "TOGGLE",
            "value": "Nej"
          },
          {
            "id": 182,
            "name": "Rugby",
            "type": "TOGGLE",
            "value": "Nej"
          },
          {
            "id": 225,
            "name": "Friidrott",
            "type": "TOGGLE",
            "value": "Nej"
          },
          {
            "id": 279,
            "name": "Belysning",
            "type": "TOGGLE",
            "value": "Ja"
          },
          {
            "id": 285,
            "name": "Felanmälan",
            "type": "Felanmälningstjänst",
            "reportName": "Kontakt Sundsvall",
            "reportDescription": "Felanmälan av motionsspår, elljusspår, leder och andra friluftsanläggningar",
            "reportLink": "https://sundsvall.se/kommun-och-politik/politik-och-demokrati/dialog-och-synpunkter/felanmalan",
            "reportPhone": "060-19 10 00",
            "reportEmail": "kontakt@sundsvall.se"
          },
          {
            "id": 1,
            "name": "Beskrivning",
            "type": "FREETEXT",
            "value": "Idrottsplats med grusplan för sjumannaspel vid Nivrenaskolan och Njurundahallen. Isbana som spolas och snöröjs en gång i veckan vintertid"
          }
        ],
        "centerPoint": [
          17.38167614340704,
          62.29555770012178
        ]
      },
      "geometry": {
        "type": "MultiPolygon",
        "coordinates": [
          [
            [
              [
                17.380821541634997,
                62.295336641804205
              ],
              [
                17.380834199043374,
                62.295752900013255
              ],
              [
                17.380883254138233,
                62.29577563333369
              ],
              [
                17.382524033603218,
                62.295778934512754
              ],
              [
                17.382515859550427,
                62.29533431037887
              ],
              [
                17.380821541634997,
                62.295336641804205
              ]
            ]
          ]
        ]
      }
    },
    {
      "id": 1295,
      "type": "Feature",
      "properties": {
        "name": "Ljustadalens Idrottsplats",
        "type": "Aktivitetsyta",
        "created": "2019-12-02 12:45:22",
        "updated": "2019-12-03 08:28:46",
        "published": false
      },
      "geometry": null
    },
    {
      "id": 1296,
      "type": "Feature",
      "properties": {
        "name": "Kyrkmons skola, grusplan och isplan",
        "type": "Aktivitetsyta",
        "created": "2019-12-03 08:52:40",
        "updated": "2023-01-02 14:18:32",
        "published": true,
        "owner": {
          "organizationID": 167,
          "name": "sundsvalls kommun"
        },
        "manager": {
          "organizationID": 170,
          "name": "Sundsvalls kommun Idrott och fritid"
        },
        "tags": [
          "bollplan",
          "fotboll",
          "grusplan",
          "isplan"
        ],
        "fields": [
          {
            "id": 34,
            "name": "Underlag",
            "type": "DROPDOWN",
            "value": "Grus"
          },
          {
            "id": 140,
            "name": "Isplanens storlek",
            "type": "DROPDOWN",
            "value": "20x40"
          },
          {
            "id": 153,
            "name": "Allmänt tillgänglig",
            "type": "DROPDOWN",
            "value": "Utanför skoltid"
          },
          {
            "id": 142,
            "name": "Fotbollsplan 5-manna antal",
            "type": "INTEGER",
            "value": 1
          },
          {
            "id": 7,
            "name": "Tillhörande filer",
            "type": "FILES",
            "value": [
              {
                "id": 1212,
                "filename": "kyrkmons_skola_boll_7m_01.jpg",
                "description": "Grusplan vid Kyrkmons skola",
                "alttext": "Grusplan med målbur",
                "sourcetext": "Sundsvalls kommun",
                "validForWinter": false,
                "validForSummer": true,
                "sortIndex": 1,
                "type": "image/jpeg",
                "size": 57492,
                "url": "https://api.sundsvall.se/facilities/2.2/field/filesfield/1212",
                "license": "CC0",
                "licenseDescription": "Creative commons. \"No rights reserved\" https://creativecommons.org/share-your-work/public-domain/cc0/"
              }
            ]
          },
          {
            "id": 137,
            "name": "Isplan enklare",
            "type": "TOGGLE",
            "value": "Ja"
          },
          {
            "id": 138,
            "name": "Ishockeyplan",
            "type": "TOGGLE",
            "value": "Nej"
          },
          {
            "id": 139,
            "name": "Bandyplan",
            "type": "TOGGLE",
            "value": "Nej"
          },
          {
            "id": 141,
            "name": "Fotbollsplan enklare",
            "type": "TOGGLE",
            "value": "Ja"
          },
          {
            "id": 147,
            "name": "Sarg",
            "type": "TOGGLE",
            "value": "Nej"
          },
          {
            "id": 154,
            "name": "Bokningsbar",
            "type": "TOGGLE",
            "value": "Nej"
          },
          {
            "id": 156,
            "name": "Amerikansk fotbollsplan",
            "type": "TOGGLE",
            "value": "Nej"
          },
          {
            "id": 157,
            "name": "Baseball eller softball",
            "type": "TOGGLE",
            "value": "Nej"
          },
          {
            "id": 182,
            "name": "Rugby",
            "type": "TOGGLE",
            "value": "Nej"
          },
          {
            "id": 225,
            "name": "Friidrott",
            "type": "TOGGLE",
            "value": "Nej"
          },
          {
            "id": 279,
            "name": "Belysning",
            "type": "TOGGLE",
            "value": "Ja"
          },
          {
            "id": 285,
            "name": "Felanmälan",
            "type": "Felanmälningstjänst",
            "reportName": "Kontakt Sundsvall",
            "reportDescription": "Felanmälan av motionsspår, elljusspår, leder och andra friluftsanläggningar",
            "reportLink": "https://sundsvall.se/kommun-och-politik/politik-och-demokrati/dialog-och-synpunkter/felanmalan",
            "reportPhone": "060-19 10 00",
            "reportEmail": "kontakt@sundsvall.se"
          },
          {
            "id": 1,
            "name": "Beskrivning",
            "type": "FREETEXT",
            "value": "Sommartid en grusplan med 2 stycken 7-manna mål. Vintertid en isplan med belysning som spolas eller skottas en gång i veckan utifrån väder."
          }
        ],
        "centerPoint": [
          17.37070282014932,
          62.26758741723512
        ]
      },
      "geometry": {
        "type": "MultiPolygon",
        "coordinates": [
          [
            [
              [
                17.370507509428233,
                62.26779052680246
              ],
              [
                17.37073529802843,
                62.26778244603128
              ],
              [
                17.370959691716244,
                62.26777693741228
              ],
              [
                17.370942124966646,
                62.267622172572985
              ],
              [
                17.37093901217492,
                62.26760546199416
              ],
              [
                17.370900079777076,
                62.26738484518101
              ],
              [
                17.3704530945106,
                62.267395831086255
              ],
              [
                17.37044663368528,
                62.267405161529304
              ],
              [
                17.370507509428233,
                62.26779052680246
              ]
            ]
          ]
        ]
      }
    },
    {
      "id": 1302,
      "type": "Feature",
      "properties": {
        "name": "Löparbana, Solede skola",
        "type": "Aktivitetsyta",
        "created": "2019-12-03 13:31:35",
        "published": false
      },
      "geometry": null
    },
    {
      "id": 1318,
      "type": "Feature",
      "properties": {
        "name": "Löta - Nolby Hockey",
        "type": "Aktivitetsyta",
        "created": "2019-12-04 09:26:07",
        "updated": "2020-03-24 15:02:48",
        "published": false
      },
      "geometry": null
    },
    {
      "id": 1319,
      "type": "Feature",
      "properties": {
        "name": "Skottsunds isrink",
        "type": "Aktivitetsyta",
        "created": "2019-12-04 09:29:34",
        "updated": "2023-01-03 08:59:33",
        "published": true,
        "owner": {
          "organizationID": 66,
          "name": "Skottsunds intresseförening"
        },
        "manager": {
          "organizationID": 66,
          "name": "Skottsunds intresseförening"
        },
        "tags": [
          "bandy",
          "ishockey",
          "isrink",
          "skridskor"
        ],
        "fields": [
          {
            "id": 34,
            "name": "Underlag",
            "type": "DROPDOWN",
            "value": "Grus"
          },
          {
            "id": 140,
            "name": "Isplanens storlek",
            "type": "DROPDOWN",
            "value": "20x40"
          },
          {
            "id": 153,
            "name": "Allmänt tillgänglig",
            "type": "DROPDOWN",
            "value": "Hela dygnet"
          },
          {
            "id": 7,
            "name": "Tillhörande filer",
            "type": "FILES",
            "value": [
              {
                "id": 1241,
                "filename": "Skottsunds isbana (1).JPG",
                "description": "Isplan vid Skottsund",
                "alttext": "Isplan för skridskoåkning",
                "sourcetext": "Sundsvalls kommun",
                "validForWinter": true,
                "validForSummer": false,
                "sortIndex": 1,
                "type": "image/jpeg",
                "size": 2846065,
                "url": "https://api.sundsvall.se/facilities/2.2/field/filesfield/1241",
                "license": "CC0",
                "licenseDescription": "Creative commons. \"No rights reserved\" https://creativecommons.org/share-your-work/public-domain/cc0/"
              }
            ]
          },
          {
            "id": 137,
            "name": "Isplan enklare",
            "type": "TOGGLE",
            "value": "Nej"
          },
          {
            "id": 138,
            "name": "Ishockeyplan",
            "type": "TOGGLE",
            "value": "Ja"
          },
          {
            "id": 139,
            "name": "Bandyplan",
            "type": "TOGGLE",
            "value": "Nej"
          },
          {
            "id": 141,
            "name": "Fotbollsplan enklare",
            "type": "TOGGLE",
            "value": "Nej"
          },
          {
            "id": 147,
            "name": "Sarg",
            "type": "TOGGLE",
            "value": "Ja"
          },
          {
            "id": 154,
            "name": "Bokningsbar",
            "type": "TOGGLE",
            "value": "Nej"
          },
          {
            "id": 156,
            "name": "Amerikansk fotbollsplan",
            "type": "TOGGLE",
            "value": "Nej"
          },
          {
            "id": 157,
            "name": "Baseball eller softball",
            "type": "TOGGLE",
            "value": "Nej"
          },
          {
            "id": 182,
            "name": "Rugby",
            "type": "TOGGLE",
            "value": "Nej"
          },
          {
            "id": 225,
            "name": "Friidrott",
            "type": "TOGGLE",
            "value": "Nej"
          },
          {
            "id": 279,
            "name": "Belysning",
            "type": "TOGGLE",
            "value": "Ja"
          },
          {
            "id": 1,
            "name": "Beskrivning",
            "type": "FREETEXT",
            "value": "Isrink i Skottsund. "
          }
        ],
        "centerPoint": [
          17.388875105998352,
          62.28934978031505
        ]
      },
      "geometry": {
        "type": "MultiPolygon",
        "coordinates": [
          [
            [
              [
                17.38912141156229,
                62.2891691911356
              ],
              [
                17.389332298327687,
                62.28931684310106
              ],
              [
                17.388629902449566,
                62.28953440005366
              ],
              [
                17.388419017572414,
                62.28938674702069
              ],
              [
                17.38912141156229,
                62.2891691911356
              ]
            ]
          ]
        ]
      }
    },
    {
      "id": 1325,
      "type": "Feature",
      "properties": {
        "name": "Dykets Outdoor Floorball Park",
        "type": "Aktivitetsyta",
        "created": "2019-12-04 10:37:40",
        "updated": "2026-06-22 08:30:57",
        "published": true,
        "parentObjects": [
          1380
        ],
        "owner": {
          "organizationID": 27,
          "name": "dykets intresseförening"
        },
        "manager": {
          "organizationID": 27,
          "name": "dykets intresseförening"
        },
        "tags": [
          "dyket",
          "floorball",
          "innebandy",
          "outdoor floorball park"
        ],
        "fields": [
          {
            "id": 153,
            "name": "Allmänt tillgänglig",
            "type": "DROPDOWN",
            "value": "Särskilda öppettider"
          },
          {
            "id": 146,
            "name": "Landhockeyplan antal",
            "type": "INTEGER",
            "value": 1
          },
          {
            "id": 7,
            "name": "Tillhörande filer",
            "type": "FILES",
            "value": [
              {
                "id": 1246,
                "filename": "DSC_0023.JPG",
                "validForWinter": false,
                "validForSummer": false,
                "sortIndex": null,
                "type": "image/jpeg",
                "size": 4206048,
                "url": "https://api.sundsvall.se/facilities/2.2/field/filesfield/1246",
                "license": "CC0",
                "licenseDescription": "Creative commons. \"No rights reserved\" https://creativecommons.org/share-your-work/public-domain/cc0/"
              }
            ]
          },
          {
            "id": 137,
            "name": "Isplan enklare",
            "type": "TOGGLE",
            "value": "Nej"
          },
          {
            "id": 138,
            "name": "Ishockeyplan",
            "type": "TOGGLE",
            "value": "Nej"
          },
          {
            "id": 139,
            "name": "Bandyplan",
            "type": "TOGGLE",
            "value": "Nej"
          },
          {
            "id": 141,
            "name": "Fotbollsplan enklare",
            "type": "TOGGLE",
            "value": "Nej"
          },
          {
            "id": 147,
            "name": "Sarg",
            "type": "TOGGLE",
            "value": "Ja"
          },
          {
            "id": 154,
            "name": "Bokningsbar",
            "type": "TOGGLE",
            "value": "Nej"
          },
          {
            "id": 156,
            "name": "Amerikansk fotbollsplan",
            "type": "TOGGLE",
            "value": "Nej"
          },
          {
            "id": 157,
            "name": "Baseball eller softball",
            "type": "TOGGLE",
            "value": "Nej"
          },
          {
            "id": 182,
            "name": "Rugby",
            "type": "TOGGLE",
            "value": "Nej"
          },
          {
            "id": 225,
            "name": "Friidrott",
            "type": "TOGGLE",
            "value": "Nej"
          },
          {
            "id": 1,
            "name": "Beskrivning",
            "type": "FREETEXT",
            "value": "Detta är den första Floorball Park (innebandyplan utomhus) i Sundsvall och ett samarbete mellan Klockarbergets BK och Dykets Intresseförening."
          },
          {
            "id": 155,
            "name": "Bokning länk",
            "type": "FREETEXT",
            "value": "http://dyket.se/aktiviteter/outdoor-floorball-park/"
          },
          {
            "id": 180,
            "name": "Kontakt länk",
            "type": "FREETEXT",
            "value": "http://dyket.se/aktiviteter/outdoor-floorball-park/"
          }
        ],
        "centerPoint": [
          17.394510429510458,
          62.29603834370547
        ]
      },
      "geometry": {
        "type": "MultiPolygon",
        "coordinates": [
          [
            [
              [
                17.394323506501575,
                62.296191205505416
              ],
              [
                17.394343099392128,
                62.295867277925325
              ],
              [
                17.39469378908812,
                62.29587257968402
              ],
              [
                17.394671351242827,
                62.29619645298903
              ],
              [
                17.394323506501575,
                62.296191205505416
              ]
            ]
          ]
        ]
      }
    },
    {
      "id": 1326,
      "type": "Feature",
      "properties": {
        "name": "Dykets Boll- tennis- och basketplan",
        "type": "Aktivitetsyta",
        "created": "2019-12-04 10:55:45",
        "updated": "2026-06-22 08:30:57",
        "published": true,
        "parentObjects": [
          1380
        ],
        "owner": {
          "organizationID": 27,
          "name": "dykets intresseförening"
        },
        "manager": {
          "organizationID": 27,
          "name": "dykets intresseförening"
        },
        "tags": [
          "basket",
          "bollplan",
          "dyket",
          "fotboll",
          "konstgräs",
          "tennis",
          "tennisplan"
        ],
        "fields": [
          {
            "id": 34,
            "name": "Underlag",
            "type": "DROPDOWN",
            "value": "Konstgräs"
          },
          {
            "id": 153,
            "name": "Allmänt tillgänglig",
            "type": "DROPDOWN",
            "value": "Hela dygnet"
          },
          {
            "id": 142,
            "name": "Fotbollsplan 5-manna antal",
            "type": "INTEGER",
            "value": 1
          },
          {
            "id": 143,
            "name": "Fotbollsplan 7-manna antal",
            "type": "INTEGER",
            "value": 0
          },
          {
            "id": 145,
            "name": "Basketplan antal",
            "type": "INTEGER",
            "value": 1
          },
          {
            "id": 7,
            "name": "Tillhörande filer",
            "type": "FILES",
            "value": [
              {
                "id": 1247,
                "filename": "DSC_0692.JPG",
                "validForWinter": false,
                "validForSummer": false,
                "sortIndex": null,
                "type": "image/jpeg",
                "size": 1696805,
                "url": "https://api.sundsvall.se/facilities/2.2/field/filesfield/1247",
                "license": "CC0",
                "licenseDescription": "Creative commons. \"No rights reserved\" https://creativecommons.org/share-your-work/public-domain/cc0/"
              }
            ]
          },
          {
            "id": 137,
            "name": "Isplan enklare",
            "type": "TOGGLE",
            "value": "Nej"
          },
          {
            "id": 138,
            "name": "Ishockeyplan",
            "type": "TOGGLE",
            "value": "Nej"
          },
          {
            "id": 139,
            "name": "Bandyplan",
            "type": "TOGGLE",
            "value": "Nej"
          },
          {
            "id": 141,
            "name": "Fotbollsplan enklare",
            "type": "TOGGLE",
            "value": "Nej"
          },
          {
            "id": 147,
            "name": "Sarg",
            "type": "TOGGLE",
            "value": "Nej"
          },
          {
            "id": 154,
            "name": "Bokningsbar",
            "type": "TOGGLE",
            "value": "Nej"
          },
          {
            "id": 156,
            "name": "Amerikansk fotbollsplan",
            "type": "TOGGLE",
            "value": "Nej"
          },
          {
            "id": 157,
            "name": "Baseball eller softball",
            "type": "TOGGLE",
            "value": "Nej"
          },
          {
            "id": 182,
            "name": "Rugby",
            "type": "TOGGLE",
            "value": "Nej"
          },
          {
            "id": 225,
            "name": "Friidrott",
            "type": "TOGGLE",
            "value": "Nej"
          },
          {
            "id": 1,
            "name": "Beskrivning",
            "type": "FREETEXT",
            "value": "En aktivitetsyta för tennis, fotboll och basket vid Dykets badplats. Underlag konstgräs. "
          },
          {
            "id": 155,
            "name": "Bokning länk",
            "type": "FREETEXT",
            "value": "http://dyket.se/"
          },
          {
            "id": 180,
            "name": "Kontakt länk",
            "type": "FREETEXT",
            "value": "http://dyket.se/"
          }
        ],
        "centerPoint": [
          17.394162249887106,
          62.29602092148048
        ]
      },
      "geometry": {
        "type": "MultiPolygon",
        "coordinates": [
          [
            [
              [
                17.394323506501575,
                62.296191205505416
              ],
              [
                17.39398457951082,
                62.29618608692471
              ],
              [
                17.3940072103919,
                62.29586220397377
              ],
              [
                17.394343099392128,
                62.295867277925325
              ],
              [
                17.394323506501575,
                62.296191205505416
              ]
            ]
          ]
        ]
      }
    },
    {
      "id": 1347,
      "type": "Feature",
      "properties": {
        "name": "Ljustadalens spontanidrottsplats",
        "type": "Aktivitetsyta",
        "created": "2019-12-05 13:54:19",
        "published": false
      },
      "geometry": null
    },
    {
      "id": 1373,
      "type": "Feature",
      "properties": {
        "name": "Norrhassel, Isplan",
        "type": "Aktivitetsyta",
        "created": "2019-12-06 16:44:38",
        "updated": "2023-01-02 13:18:58",
        "published": true,
        "owner": {
          "organizationID": 172,
          "name": "Sundsvalls kommun Parkavdelningen"
        },
        "tags": [
          "isplan",
          "skridskor"
        ],
        "fields": [
          {
            "id": 153,
            "name": "Allmänt tillgänglig",
            "type": "DROPDOWN",
            "value": "Hela dygnet"
          },
          {
            "id": 137,
            "name": "Isplan enklare",
            "type": "TOGGLE",
            "value": "Ja"
          },
          {
            "id": 138,
            "name": "Ishockeyplan",
            "type": "TOGGLE",
            "value": "Nej"
          },
          {
            "id": 139,
            "name": "Bandyplan",
            "type": "TOGGLE",
            "value": "Nej"
          },
          {
            "id": 141,
            "name": "Fotbollsplan enklare",
            "type": "TOGGLE",
            "value": "Nej"
          },
          {
            "id": 147,
            "name": "Sarg",
            "type": "TOGGLE",
            "value": "Nej"
          },
          {
            "id": 154,
            "name": "Bokningsbar",
            "type": "TOGGLE",
            "value": "Nej"
          },
          {
            "id": 156,
            "name": "Amerikansk fotbollsplan",
            "type": "TOGGLE",
            "value": "Nej"
          },
          {
            "id": 157,
            "name": "Baseball eller softball",
            "type": "TOGGLE",
            "value": "Nej"
          },
          {
            "id": 182,
            "name": "Rugby",
            "type": "TOGGLE",
            "value": "Nej"
          },
          {
            "id": 225,
            "name": "Friidrott",
            "type": "TOGGLE",
            "value": "Nej"
          },
          {
            "id": 279,
            "name": "Belysning",
            "type": "TOGGLE",
            "value": "Ja"
          },
          {
            "id": 1,
            "name": "Beskrivning",
            "type": "FREETEXT",
            "value": "isplan i Norrhassel"
          }
        ],
        "centerPoint": [
          16.74434124441608,
          62.25656536517797
        ]
      },
      "geometry": {
        "type": "MultiPolygon",
        "coordinates": [
          [
            [
              [
                16.744208479758385,
                62.25670836091302
              ],
              [
                16.744586132343677,
                62.25668015137338
              ],
              [
                16.744462863918418,
                62.25641353948825
              ],
              [
                16.744094776507286,
                62.25645168461504
              ],
              [
                16.744208479758385,
                62.25670836091302
              ]
            ]
          ]
        ]
      }
    },
    {
      "id": 1388,
      "type": "Feature",
      "properties": {
        "name": "Maland Tennis",
        "type": "Aktivitetsyta",
        "created": "2019-12-09 16:55:47",
        "published": false
      },
      "geometry": null
    },
    {
      "id": 1389,
      "type": "Feature",
      "properties": {
        "name": "Fagerdalsparken",
        "type": "Aktivitetsyta",
        "created": "2019-12-10 10:03:30",
        "updated": "2020-06-29 15:16:34",
        "published": true,
        "owner": {
          "organizationID": 172,
          "name": "Sundsvalls kommun Parkavdelningen"
        },
        "manager": {
          "organizationID": 172,
          "name": "Sundsvalls kommun Parkavdelningen"
        },
        "tags": [
          "aktivitetsyta",
          "fagerdalsparken",
          "grönyta",
          "park"
        ],
        "fields": [
          {
            "id": 34,
            "name": "Underlag",
            "type": "DROPDOWN",
            "value": "Gräs"
          },
          {
            "id": 153,
            "name": "Allmänt tillgänglig",
            "type": "DROPDOWN",
            "value": "Hela dygnet"
          },
          {
            "id": 7,
            "name": "Tillhörande filer",
            "type": "FILES",
            "value": [
              {
                "id": 1286,
                "filename": "P9230002.JPG",
                "validForWinter": false,
                "validForSummer": false,
                "sortIndex": null,
                "type": "image/jpeg",
                "size": 2607497,
                "url": "https://api.sundsvall.se/facilities/2.2/field/filesfield/1286",
                "license": "CC0",
                "licenseDescription": "Creative commons. \"No rights reserved\" https://creativecommons.org/share-your-work/public-domain/cc0/"
              },
              {
                "id": 1287,
                "filename": "P9230009.JPG",
                "validForWinter": false,
                "validForSummer": false,
                "sortIndex": null,
                "type": "image/jpeg",
                "size": 3057587,
                "url": "https://api.sundsvall.se/facilities/2.2/field/filesfield/1287",
                "license": "CC0",
                "licenseDescription": "Creative commons. \"No rights reserved\" https://creativecommons.org/share-your-work/public-domain/cc0/"
              },
              {
                "id": 1288,
                "filename": "P9230024.JPG",
                "validForWinter": false,
                "validForSummer": false,
                "sortIndex": null,
                "type": "image/jpeg",
                "size": 3096650,
                "url": "https://api.sundsvall.se/facilities/2.2/field/filesfield/1288",
                "license": "CC0",
                "licenseDescription": "Creative commons. \"No rights reserved\" https://creativecommons.org/share-your-work/public-domain/cc0/"
              },
              {
                "id": 1289,
                "filename": "P9230019.JPG",
                "validForWinter": false,
                "validForSummer": false,
                "sortIndex": null,
                "type": "image/jpeg",
                "size": 3105279,
                "url": "https://api.sundsvall.se/facilities/2.2/field/filesfield/1289",
                "license": "CC0",
                "licenseDescription": "Creative commons. \"No rights reserved\" https://creativecommons.org/share-your-work/public-domain/cc0/"
              }
            ]
          },
          {
            "id": 137,
            "name": "Isplan enklare",
            "type": "TOGGLE",
            "value": "Nej"
          },
          {
            "id": 138,
            "name": "Ishockeyplan",
            "type": "TOGGLE",
            "value": "Nej"
          },
          {
            "id": 139,
            "name": "Bandyplan",
            "type": "TOGGLE",
            "value": "Nej"
          },
          {
            "id": 141,
            "name": "Fotbollsplan enklare",
            "type": "TOGGLE",
            "value": "Nej"
          },
          {
            "id": 147,
            "name": "Sarg",
            "type": "TOGGLE",
            "value": "Nej"
          },
          {
            "id": 154,
            "name": "Bokningsbar",
            "type": "TOGGLE",
            "value": "Nej"
          },
          {
            "id": 156,
            "name": "Amerikansk fotbollsplan",
            "type": "TOGGLE",
            "value": "Nej"
          },
          {
            "id": 157,
            "name": "Baseball eller softball",
            "type": "TOGGLE",
            "value": "Nej"
          },
          {
            "id": 182,
            "name": "Rugby",
            "type": "TOGGLE",
            "value": "Nej"
          },
          {
            "id": 225,
            "name": "Friidrott",
            "type": "TOGGLE",
            "value": "Nej"
          },
          {
            "id": 285,
            "name": "Felanmälan",
            "type": "Felanmälningstjänst",
            "reportName": "Sundsvalls kommun parker och lekparker",
            "reportDescription": "Felanmälan av parker",
            "reportLink": "https://isycase.isy.se/Sundsvall/publicform/create",
            "reportPhone": "060-19 15 65",
            "reportEmail": "servicecenter.kundtjanst@sundsvall.se"
          },
          {
            "id": 1,
            "name": "Beskrivning",
            "type": "FREETEXT",
            "value": "Större gräsyta i anslutning till bostadsområden efter Sidsjövägen. "
          }
        ],
        "centerPoint": [
          17.283559936379017,
          62.38253807542637
        ]
      },
      "geometry": {
        "type": "MultiPolygon",
        "coordinates": [
          [
            [
              [
                17.283315204862078,
                62.38313481987467
              ],
              [
                17.28397337317579,
                62.3832425544819
              ],
              [
                17.28484096562866,
                62.382899630267865
              ],
              [
                17.284262115260315,
                62.38185306350073
              ],
              [
                17.282532133299796,
                62.38184372230314
              ],
              [
                17.2825144456042,
                62.38267915860639
              ],
              [
                17.282341171169914,
                62.38299449395421
              ],
              [
                17.283377166881483,
                62.38318766290344
              ],
              [
                17.283512617702762,
                62.3831369628979
              ],
              [
                17.283315204862078,
                62.38313481987467
              ]
            ]
          ]
        ]
      }
    },
    {
      "id": 1390,
      "type": "Feature",
      "properties": {
        "name": "Aktivitetsyta Juniskär",
        "type": "Aktivitetsyta",
        "created": "2019-12-10 10:05:33",
        "published": false
      },
      "geometry": null
    },
    {
      "id": 1407,
      "type": "Feature",
      "properties": {
        "name": "Basketplan, Norrmalm",
        "type": "Aktivitetsyta",
        "created": "2019-12-11 16:29:07",
        "published": false
      },
      "geometry": null
    },
    {
      "id": 1408,
      "type": "Feature",
      "properties": {
        "name": "Fotbollsplan, Österström",
        "type": "Aktivitetsyta",
        "created": "2019-12-13 11:19:27",
        "published": false
      },
      "geometry": null
    },
    {
      "id": 1410,
      "type": "Feature",
      "properties": {
        "name": "Hedbergska skolidrottsplats, grusplan och isplan",
        "type": "Aktivitetsyta",
        "created": "2019-12-13 13:10:56",
        "updated": "2023-01-02 13:40:52",
        "published": true,
        "owner": {
          "organizationID": 167,
          "name": "sundsvalls kommun"
        },
        "manager": {
          "organizationID": 170,
          "name": "Sundsvalls kommun Idrott och fritid"
        },
        "tags": [
          "friidrott",
          "hedbergskaskolan",
          "idrott",
          "isbana",
          "löparbana",
          "skolidrottsplats"
        ],
        "fields": [
          {
            "id": 34,
            "name": "Underlag",
            "type": "DROPDOWN",
            "value": "Grus"
          },
          {
            "id": 140,
            "name": "Isplanens storlek",
            "type": "DROPDOWN",
            "value": "20x40"
          },
          {
            "id": 153,
            "name": "Allmänt tillgänglig",
            "type": "DROPDOWN",
            "value": "Utanför skoltid"
          },
          {
            "id": 142,
            "name": "Fotbollsplan 5-manna antal",
            "type": "INTEGER",
            "value": 1
          },
          {
            "id": 143,
            "name": "Fotbollsplan 7-manna antal",
            "type": "INTEGER",
            "value": 1
          },
          {
            "id": 7,
            "name": "Tillhörande filer",
            "type": "FILES",
            "value": [
              {
                "id": 2277,
                "filename": "P3060127.JPG",
                "description": "Hedbergska skolans isplan",
                "alttext": "Isbana med målburar",
                "sourcetext": "Sundsvalls kommun",
                "validForWinter": true,
                "validForSummer": false,
                "sortIndex": 1,
                "type": "image/jpeg",
                "size": 2878752,
                "url": "https://api.sundsvall.se/facilities/2.2/field/filesfield/2277",
                "license": "CC0",
                "licenseDescription": "Creative commons. \"No rights reserved\" https://creativecommons.org/share-your-work/public-domain/cc0/"
              },
              {
                "id": 2278,
                "filename": "Grusplan Hedbergska skolan (2).JPG",
                "description": "Hedbergska skolans grusplan",
                "alttext": "Grusplan för bollspel",
                "sourcetext": "Sundsvalls kommun",
                "validForWinter": false,
                "validForSummer": true,
                "sortIndex": 2,
                "type": "image/jpeg",
                "size": 3025117,
                "url": "https://api.sundsvall.se/facilities/2.2/field/filesfield/2278",
                "license": "CC0",
                "licenseDescription": "Creative commons. \"No rights reserved\" https://creativecommons.org/share-your-work/public-domain/cc0/"
              }
            ]
          },
          {
            "id": 137,
            "name": "Isplan enklare",
            "type": "TOGGLE",
            "value": "Ja"
          },
          {
            "id": 138,
            "name": "Ishockeyplan",
            "type": "TOGGLE",
            "value": "Nej"
          },
          {
            "id": 139,
            "name": "Bandyplan",
            "type": "TOGGLE",
            "value": "Nej"
          },
          {
            "id": 141,
            "name": "Fotbollsplan enklare",
            "type": "TOGGLE",
            "value": "Ja"
          },
          {
            "id": 147,
            "name": "Sarg",
            "type": "TOGGLE",
            "value": "Nej"
          },
          {
            "id": 154,
            "name": "Bokningsbar",
            "type": "TOGGLE",
            "value": "Nej"
          },
          {
            "id": 156,
            "name": "Amerikansk fotbollsplan",
            "type": "TOGGLE",
            "value": "Nej"
          },
          {
            "id": 157,
            "name": "Baseball eller softball",
            "type": "TOGGLE",
            "value": "Nej"
          },
          {
            "id": 182,
            "name": "Rugby",
            "type": "TOGGLE",
            "value": "Nej"
          },
          {
            "id": 225,
            "name": "Friidrott",
            "type": "TOGGLE",
            "value": "Ja"
          },
          {
            "id": 279,
            "name": "Belysning",
            "type": "TOGGLE",
            "value": "Ja"
          },
          {
            "id": 285,
            "name": "Felanmälan",
            "type": "Felanmälningstjänst",
            "reportName": "Kontakt Sundsvall",
            "reportDescription": "Felanmälan av motionsspår, elljusspår, leder och andra friluftsanläggningar",
            "reportLink": "https://sundsvall.se/kommun-och-politik/politik-och-demokrati/dialog-och-synpunkter/felanmalan",
            "reportPhone": "060-19 10 00",
            "reportEmail": "kontakt@sundsvall.se"
          },
          {
            "id": 1,
            "name": "Beskrivning",
            "type": "FREETEXT",
            "value": "Grusplan sommartid. Isbana som spolas och snöröjs under vintertid utifrån väder."
          },
          {
            "id": 180,
            "name": "Kontakt länk",
            "type": "FREETEXT",
            "value": "https://sundsvall.se/uppleva-och-gora/idrott-motion-och-friluftsliv/hallar-och-idrottsanlaggningar/ishallar-och-isbanor"
          }
        ],
        "centerPoint": [
          17.298768098062467,
          62.39036088074353
        ]
      },
      "geometry": {
        "type": "MultiPolygon",
        "coordinates": [
          [
            [
              [
                17.299216298213047,
                62.390547626350575
              ],
              [
                17.29856479549218,
                62.39061810098572
              ],
              [
                17.298321445468904,
                62.39018208850295
              ],
              [
                17.298972698727926,
                62.39010847594677
              ],
              [
                17.299216298213047,
                62.390547626350575
              ]
            ]
          ]
        ]
      }
    },
    {
      "id": 1464,
      "type": "Feature",
      "properties": {
        "name": "Lidens spontanidrottsanläggning",
        "type": "Aktivitetsyta",
        "created": "2020-03-12 15:40:34",
        "updated": "2024-05-31 12:00:39",
        "published": true,
        "owner": {
          "organizationID": 171,
          "name": "Sundsvalls kommun Kultur och fritid"
        },
        "manager": {
          "organizationID": 171,
          "name": "Sundsvalls kommun Kultur och fritid"
        },
        "tags": [
          "kulan"
        ],
        "fields": [
          {
            "id": 153,
            "name": "Allmänt tillgänglig",
            "type": "DROPDOWN",
            "value": "Hela dygnet"
          },
          {
            "id": 137,
            "name": "Isplan enklare",
            "type": "TOGGLE",
            "value": "Nej"
          },
          {
            "id": 138,
            "name": "Ishockeyplan",
            "type": "TOGGLE",
            "value": "Nej"
          },
          {
            "id": 139,
            "name": "Bandyplan",
            "type": "TOGGLE",
            "value": "Nej"
          },
          {
            "id": 141,
            "name": "Fotbollsplan enklare",
            "type": "TOGGLE",
            "value": "Nej"
          },
          {
            "id": 147,
            "name": "Sarg",
            "type": "TOGGLE",
            "value": "Nej"
          },
          {
            "id": 154,
            "name": "Bokningsbar",
            "type": "TOGGLE",
            "value": "Nej"
          },
          {
            "id": 156,
            "name": "Amerikansk fotbollsplan",
            "type": "TOGGLE",
            "value": "Nej"
          },
          {
            "id": 157,
            "name": "Baseball eller softball",
            "type": "TOGGLE",
            "value": "Nej"
          },
          {
            "id": 182,
            "name": "Rugby",
            "type": "TOGGLE",
            "value": "Nej"
          },
          {
            "id": 225,
            "name": "Friidrott",
            "type": "TOGGLE",
            "value": "Nej"
          },
          {
            "id": 279,
            "name": "Belysning",
            "type": "TOGGLE",
            "value": "Nej"
          },
          {
            "id": 285,
            "name": "Felanmälan",
            "type": "Felanmälningstjänst",
            "reportName": "Kontakt Sundsvall",
            "reportDescription": "Felanmälan av motionsspår, elljusspår, leder och andra friluftsanläggningar",
            "reportLink": "https://sundsvall.se/kommun-och-politik/politik-och-demokrati/dialog-och-synpunkter/felanmalan",
            "reportPhone": "060-19 10 00",
            "reportEmail": "kontakt@sundsvall.se"
          },
          {
            "id": 1,
            "name": "Beskrivning",
            "type": "FREETEXT",
            "value": "Spontanidrottsarena"
          }
        ],
        "centerPoint": [
          16.801672927130788,
          62.70201441278627
        ]
      },
      "geometry": {
        "type": "MultiPolygon",
        "coordinates": [
          [
            [
              [
                16.801298679605708,
                62.702169048336096
              ],
              [
                16.801473363920696,
                62.70180145169672
              ],
              [
                16.802046463812943,
                62.701864483443124
              ],
              [
                16.801790955768137,
                62.70222306290195
              ],
              [
                16.801298679605708,
                62.702169048336096
              ]
            ]
          ]
        ]
      }
    },
    {
      "id": 1468,
      "type": "Feature",
      "properties": {
        "name": "Lidens friidrottsbana",
        "type": "Aktivitetsyta",
        "created": "2020-03-12 15:48:15",
        "updated": "2024-05-31 12:01:25",
        "published": true,
        "fields": [
          {
            "id": 153,
            "name": "Allmänt tillgänglig",
            "type": "DROPDOWN",
            "value": "Hela dygnet"
          },
          {
            "id": 137,
            "name": "Isplan enklare",
            "type": "TOGGLE",
            "value": "Nej"
          },
          {
            "id": 138,
            "name": "Ishockeyplan",
            "type": "TOGGLE",
            "value": "Nej"
          },
          {
            "id": 139,
            "name": "Bandyplan",
            "type": "TOGGLE",
            "value": "Nej"
          },
          {
            "id": 141,
            "name": "Fotbollsplan enklare",
            "type": "TOGGLE",
            "value": "Nej"
          },
          {
            "id": 147,
            "name": "Sarg",
            "type": "TOGGLE",
            "value": "Nej"
          },
          {
            "id": 154,
            "name": "Bokningsbar",
            "type": "TOGGLE",
            "value": "Nej"
          },
          {
            "id": 156,
            "name": "Amerikansk fotbollsplan",
            "type": "TOGGLE",
            "value": "Nej"
          },
          {
            "id": 157,
            "name": "Baseball eller softball",
            "type": "TOGGLE",
            "value": "Nej"
          },
          {
            "id": 182,
            "name": "Rugby",
            "type": "TOGGLE",
            "value": "Nej"
          },
          {
            "id": 225,
            "name": "Friidrott",
            "type": "TOGGLE",
            "value": "Ja"
          },
          {
            "id": 279,
            "name": "Belysning",
            "type": "TOGGLE",
            "value": "Nej"
          }
        ],
        "centerPoint": [
          16.806519553956836,
          62.701786991953846
        ]
      },
      "geometry": {
        "type": "MultiPolygon",
        "coordinates": [
          [
            [
              [
                16.80608167949271,
                62.702211485483936
              ],
              [
                16.806808430070586,
                62.701323938070324
              ],
              [
                16.80695611854306,
                62.70135220351355
              ],
              [
                16.80625895054276,
                62.70224607472658
              ],
              [
                16.80608167949271,
                62.702211485483936
              ]
            ]
          ]
        ]
      }
    },
    {
      "id": 1662,
      "type": "Feature",
      "properties": {
        "name": "Boulebana Vikingavägen Granlo",
        "type": "Aktivitetsyta",
        "created": "2020-09-07 11:16:37",
        "updated": "2020-09-07 11:18:43",
        "published": false
      },
      "geometry": null
    },
    {
      "id": 1663,
      "type": "Feature",
      "properties": {
        "name": "Bollplan",
        "type": "Aktivitetsyta",
        "created": "2020-09-07 11:22:32",
        "published": false
      },
      "geometry": null
    },
    {
      "id": 1664,
      "type": "Feature",
      "properties": {
        "name": "Basketplan vid Högoms skola",
        "type": "Aktivitetsyta",
        "created": "2020-09-07 11:28:47",
        "updated": "2021-12-17 16:01:59",
        "published": true,
        "owner": {
          "organizationID": 168,
          "name": "Sundsvalls kommun Drakfastigheter"
        },
        "manager": {
          "organizationID": 25,
          "name": "drakfastigheter"
        },
        "tags": [
          "basket",
          "basketkorg",
          "basketplan"
        ],
        "fields": [
          {
            "id": 34,
            "name": "Underlag",
            "type": "DROPDOWN",
            "value": "Asfalt"
          },
          {
            "id": 153,
            "name": "Allmänt tillgänglig",
            "type": "DROPDOWN",
            "value": "Hela dygnet"
          },
          {
            "id": 145,
            "name": "Basketplan antal",
            "type": "INTEGER",
            "value": 1
          },
          {
            "id": 7,
            "name": "Tillhörande filer",
            "type": "FILES",
            "value": [
              {
                "id": 1787,
                "filename": "DSC_0096_1_.jpg",
                "description": "",
                "alttext": "Basketplan med baskatkorgar",
                "sourcetext": "Sundsvalls kommun",
                "validForWinter": false,
                "validForSummer": true,
                "sortIndex": null,
                "type": "image/jpeg",
                "size": 2803157,
                "url": "https://api.sundsvall.se/facilities/2.2/field/filesfield/1787",
                "license": "CC0",
                "licenseDescription": "Creative commons. \"No rights reserved\" https://creativecommons.org/share-your-work/public-domain/cc0/"
              },
              {
                "id": 2252,
                "filename": "basket_02_högoms_skola.jpg",
                "description": "Basketplan",
                "alttext": "Basketplan i fågelperspektiv",
                "sourcetext": "Sundsvalls kommun",
                "validForWinter": false,
                "validForSummer": true,
                "sortIndex": 1,
                "type": "image/jpeg",
                "size": 48675,
                "url": "https://api.sundsvall.se/facilities/2.2/field/filesfield/2252"
              }
            ]
          },
          {
            "id": 137,
            "name": "Isplan enklare",
            "type": "TOGGLE",
            "value": "Nej"
          },
          {
            "id": 138,
            "name": "Ishockeyplan",
            "type": "TOGGLE",
            "value": "Nej"
          },
          {
            "id": 139,
            "name": "Bandyplan",
            "type": "TOGGLE",
            "value": "Nej"
          },
          {
            "id": 141,
            "name": "Fotbollsplan enklare",
            "type": "TOGGLE",
            "value": "Nej"
          },
          {
            "id": 147,
            "name": "Sarg",
            "type": "TOGGLE",
            "value": "Nej"
          },
          {
            "id": 154,
            "name": "Bokningsbar",
            "type": "TOGGLE",
            "value": "Nej"
          },
          {
            "id": 156,
            "name": "Amerikansk fotbollsplan",
            "type": "TOGGLE",
            "value": "Nej"
          },
          {
            "id": 157,
            "name": "Baseball eller softball",
            "type": "TOGGLE",
            "value": "Nej"
          },
          {
            "id": 182,
            "name": "Rugby",
            "type": "TOGGLE",
            "value": "Nej"
          },
          {
            "id": 225,
            "name": "Friidrott",
            "type": "TOGGLE",
            "value": "Nej"
          },
          {
            "id": 279,
            "name": "Belysning",
            "type": "TOGGLE",
            "value": "Ja"
          },
          {
            "id": 1,
            "name": "Beskrivning",
            "type": "FREETEXT",
            "value": "Basketplan med två basketkorgar"
          }
        ],
        "centerPoint": [
          17.256147657561513,
          62.403551676030936
        ]
      },
      "geometry": {
        "type": "MultiPolygon",
        "coordinates": [
          [
            [
              [
                17.256263579177784,
                62.403730258530054
              ],
              [
                17.25651386534129,
                62.403635056773496
              ],
              [
                17.256054414369338,
                62.40338162943543
              ],
              [
                17.25578500967379,
                62.403492855050715
              ],
              [
                17.256263579177784,
                62.403730258530054
              ]
            ]
          ]
        ]
      }
    },
    {
      "id": 1665,
      "type": "Feature",
      "properties": {
        "name": "Äventyrsgolf, Vikingavägen Granlo",
        "type": "Aktivitetsyta",
        "created": "2020-09-07 11:37:24",
        "published": true,
        "tags": [
          "bangolf",
          "äventyrsgolf"
        ],
        "fields": [
          {
            "id": 153,
            "name": "Allmänt tillgänglig",
            "type": "DROPDOWN",
            "value": "Särskilda öppettider"
          },
          {
            "id": 7,
            "name": "Tillhörande filer",
            "type": "FILES",
            "value": [
              {
                "id": 1788,
                "filename": "Äventyrsgolf Granlo.jpg",
                "validForWinter": false,
                "validForSummer": false,
                "sortIndex": null,
                "type": "image/jpeg",
                "size": 2344102,
                "url": "https://api.sundsvall.se/facilities/2.2/field/filesfield/1788",
                "license": "CC0",
                "licenseDescription": "Creative commons. \"No rights reserved\" https://creativecommons.org/share-your-work/public-domain/cc0/"
              }
            ]
          },
          {
            "id": 137,
            "name": "Isplan enklare",
            "type": "TOGGLE",
            "value": "Nej"
          },
          {
            "id": 138,
            "name": "Ishockeyplan",
            "type": "TOGGLE",
            "value": "Nej"
          },
          {
            "id": 139,
            "name": "Bandyplan",
            "type": "TOGGLE",
            "value": "Nej"
          },
          {
            "id": 141,
            "name": "Fotbollsplan enklare",
            "type": "TOGGLE",
            "value": "Nej"
          },
          {
            "id": 147,
            "name": "Sarg",
            "type": "TOGGLE",
            "value": "Nej"
          },
          {
            "id": 154,
            "name": "Bokningsbar",
            "type": "TOGGLE",
            "value": "Nej"
          },
          {
            "id": 156,
            "name": "Amerikansk fotbollsplan",
            "type": "TOGGLE",
            "value": "Nej"
          },
          {
            "id": 157,
            "name": "Baseball eller softball",
            "type": "TOGGLE",
            "value": "Nej"
          },
          {
            "id": 182,
            "name": "Rugby",
            "type": "TOGGLE",
            "value": "Nej"
          },
          {
            "id": 225,
            "name": "Friidrott",
            "type": "TOGGLE",
            "value": "Nej"
          },
          {
            "id": 1,
            "name": "Beskrivning",
            "type": "FREETEXT",
            "value": "Äventyrsgolfbana med 18 banor"
          },
          {
            "id": 136,
            "name": "Öppettider länk",
            "type": "FREETEXT",
            "value": "https://idrottonline.se/SundsvallsBGK-Bangolf/Nyheter/nyheterfranklubben/aventyrsgolf"
          }
        ],
        "centerPoint": [
          17.254309875406342,
          62.40421667444118
        ]
      },
      "geometry": {
        "type": "MultiPolygon",
        "coordinates": [
          [
            [
              [
                17.25422016718754,
                62.4044593231616
              ],
              [
                17.25401747257308,
                62.4042865949304
              ],
              [
                17.253832090588787,
                62.404163874403245
              ],
              [
                17.254002837627763,
                62.40409196533012
              ],
              [
                17.254350939510157,
                62.40403604378584
              ],
              [
                17.254590297769198,
                62.4039755955384
              ],
              [
                17.254689756415836,
                62.404036845791325
              ],
              [
                17.25479173840313,
                62.40431177966008
              ],
              [
                17.254671822148328,
                62.404338864825846
              ],
              [
                17.25422016718754,
                62.4044593231616
              ]
            ]
          ]
        ]
      }
    },
    {
      "id": 1666,
      "type": "Feature",
      "properties": {
        "name": "Allaktivitetsanläggning Bredsands skola",
        "type": "Aktivitetsyta",
        "created": "2020-09-07 11:47:58",
        "updated": "2022-01-10 21:52:25",
        "published": true,
        "owner": {
          "organizationID": 168,
          "name": "Sundsvalls kommun Drakfastigheter"
        },
        "manager": {
          "organizationID": 25,
          "name": "drakfastigheter"
        },
        "tags": [
          "basket",
          "basketkorg",
          "basketplan",
          "bollplan",
          "fotboll",
          "gym",
          "konstgräs",
          "löparbanor",
          "utegym"
        ],
        "fields": [
          {
            "id": 34,
            "name": "Underlag",
            "type": "DROPDOWN",
            "value": "Konstgräs"
          },
          {
            "id": 153,
            "name": "Allmänt tillgänglig",
            "type": "DROPDOWN",
            "value": "Utanför skoltid"
          },
          {
            "id": 142,
            "name": "Fotbollsplan 5-manna antal",
            "type": "INTEGER",
            "value": 1
          },
          {
            "id": 145,
            "name": "Basketplan antal",
            "type": "INTEGER",
            "value": 1
          },
          {
            "id": 7,
            "name": "Tillhörande filer",
            "type": "FILES",
            "value": [
              {
                "id": 1792,
                "filename": "74918017_830418887391447_5922970942992023552_n.jpg",
                "description": "Utegym",
                "alttext": "Utegym",
                "sourcetext": "",
                "validForWinter": true,
                "validForSummer": true,
                "sortIndex": 2,
                "type": "image/jpeg",
                "size": 426010,
                "url": "https://api.sundsvall.se/facilities/2.2/field/filesfield/1792",
                "license": "CC0",
                "licenseDescription": "Creative commons. \"No rights reserved\" https://creativecommons.org/share-your-work/public-domain/cc0/"
              },
              {
                "id": 1794,
                "filename": "75339476_531700914287552_5035396937453404160_n.jpg",
                "description": "Utegym",
                "alttext": "Utegym",
                "sourcetext": "",
                "validForWinter": true,
                "validForSummer": true,
                "sortIndex": 3,
                "type": "image/jpeg",
                "size": 495349,
                "url": "https://api.sundsvall.se/facilities/2.2/field/filesfield/1794",
                "license": "CC0",
                "licenseDescription": "Creative commons. \"No rights reserved\" https://creativecommons.org/share-your-work/public-domain/cc0/"
              },
              {
                "id": 1793,
                "filename": "75311436_2392727854320047_5608419473947099136_n.jpg",
                "description": "Bollplan med konstgräs",
                "alttext": "Bollplan med konstgräs",
                "sourcetext": "",
                "validForWinter": true,
                "validForSummer": true,
                "sortIndex": 4,
                "type": "image/jpeg",
                "size": 562794,
                "url": "https://api.sundsvall.se/facilities/2.2/field/filesfield/1793",
                "license": "CC0",
                "licenseDescription": "Creative commons. \"No rights reserved\" https://creativecommons.org/share-your-work/public-domain/cc0/"
              },
              {
                "id": 1795,
                "filename": "75439519_2570226553037870_2919815215606398976_n.jpg",
                "description": "Löparbanor",
                "alttext": "Löparbanor",
                "sourcetext": "",
                "validForWinter": true,
                "validForSummer": true,
                "sortIndex": 5,
                "type": "image/jpeg",
                "size": 552640,
                "url": "https://api.sundsvall.se/facilities/2.2/field/filesfield/1795",
                "license": "CC0",
                "licenseDescription": "Creative commons. \"No rights reserved\" https://creativecommons.org/share-your-work/public-domain/cc0/"
              },
              {
                "id": 1791,
                "filename": "74661818_2531734040392738_8210094981491195904_n.jpg",
                "description": "Bollplan",
                "alttext": "Bollplan",
                "sourcetext": "",
                "validForWinter": true,
                "validForSummer": true,
                "sortIndex": 5,
                "type": "image/jpeg",
                "size": 400981,
                "url": "https://api.sundsvall.se/facilities/2.2/field/filesfield/1791",
                "license": "CC0",
                "licenseDescription": "Creative commons. \"No rights reserved\" https://creativecommons.org/share-your-work/public-domain/cc0/"
              },
              {
                "id": 1790,
                "filename": "72534879_421131555455709_9102842120519024640_n.jpg",
                "description": "Basketplan",
                "alttext": "Basketplan",
                "sourcetext": "",
                "validForWinter": true,
                "validForSummer": true,
                "sortIndex": 6,
                "type": "image/jpeg",
                "size": 454488,
                "url": "https://api.sundsvall.se/facilities/2.2/field/filesfield/1790",
                "license": "CC0",
                "licenseDescription": "Creative commons. \"No rights reserved\" https://creativecommons.org/share-your-work/public-domain/cc0/"
              }
            ]
          },
          {
            "id": 137,
            "name": "Isplan enklare",
            "type": "TOGGLE",
            "value": "Nej"
          },
          {
            "id": 138,
            "name": "Ishockeyplan",
            "type": "TOGGLE",
            "value": "Nej"
          },
          {
            "id": 139,
            "name": "Bandyplan",
            "type": "TOGGLE",
            "value": "Nej"
          },
          {
            "id": 141,
            "name": "Fotbollsplan enklare",
            "type": "TOGGLE",
            "value": "Nej"
          },
          {
            "id": 147,
            "name": "Sarg",
            "type": "TOGGLE",
            "value": "Nej"
          },
          {
            "id": 154,
            "name": "Bokningsbar",
            "type": "TOGGLE",
            "value": "Nej"
          },
          {
            "id": 156,
            "name": "Amerikansk fotbollsplan",
            "type": "TOGGLE",
            "value": "Nej"
          },
          {
            "id": 157,
            "name": "Baseball eller softball",
            "type": "TOGGLE",
            "value": "Nej"
          },
          {
            "id": 182,
            "name": "Rugby",
            "type": "TOGGLE",
            "value": "Nej"
          },
          {
            "id": 225,
            "name": "Friidrott",
            "type": "TOGGLE",
            "value": "Ja"
          },
          {
            "id": 279,
            "name": "Belysning",
            "type": "TOGGLE",
            "value": "Nej"
          },
          {
            "id": 1,
            "name": "Beskrivning",
            "type": "FREETEXT",
            "value": "En stor plan med sanddressad konstgräs. Planen har linjerad mittlinje för att uppmuntra till flera aktiviteter. Basketplan med gummiasfalt, fullt linjerad. Planen har hållbara basketkorgar i full höjd plus en träningskorg på lägre höjd. En yta med gymutrustning på gummiasfalt med endast fasta redskap. På ytan finns två träningscyklar där du kan koppla upp dig via mobilen. Battle ropes, rep som man svänger. Här tränas de flesta muskelgrupper. En större studsmatta. Ett litet dansgolv och sitt- eller hängplatser på sidorna. Dansgolvet går in under en borgliknande del med ett betongtak som kan användas som scen, skydd för en regnskur eller så bestämmer du själv. Aktivitetsytan är belyst för att kännas trygg och kan nyttjas under kvällar och tidiga mornar av fritidshemmet strax intill."
          }
        ],
        "centerPoint": [
          17.36786862468628,
          62.35410129444257
        ]
      },
      "geometry": {
        "type": "MultiPolygon",
        "coordinates": [
          [
            [
              [
                17.36777979194921,
                62.35443627865739
              ],
              [
                17.3673102569487,
                62.35379991985183
              ],
              [
                17.368010801636224,
                62.353762851424456
              ],
              [
                17.368423586950193,
                62.35436559934289
              ],
              [
                17.36777979194921,
                62.35443627865739
              ]
            ]
          ]
        ]
      }
    },
    {
      "id": 1667,
      "type": "Feature",
      "properties": {
        "name": "Basketplan Betselvägen Bergsåker",
        "type": "Aktivitetsyta",
        "created": "2020-09-07 11:54:10",
        "updated": "2020-09-07 12:02:45",
        "published": true,
        "owner": {
          "organizationID": 99,
          "name": "mitthem"
        },
        "manager": {
          "organizationID": 99,
          "name": "mitthem"
        },
        "tags": [
          "basket",
          "basketkorg",
          "basketplan"
        ],
        "fields": [
          {
            "id": 34,
            "name": "Underlag",
            "type": "DROPDOWN",
            "value": "Asfalt"
          },
          {
            "id": 153,
            "name": "Allmänt tillgänglig",
            "type": "DROPDOWN",
            "value": "Hela dygnet"
          },
          {
            "id": 7,
            "name": "Tillhörande filer",
            "type": "FILES",
            "value": [
              {
                "id": 1796,
                "filename": "Bergsåker_ Betselvägen_ basketplan.jpg",
                "validForWinter": false,
                "validForSummer": false,
                "sortIndex": null,
                "type": "image/jpeg",
                "size": 4796759,
                "url": "https://api.sundsvall.se/facilities/2.2/field/filesfield/1796",
                "license": "CC0",
                "licenseDescription": "Creative commons. \"No rights reserved\" https://creativecommons.org/share-your-work/public-domain/cc0/"
              }
            ]
          },
          {
            "id": 137,
            "name": "Isplan enklare",
            "type": "TOGGLE",
            "value": "Nej"
          },
          {
            "id": 138,
            "name": "Ishockeyplan",
            "type": "TOGGLE",
            "value": "Nej"
          },
          {
            "id": 139,
            "name": "Bandyplan",
            "type": "TOGGLE",
            "value": "Nej"
          },
          {
            "id": 141,
            "name": "Fotbollsplan enklare",
            "type": "TOGGLE",
            "value": "Nej"
          },
          {
            "id": 147,
            "name": "Sarg",
            "type": "TOGGLE",
            "value": "Nej"
          },
          {
            "id": 154,
            "name": "Bokningsbar",
            "type": "TOGGLE",
            "value": "Nej"
          },
          {
            "id": 156,
            "name": "Amerikansk fotbollsplan",
            "type": "TOGGLE",
            "value": "Nej"
          },
          {
            "id": 157,
            "name": "Baseball eller softball",
            "type": "TOGGLE",
            "value": "Nej"
          },
          {
            "id": 182,
            "name": "Rugby",
            "type": "TOGGLE",
            "value": "Nej"
          },
          {
            "id": 225,
            "name": "Friidrott",
            "type": "TOGGLE",
            "value": "Nej"
          },
          {
            "id": 1,
            "name": "Beskrivning",
            "type": "FREETEXT",
            "value": "Basketplan med två basketkorgar"
          }
        ],
        "centerPoint": [
          17.223949986300006,
          62.41414481569887
        ]
      },
      "geometry": {
        "type": "MultiPolygon",
        "coordinates": [
          [
            [
              [
                17.223991550063193,
                62.414287908401086
              ],
              [
                17.22367878841215,
                62.41409175065631
              ],
              [
                17.22390965623456,
                62.414006348646744
              ],
              [
                17.22422288454101,
                62.414208784365655
              ],
              [
                17.223991550063193,
                62.414287908401086
              ]
            ]
          ]
        ]
      }
    },
    {
      "id": 1668,
      "type": "Feature",
      "properties": {
        "name": "Bollplan Betselvägen",
        "type": "Aktivitetsyta",
        "created": "2020-09-07 11:58:34",
        "updated": "2020-09-07 12:03:05",
        "published": true,
        "owner": {
          "organizationID": 99,
          "name": "mitthem"
        },
        "manager": {
          "organizationID": 99,
          "name": "mitthem"
        },
        "tags": [
          "bollplan",
          "fotboll"
        ],
        "fields": [
          {
            "id": 34,
            "name": "Underlag",
            "type": "DROPDOWN",
            "value": "Gräs"
          },
          {
            "id": 153,
            "name": "Allmänt tillgänglig",
            "type": "DROPDOWN",
            "value": "Hela dygnet"
          },
          {
            "id": 7,
            "name": "Tillhörande filer",
            "type": "FILES",
            "value": [
              {
                "id": 1797,
                "filename": "Bergsåker_ Betselvägen_ fotbollsplan.jpg",
                "validForWinter": false,
                "validForSummer": false,
                "sortIndex": null,
                "type": "image/jpeg",
                "size": 3512725,
                "url": "https://api.sundsvall.se/facilities/2.2/field/filesfield/1797",
                "license": "CC0",
                "licenseDescription": "Creative commons. \"No rights reserved\" https://creativecommons.org/share-your-work/public-domain/cc0/"
              }
            ]
          },
          {
            "id": 137,
            "name": "Isplan enklare",
            "type": "TOGGLE",
            "value": "Nej"
          },
          {
            "id": 138,
            "name": "Ishockeyplan",
            "type": "TOGGLE",
            "value": "Nej"
          },
          {
            "id": 139,
            "name": "Bandyplan",
            "type": "TOGGLE",
            "value": "Nej"
          },
          {
            "id": 141,
            "name": "Fotbollsplan enklare",
            "type": "TOGGLE",
            "value": "Nej"
          },
          {
            "id": 147,
            "name": "Sarg",
            "type": "TOGGLE",
            "value": "Nej"
          },
          {
            "id": 154,
            "name": "Bokningsbar",
            "type": "TOGGLE",
            "value": "Nej"
          },
          {
            "id": 156,
            "name": "Amerikansk fotbollsplan",
            "type": "TOGGLE",
            "value": "Nej"
          },
          {
            "id": 157,
            "name": "Baseball eller softball",
            "type": "TOGGLE",
            "value": "Nej"
          },
          {
            "id": 182,
            "name": "Rugby",
            "type": "TOGGLE",
            "value": "Nej"
          },
          {
            "id": 225,
            "name": "Friidrott",
            "type": "TOGGLE",
            "value": "Nej"
          },
          {
            "id": 1,
            "name": "Beskrivning",
            "type": "FREETEXT",
            "value": "Mindre bollplan med två små mål"
          }
        ],
        "centerPoint": [
          17.22422708448052,
          62.41408180032658
        ]
      },
      "geometry": {
        "type": "MultiPolygon",
        "coordinates": [
          [
            [
              [
                17.224333757241553,
                62.41424158697481
              ],
              [
                17.223929265083882,
                62.413996606752505
              ],
              [
                17.2241337534527,
                62.41392105432156
              ],
              [
                17.2245249406594,
                62.41416938935768
              ],
              [
                17.224333757241553,
                62.41424158697481
              ]
            ]
          ]
        ]
      }
    },
    {
      "id": 1669,
      "type": "Feature",
      "properties": {
        "name": "Betselvägens utegym",
        "type": "Aktivitetsyta",
        "created": "2020-09-07 12:02:22",
        "updated": "2022-08-17 11:41:34",
        "published": true,
        "owner": {
          "organizationID": 99,
          "name": "mitthem"
        },
        "manager": {
          "organizationID": 99,
          "name": "mitthem"
        },
        "tags": [
          "gym",
          "utegym"
        ],
        "fields": [
          {
            "id": 34,
            "name": "Underlag",
            "type": "DROPDOWN",
            "value": "Grus"
          },
          {
            "id": 153,
            "name": "Allmänt tillgänglig",
            "type": "DROPDOWN",
            "value": "Hela dygnet"
          },
          {
            "id": 142,
            "name": "Fotbollsplan 5-manna antal",
            "type": "INTEGER",
            "value": 1
          },
          {
            "id": 7,
            "name": "Tillhörande filer",
            "type": "FILES",
            "value": [
              {
                "id": 1799,
                "filename": "Bergsåker_ Betselvägen_ utegym2.jpg",
                "description": "Betselvägens utegym",
                "alttext": "Utrustning för träning utomhus",
                "sourcetext": "Sundsvalls kommun",
                "validForWinter": true,
                "validForSummer": true,
                "sortIndex": 2,
                "type": "image/jpeg",
                "size": 3247678,
                "url": "https://api.sundsvall.se/facilities/2.2/field/filesfield/1799",
                "license": "CC0",
                "licenseDescription": "Creative commons. \"No rights reserved\" https://creativecommons.org/share-your-work/public-domain/cc0/"
              }
            ]
          },
          {
            "id": 137,
            "name": "Isplan enklare",
            "type": "TOGGLE",
            "value": "Nej"
          },
          {
            "id": 138,
            "name": "Ishockeyplan",
            "type": "TOGGLE",
            "value": "Nej"
          },
          {
            "id": 139,
            "name": "Bandyplan",
            "type": "TOGGLE",
            "value": "Nej"
          },
          {
            "id": 141,
            "name": "Fotbollsplan enklare",
            "type": "TOGGLE",
            "value": "Nej"
          },
          {
            "id": 147,
            "name": "Sarg",
            "type": "TOGGLE",
            "value": "Nej"
          },
          {
            "id": 154,
            "name": "Bokningsbar",
            "type": "TOGGLE",
            "value": "Nej"
          },
          {
            "id": 156,
            "name": "Amerikansk fotbollsplan",
            "type": "TOGGLE",
            "value": "Nej"
          },
          {
            "id": 157,
            "name": "Baseball eller softball",
            "type": "TOGGLE",
            "value": "Nej"
          },
          {
            "id": 182,
            "name": "Rugby",
            "type": "TOGGLE",
            "value": "Nej"
          },
          {
            "id": 225,
            "name": "Friidrott",
            "type": "TOGGLE",
            "value": "Nej"
          },
          {
            "id": 279,
            "name": "Belysning",
            "type": "TOGGLE",
            "value": "Ja"
          },
          {
            "id": 1,
            "name": "Beskrivning",
            "type": "FREETEXT",
            "value": "Utegym vid Betselvägen i Bergsåker med fem träningsredskap."
          }
        ],
        "centerPoint": [
          17.22405174889617,
          62.413947702475355
        ]
      },
      "geometry": {
        "type": "MultiPolygon",
        "coordinates": [
          [
            [
              [
                17.22399694383495,
                62.413956985825145
              ],
              [
                17.223940180075484,
                62.413922690685766
              ],
              [
                17.22408528254523,
                62.41386882981333
              ],
              [
                17.224144847277937,
                62.41390433736749
              ],
              [
                17.22399694383495,
                62.413956985825145
              ]
            ]
          ]
        ]
      }
    },
    {
      "id": 1671,
      "type": "Feature",
      "properties": {
        "name": "Allaktivitetsyta, Hellbergsskolan",
        "type": "Aktivitetsyta",
        "created": "2020-09-07 12:14:34",
        "updated": "2022-01-10 21:53:10",
        "published": true,
        "owner": {
          "organizationID": 168,
          "name": "Sundsvalls kommun Drakfastigheter"
        },
        "manager": {
          "organizationID": 25,
          "name": "drakfastigheter"
        },
        "tags": [
          "basket",
          "basketkorg",
          "basketplan",
          "fotboll",
          "innebandy",
          "innebandyplan"
        ],
        "fields": [
          {
            "id": 34,
            "name": "Underlag",
            "type": "DROPDOWN",
            "value": "Konstgräs"
          },
          {
            "id": 153,
            "name": "Allmänt tillgänglig",
            "type": "DROPDOWN",
            "value": "Hela dygnet"
          },
          {
            "id": 7,
            "name": "Tillhörande filer",
            "type": "FILES",
            "value": []
          },
          {
            "id": 137,
            "name": "Isplan enklare",
            "type": "TOGGLE",
            "value": "Nej"
          },
          {
            "id": 138,
            "name": "Ishockeyplan",
            "type": "TOGGLE",
            "value": "Nej"
          },
          {
            "id": 139,
            "name": "Bandyplan",
            "type": "TOGGLE",
            "value": "Nej"
          },
          {
            "id": 141,
            "name": "Fotbollsplan enklare",
            "type": "TOGGLE",
            "value": "Nej"
          },
          {
            "id": 147,
            "name": "Sarg",
            "type": "TOGGLE",
            "value": "Ja"
          },
          {
            "id": 154,
            "name": "Bokningsbar",
            "type": "TOGGLE",
            "value": "Nej"
          },
          {
            "id": 156,
            "name": "Amerikansk fotbollsplan",
            "type": "TOGGLE",
            "value": "Nej"
          },
          {
            "id": 157,
            "name": "Baseball eller softball",
            "type": "TOGGLE",
            "value": "Nej"
          },
          {
            "id": 182,
            "name": "Rugby",
            "type": "TOGGLE",
            "value": "Nej"
          },
          {
            "id": 225,
            "name": "Friidrott",
            "type": "TOGGLE",
            "value": "Nej"
          },
          {
            "id": 279,
            "name": "Belysning",
            "type": "TOGGLE",
            "value": "Nej"
          },
          {
            "id": 1,
            "name": "Beskrivning",
            "type": "FREETEXT",
            "value": "Allaktivitetsyta för fotboll, basket med mera"
          }
        ],
        "centerPoint": [
          17.346473245993575,
          62.39960377689765
        ]
      },
      "geometry": {
        "type": "MultiPolygon",
        "coordinates": [
          [
            [
              [
                17.346070290716433,
                62.399526488574416
              ],
              [
                17.346855612091503,
                62.39950220520847
              ],
              [
                17.346876653487925,
                62.39968023850951
              ],
              [
                17.346086222242935,
                62.39970808646604
              ],
              [
                17.346070290716433,
                62.399526488574416
              ]
            ]
          ]
        ]
      }
    },
    {
      "id": 1772,
      "type": "Feature",
      "properties": {
        "name": "Diamantens aktivitetsplats",
        "type": "Aktivitetsyta",
        "created": "2021-04-22 14:57:11",
        "updated": "2021-12-17 17:06:27",
        "published": true,
        "owner": {
          "organizationID": 167,
          "name": "sundsvalls kommun"
        },
        "manager": {
          "organizationID": 167,
          "name": "sundsvalls kommun"
        },
        "tags": [
          "aktivitetsplats",
          "diamantens aktivitetsplats"
        ],
        "fields": [
          {
            "id": 153,
            "name": "Allmänt tillgänglig",
            "type": "DROPDOWN",
            "value": "Hela dygnet"
          },
          {
            "id": 7,
            "name": "Tillhörande filer",
            "type": "FILES",
            "value": [
              {
                "id": 2057,
                "filename": "Granloholm_aktivitetspark2.jpg",
                "description": "Aktivitetsanläggning",
                "alttext": "Aktivitetsanläggning",
                "sourcetext": "Sundsvalls kommun",
                "validForWinter": true,
                "validForSummer": true,
                "sortIndex": 1,
                "type": "image/jpeg",
                "size": 2369189,
                "url": "https://api.sundsvall.se/facilities/2.2/field/filesfield/2057",
                "license": "CC0",
                "licenseDescription": "Creative commons. \"No rights reserved\" https://creativecommons.org/share-your-work/public-domain/cc0/"
              }
            ]
          },
          {
            "id": 137,
            "name": "Isplan enklare",
            "type": "TOGGLE",
            "value": "Nej"
          },
          {
            "id": 138,
            "name": "Ishockeyplan",
            "type": "TOGGLE",
            "value": "Nej"
          },
          {
            "id": 139,
            "name": "Bandyplan",
            "type": "TOGGLE",
            "value": "Nej"
          },
          {
            "id": 141,
            "name": "Fotbollsplan enklare",
            "type": "TOGGLE",
            "value": "Nej"
          },
          {
            "id": 147,
            "name": "Sarg",
            "type": "TOGGLE",
            "value": "Nej"
          },
          {
            "id": 154,
            "name": "Bokningsbar",
            "type": "TOGGLE",
            "value": "Nej"
          },
          {
            "id": 156,
            "name": "Amerikansk fotbollsplan",
            "type": "TOGGLE",
            "value": "Nej"
          },
          {
            "id": 157,
            "name": "Baseball eller softball",
            "type": "TOGGLE",
            "value": "Nej"
          },
          {
            "id": 182,
            "name": "Rugby",
            "type": "TOGGLE",
            "value": "Nej"
          },
          {
            "id": 225,
            "name": "Friidrott",
            "type": "TOGGLE",
            "value": "Nej"
          },
          {
            "id": 279,
            "name": "Belysning",
            "type": "TOGGLE",
            "value": "Nej"
          },
          {
            "id": 1,
            "name": "Beskrivning",
            "type": "FREETEXT",
            "value": "Aktivitetsplats i Granloholms centrum."
          }
        ],
        "centerPoint": [
          17.2690913408313,
          62.41138070229547
        ]
      },
      "geometry": {
        "type": "MultiPolygon",
        "coordinates": [
          [
            [
              [
                17.26844291126462,
                62.411560152090736
              ],
              [
                17.26846684117113,
                62.41136062054241
              ],
              [
                17.268532421710777,
                62.411252941380525
              ],
              [
                17.268644969724367,
                62.411192774201716
              ],
              [
                17.268820900600947,
                62.411167782232
              ],
              [
                17.269495372113948,
                62.411197027035016
              ],
              [
                17.26969410765976,
                62.41124407776026
              ],
              [
                17.269751191724893,
                62.411367862944
              ],
              [
                17.26962678633651,
                62.411385982003935
              ],
              [
                17.26944439286134,
                62.4113829187419
              ],
              [
                17.269258348428238,
                62.41133163784802
              ],
              [
                17.26883968282261,
                62.41135857211454
              ],
              [
                17.268807084848454,
                62.41144358745016
              ],
              [
                17.26870981311999,
                62.411533679070665
              ],
              [
                17.268541405904866,
                62.411600790430256
              ],
              [
                17.26844291126462,
                62.411560152090736
              ]
            ]
          ]
        ]
      }
    },
    {
      "id": 2898,
      "type": "Feature",
      "properties": {
        "name": "Skönsmons skola grusplan och isplan",
        "type": "Aktivitetsyta",
        "created": "2021-10-05 08:57:16",
        "updated": "2023-01-02 13:47:09",
        "published": true,
        "owner": {
          "organizationID": 168,
          "name": "Sundsvalls kommun Drakfastigheter"
        },
        "manager": {
          "organizationID": 170,
          "name": "Sundsvalls kommun Idrott och fritid"
        },
        "tags": [
          "isbana",
          "isplan"
        ],
        "fields": [
          {
            "id": 34,
            "name": "Underlag",
            "type": "DROPDOWN",
            "value": "Grus"
          },
          {
            "id": 140,
            "name": "Isplanens storlek",
            "type": "DROPDOWN",
            "value": "20x40"
          },
          {
            "id": 153,
            "name": "Allmänt tillgänglig",
            "type": "DROPDOWN",
            "value": "Utanför skoltid"
          },
          {
            "id": 142,
            "name": "Fotbollsplan 5-manna antal",
            "type": "INTEGER",
            "value": 1
          },
          {
            "id": 146,
            "name": "Landhockeyplan antal",
            "type": "INTEGER",
            "value": 1
          },
          {
            "id": 137,
            "name": "Isplan enklare",
            "type": "TOGGLE",
            "value": "Ja"
          },
          {
            "id": 138,
            "name": "Ishockeyplan",
            "type": "TOGGLE",
            "value": "Nej"
          },
          {
            "id": 139,
            "name": "Bandyplan",
            "type": "TOGGLE",
            "value": "Nej"
          },
          {
            "id": 141,
            "name": "Fotbollsplan enklare",
            "type": "TOGGLE",
            "value": "Ja"
          },
          {
            "id": 147,
            "name": "Sarg",
            "type": "TOGGLE",
            "value": "Nej"
          },
          {
            "id": 154,
            "name": "Bokningsbar",
            "type": "TOGGLE",
            "value": "Nej"
          },
          {
            "id": 156,
            "name": "Amerikansk fotbollsplan",
            "type": "TOGGLE",
            "value": "Nej"
          },
          {
            "id": 157,
            "name": "Baseball eller softball",
            "type": "TOGGLE",
            "value": "Nej"
          },
          {
            "id": 182,
            "name": "Rugby",
            "type": "TOGGLE",
            "value": "Nej"
          },
          {
            "id": 225,
            "name": "Friidrott",
            "type": "TOGGLE",
            "value": "Nej"
          },
          {
            "id": 279,
            "name": "Belysning",
            "type": "TOGGLE",
            "value": "Ja"
          },
          {
            "id": 285,
            "name": "Felanmälan",
            "type": "Felanmälningstjänst",
            "reportName": "Kontakt Sundsvall",
            "reportDescription": "Felanmälan av motionsspår, elljusspår, leder och andra friluftsanläggningar",
            "reportLink": "https://sundsvall.se/kommun-och-politik/politik-och-demokrati/dialog-och-synpunkter/felanmalan",
            "reportPhone": "060-19 10 00",
            "reportEmail": "kontakt@sundsvall.se"
          },
          {
            "id": 1,
            "name": "Beskrivning",
            "type": "FREETEXT",
            "value": "Aktivitetsyta med grus för bollspel sommartid. Vintertid spolas och snöröjs isplanen en gång i veckan."
          },
          {
            "id": 136,
            "name": "Öppettider länk",
            "type": "FREETEXT",
            "value": "https://sundsvall.se/uppleva-och-gora/idrott-motion-och-friluftsliv/hallar-och-idrottsanlaggningar/ishallar-och-isbanor"
          },
          {
            "id": 180,
            "name": "Kontakt länk",
            "type": "FREETEXT",
            "value": "https://sundsvall.se/uppleva-och-gora/idrott-motion-och-friluftsliv/hallar-och-idrottsanlaggningar/ishallar-och-isbanor"
          }
        ],
        "centerPoint": [
          17.33649495928529,
          62.380871043664435
        ]
      },
      "geometry": {
        "type": "MultiPolygon",
        "coordinates": [
          [
            [
              [
                17.33634349268063,
                62.381034020800804
              ],
              [
                17.336188128612974,
                62.38077746349509
              ],
              [
                17.33653946020074,
                62.38072965870512
              ],
              [
                17.33665257179101,
                62.38071666315352
              ],
              [
                17.33680421437046,
                62.38097413515226
              ],
              [
                17.33634349268063,
                62.381034020800804
              ]
            ]
          ]
        ]
      }
    },
    {
      "id": 3131,
      "type": "Feature",
      "properties": {
        "name": "Norra Berget - isbana",
        "type": "Aktivitetsyta",
        "created": "2022-01-21 09:06:25",
        "updated": "2023-01-04 10:25:33",
        "published": false
      },
      "geometry": null
    },
    {
      "id": 3142,
      "type": "Feature",
      "properties": {
        "name": "Stora Torget isbana",
        "type": "Aktivitetsyta",
        "created": "2022-01-25 15:37:55",
        "updated": "2026-01-09 13:02:13",
        "published": true,
        "owner": {
          "organizationID": 296,
          "name": "Stadsutveckling i Sundsvall AB"
        },
        "manager": {
          "organizationID": 170,
          "name": "Sundsvalls kommun Idrott och fritid"
        },
        "tags": [
          "isbana",
          "isrink",
          "torg"
        ],
        "fields": [
          {
            "id": 34,
            "name": "Underlag",
            "type": "DROPDOWN",
            "value": "Asfalt"
          },
          {
            "id": 153,
            "name": "Allmänt tillgänglig",
            "type": "DROPDOWN",
            "value": "Hela dygnet"
          },
          {
            "id": 7,
            "name": "Tillhörande filer",
            "type": "FILES",
            "value": []
          },
          {
            "id": 137,
            "name": "Isplan enklare",
            "type": "TOGGLE",
            "value": "Ja"
          },
          {
            "id": 138,
            "name": "Ishockeyplan",
            "type": "TOGGLE",
            "value": "Nej"
          },
          {
            "id": 139,
            "name": "Bandyplan",
            "type": "TOGGLE",
            "value": "Nej"
          },
          {
            "id": 141,
            "name": "Fotbollsplan enklare",
            "type": "TOGGLE",
            "value": "Nej"
          },
          {
            "id": 147,
            "name": "Sarg",
            "type": "TOGGLE",
            "value": "Nej"
          },
          {
            "id": 154,
            "name": "Bokningsbar",
            "type": "TOGGLE",
            "value": "Nej"
          },
          {
            "id": 156,
            "name": "Amerikansk fotbollsplan",
            "type": "TOGGLE",
            "value": "Nej"
          },
          {
            "id": 157,
            "name": "Baseball eller softball",
            "type": "TOGGLE",
            "value": "Nej"
          },
          {
            "id": 182,
            "name": "Rugby",
            "type": "TOGGLE",
            "value": "Nej"
          },
          {
            "id": 225,
            "name": "Friidrott",
            "type": "TOGGLE",
            "value": "Nej"
          },
          {
            "id": 279,
            "name": "Belysning",
            "type": "TOGGLE",
            "value": "Ja"
          },
          {
            "id": 285,
            "name": "Felanmälan",
            "type": "Felanmälningstjänst",
            "reportName": "Kontakt Sundsvall",
            "reportDescription": "Felanmälan av motionsspår, elljusspår, leder och andra friluftsanläggningar",
            "reportLink": "https://sundsvall.se/kommun-och-politik/politik-och-demokrati/dialog-och-synpunkter/felanmalan",
            "reportPhone": "060-19 10 00",
            "reportEmail": "kontakt@sundsvall.se"
          },
          {
            "id": 1,
            "name": "Beskrivning",
            "type": "FREETEXT",
            "value": "Stenstans konstfrusna isbana på Stora Torget är alltid öppen för alla att åka på fram tom sportlovsveckan. Snöröjs och spolas fem gånger i veckan beroende på väder. Belysning är alltid på och musik spelas under dagtid. Fritidsbanken lånar gratis ut skridskor och hjälmar måndag-torsdag 9-21, fredag 9-18, lördag-söndag 10-18."
          },
          {
            "id": 180,
            "name": "Kontakt länk",
            "type": "FREETEXT",
            "value": "https://www.stadsutvecklingsundsvall.se/projekt"
          }
        ],
        "centerPoint": [
          17.306682445403077,
          62.39053013999468
        ]
      },
      "geometry": {
        "type": "MultiPolygon",
        "coordinates": [
          [
            [
              [
                17.3064363238602,
                62.39059209096478
              ],
              [
                17.30638328267394,
                62.39050119168574
              ],
              [
                17.306920120892823,
                62.390436980310405
              ],
              [
                17.306973453324986,
                62.39053164627216
              ],
              [
                17.3064363238602,
                62.39059209096478
              ]
            ]
          ]
        ]
      }
    },
    {
      "id": 3369,
      "type": "Feature",
      "properties": {
        "name": "Norrmalmsparkens isplan",
        "type": "Aktivitetsyta",
        "created": "2022-11-21 10:55:50",
        "updated": "2024-03-22 09:47:56",
        "published": false
      },
      "geometry": null
    },
    {
      "id": 3462,
      "type": "Feature",
      "properties": {
        "name": "Bredsands skola isplan och bollplan",
        "type": "Aktivitetsyta",
        "created": "2023-01-11 16:39:47",
        "updated": "2025-01-13 16:13:22",
        "published": true,
        "owner": {
          "organizationID": 168,
          "name": "Sundsvalls kommun Drakfastigheter"
        },
        "manager": {
          "organizationID": 170,
          "name": "Sundsvalls kommun Idrott och fritid"
        },
        "tags": [
          "bollplan",
          "gräsplan",
          "isbana",
          "isplan",
          "skridsko",
          "bredsand",
          "hockeyplan",
          "konstgräsplan"
        ],
        "fields": [
          {
            "id": 34,
            "name": "Underlag",
            "type": "DROPDOWN",
            "value": "Konstgräs"
          },
          {
            "id": 140,
            "name": "Isplanens storlek",
            "type": "DROPDOWN",
            "value": "20x40"
          },
          {
            "id": 153,
            "name": "Allmänt tillgänglig",
            "type": "DROPDOWN",
            "value": "Utanför skoltid"
          },
          {
            "id": 142,
            "name": "Fotbollsplan 5-manna antal",
            "type": "INTEGER",
            "value": 1
          },
          {
            "id": 137,
            "name": "Isplan enklare",
            "type": "TOGGLE",
            "value": "Ja"
          },
          {
            "id": 138,
            "name": "Ishockeyplan",
            "type": "TOGGLE",
            "value": "Nej"
          },
          {
            "id": 139,
            "name": "Bandyplan",
            "type": "TOGGLE",
            "value": "Nej"
          },
          {
            "id": 141,
            "name": "Fotbollsplan enklare",
            "type": "TOGGLE",
            "value": "Nej"
          },
          {
            "id": 147,
            "name": "Sarg",
            "type": "TOGGLE",
            "value": "Nej"
          },
          {
            "id": 154,
            "name": "Bokningsbar",
            "type": "TOGGLE",
            "value": "Nej"
          },
          {
            "id": 156,
            "name": "Amerikansk fotbollsplan",
            "type": "TOGGLE",
            "value": "Nej"
          },
          {
            "id": 157,
            "name": "Baseball eller softball",
            "type": "TOGGLE",
            "value": "Nej"
          },
          {
            "id": 182,
            "name": "Rugby",
            "type": "TOGGLE",
            "value": "Nej"
          },
          {
            "id": 225,
            "name": "Friidrott",
            "type": "TOGGLE",
            "value": "Nej"
          },
          {
            "id": 279,
            "name": "Belysning",
            "type": "TOGGLE",
            "value": "Ja"
          },
          {
            "id": 285,
            "name": "Felanmälan",
            "type": "Felanmälningstjänst",
            "reportName": "Kontakt Sundsvall",
            "reportDescription": "Felanmälan av motionsspår, elljusspår, leder och andra friluftsanläggningar",
            "reportLink": "https://sundsvall.se/kommun-och-politik/politik-och-demokrati/dialog-och-synpunkter/felanmalan",
            "reportPhone": "060-19 10 00",
            "reportEmail": "kontakt@sundsvall.se"
          },
          {
            "id": 1,
            "name": "Beskrivning",
            "type": "FREETEXT",
            "value": "Isplan vid Bredsands skola, spolas eller skottas en gång i veckan under perioden vecka 52 -10. Sommartid är det en konstgräsplan i storlek som sju-manna plan"
          }
        ],
        "centerPoint": [
          17.367979397385984,
          62.35416875770831
        ]
      },
      "geometry": {
        "type": "MultiPolygon",
        "coordinates": [
          [
            [
              [
                17.367907993866005,
                62.35437347658602
              ],
              [
                17.367651448575053,
                62.35401742621239
              ],
              [
                17.368079814634275,
                62.35395984423269
              ],
              [
                17.36830612197452,
                62.35431361463939
              ],
              [
                17.367907993866005,
                62.35437347658602
              ]
            ]
          ]
        ]
      }
    },
    {
      "id": 4080,
      "type": "Feature",
      "properties": {
        "name": "Stige Skola isplan",
        "type": "Aktivitetsyta",
        "created": "2025-01-07 14:02:06",
        "updated": "2026-02-04 08:12:35",
        "published": true,
        "owner": {
          "organizationID": 168,
          "name": "Sundsvalls kommun Drakfastigheter"
        },
        "manager": {
          "organizationID": 170,
          "name": "Sundsvalls kommun Idrott och fritid"
        },
        "fields": [
          {
            "id": 34,
            "name": "Underlag",
            "type": "DROPDOWN",
            "value": "Grus"
          },
          {
            "id": 140,
            "name": "Isplanens storlek",
            "type": "DROPDOWN",
            "value": "Hela ytan"
          },
          {
            "id": 153,
            "name": "Allmänt tillgänglig",
            "type": "DROPDOWN",
            "value": "Hela dygnet"
          },
          {
            "id": 137,
            "name": "Isplan enklare",
            "type": "TOGGLE",
            "value": "Ja"
          },
          {
            "id": 138,
            "name": "Ishockeyplan",
            "type": "TOGGLE",
            "value": "Nej"
          },
          {
            "id": 139,
            "name": "Bandyplan",
            "type": "TOGGLE",
            "value": "Nej"
          },
          {
            "id": 141,
            "name": "Fotbollsplan enklare",
            "type": "TOGGLE",
            "value": "Ja"
          },
          {
            "id": 147,
            "name": "Sarg",
            "type": "TOGGLE",
            "value": "Nej"
          },
          {
            "id": 154,
            "name": "Bokningsbar",
            "type": "TOGGLE",
            "value": "Nej"
          },
          {
            "id": 156,
            "name": "Amerikansk fotbollsplan",
            "type": "TOGGLE",
            "value": "Nej"
          },
          {
            "id": 157,
            "name": "Baseball eller softball",
            "type": "TOGGLE",
            "value": "Nej"
          },
          {
            "id": 182,
            "name": "Rugby",
            "type": "TOGGLE",
            "value": "Nej"
          },
          {
            "id": 225,
            "name": "Friidrott",
            "type": "TOGGLE",
            "value": "Nej"
          },
          {
            "id": 279,
            "name": "Belysning",
            "type": "TOGGLE",
            "value": "Nej"
          },
          {
            "id": 285,
            "name": "Felanmälan",
            "type": "Felanmälningstjänst",
            "reportName": "Kontakt Sundsvall",
            "reportDescription": "Felanmälan av motionsspår, elljusspår, leder och andra friluftsanläggningar",
            "reportLink": "https://sundsvall.se/kommun-och-politik/politik-och-demokrati/dialog-och-synpunkter/felanmalan",
            "reportPhone": "060-19 10 00",
            "reportEmail": "kontakt@sundsvall.se"
          }
        ],
        "centerPoint": [
          17.09835486316626,
          62.57888717476554
        ]
      },
      "geometry": {
        "type": "MultiPolygon",
        "coordinates": [
          [
            [
              [
                17.098055479610483,
                62.57881225815181
              ],
              [
                17.098414624908212,
                62.57904183522637
              ],
              [
                17.098655224465197,
                62.578967828478426
              ],
              [
                17.098280042669888,
                62.5787357497777
              ],
              [
                17.098055479610483,
                62.57881225815181
              ]
            ]
          ]
        ]
      }
    },
    {
      "id": 4166,
      "type": "Feature",
      "properties": {
        "name": "Beachvolleyboll Finnkajen",
        "type": "Aktivitetsyta",
        "created": "2025-10-20 10:41:54",
        "published": true,
        "owner": {
          "organizationID": 36,
          "name": "Sundsvalls kommun Friluftsenheten"
        },
        "manager": {
          "organizationID": 36,
          "name": "Sundsvalls kommun Friluftsenheten"
        },
        "fields": [
          {
            "id": 153,
            "name": "Allmänt tillgänglig",
            "type": "DROPDOWN",
            "value": "Hela dygnet"
          },
          {
            "id": 34,
            "name": "Underlag",
            "type": "DROPDOWN",
            "value": "Sand"
          },
          {
            "id": 224,
            "name": "Volleybollplan antal",
            "type": "INTEGER",
            "value": 2
          },
          {
            "id": 137,
            "name": "Isplan enklare",
            "type": "TOGGLE",
            "value": "Nej"
          },
          {
            "id": 138,
            "name": "Ishockeyplan",
            "type": "TOGGLE",
            "value": "Nej"
          },
          {
            "id": 139,
            "name": "Bandyplan",
            "type": "TOGGLE",
            "value": "Nej"
          },
          {
            "id": 141,
            "name": "Fotbollsplan enklare",
            "type": "TOGGLE",
            "value": "Nej"
          },
          {
            "id": 147,
            "name": "Sarg",
            "type": "TOGGLE",
            "value": "Nej"
          },
          {
            "id": 154,
            "name": "Bokningsbar",
            "type": "TOGGLE",
            "value": "Nej"
          },
          {
            "id": 156,
            "name": "Amerikansk fotbollsplan",
            "type": "TOGGLE",
            "value": "Nej"
          },
          {
            "id": 157,
            "name": "Baseball eller softball",
            "type": "TOGGLE",
            "value": "Nej"
          },
          {
            "id": 182,
            "name": "Rugby",
            "type": "TOGGLE",
            "value": "Nej"
          },
          {
            "id": 225,
            "name": "Friidrott",
            "type": "TOGGLE",
            "value": "Nej"
          },
          {
            "id": 279,
            "name": "Belysning",
            "type": "TOGGLE",
            "value": "Nej"
          },
          {
            "id": 285,
            "name": "Felanmälan",
            "type": "Felanmälningstjänst",
            "reportName": "Kontakt Sundsvall",
            "reportDescription": "Felanmälan av motionsspår, elljusspår, leder och andra friluftsanläggningar",
            "reportLink": "https://sundsvall.se/kommun-och-politik/politik-och-demokrati/dialog-och-synpunkter/felanmalan",
            "reportPhone": "060-19 10 00",
            "reportEmail": "kontakt@sundsvall.se"
          }
        ],
        "centerPoint": [
          17.314091586483066,
          62.392165036952754
        ]
      },
      "geometry": {
        "type": "MultiPolygon",
        "coordinates": [
          [
            [
              [
                17.313851729392052,
                62.39228288804238
              ],
              [
                17.31376015659711,
                62.392158195894645
              ],
              [
                17.314295948746295,
                62.39204403879288
              ],
              [
                17.314423363401108,
                62.39218571453009
              ],
              [
                17.313851729392052,
                62.39228288804238
              ]
            ]
          ]
        ]
      }
    },
    {
      "id": 1067,
      "type": "Feature",
      "properties": {
        "name": "Baldershovs IP rundbana",
        "type": "Aktivitetsyta",
        "created": "2019-11-11 16:34:38",
        "updated": "2021-09-24 14:57:04",
        "deleted": "2021-12-06 12:54:06"
      },
      "geometry": null
    },
    {
      "id": 1085,
      "type": "Feature",
      "properties": {
        "name": "Bågevägens gräs/grusplan",
        "type": "Aktivitetsyta",
        "created": "2019-11-12 11:17:06",
        "deleted": "2019-12-09 10:04:29"
      },
      "geometry": null
    },
    {
      "id": 1147,
      "type": "Feature",
      "properties": {
        "name": "Klättring, Tunomsberget - Tuna",
        "type": "Aktivitetsyta",
        "created": "2019-11-15 10:39:01",
        "updated": "2020-07-09 14:50:37",
        "deleted": "2020-07-09 15:10:24"
      },
      "geometry": null
    },
    {
      "id": 1148,
      "type": "Feature",
      "properties": {
        "name": "Klättring, Brattberget - Nyhamn, Kvissleby",
        "type": "Aktivitetsyta",
        "created": "2019-11-15 10:50:37",
        "updated": "2020-06-29 15:09:31",
        "deleted": "2020-07-09 15:13:36"
      },
      "geometry": null
    },
    {
      "id": 1149,
      "type": "Feature",
      "properties": {
        "name": "Klättring, Midskogsberget - Njurunda",
        "type": "Aktivitetsyta",
        "created": "2019-11-15 11:17:20",
        "updated": "2020-07-09 14:52:29",
        "deleted": "2020-07-09 15:07:16"
      },
      "geometry": null
    },
    {
      "id": 1150,
      "type": "Feature",
      "properties": {
        "name": "Klättring, Nolbykulle - Njurunda, Nolby",
        "type": "Aktivitetsyta",
        "created": "2019-11-15 13:24:30",
        "deleted": "2020-07-09 15:17:22"
      },
      "geometry": null
    },
    {
      "id": 1151,
      "type": "Feature",
      "properties": {
        "name": "Klättring, Södra Stadsberget - Sundsvall",
        "type": "Aktivitetsyta",
        "created": "2019-11-15 13:49:22",
        "deleted": "2020-03-25 08:51:46"
      },
      "geometry": null
    },
    {
      "id": 1153,
      "type": "Feature",
      "properties": {
        "name": "Klättring, Storberget - Liden",
        "type": "Aktivitetsyta",
        "created": "2019-11-15 13:58:48",
        "deleted": "2021-01-07 09:15:50"
      },
      "geometry": null
    },
    {
      "id": 1154,
      "type": "Feature",
      "properties": {
        "name": "Klättring, Skölesklevarna - Tuna, Matfors",
        "type": "Aktivitetsyta",
        "created": "2019-11-15 14:07:53",
        "updated": "2020-12-16 18:15:52",
        "deleted": "2020-12-16 18:23:34"
      },
      "geometry": null
    },
    {
      "id": 1670,
      "type": "Feature",
      "properties": {
        "name": "Basketplan Bergsåkers skola",
        "type": "Aktivitetsyta",
        "created": "2020-09-07 12:05:56",
        "deleted": "2021-09-24 14:50:49"
      },
      "geometry": null
    },
    {
      "id": 1682,
      "type": "Feature",
      "properties": {
        "name": "Multiarena Liden",
        "type": "Aktivitetsyta",
        "created": "2020-09-18 15:53:27",
        "deleted": "2024-05-31 12:00:45"
      },
      "geometry": null
    },
    {
      "id": 1226,
      "type": "Feature",
      "properties": {
        "name": "Bredsands skola, multiarena",
        "type": "Aktivitetsyta",
        "created": "2019-11-25 11:15:29",
        "updated": "2019-12-11 13:28:50",
        "deleted": "2021-04-22 14:52:25"
      },
      "geometry": null
    },
    {
      "id": 1232,
      "type": "Feature",
      "properties": {
        "name": "Kägelbana, Svartviks Herrgård",
        "type": "Aktivitetsyta",
        "created": "2019-11-25 14:35:52",
        "updated": "2019-11-25 14:37:43",
        "deleted": "2019-11-25 14:38:21"
      },
      "geometry": null
    },
    {
      "id": 1249,
      "type": "Feature",
      "properties": {
        "name": "Ljustadalens IP - Idrottsplats",
        "type": "Aktivitetsyta",
        "created": "2019-11-27 09:55:48",
        "updated": "2019-11-27 09:56:27",
        "deleted": "2019-12-02 12:45:45"
      },
      "geometry": null
    },
    {
      "id": 788,
      "type": "Feature",
      "properties": {
        "name": "Öde skola",
        "type": "Aktivitetsyta",
        "created": "2019-10-14 13:43:48",
        "updated": "2019-10-17 12:15:27",
        "deleted": "2019-10-17 12:16:01"
      },
      "geometry": null
    },
    {
      "id": 806,
      "type": "Feature",
      "properties": {
        "name": "Bågskytte - Karlsvik",
        "type": "Aktivitetsyta",
        "created": "2019-10-16 09:15:52",
        "updated": "2019-10-18 14:00:55",
        "deleted": "2019-10-18 14:00:59"
      },
      "geometry": null
    },
    {
      "id": 822,
      "type": "Feature",
      "properties": {
        "name": "Basketkorg, Malmövägen",
        "type": "Aktivitetsyta",
        "created": "2019-10-16 16:35:33",
        "updated": "2019-10-16 16:51:34",
        "deleted": "2019-10-18 11:59:25"
      },
      "geometry": null
    },
    {
      "id": 857,
      "type": "Feature",
      "properties": {
        "name": "Ankarsvik grusplan och isbana",
        "type": "Aktivitetsyta",
        "created": "2019-10-18 16:02:52",
        "updated": "2021-12-17 17:07:35",
        "deleted": "2022-01-13 16:16:53"
      },
      "geometry": null
    },
    {
      "id": 863,
      "type": "Feature",
      "properties": {
        "name": "Basketplan - Högoms skola",
        "type": "Aktivitetsyta",
        "created": "2019-10-21 08:34:34",
        "updated": "2021-10-05 09:06:50",
        "deleted": "2021-10-05 09:12:08"
      },
      "geometry": null
    },
    {
      "id": 864,
      "type": "Feature",
      "properties": {
        "name": "Basketplan - Högoms skola",
        "type": "Aktivitetsyta",
        "created": "2019-10-21 08:39:07",
        "deleted": "2021-10-05 09:08:01"
      },
      "geometry": null
    },
    {
      "id": 901,
      "type": "Feature",
      "properties": {
        "name": "Stige grusplan/isrink",
        "type": "Aktivitetsyta",
        "created": "2019-10-22 16:46:27",
        "deleted": "2025-01-07 14:00:20"
      },
      "geometry": null
    },
    {
      "id": 930,
      "type": "Feature",
      "properties": {
        "name": "Nackstaplan",
        "type": "Aktivitetsyta",
        "created": "2019-10-24 20:08:51",
        "deleted": "2021-09-24 14:40:46"
      },
      "geometry": null
    },
    {
      "id": 939,
      "type": "Feature",
      "properties": {
        "name": "Isväg/Långfärdsskridsko, Sidsjön",
        "type": "Aktivitetsyta",
        "created": "2019-10-25 14:10:11",
        "deleted": "2020-12-15 17:26:15"
      },
      "geometry": null
    },
    {
      "id": 942,
      "type": "Feature",
      "properties": {
        "name": "Hedbergskas grusplan/Isplan",
        "type": "Aktivitetsyta",
        "created": "2019-10-25 16:53:06",
        "updated": "2021-12-22 13:17:17",
        "deleted": "2022-01-13 09:02:24"
      },
      "geometry": null
    },
    {
      "id": 943,
      "type": "Feature",
      "properties": {
        "name": "Åkersviks Beachvolley",
        "type": "Aktivitetsyta",
        "created": "2019-10-25 16:55:58",
        "updated": "2023-05-08 12:58:21",
        "deleted": "2025-08-19 11:18:37"
      },
      "geometry": null
    },
    {
      "id": 951,
      "type": "Feature",
      "properties": {
        "name": "Åkersviks skola grusplan och isplan",
        "type": "Aktivitetsyta",
        "created": "2019-10-28 11:22:33",
        "updated": "2024-02-20 08:31:49",
        "deleted": "2025-10-20 10:39:41"
      },
      "geometry": null
    },
    {
      "id": 954,
      "type": "Feature",
      "properties": {
        "name": "Baldershovs utegym i Haga",
        "type": "Aktivitetsyta",
        "created": "2019-10-28 14:30:06",
        "updated": "2019-10-28 16:46:06",
        "deleted": "2019-10-29 13:42:23"
      },
      "geometry": null
    },
    {
      "id": 1015,
      "type": "Feature",
      "properties": {
        "name": "Ortviksparkens Bollplan",
        "type": "Aktivitetsyta",
        "created": "2019-11-01 13:00:29",
        "updated": "2019-11-06 08:50:24",
        "deleted": "2022-08-23 13:07:02"
      },
      "geometry": null
    },
    {
      "id": 1016,
      "type": "Feature",
      "properties": {
        "name": "Gärde Grusplan - HK Vallen grus",
        "type": "Aktivitetsyta",
        "created": "2019-11-04 08:38:07",
        "updated": "2019-11-04 11:59:27",
        "deleted": "2019-11-04 11:59:31"
      },
      "geometry": null
    }
  ]
}