{
  "type": "FeatureCollection",
  "features": [
    {
      "id": 120,
      "type": "Feature",
      "properties": {
        "name": "Bänkbord Södra Berget Grillrotundan",
        "type": "Bänkbord",
        "created": "2018-06-18 10:20:35",
        "updated": "2026-04-08 15:14:18",
        "published": true,
        "parentObjects": [
          4142
        ],
        "owner": {
          "organizationID": 36,
          "name": "Sundsvalls kommun Friluftsenheten"
        },
        "manager": {
          "organizationID": 36,
          "name": "Sundsvalls kommun Friluftsenheten"
        },
        "fields": [
          {
            "id": 73,
            "name": "Status",
            "type": "DROPDOWN",
            "value": "Sliten"
          },
          {
            "id": 80,
            "name": "Typ av bänkbord",
            "type": "DROPDOWN",
            "value": "2 tums standard"
          },
          {
            "id": 70,
            "name": "Byggnadsår",
            "type": "INTEGER",
            "value": 2013
          },
          {
            "id": 81,
            "name": "Antal sittplatser",
            "type": "INTEGER",
            "value": 18
          },
          {
            "id": 74,
            "name": "Statusdatum",
            "type": "DATE",
            "value": "2018-06-18"
          },
          {
            "id": 79,
            "name": "Tillhörande filer",
            "type": "FILES",
            "value": [
              {
                "id": 23,
                "filename": "image.jpg",
                "description": "Två st bänkbord",
                "alttext": "Två st bänkbord",
                "sourcetext": "Anders Erlandsson, Frilufgtsenheten",
                "validForWinter": true,
                "validForSummer": true,
                "sortIndex": 1,
                "type": "image/jpeg",
                "size": 3282509,
                "url": "https://api.sundsvall.se/facilities/2.2/field/filesfield/23",
                "license": "CC0",
                "licenseDescription": "Creative commons. \"No rights reserved\" https://creativecommons.org/share-your-work/public-domain/cc0/"
              },
              {
                "id": 24,
                "filename": "image.jpg",
                "description": "Bänkbord",
                "alttext": "Bänkbord",
                "sourcetext": "Anders Erlandsson, Friluftsenheten",
                "validForWinter": true,
                "validForSummer": true,
                "sortIndex": 2,
                "type": "image/jpeg",
                "size": 3488637,
                "url": "https://api.sundsvall.se/facilities/2.2/field/filesfield/24",
                "license": "CC0",
                "licenseDescription": "Creative commons. \"No rights reserved\" https://creativecommons.org/share-your-work/public-domain/cc0/"
              }
            ]
          },
          {
            "id": 72,
            "name": "Handikappanpassad",
            "type": "TOGGLE",
            "value": "Nej"
          },
          {
            "id": 288,
            "name": "Felanmälan",
            "type": "Felanmälningstjänst",
            "reportName": "Kontakt Sundsvall",
            "reportDescription": "Felanmälan av motionsspår, elljusspår, leder och andra friluftsanläggningar",
            "reportLink": "https://sundsvall.se/kommun-och-politik/politik-och-demokrati/dialog-och-synpunkter/felanmalan",
            "reportPhone": "060-19 10 00",
            "reportEmail": "kontakt@sundsvall.se"
          }
        ],
        "centerPoint": [
          17.308950534221974,
          62.36681258080748
        ]
      },
      "geometry": {
        "type": "Point",
        "coordinates": [
          17.308950534221974,
          62.36681258080748
        ]
      }
    },
    {
      "id": 124,
      "type": "Feature",
      "properties": {
        "name": "Södra Berget slutet Björnstigen",
        "type": "Bänkbord",
        "created": "2018-06-18 10:29:50",
        "updated": "2025-02-17 10:50:10",
        "published": true,
        "parentObjects": [
          4087
        ],
        "owner": {
          "organizationID": 36,
          "name": "Sundsvalls kommun Friluftsenheten"
        },
        "manager": {
          "organizationID": 36,
          "name": "Sundsvalls kommun Friluftsenheten"
        },
        "fields": [
          {
            "id": 73,
            "name": "Status",
            "type": "DROPDOWN",
            "value": "Trasig"
          },
          {
            "id": 80,
            "name": "Typ av bänkbord",
            "type": "DROPDOWN",
            "value": "2 tums standard"
          },
          {
            "id": 70,
            "name": "Byggnadsår",
            "type": "INTEGER",
            "value": 2010
          },
          {
            "id": 81,
            "name": "Antal sittplatser",
            "type": "INTEGER",
            "value": 12
          },
          {
            "id": 74,
            "name": "Statusdatum",
            "type": "DATE",
            "value": "2018-06-18"
          },
          {
            "id": 79,
            "name": "Tillhörande filer",
            "type": "FILES",
            "value": [
              {
                "id": 28,
                "filename": "image.jpg",
                "description": "Bänkbord",
                "alttext": "Bänkbord",
                "sourcetext": "Friluftsenheten",
                "validForWinter": true,
                "validForSummer": true,
                "sortIndex": 1,
                "type": "image/jpeg",
                "size": 3625220,
                "url": "https://api.sundsvall.se/facilities/2.2/field/filesfield/28",
                "license": "CC0",
                "licenseDescription": "Creative commons. \"No rights reserved\" https://creativecommons.org/share-your-work/public-domain/cc0/"
              },
              {
                "id": 29,
                "filename": "image.jpg",
                "description": "Bänkbord",
                "alttext": "Bänkbord",
                "sourcetext": "Friluftsenheten",
                "validForWinter": true,
                "validForSummer": true,
                "sortIndex": 2,
                "type": "image/jpeg",
                "size": 3609199,
                "url": "https://api.sundsvall.se/facilities/2.2/field/filesfield/29",
                "license": "CC0",
                "licenseDescription": "Creative commons. \"No rights reserved\" https://creativecommons.org/share-your-work/public-domain/cc0/"
              }
            ]
          },
          {
            "id": 72,
            "name": "Handikappanpassad",
            "type": "TOGGLE",
            "value": "Nej"
          },
          {
            "id": 288,
            "name": "Felanmälan",
            "type": "Felanmälningstjänst",
            "reportName": "Kontakt Sundsvall",
            "reportDescription": "Felanmälan av motionsspår, elljusspår, leder och andra friluftsanläggningar",
            "reportLink": "https://sundsvall.se/kommun-och-politik/politik-och-demokrati/dialog-och-synpunkter/felanmalan",
            "reportPhone": "060-19 10 00",
            "reportEmail": "kontakt@sundsvall.se"
          },
          {
            "id": 77,
            "name": "Beskrivning",
            "type": "FREETEXT",
            "value": "Två bänkbord"
          }
        ],
        "centerPoint": [
          17.30852498952093,
          62.367631513190304
        ]
      },
      "geometry": {
        "type": "Point",
        "coordinates": [
          17.30852498952093,
          62.367631513190304
        ]
      }
    },
    {
      "id": 129,
      "type": "Feature",
      "properties": {
        "name": "Bänkbord Södra Berget Mullekojorna",
        "type": "Bänkbord",
        "created": "2018-06-18 10:41:35",
        "updated": "2021-05-28 08:17:50",
        "published": true,
        "owner": {
          "organizationID": 36,
          "name": "Sundsvalls kommun Friluftsenheten"
        },
        "manager": {
          "organizationID": 36,
          "name": "Sundsvalls kommun Friluftsenheten"
        },
        "fields": [
          {
            "id": 73,
            "name": "Status",
            "type": "DROPDOWN",
            "value": "Sliten"
          },
          {
            "id": 80,
            "name": "Typ av bänkbord",
            "type": "DROPDOWN",
            "value": "2 tums standard"
          },
          {
            "id": 70,
            "name": "Byggnadsår",
            "type": "INTEGER",
            "value": 2010
          },
          {
            "id": 71,
            "name": "Renoveringsår",
            "type": "INTEGER",
            "value": 2018
          },
          {
            "id": 81,
            "name": "Antal sittplatser",
            "type": "INTEGER",
            "value": 6
          },
          {
            "id": 74,
            "name": "Statusdatum",
            "type": "DATE",
            "value": "2018-06-18"
          },
          {
            "id": 79,
            "name": "Tillhörande filer",
            "type": "FILES",
            "value": [
              {
                "id": 34,
                "filename": "image.jpg",
                "description": "Bänkbord",
                "alttext": "Bänkbord",
                "sourcetext": "Anders Erlandsson, Friluftsenheten",
                "validForWinter": true,
                "validForSummer": true,
                "sortIndex": 1,
                "type": "image/jpeg",
                "size": 3036096,
                "url": "https://api.sundsvall.se/facilities/2.2/field/filesfield/34",
                "license": "CC0",
                "licenseDescription": "Creative commons. \"No rights reserved\" https://creativecommons.org/share-your-work/public-domain/cc0/"
              }
            ]
          },
          {
            "id": 72,
            "name": "Handikappanpassad",
            "type": "TOGGLE",
            "value": "Nej"
          },
          {
            "id": 288,
            "name": "Felanmälan",
            "type": "Felanmälningstjänst",
            "reportName": "Kontakt Sundsvall",
            "reportDescription": "Felanmälan av motionsspår, elljusspår, leder och andra friluftsanläggningar",
            "reportLink": "https://sundsvall.se/kommun-och-politik/politik-och-demokrati/dialog-och-synpunkter/felanmalan",
            "reportPhone": "060-19 10 00",
            "reportEmail": "kontakt@sundsvall.se"
          }
        ],
        "centerPoint": [
          17.303863499509742,
          62.36605524923204
        ]
      },
      "geometry": {
        "type": "Point",
        "coordinates": [
          17.303863499509742,
          62.36605524923204
        ]
      }
    },
    {
      "id": 136,
      "type": "Feature",
      "properties": {
        "name": "Bänkbord Södra berget",
        "type": "Bänkbord",
        "created": "2018-06-18 10:58:53",
        "updated": "2026-03-10 12:10:28",
        "published": true,
        "owner": {
          "organizationID": 36,
          "name": "Sundsvalls kommun Friluftsenheten"
        },
        "manager": {
          "organizationID": 36,
          "name": "Sundsvalls kommun Friluftsenheten"
        },
        "fields": [
          {
            "id": 73,
            "name": "Status",
            "type": "DROPDOWN",
            "value": "Fin"
          },
          {
            "id": 80,
            "name": "Typ av bänkbord",
            "type": "DROPDOWN",
            "value": "Övrigt"
          },
          {
            "id": 81,
            "name": "Antal sittplatser",
            "type": "INTEGER",
            "value": 4
          },
          {
            "id": 74,
            "name": "Statusdatum",
            "type": "DATE",
            "value": "2026-03-09"
          },
          {
            "id": 79,
            "name": "Tillhörande filer",
            "type": "FILES",
            "value": [
              {
                "id": 2814,
                "filename": "image.jpg",
                "description": "Bänkbord",
                "alttext": "Bänkbord i snön",
                "sourcetext": "Sundsvalls kommun",
                "validForWinter": true,
                "validForSummer": true,
                "sortIndex": null,
                "type": "image/jpeg",
                "size": 4520241,
                "url": "https://api.sundsvall.se/facilities/2.2/field/filesfield/2814",
                "license": "CC0",
                "licenseDescription": "Creative commons. \"No rights reserved\" https://creativecommons.org/share-your-work/public-domain/cc0/"
              }
            ]
          },
          {
            "id": 72,
            "name": "Handikappanpassad",
            "type": "TOGGLE",
            "value": "Ja"
          },
          {
            "id": 288,
            "name": "Felanmälan",
            "type": "Felanmälningstjänst",
            "reportName": "Kontakt Sundsvall",
            "reportDescription": "Felanmälan av motionsspår, elljusspår, leder och andra friluftsanläggningar",
            "reportLink": "https://sundsvall.se/kommun-och-politik/politik-och-demokrati/dialog-och-synpunkter/felanmalan",
            "reportPhone": "060-19 10 00",
            "reportEmail": "kontakt@sundsvall.se"
          }
        ],
        "centerPoint": [
          17.305535582935487,
          62.366354236427945
        ]
      },
      "geometry": {
        "type": "Point",
        "coordinates": [
          17.305535582935487,
          62.366354236427945
        ]
      }
    },
    {
      "id": 143,
      "type": "Feature",
      "properties": {
        "name": "Södra Berget grillplats utsikten",
        "type": "Bänkbord",
        "created": "2018-06-18 11:23:25",
        "updated": "2025-02-17 10:51:01",
        "published": true,
        "parentObjects": [
          3090
        ],
        "owner": {
          "organizationID": 36,
          "name": "Sundsvalls kommun Friluftsenheten"
        },
        "manager": {
          "organizationID": 36,
          "name": "Sundsvalls kommun Friluftsenheten"
        },
        "fields": [
          {
            "id": 73,
            "name": "Status",
            "type": "DROPDOWN",
            "value": "Sliten"
          },
          {
            "id": 80,
            "name": "Typ av bänkbord",
            "type": "DROPDOWN",
            "value": "2 tums standard"
          },
          {
            "id": 70,
            "name": "Byggnadsår",
            "type": "INTEGER",
            "value": 2008
          },
          {
            "id": 81,
            "name": "Antal sittplatser",
            "type": "INTEGER",
            "value": 18
          },
          {
            "id": 74,
            "name": "Statusdatum",
            "type": "DATE",
            "value": "2018-06-18"
          },
          {
            "id": 79,
            "name": "Tillhörande filer",
            "type": "FILES",
            "value": [
              {
                "id": 48,
                "filename": "image.jpg",
                "description": "Bänkbord",
                "alttext": "Bänkbord",
                "sourcetext": "Friluftsenheten, Feriearbetare",
                "validForWinter": true,
                "validForSummer": true,
                "sortIndex": 2,
                "type": "image/jpeg",
                "size": 3225440,
                "url": "https://api.sundsvall.se/facilities/2.2/field/filesfield/48",
                "license": "CC0",
                "licenseDescription": "Creative commons. \"No rights reserved\" https://creativecommons.org/share-your-work/public-domain/cc0/"
              }
            ]
          },
          {
            "id": 72,
            "name": "Handikappanpassad",
            "type": "TOGGLE",
            "value": "Nej"
          },
          {
            "id": 288,
            "name": "Felanmälan",
            "type": "Felanmälningstjänst",
            "reportName": "Kontakt Sundsvall",
            "reportDescription": "Felanmälan av motionsspår, elljusspår, leder och andra friluftsanläggningar",
            "reportLink": "https://sundsvall.se/kommun-och-politik/politik-och-demokrati/dialog-och-synpunkter/felanmalan",
            "reportPhone": "060-19 10 00",
            "reportEmail": "kontakt@sundsvall.se"
          },
          {
            "id": 77,
            "name": "Beskrivning",
            "type": "FREETEXT",
            "value": "Tre rejäla bänkbord"
          }
        ],
        "centerPoint": [
          17.307577483342918,
          62.368556862390776
        ]
      },
      "geometry": {
        "type": "Point",
        "coordinates": [
          17.307577483342918,
          62.368556862390776
        ]
      }
    },
    {
      "id": 144,
      "type": "Feature",
      "properties": {
        "name": "Bänkbord Raststugan",
        "type": "Bänkbord",
        "created": "2018-06-18 12:46:42",
        "updated": "2026-04-08 15:14:18",
        "published": true,
        "parentObjects": [
          4142
        ],
        "owner": {
          "organizationID": 36,
          "name": "Sundsvalls kommun Friluftsenheten"
        },
        "manager": {
          "organizationID": 36,
          "name": "Sundsvalls kommun Friluftsenheten"
        },
        "fields": [
          {
            "id": 73,
            "name": "Status",
            "type": "DROPDOWN",
            "value": "Sliten"
          },
          {
            "id": 80,
            "name": "Typ av bänkbord",
            "type": "DROPDOWN",
            "value": "2 tums standard"
          },
          {
            "id": 70,
            "name": "Byggnadsår",
            "type": "INTEGER",
            "value": 2012
          },
          {
            "id": 71,
            "name": "Renoveringsår",
            "type": "INTEGER",
            "value": 2018
          },
          {
            "id": 81,
            "name": "Antal sittplatser",
            "type": "INTEGER",
            "value": 36
          },
          {
            "id": 74,
            "name": "Statusdatum",
            "type": "DATE",
            "value": "2018-06-18"
          },
          {
            "id": 79,
            "name": "Tillhörande filer",
            "type": "FILES",
            "value": [
              {
                "id": 49,
                "filename": "image.jpg",
                "description": "Bänkbord",
                "alttext": "Bänkbord",
                "sourcetext": "Anders Erlandsson, Friluftsenheten",
                "validForWinter": true,
                "validForSummer": true,
                "sortIndex": 1,
                "type": "image/jpeg",
                "size": 4318238,
                "url": "https://api.sundsvall.se/facilities/2.2/field/filesfield/49",
                "license": "CC0",
                "licenseDescription": "Creative commons. \"No rights reserved\" https://creativecommons.org/share-your-work/public-domain/cc0/"
              }
            ]
          },
          {
            "id": 72,
            "name": "Handikappanpassad",
            "type": "TOGGLE",
            "value": "Ja"
          },
          {
            "id": 288,
            "name": "Felanmälan",
            "type": "Felanmälningstjänst",
            "reportName": "Kontakt Sundsvall",
            "reportDescription": "Felanmälan av motionsspår, elljusspår, leder och andra friluftsanläggningar",
            "reportLink": "https://sundsvall.se/kommun-och-politik/politik-och-demokrati/dialog-och-synpunkter/felanmalan",
            "reportPhone": "060-19 10 00",
            "reportEmail": "kontakt@sundsvall.se"
          },
          {
            "id": 77,
            "name": "Beskrivning",
            "type": "FREETEXT",
            "value": "6 st bänkbord, varav ett har en förlängning för rullstol"
          }
        ],
        "centerPoint": [
          17.309117693820433,
          62.36662080868916
        ]
      },
      "geometry": {
        "type": "Point",
        "coordinates": [
          17.309117693820433,
          62.36662080868916
        ]
      }
    },
    {
      "id": 159,
      "type": "Feature",
      "properties": {
        "name": "Sidsjö bänkbord",
        "type": "Bänkbord",
        "created": "2018-06-19 12:51:18",
        "updated": "2023-04-05 15:07:17",
        "published": true,
        "owner": {
          "organizationID": 172,
          "name": "Sundsvalls kommun Parkavdelningen"
        },
        "manager": {
          "organizationID": 172,
          "name": "Sundsvalls kommun Parkavdelningen"
        },
        "fields": [
          {
            "id": 73,
            "name": "Status",
            "type": "DROPDOWN",
            "value": "Fin"
          },
          {
            "id": 80,
            "name": "Typ av bänkbord",
            "type": "DROPDOWN",
            "value": "Övrigt"
          },
          {
            "id": 70,
            "name": "Byggnadsår",
            "type": "INTEGER",
            "value": 2010
          },
          {
            "id": 71,
            "name": "Renoveringsår",
            "type": "INTEGER",
            "value": 2018
          },
          {
            "id": 74,
            "name": "Statusdatum",
            "type": "DATE",
            "value": "2019-04-30"
          },
          {
            "id": 79,
            "name": "Tillhörande filer",
            "type": "FILES",
            "value": [
              {
                "id": 59,
                "filename": "image.jpg",
                "description": "Bänkbord",
                "alttext": "Bänkbord",
                "sourcetext": "Anders Erlandsson, Friluftsenheten",
                "validForWinter": true,
                "validForSummer": true,
                "sortIndex": 1,
                "type": "image/jpeg",
                "size": 6216858,
                "url": "https://api.sundsvall.se/facilities/2.2/field/filesfield/59",
                "license": "CC0",
                "licenseDescription": "Creative commons. \"No rights reserved\" https://creativecommons.org/share-your-work/public-domain/cc0/"
              }
            ]
          },
          {
            "id": 72,
            "name": "Handikappanpassad",
            "type": "TOGGLE",
            "value": "Nej"
          },
          {
            "id": 288,
            "name": "Felanmälan",
            "type": "Felanmälningstjänst",
            "reportName": "Sundsvalls kommun parker och lekparker",
            "reportDescription": "Felanmälan av parker",
            "reportLink": "https://isycase.isy.se/Sundsvall/publicform/create",
            "reportPhone": "060-19 15 65",
            "reportEmail": "servicecenter.kundtjanst@sundsvall.se"
          }
        ],
        "centerPoint": [
          17.28001739162135,
          62.37728100777397
        ]
      },
      "geometry": {
        "type": "Point",
        "coordinates": [
          17.28001739162135,
          62.37728100777397
        ]
      }
    },
    {
      "id": 163,
      "type": "Feature",
      "properties": {
        "name": "Bänkbord Sidsjön",
        "type": "Bänkbord",
        "created": "2018-06-19 13:06:16",
        "updated": "2021-12-14 10:03:03",
        "published": true,
        "owner": {
          "organizationID": 36,
          "name": "Sundsvalls kommun Friluftsenheten"
        },
        "manager": {
          "organizationID": 36,
          "name": "Sundsvalls kommun Friluftsenheten"
        },
        "fields": [
          {
            "id": 73,
            "name": "Status",
            "type": "DROPDOWN",
            "value": "Fin"
          },
          {
            "id": 80,
            "name": "Typ av bänkbord",
            "type": "DROPDOWN",
            "value": "2 tums standard"
          },
          {
            "id": 70,
            "name": "Byggnadsår",
            "type": "INTEGER",
            "value": 2010
          },
          {
            "id": 71,
            "name": "Renoveringsår",
            "type": "INTEGER",
            "value": 2018
          },
          {
            "id": 74,
            "name": "Statusdatum",
            "type": "DATE",
            "value": "2018-06-19"
          },
          {
            "id": 79,
            "name": "Tillhörande filer",
            "type": "FILES",
            "value": [
              {
                "id": 63,
                "filename": "image.jpg",
                "description": "Bänkbord",
                "alttext": "Bänkbord",
                "sourcetext": "Anders Erlandsson, Friluftsenheten",
                "validForWinter": true,
                "validForSummer": true,
                "sortIndex": 1,
                "type": "image/jpeg",
                "size": 6349618,
                "url": "https://api.sundsvall.se/facilities/2.2/field/filesfield/63",
                "license": "CC0",
                "licenseDescription": "Creative commons. \"No rights reserved\" https://creativecommons.org/share-your-work/public-domain/cc0/"
              }
            ]
          },
          {
            "id": 72,
            "name": "Handikappanpassad",
            "type": "TOGGLE",
            "value": "Nej"
          },
          {
            "id": 288,
            "name": "Felanmälan",
            "type": "Felanmälningstjänst",
            "reportName": "Kontakt Sundsvall",
            "reportDescription": "Felanmälan av motionsspår, elljusspår, leder och andra friluftsanläggningar",
            "reportLink": "https://sundsvall.se/kommun-och-politik/politik-och-demokrati/dialog-och-synpunkter/felanmalan",
            "reportPhone": "060-19 10 00",
            "reportEmail": "kontakt@sundsvall.se"
          }
        ],
        "centerPoint": [
          17.280583686320874,
          62.37549754178775
        ]
      },
      "geometry": {
        "type": "Point",
        "coordinates": [
          17.280583686320874,
          62.37549754178775
        ]
      }
    },
    {
      "id": 164,
      "type": "Feature",
      "properties": {
        "name": "Bänkbord Sidsjön",
        "type": "Bänkbord",
        "created": "2018-06-19 13:09:23",
        "updated": "2021-12-14 10:03:15",
        "published": true,
        "owner": {
          "organizationID": 36,
          "name": "Sundsvalls kommun Friluftsenheten"
        },
        "manager": {
          "organizationID": 36,
          "name": "Sundsvalls kommun Friluftsenheten"
        },
        "fields": [
          {
            "id": 73,
            "name": "Status",
            "type": "DROPDOWN",
            "value": "Sliten"
          },
          {
            "id": 80,
            "name": "Typ av bänkbord",
            "type": "DROPDOWN",
            "value": "2 tums standard"
          },
          {
            "id": 70,
            "name": "Byggnadsår",
            "type": "INTEGER",
            "value": 2010
          },
          {
            "id": 71,
            "name": "Renoveringsår",
            "type": "INTEGER",
            "value": 2018
          },
          {
            "id": 74,
            "name": "Statusdatum",
            "type": "DATE",
            "value": "2018-06-19"
          },
          {
            "id": 79,
            "name": "Tillhörande filer",
            "type": "FILES",
            "value": [
              {
                "id": 64,
                "filename": "image.jpg",
                "description": "Bänkbord",
                "alttext": "Bänkbord",
                "sourcetext": "Anders Erlandsson, Friluftsenheten",
                "validForWinter": true,
                "validForSummer": true,
                "sortIndex": 1,
                "type": "image/jpeg",
                "size": 5078392,
                "url": "https://api.sundsvall.se/facilities/2.2/field/filesfield/64",
                "license": "CC0",
                "licenseDescription": "Creative commons. \"No rights reserved\" https://creativecommons.org/share-your-work/public-domain/cc0/"
              }
            ]
          },
          {
            "id": 72,
            "name": "Handikappanpassad",
            "type": "TOGGLE",
            "value": "Nej"
          },
          {
            "id": 288,
            "name": "Felanmälan",
            "type": "Felanmälningstjänst",
            "reportName": "Kontakt Sundsvall",
            "reportDescription": "Felanmälan av motionsspår, elljusspår, leder och andra friluftsanläggningar",
            "reportLink": "https://sundsvall.se/kommun-och-politik/politik-och-demokrati/dialog-och-synpunkter/felanmalan",
            "reportPhone": "060-19 10 00",
            "reportEmail": "kontakt@sundsvall.se"
          }
        ],
        "centerPoint": [
          17.281837518697262,
          62.37477019986003
        ]
      },
      "geometry": {
        "type": "Point",
        "coordinates": [
          17.281837518697262,
          62.37477019986003
        ]
      }
    },
    {
      "id": 169,
      "type": "Feature",
      "properties": {
        "name": "Bänkbord Sidsjöns utegym",
        "type": "Bänkbord",
        "created": "2018-06-19 13:18:32",
        "updated": "2021-12-14 09:12:44",
        "published": true,
        "owner": {
          "organizationID": 36,
          "name": "Sundsvalls kommun Friluftsenheten"
        },
        "manager": {
          "organizationID": 36,
          "name": "Sundsvalls kommun Friluftsenheten"
        },
        "fields": [
          {
            "id": 73,
            "name": "Status",
            "type": "DROPDOWN",
            "value": "Fin"
          },
          {
            "id": 80,
            "name": "Typ av bänkbord",
            "type": "DROPDOWN",
            "value": "2 tums standard"
          },
          {
            "id": 70,
            "name": "Byggnadsår",
            "type": "INTEGER",
            "value": 2011
          },
          {
            "id": 71,
            "name": "Renoveringsår",
            "type": "INTEGER",
            "value": 2018
          },
          {
            "id": 81,
            "name": "Antal sittplatser",
            "type": "INTEGER",
            "value": 18
          },
          {
            "id": 74,
            "name": "Statusdatum",
            "type": "DATE",
            "value": "2020-08-18"
          },
          {
            "id": 79,
            "name": "Tillhörande filer",
            "type": "FILES",
            "value": [
              {
                "id": 69,
                "filename": "image.jpg",
                "description": "Bänkbord",
                "alttext": "Bänkbord",
                "sourcetext": "Anders Erlandsson, Frilufstenheten",
                "validForWinter": true,
                "validForSummer": true,
                "sortIndex": 1,
                "type": "image/jpeg",
                "size": 5044071,
                "url": "https://api.sundsvall.se/facilities/2.2/field/filesfield/69",
                "license": "CC0",
                "licenseDescription": "Creative commons. \"No rights reserved\" https://creativecommons.org/share-your-work/public-domain/cc0/"
              }
            ]
          },
          {
            "id": 72,
            "name": "Handikappanpassad",
            "type": "TOGGLE",
            "value": "Nej"
          },
          {
            "id": 288,
            "name": "Felanmälan",
            "type": "Felanmälningstjänst",
            "reportName": "Kontakt Sundsvall",
            "reportDescription": "Felanmälan av motionsspår, elljusspår, leder och andra friluftsanläggningar",
            "reportLink": "https://sundsvall.se/kommun-och-politik/politik-och-demokrati/dialog-och-synpunkter/felanmalan",
            "reportPhone": "060-19 10 00",
            "reportEmail": "kontakt@sundsvall.se"
          },
          {
            "id": 77,
            "name": "Beskrivning",
            "type": "FREETEXT",
            "value": "3 bord vid utegymmet"
          }
        ],
        "centerPoint": [
          17.28246226078677,
          62.37323635509789
        ]
      },
      "geometry": {
        "type": "Point",
        "coordinates": [
          17.28246226078677,
          62.37323635509789
        ]
      }
    },
    {
      "id": 182,
      "type": "Feature",
      "properties": {
        "name": "Bänkbord Sidsjöstugan",
        "type": "Bänkbord",
        "created": "2018-06-19 13:45:10",
        "updated": "2021-12-14 09:43:22",
        "published": true,
        "owner": {
          "organizationID": 36,
          "name": "Sundsvalls kommun Friluftsenheten"
        },
        "manager": {
          "organizationID": 36,
          "name": "Sundsvalls kommun Friluftsenheten"
        },
        "fields": [
          {
            "id": 73,
            "name": "Status",
            "type": "DROPDOWN",
            "value": "Trasig"
          },
          {
            "id": 80,
            "name": "Typ av bänkbord",
            "type": "DROPDOWN",
            "value": "2,5-tums standard"
          },
          {
            "id": 70,
            "name": "Byggnadsår",
            "type": "INTEGER",
            "value": 2010
          },
          {
            "id": 81,
            "name": "Antal sittplatser",
            "type": "INTEGER",
            "value": 6
          },
          {
            "id": 74,
            "name": "Statusdatum",
            "type": "DATE",
            "value": "2018-06-19"
          },
          {
            "id": 79,
            "name": "Tillhörande filer",
            "type": "FILES",
            "value": [
              {
                "id": 81,
                "filename": "image.jpg",
                "description": "Bänkbord",
                "alttext": "Bänkbord",
                "sourcetext": "Anders Erlandsson, Friluftsenheten",
                "validForWinter": true,
                "validForSummer": true,
                "sortIndex": 1,
                "type": "image/jpeg",
                "size": 5129342,
                "url": "https://api.sundsvall.se/facilities/2.2/field/filesfield/81",
                "license": "CC0",
                "licenseDescription": "Creative commons. \"No rights reserved\" https://creativecommons.org/share-your-work/public-domain/cc0/"
              }
            ]
          },
          {
            "id": 72,
            "name": "Handikappanpassad",
            "type": "TOGGLE",
            "value": "Nej"
          },
          {
            "id": 288,
            "name": "Felanmälan",
            "type": "Felanmälningstjänst",
            "reportName": "Kontakt Sundsvall",
            "reportDescription": "Felanmälan av motionsspår, elljusspår, leder och andra friluftsanläggningar",
            "reportLink": "https://sundsvall.se/kommun-och-politik/politik-och-demokrati/dialog-och-synpunkter/felanmalan",
            "reportPhone": "060-19 10 00",
            "reportEmail": "kontakt@sundsvall.se"
          }
        ],
        "centerPoint": [
          17.27522204219713,
          62.36898111904126
        ]
      },
      "geometry": {
        "type": "Point",
        "coordinates": [
          17.27522204219713,
          62.36898111904126
        ]
      }
    },
    {
      "id": 186,
      "type": "Feature",
      "properties": {
        "name": "Bänkbord grillstuga Sidsjöstugan",
        "type": "Bänkbord",
        "created": "2018-06-19 13:49:58",
        "updated": "2021-12-14 09:50:02",
        "published": true,
        "owner": {
          "organizationID": 36,
          "name": "Sundsvalls kommun Friluftsenheten"
        },
        "manager": {
          "organizationID": 36,
          "name": "Sundsvalls kommun Friluftsenheten"
        },
        "fields": [
          {
            "id": 73,
            "name": "Status",
            "type": "DROPDOWN",
            "value": "Trasig"
          },
          {
            "id": 80,
            "name": "Typ av bänkbord",
            "type": "DROPDOWN",
            "value": "2 tums standard"
          },
          {
            "id": 70,
            "name": "Byggnadsår",
            "type": "INTEGER",
            "value": 2008
          },
          {
            "id": 71,
            "name": "Renoveringsår",
            "type": "INTEGER",
            "value": 2018
          },
          {
            "id": 81,
            "name": "Antal sittplatser",
            "type": "INTEGER",
            "value": 16
          },
          {
            "id": 74,
            "name": "Statusdatum",
            "type": "DATE",
            "value": "2018-06-19"
          },
          {
            "id": 79,
            "name": "Tillhörande filer",
            "type": "FILES",
            "value": [
              {
                "id": 85,
                "filename": "image.jpg",
                "description": "Bänkbord",
                "alttext": "Bänkbord",
                "sourcetext": "Anders Erlandsson, Friluftsenheten",
                "validForWinter": true,
                "validForSummer": true,
                "sortIndex": 1,
                "type": "image/jpeg",
                "size": 4152477,
                "url": "https://api.sundsvall.se/facilities/2.2/field/filesfield/85",
                "license": "CC0",
                "licenseDescription": "Creative commons. \"No rights reserved\" https://creativecommons.org/share-your-work/public-domain/cc0/"
              }
            ]
          },
          {
            "id": 72,
            "name": "Handikappanpassad",
            "type": "TOGGLE",
            "value": "Nej"
          },
          {
            "id": 288,
            "name": "Felanmälan",
            "type": "Felanmälningstjänst",
            "reportName": "Kontakt Sundsvall",
            "reportDescription": "Felanmälan av motionsspår, elljusspår, leder och andra friluftsanläggningar",
            "reportLink": "https://sundsvall.se/kommun-och-politik/politik-och-demokrati/dialog-och-synpunkter/felanmalan",
            "reportPhone": "060-19 10 00",
            "reportEmail": "kontakt@sundsvall.se"
          }
        ],
        "centerPoint": [
          17.275032593564458,
          62.368764403991385
        ]
      },
      "geometry": {
        "type": "Point",
        "coordinates": [
          17.275032593564458,
          62.368764403991385
        ]
      }
    },
    {
      "id": 195,
      "type": "Feature",
      "properties": {
        "name": "Bänkbord Sidsjöns västra sida",
        "type": "Bänkbord",
        "created": "2018-06-19 14:44:23",
        "updated": "2021-12-14 09:55:37",
        "published": true,
        "owner": {
          "organizationID": 36,
          "name": "Sundsvalls kommun Friluftsenheten"
        },
        "manager": {
          "organizationID": 36,
          "name": "Sundsvalls kommun Friluftsenheten"
        },
        "fields": [
          {
            "id": 73,
            "name": "Status",
            "type": "DROPDOWN",
            "value": "Fin"
          },
          {
            "id": 80,
            "name": "Typ av bänkbord",
            "type": "DROPDOWN",
            "value": "2 tums standard"
          },
          {
            "id": 70,
            "name": "Byggnadsår",
            "type": "INTEGER",
            "value": 2010
          },
          {
            "id": 81,
            "name": "Antal sittplatser",
            "type": "INTEGER",
            "value": 4
          },
          {
            "id": 74,
            "name": "Statusdatum",
            "type": "DATE",
            "value": "2018-06-19"
          },
          {
            "id": 79,
            "name": "Tillhörande filer",
            "type": "FILES",
            "value": [
              {
                "id": 92,
                "filename": "image.jpg",
                "description": "Bänkbord",
                "alttext": "Bänkbord",
                "sourcetext": "Anders Erlandsson, Friluftsenheten",
                "validForWinter": true,
                "validForSummer": true,
                "sortIndex": 1,
                "type": "image/jpeg",
                "size": 6425252,
                "url": "https://api.sundsvall.se/facilities/2.2/field/filesfield/92",
                "license": "CC0",
                "licenseDescription": "Creative commons. \"No rights reserved\" https://creativecommons.org/share-your-work/public-domain/cc0/"
              }
            ]
          },
          {
            "id": 72,
            "name": "Handikappanpassad",
            "type": "TOGGLE",
            "value": "Nej"
          },
          {
            "id": 288,
            "name": "Felanmälan",
            "type": "Felanmälningstjänst",
            "reportName": "Kontakt Sundsvall",
            "reportDescription": "Felanmälan av motionsspår, elljusspår, leder och andra friluftsanläggningar",
            "reportLink": "https://sundsvall.se/kommun-och-politik/politik-och-demokrati/dialog-och-synpunkter/felanmalan",
            "reportPhone": "060-19 10 00",
            "reportEmail": "kontakt@sundsvall.se"
          }
        ],
        "centerPoint": [
          17.270156763537848,
          62.37096412656535
        ]
      },
      "geometry": {
        "type": "Point",
        "coordinates": [
          17.270156763537848,
          62.37096412656535
        ]
      }
    },
    {
      "id": 199,
      "type": "Feature",
      "properties": {
        "name": "Bänkbord Sidsjöns västra sida",
        "type": "Bänkbord",
        "created": "2018-06-19 14:49:59",
        "updated": "2021-12-14 09:58:11",
        "published": true,
        "owner": {
          "organizationID": 36,
          "name": "Sundsvalls kommun Friluftsenheten"
        },
        "manager": {
          "organizationID": 36,
          "name": "Sundsvalls kommun Friluftsenheten"
        },
        "fields": [
          {
            "id": 73,
            "name": "Status",
            "type": "DROPDOWN",
            "value": "Sliten"
          },
          {
            "id": 80,
            "name": "Typ av bänkbord",
            "type": "DROPDOWN",
            "value": "2 tums standard"
          },
          {
            "id": 70,
            "name": "Byggnadsår",
            "type": "INTEGER",
            "value": 2012
          },
          {
            "id": 81,
            "name": "Antal sittplatser",
            "type": "INTEGER",
            "value": 6
          },
          {
            "id": 74,
            "name": "Statusdatum",
            "type": "DATE",
            "value": "2018-06-19"
          },
          {
            "id": 79,
            "name": "Tillhörande filer",
            "type": "FILES",
            "value": [
              {
                "id": 96,
                "filename": "image.jpg",
                "description": "Bänkbord",
                "alttext": "Bänkbord",
                "sourcetext": "Anders Erlandsson, Friluftsenheten",
                "validForWinter": true,
                "validForSummer": true,
                "sortIndex": 1,
                "type": "image/jpeg",
                "size": 5881261,
                "url": "https://api.sundsvall.se/facilities/2.2/field/filesfield/96",
                "license": "CC0",
                "licenseDescription": "Creative commons. \"No rights reserved\" https://creativecommons.org/share-your-work/public-domain/cc0/"
              }
            ]
          },
          {
            "id": 72,
            "name": "Handikappanpassad",
            "type": "TOGGLE",
            "value": "Nej"
          },
          {
            "id": 288,
            "name": "Felanmälan",
            "type": "Felanmälningstjänst",
            "reportName": "Kontakt Sundsvall",
            "reportDescription": "Felanmälan av motionsspår, elljusspår, leder och andra friluftsanläggningar",
            "reportLink": "https://sundsvall.se/kommun-och-politik/politik-och-demokrati/dialog-och-synpunkter/felanmalan",
            "reportPhone": "060-19 10 00",
            "reportEmail": "kontakt@sundsvall.se"
          }
        ],
        "centerPoint": [
          17.271677068007968,
          62.373373767681024
        ]
      },
      "geometry": {
        "type": "Point",
        "coordinates": [
          17.271677068007968,
          62.373373767681024
        ]
      }
    },
    {
      "id": 207,
      "type": "Feature",
      "properties": {
        "name": "Bänkbord Abborvikens badplats",
        "type": "Bänkbord",
        "created": "2018-06-19 14:59:37",
        "updated": "2026-03-23 14:39:55",
        "published": true,
        "parentObjects": [
          4249
        ],
        "owner": {
          "organizationID": 36,
          "name": "Sundsvalls kommun Friluftsenheten"
        },
        "manager": {
          "organizationID": 36,
          "name": "Sundsvalls kommun Friluftsenheten"
        },
        "fields": [
          {
            "id": 73,
            "name": "Status",
            "type": "DROPDOWN",
            "value": "Fin"
          },
          {
            "id": 80,
            "name": "Typ av bänkbord",
            "type": "DROPDOWN",
            "value": "2 tums standard"
          },
          {
            "id": 70,
            "name": "Byggnadsår",
            "type": "INTEGER",
            "value": 2016
          },
          {
            "id": 71,
            "name": "Renoveringsår",
            "type": "INTEGER",
            "value": 2018
          },
          {
            "id": 81,
            "name": "Antal sittplatser",
            "type": "INTEGER",
            "value": 6
          },
          {
            "id": 74,
            "name": "Statusdatum",
            "type": "DATE",
            "value": "2018-06-19"
          },
          {
            "id": 79,
            "name": "Tillhörande filer",
            "type": "FILES",
            "value": [
              {
                "id": 104,
                "filename": "image.jpg",
                "description": "Bänkbord",
                "alttext": "Bänkbord",
                "sourcetext": "Anders Erlandsson, Friluftsenheten",
                "validForWinter": true,
                "validForSummer": true,
                "sortIndex": 1,
                "type": "image/jpeg",
                "size": 3445353,
                "url": "https://api.sundsvall.se/facilities/2.2/field/filesfield/104",
                "license": "CC0",
                "licenseDescription": "Creative commons. \"No rights reserved\" https://creativecommons.org/share-your-work/public-domain/cc0/"
              }
            ]
          },
          {
            "id": 72,
            "name": "Handikappanpassad",
            "type": "TOGGLE",
            "value": "Nej"
          },
          {
            "id": 288,
            "name": "Felanmälan",
            "type": "Felanmälningstjänst",
            "reportName": "Kontakt Sundsvall",
            "reportDescription": "Felanmälan av motionsspår, elljusspår, leder och andra friluftsanläggningar",
            "reportLink": "https://sundsvall.se/kommun-och-politik/politik-och-demokrati/dialog-och-synpunkter/felanmalan",
            "reportPhone": "060-19 10 00",
            "reportEmail": "kontakt@sundsvall.se"
          },
          {
            "id": 77,
            "name": "Beskrivning",
            "type": "FREETEXT",
            "value": "Bord på en brygga"
          }
        ],
        "centerPoint": [
          17.27468185900069,
          62.37481282939333
        ]
      },
      "geometry": {
        "type": "Point",
        "coordinates": [
          17.27468185900069,
          62.37481282939333
        ]
      }
    },
    {
      "id": 223,
      "type": "Feature",
      "properties": {
        "name": "Bänkbord Sidsjö skidlek och pulkabacke",
        "type": "Bänkbord",
        "created": "2018-06-20 08:53:47",
        "updated": "2021-12-14 10:08:52",
        "published": true,
        "owner": {
          "organizationID": 36,
          "name": "Sundsvalls kommun Friluftsenheten"
        },
        "manager": {
          "organizationID": 36,
          "name": "Sundsvalls kommun Friluftsenheten"
        },
        "fields": [
          {
            "id": 73,
            "name": "Status",
            "type": "DROPDOWN",
            "value": "Sliten"
          },
          {
            "id": 80,
            "name": "Typ av bänkbord",
            "type": "DROPDOWN",
            "value": "Övrigt"
          },
          {
            "id": 70,
            "name": "Byggnadsår",
            "type": "INTEGER",
            "value": 2010
          },
          {
            "id": 74,
            "name": "Statusdatum",
            "type": "DATE",
            "value": "2018-06-20"
          },
          {
            "id": 79,
            "name": "Tillhörande filer",
            "type": "FILES",
            "value": [
              {
                "id": 117,
                "filename": "image.jpg",
                "description": "Bänkbord",
                "alttext": "Bänkbord",
                "sourcetext": "Anders Erlandsson, Friluftsenheten",
                "validForWinter": true,
                "validForSummer": true,
                "sortIndex": 1,
                "type": "image/jpeg",
                "size": 2266024,
                "url": "https://api.sundsvall.se/facilities/2.2/field/filesfield/117",
                "license": "CC0",
                "licenseDescription": "Creative commons. \"No rights reserved\" https://creativecommons.org/share-your-work/public-domain/cc0/"
              }
            ]
          },
          {
            "id": 72,
            "name": "Handikappanpassad",
            "type": "TOGGLE",
            "value": "Nej"
          },
          {
            "id": 288,
            "name": "Felanmälan",
            "type": "Felanmälningstjänst",
            "reportName": "Kontakt Sundsvall",
            "reportDescription": "Felanmälan av motionsspår, elljusspår, leder och andra friluftsanläggningar",
            "reportLink": "https://sundsvall.se/kommun-och-politik/politik-och-demokrati/dialog-och-synpunkter/felanmalan",
            "reportPhone": "060-19 10 00",
            "reportEmail": "kontakt@sundsvall.se"
          }
        ],
        "centerPoint": [
          17.26887112206133,
          62.36810509553035
        ]
      },
      "geometry": {
        "type": "Point",
        "coordinates": [
          17.26887112206133,
          62.36810509553035
        ]
      }
    },
    {
      "id": 241,
      "type": "Feature",
      "properties": {
        "name": "Bänkbord Backstugan",
        "type": "Bänkbord",
        "created": "2018-06-20 13:21:04",
        "updated": "2021-12-17 16:09:24",
        "published": true,
        "owner": {
          "organizationID": 36,
          "name": "Sundsvalls kommun Friluftsenheten"
        },
        "manager": {
          "organizationID": 36,
          "name": "Sundsvalls kommun Friluftsenheten"
        },
        "fields": [
          {
            "id": 73,
            "name": "Status",
            "type": "DROPDOWN",
            "value": "Fin"
          },
          {
            "id": 80,
            "name": "Typ av bänkbord",
            "type": "DROPDOWN",
            "value": "Övrigt"
          },
          {
            "id": 70,
            "name": "Byggnadsår",
            "type": "INTEGER",
            "value": 2012
          },
          {
            "id": 74,
            "name": "Statusdatum",
            "type": "DATE",
            "value": "2018-06-20"
          },
          {
            "id": 79,
            "name": "Tillhörande filer",
            "type": "FILES",
            "value": [
              {
                "id": 130,
                "filename": "image.jpg",
                "description": "Bänkbord",
                "alttext": "Bänkbord",
                "sourcetext": "Feriearbetare, Friluftsenheten",
                "validForWinter": true,
                "validForSummer": true,
                "sortIndex": 1,
                "type": "image/jpeg",
                "size": 2715074,
                "url": "https://api.sundsvall.se/facilities/2.2/field/filesfield/130",
                "license": "CC0",
                "licenseDescription": "Creative commons. \"No rights reserved\" https://creativecommons.org/share-your-work/public-domain/cc0/"
              }
            ]
          },
          {
            "id": 72,
            "name": "Handikappanpassad",
            "type": "TOGGLE",
            "value": "Nej"
          },
          {
            "id": 288,
            "name": "Felanmälan",
            "type": "Felanmälningstjänst",
            "reportName": "Kontakt Sundsvall",
            "reportDescription": "Felanmälan av motionsspår, elljusspår, leder och andra friluftsanläggningar",
            "reportLink": "https://sundsvall.se/kommun-och-politik/politik-och-demokrati/dialog-och-synpunkter/felanmalan",
            "reportPhone": "060-19 10 00",
            "reportEmail": "kontakt@sundsvall.se"
          }
        ],
        "centerPoint": [
          17.292257838512665,
          62.36789122808793
        ]
      },
      "geometry": {
        "type": "Point",
        "coordinates": [
          17.292257838512665,
          62.36789122808793
        ]
      }
    },
    {
      "id": 244,
      "type": "Feature",
      "properties": {
        "name": "Bänkbord Shreddwoodskogen",
        "type": "Bänkbord",
        "created": "2018-06-20 13:38:01",
        "updated": "2021-12-17 16:11:20",
        "published": true,
        "owner": {
          "organizationID": 36,
          "name": "Sundsvalls kommun Friluftsenheten"
        },
        "manager": {
          "organizationID": 36,
          "name": "Sundsvalls kommun Friluftsenheten"
        },
        "fields": [
          {
            "id": 73,
            "name": "Status",
            "type": "DROPDOWN",
            "value": "Sliten"
          },
          {
            "id": 80,
            "name": "Typ av bänkbord",
            "type": "DROPDOWN",
            "value": "2 tums standard"
          },
          {
            "id": 70,
            "name": "Byggnadsår",
            "type": "INTEGER",
            "value": 2008
          },
          {
            "id": 81,
            "name": "Antal sittplatser",
            "type": "INTEGER",
            "value": 6
          },
          {
            "id": 74,
            "name": "Statusdatum",
            "type": "DATE",
            "value": "2018-06-20"
          },
          {
            "id": 79,
            "name": "Tillhörande filer",
            "type": "FILES",
            "value": [
              {
                "id": 132,
                "filename": "image.jpg",
                "description": "Bänkbord",
                "alttext": "Bänkbord",
                "sourcetext": "Feriearbetare, Friluftsenheten",
                "validForWinter": true,
                "validForSummer": true,
                "sortIndex": 1,
                "type": "image/jpeg",
                "size": 4748294,
                "url": "https://api.sundsvall.se/facilities/2.2/field/filesfield/132",
                "license": "CC0",
                "licenseDescription": "Creative commons. \"No rights reserved\" https://creativecommons.org/share-your-work/public-domain/cc0/"
              }
            ]
          },
          {
            "id": 72,
            "name": "Handikappanpassad",
            "type": "TOGGLE",
            "value": "Nej"
          },
          {
            "id": 288,
            "name": "Felanmälan",
            "type": "Felanmälningstjänst",
            "reportName": "Kontakt Sundsvall",
            "reportDescription": "Felanmälan av motionsspår, elljusspår, leder och andra friluftsanläggningar",
            "reportLink": "https://sundsvall.se/kommun-och-politik/politik-och-demokrati/dialog-och-synpunkter/felanmalan",
            "reportPhone": "060-19 10 00",
            "reportEmail": "kontakt@sundsvall.se"
          }
        ],
        "centerPoint": [
          17.28517537208276,
          62.36756584575785
        ]
      },
      "geometry": {
        "type": "Point",
        "coordinates": [
          17.28517537208276,
          62.36756584575785
        ]
      }
    },
    {
      "id": 246,
      "type": "Feature",
      "properties": {
        "name": "Bänkbord Sidsjöbackens topp",
        "type": "Bänkbord",
        "created": "2018-06-20 14:46:01",
        "updated": "2024-10-22 18:35:41",
        "published": true,
        "parentObjects": [
          643
        ],
        "owner": {
          "organizationID": 36,
          "name": "Sundsvalls kommun Friluftsenheten"
        },
        "manager": {
          "organizationID": 36,
          "name": "Sundsvalls kommun Friluftsenheten"
        },
        "fields": [
          {
            "id": 73,
            "name": "Status",
            "type": "DROPDOWN",
            "value": "Sliten"
          },
          {
            "id": 80,
            "name": "Typ av bänkbord",
            "type": "DROPDOWN",
            "value": "Övrigt"
          },
          {
            "id": 70,
            "name": "Byggnadsår",
            "type": "INTEGER",
            "value": 2008
          },
          {
            "id": 81,
            "name": "Antal sittplatser",
            "type": "INTEGER",
            "value": 6
          },
          {
            "id": 74,
            "name": "Statusdatum",
            "type": "DATE",
            "value": "2018-06-20"
          },
          {
            "id": 79,
            "name": "Tillhörande filer",
            "type": "FILES",
            "value": [
              {
                "id": 134,
                "filename": "image.jpg",
                "description": "Bänkbord",
                "alttext": "Bänkbord",
                "sourcetext": "Feriearbetare, Friluftsenheten",
                "validForWinter": true,
                "validForSummer": true,
                "sortIndex": 1,
                "type": "image/jpeg",
                "size": 4709587,
                "url": "https://api.sundsvall.se/facilities/2.2/field/filesfield/134",
                "license": "CC0",
                "licenseDescription": "Creative commons. \"No rights reserved\" https://creativecommons.org/share-your-work/public-domain/cc0/"
              }
            ]
          },
          {
            "id": 72,
            "name": "Handikappanpassad",
            "type": "TOGGLE",
            "value": "Nej"
          },
          {
            "id": 288,
            "name": "Felanmälan",
            "type": "Felanmälningstjänst",
            "reportName": "Kontakt Sundsvall",
            "reportDescription": "Felanmälan av motionsspår, elljusspår, leder och andra friluftsanläggningar",
            "reportLink": "https://sundsvall.se/kommun-och-politik/politik-och-demokrati/dialog-och-synpunkter/felanmalan",
            "reportPhone": "060-19 10 00",
            "reportEmail": "kontakt@sundsvall.se"
          }
        ],
        "centerPoint": [
          17.286536555966226,
          62.36897596905436
        ]
      },
      "geometry": {
        "type": "Point",
        "coordinates": [
          17.286536555966226,
          62.36897596905436
        ]
      }
    },
    {
      "id": 247,
      "type": "Feature",
      "properties": {
        "name": "Bänkbord Sidsjöbackens topp",
        "type": "Bänkbord",
        "created": "2018-06-20 14:47:26",
        "updated": "2024-10-22 18:35:41",
        "published": true,
        "parentObjects": [
          643
        ],
        "owner": {
          "organizationID": 36,
          "name": "Sundsvalls kommun Friluftsenheten"
        },
        "manager": {
          "organizationID": 36,
          "name": "Sundsvalls kommun Friluftsenheten"
        },
        "fields": [
          {
            "id": 73,
            "name": "Status",
            "type": "DROPDOWN",
            "value": "Sliten"
          },
          {
            "id": 80,
            "name": "Typ av bänkbord",
            "type": "DROPDOWN",
            "value": "2,5-tums standard"
          },
          {
            "id": 70,
            "name": "Byggnadsår",
            "type": "INTEGER",
            "value": 2010
          },
          {
            "id": 81,
            "name": "Antal sittplatser",
            "type": "INTEGER",
            "value": 6
          },
          {
            "id": 74,
            "name": "Statusdatum",
            "type": "DATE",
            "value": "2018-06-20"
          },
          {
            "id": 79,
            "name": "Tillhörande filer",
            "type": "FILES",
            "value": [
              {
                "id": 135,
                "filename": "image.jpg",
                "description": "Bänkbord",
                "alttext": "Bänkbord",
                "sourcetext": "Feriearbetare, Friluftsenheten",
                "validForWinter": true,
                "validForSummer": true,
                "sortIndex": 1,
                "type": "image/jpeg",
                "size": 5451635,
                "url": "https://api.sundsvall.se/facilities/2.2/field/filesfield/135",
                "license": "CC0",
                "licenseDescription": "Creative commons. \"No rights reserved\" https://creativecommons.org/share-your-work/public-domain/cc0/"
              }
            ]
          },
          {
            "id": 72,
            "name": "Handikappanpassad",
            "type": "TOGGLE",
            "value": "Nej"
          },
          {
            "id": 288,
            "name": "Felanmälan",
            "type": "Felanmälningstjänst",
            "reportName": "Kontakt Sundsvall",
            "reportDescription": "Felanmälan av motionsspår, elljusspår, leder och andra friluftsanläggningar",
            "reportLink": "https://sundsvall.se/kommun-och-politik/politik-och-demokrati/dialog-och-synpunkter/felanmalan",
            "reportPhone": "060-19 10 00",
            "reportEmail": "kontakt@sundsvall.se"
          }
        ],
        "centerPoint": [
          17.286509153470323,
          62.36895026900617
        ]
      },
      "geometry": {
        "type": "Point",
        "coordinates": [
          17.286509153470323,
          62.36895026900617
        ]
      }
    },
    {
      "id": 251,
      "type": "Feature",
      "properties": {
        "name": "Bänkbord Sidsjöbackens topp",
        "type": "Bänkbord",
        "created": "2018-06-20 14:51:09",
        "updated": "2024-10-22 18:35:41",
        "published": true,
        "parentObjects": [
          643
        ],
        "owner": {
          "organizationID": 36,
          "name": "Sundsvalls kommun Friluftsenheten"
        },
        "manager": {
          "organizationID": 36,
          "name": "Sundsvalls kommun Friluftsenheten"
        },
        "fields": [
          {
            "id": 73,
            "name": "Status",
            "type": "DROPDOWN",
            "value": "Sliten"
          },
          {
            "id": 80,
            "name": "Typ av bänkbord",
            "type": "DROPDOWN",
            "value": "2 tums standard"
          },
          {
            "id": 70,
            "name": "Byggnadsår",
            "type": "INTEGER",
            "value": 2010
          },
          {
            "id": 81,
            "name": "Antal sittplatser",
            "type": "INTEGER",
            "value": 6
          },
          {
            "id": 74,
            "name": "Statusdatum",
            "type": "DATE",
            "value": "2018-06-20"
          },
          {
            "id": 79,
            "name": "Tillhörande filer",
            "type": "FILES",
            "value": [
              {
                "id": 138,
                "filename": "image.jpg",
                "description": "Bänkbord",
                "alttext": "Bänkbord",
                "sourcetext": "Feriearbetare, Friluftsenheten",
                "validForWinter": true,
                "validForSummer": true,
                "sortIndex": 1,
                "type": "image/jpeg",
                "size": 4681904,
                "url": "https://api.sundsvall.se/facilities/2.2/field/filesfield/138",
                "license": "CC0",
                "licenseDescription": "Creative commons. \"No rights reserved\" https://creativecommons.org/share-your-work/public-domain/cc0/"
              }
            ]
          },
          {
            "id": 72,
            "name": "Handikappanpassad",
            "type": "TOGGLE",
            "value": "Nej"
          },
          {
            "id": 288,
            "name": "Felanmälan",
            "type": "Felanmälningstjänst",
            "reportName": "Kontakt Sundsvall",
            "reportDescription": "Felanmälan av motionsspår, elljusspår, leder och andra friluftsanläggningar",
            "reportLink": "https://sundsvall.se/kommun-och-politik/politik-och-demokrati/dialog-och-synpunkter/felanmalan",
            "reportPhone": "060-19 10 00",
            "reportEmail": "kontakt@sundsvall.se"
          }
        ],
        "centerPoint": [
          17.28596532048279,
          62.368697700346935
        ]
      },
      "geometry": {
        "type": "Point",
        "coordinates": [
          17.28596532048279,
          62.368697700346935
        ]
      }
    },
    {
      "id": 256,
      "type": "Feature",
      "properties": {
        "name": "Bänkbord MTB-leder lv5",
        "type": "Bänkbord",
        "created": "2018-06-20 16:00:39",
        "updated": "2021-12-17 16:19:25",
        "published": true,
        "owner": {
          "organizationID": 36,
          "name": "Sundsvalls kommun Friluftsenheten"
        },
        "manager": {
          "organizationID": 36,
          "name": "Sundsvalls kommun Friluftsenheten"
        },
        "fields": [
          {
            "id": 73,
            "name": "Status",
            "type": "DROPDOWN",
            "value": "Sliten"
          },
          {
            "id": 80,
            "name": "Typ av bänkbord",
            "type": "DROPDOWN",
            "value": "2,5-tums standard"
          },
          {
            "id": 70,
            "name": "Byggnadsår",
            "type": "INTEGER",
            "value": 2008
          },
          {
            "id": 81,
            "name": "Antal sittplatser",
            "type": "INTEGER",
            "value": 6
          },
          {
            "id": 74,
            "name": "Statusdatum",
            "type": "DATE",
            "value": "2018-06-20"
          },
          {
            "id": 79,
            "name": "Tillhörande filer",
            "type": "FILES",
            "value": [
              {
                "id": 143,
                "filename": "image.jpg",
                "description": "Bänkbord",
                "alttext": "Bänkbord",
                "sourcetext": "Feriearbetare, Friluftsenheten",
                "validForWinter": true,
                "validForSummer": true,
                "sortIndex": 1,
                "type": "image/jpeg",
                "size": 5671400,
                "url": "https://api.sundsvall.se/facilities/2.2/field/filesfield/143",
                "license": "CC0",
                "licenseDescription": "Creative commons. \"No rights reserved\" https://creativecommons.org/share-your-work/public-domain/cc0/"
              }
            ]
          },
          {
            "id": 72,
            "name": "Handikappanpassad",
            "type": "TOGGLE",
            "value": "Nej"
          },
          {
            "id": 288,
            "name": "Felanmälan",
            "type": "Felanmälningstjänst",
            "reportName": "Kontakt Sundsvall",
            "reportDescription": "Felanmälan av motionsspår, elljusspår, leder och andra friluftsanläggningar",
            "reportLink": "https://sundsvall.se/kommun-och-politik/politik-och-demokrati/dialog-och-synpunkter/felanmalan",
            "reportPhone": "060-19 10 00",
            "reportEmail": "kontakt@sundsvall.se"
          },
          {
            "id": 77,
            "name": "Beskrivning",
            "type": "FREETEXT",
            "value": "Något rutten"
          }
        ],
        "centerPoint": [
          17.29854683478132,
          62.3717783764098
        ]
      },
      "geometry": {
        "type": "Point",
        "coordinates": [
          17.29854683478132,
          62.3717783764098
        ]
      }
    },
    {
      "id": 278,
      "type": "Feature",
      "properties": {
        "name": "Slädaviken",
        "type": "Bänkbord",
        "created": "2018-06-21 14:43:07",
        "published": false
      },
      "geometry": null
    },
    {
      "id": 286,
      "type": "Feature",
      "properties": {
        "name": "Hartungviken",
        "type": "Bänkbord",
        "created": "2018-06-21 15:14:38",
        "updated": "2019-10-14 13:18:06",
        "published": false
      },
      "geometry": null
    },
    {
      "id": 299,
      "type": "Feature",
      "properties": {
        "name": "Bänkbord Hornsjön",
        "type": "Bänkbord",
        "created": "2018-06-26 14:03:56",
        "updated": "2021-12-17 16:38:04",
        "published": true,
        "owner": {
          "organizationID": 36,
          "name": "Sundsvalls kommun Friluftsenheten"
        },
        "manager": {
          "organizationID": 36,
          "name": "Sundsvalls kommun Friluftsenheten"
        },
        "fields": [
          {
            "id": 73,
            "name": "Status",
            "type": "DROPDOWN",
            "value": "Sliten"
          },
          {
            "id": 80,
            "name": "Typ av bänkbord",
            "type": "DROPDOWN",
            "value": "2,5-tums standard"
          },
          {
            "id": 70,
            "name": "Byggnadsår",
            "type": "INTEGER",
            "value": 2012
          },
          {
            "id": 71,
            "name": "Renoveringsår",
            "type": "INTEGER",
            "value": 2018
          },
          {
            "id": 81,
            "name": "Antal sittplatser",
            "type": "INTEGER",
            "value": 6
          },
          {
            "id": 74,
            "name": "Statusdatum",
            "type": "DATE",
            "value": "2018-06-26"
          },
          {
            "id": 79,
            "name": "Tillhörande filer",
            "type": "FILES",
            "value": [
              {
                "id": 182,
                "filename": "IMG_1822.JPG",
                "description": "Bänkbord",
                "alttext": "Bänkbord",
                "sourcetext": "Sundsvalls kommun",
                "validForWinter": true,
                "validForSummer": true,
                "sortIndex": 1,
                "type": "image/jpeg",
                "size": 2645651,
                "url": "https://api.sundsvall.se/facilities/2.2/field/filesfield/182",
                "license": "CC0",
                "licenseDescription": "Creative commons. \"No rights reserved\" https://creativecommons.org/share-your-work/public-domain/cc0/"
              }
            ]
          },
          {
            "id": 72,
            "name": "Handikappanpassad",
            "type": "TOGGLE",
            "value": "Nej"
          },
          {
            "id": 288,
            "name": "Felanmälan",
            "type": "Felanmälningstjänst",
            "reportName": "Kontakt Sundsvall",
            "reportDescription": "Felanmälan av motionsspår, elljusspår, leder och andra friluftsanläggningar",
            "reportLink": "https://sundsvall.se/kommun-och-politik/politik-och-demokrati/dialog-och-synpunkter/felanmalan",
            "reportPhone": "060-19 10 00",
            "reportEmail": "kontakt@sundsvall.se"
          }
        ],
        "centerPoint": [
          17.21138534802828,
          62.174758156005915
        ]
      },
      "geometry": {
        "type": "Point",
        "coordinates": [
          17.21138534802828,
          62.174758156005915
        ]
      }
    },
    {
      "id": 306,
      "type": "Feature",
      "properties": {
        "name": "Tranviken",
        "type": "Bänkbord",
        "created": "2018-06-26 14:14:02",
        "published": false
      },
      "geometry": null
    },
    {
      "id": 310,
      "type": "Feature",
      "properties": {
        "name": "Bänkbord Hornsjön",
        "type": "Bänkbord",
        "created": "2018-06-26 14:26:19",
        "updated": "2021-12-17 16:44:53",
        "published": true,
        "owner": {
          "organizationID": 36,
          "name": "Sundsvalls kommun Friluftsenheten"
        },
        "manager": {
          "organizationID": 36,
          "name": "Sundsvalls kommun Friluftsenheten"
        },
        "fields": [
          {
            "id": 73,
            "name": "Status",
            "type": "DROPDOWN",
            "value": "Sliten"
          },
          {
            "id": 80,
            "name": "Typ av bänkbord",
            "type": "DROPDOWN",
            "value": "Övrigt"
          },
          {
            "id": 70,
            "name": "Byggnadsår",
            "type": "INTEGER",
            "value": 2013
          },
          {
            "id": 71,
            "name": "Renoveringsår",
            "type": "INTEGER",
            "value": 2018
          },
          {
            "id": 81,
            "name": "Antal sittplatser",
            "type": "INTEGER",
            "value": 8
          },
          {
            "id": 74,
            "name": "Statusdatum",
            "type": "DATE",
            "value": "2018-06-26"
          },
          {
            "id": 79,
            "name": "Tillhörande filer",
            "type": "FILES",
            "value": [
              {
                "id": 194,
                "filename": "IMG_1831.JPG",
                "description": "Bänkbord",
                "alttext": "Bänkbord",
                "sourcetext": "Sundsvalls kommun",
                "validForWinter": true,
                "validForSummer": true,
                "sortIndex": 1,
                "type": "image/jpeg",
                "size": 4015895,
                "url": "https://api.sundsvall.se/facilities/2.2/field/filesfield/194",
                "license": "CC0",
                "licenseDescription": "Creative commons. \"No rights reserved\" https://creativecommons.org/share-your-work/public-domain/cc0/"
              }
            ]
          },
          {
            "id": 72,
            "name": "Handikappanpassad",
            "type": "TOGGLE",
            "value": "Nej"
          },
          {
            "id": 288,
            "name": "Felanmälan",
            "type": "Felanmälningstjänst",
            "reportName": "Kontakt Sundsvall",
            "reportDescription": "Felanmälan av motionsspår, elljusspår, leder och andra friluftsanläggningar",
            "reportLink": "https://sundsvall.se/kommun-och-politik/politik-och-demokrati/dialog-och-synpunkter/felanmalan",
            "reportPhone": "060-19 10 00",
            "reportEmail": "kontakt@sundsvall.se"
          }
        ],
        "centerPoint": [
          17.21110588239552,
          62.174678936706684
        ]
      },
      "geometry": {
        "type": "Point",
        "coordinates": [
          17.21110588239552,
          62.174678936706684
        ]
      }
    },
    {
      "id": 314,
      "type": "Feature",
      "properties": {
        "name": "Bänkbord Hornsjön",
        "type": "Bänkbord",
        "created": "2018-06-26 14:33:07",
        "updated": "2021-12-17 16:46:13",
        "published": true,
        "owner": {
          "organizationID": 36,
          "name": "Sundsvalls kommun Friluftsenheten"
        },
        "manager": {
          "organizationID": 36,
          "name": "Sundsvalls kommun Friluftsenheten"
        },
        "fields": [
          {
            "id": 73,
            "name": "Status",
            "type": "DROPDOWN",
            "value": "Fin"
          },
          {
            "id": 80,
            "name": "Typ av bänkbord",
            "type": "DROPDOWN",
            "value": "Övrigt"
          },
          {
            "id": 70,
            "name": "Byggnadsår",
            "type": "INTEGER",
            "value": 2015
          },
          {
            "id": 81,
            "name": "Antal sittplatser",
            "type": "INTEGER",
            "value": 7
          },
          {
            "id": 74,
            "name": "Statusdatum",
            "type": "DATE",
            "value": "2018-06-26"
          },
          {
            "id": 79,
            "name": "Tillhörande filer",
            "type": "FILES",
            "value": [
              {
                "id": 197,
                "filename": "IMG_1835.JPG",
                "description": "Bord under tak",
                "alttext": "Bord under tak",
                "sourcetext": "Sundsvalls kommun",
                "validForWinter": true,
                "validForSummer": true,
                "sortIndex": 1,
                "type": "image/jpeg",
                "size": 3371973,
                "url": "https://api.sundsvall.se/facilities/2.2/field/filesfield/197",
                "license": "CC0",
                "licenseDescription": "Creative commons. \"No rights reserved\" https://creativecommons.org/share-your-work/public-domain/cc0/"
              }
            ]
          },
          {
            "id": 72,
            "name": "Handikappanpassad",
            "type": "TOGGLE",
            "value": "Nej"
          },
          {
            "id": 288,
            "name": "Felanmälan",
            "type": "Felanmälningstjänst",
            "reportName": "Kontakt Sundsvall",
            "reportDescription": "Felanmälan av motionsspår, elljusspår, leder och andra friluftsanläggningar",
            "reportLink": "https://sundsvall.se/kommun-och-politik/politik-och-demokrati/dialog-och-synpunkter/felanmalan",
            "reportPhone": "060-19 10 00",
            "reportEmail": "kontakt@sundsvall.se"
          },
          {
            "id": 77,
            "name": "Beskrivning",
            "type": "FREETEXT",
            "value": "rund och fin paviljong med tillhörande bord"
          }
        ],
        "centerPoint": [
          17.211006085834995,
          62.17463818654245
        ]
      },
      "geometry": {
        "type": "Point",
        "coordinates": [
          17.211006085834995,
          62.17463818654245
        ]
      }
    },
    {
      "id": 318,
      "type": "Feature",
      "properties": {
        "name": "Bänkåsviken bänkbord",
        "type": "Bänkbord",
        "created": "2018-06-26 14:38:16",
        "updated": "2023-07-03 10:51:44",
        "published": true,
        "owner": {
          "organizationID": 36,
          "name": "Sundsvalls kommun Friluftsenheten"
        },
        "manager": {
          "organizationID": 36,
          "name": "Sundsvalls kommun Friluftsenheten"
        },
        "fields": [
          {
            "id": 73,
            "name": "Status",
            "type": "DROPDOWN",
            "value": "Fin"
          },
          {
            "id": 80,
            "name": "Typ av bänkbord",
            "type": "DROPDOWN",
            "value": "2 tums standard"
          },
          {
            "id": 70,
            "name": "Byggnadsår",
            "type": "INTEGER",
            "value": 2015
          },
          {
            "id": 81,
            "name": "Antal sittplatser",
            "type": "INTEGER",
            "value": 12
          },
          {
            "id": 74,
            "name": "Statusdatum",
            "type": "DATE",
            "value": "2018-06-26"
          },
          {
            "id": 79,
            "name": "Tillhörande filer",
            "type": "FILES",
            "value": [
              {
                "id": 2535,
                "filename": "20230703_103957.jpg",
                "description": "Bänkbord",
                "alttext": "Bänkbord",
                "sourcetext": "Friluftsenheten ",
                "validForWinter": false,
                "validForSummer": true,
                "sortIndex": 1,
                "type": "image/jpeg",
                "size": 4264151,
                "url": "https://api.sundsvall.se/facilities/2.2/field/filesfield/2535",
                "license": "CC0",
                "licenseDescription": "Creative commons. \"No rights reserved\" https://creativecommons.org/share-your-work/public-domain/cc0/"
              },
              {
                "id": 201,
                "filename": "D3686D99-3304-4EA3-8225-DFAA05A73725.jpeg",
                "description": "",
                "alttext": "",
                "sourcetext": "Friluftsenheten",
                "validForWinter": false,
                "validForSummer": true,
                "sortIndex": 2,
                "type": "image/jpeg",
                "size": 2547442,
                "url": "https://api.sundsvall.se/facilities/2.2/field/filesfield/201",
                "license": "CC0",
                "licenseDescription": "Creative commons. \"No rights reserved\" https://creativecommons.org/share-your-work/public-domain/cc0/"
              }
            ]
          },
          {
            "id": 72,
            "name": "Handikappanpassad",
            "type": "TOGGLE",
            "value": "Nej"
          },
          {
            "id": 288,
            "name": "Felanmälan",
            "type": "Felanmälningstjänst",
            "reportName": "Kontakt Sundsvall",
            "reportDescription": "Felanmälan av motionsspår, elljusspår, leder och andra friluftsanläggningar",
            "reportLink": "https://sundsvall.se/kommun-och-politik/politik-och-demokrati/dialog-och-synpunkter/felanmalan",
            "reportPhone": "060-19 10 00",
            "reportEmail": "kontakt@sundsvall.se"
          },
          {
            "id": 77,
            "name": "Beskrivning",
            "type": "FREETEXT",
            "value": "2 st bänkbord"
          }
        ],
        "centerPoint": [
          17.453150924835878,
          62.36668865501803
        ]
      },
      "geometry": {
        "type": "Point",
        "coordinates": [
          17.453150924835878,
          62.36668865501803
        ]
      }
    },
    {
      "id": 324,
      "type": "Feature",
      "properties": {
        "name": "Bänkbord Dyket",
        "type": "Bänkbord",
        "created": "2018-06-26 15:02:39",
        "updated": "2021-12-17 16:54:55",
        "published": true,
        "owner": {
          "organizationID": 27,
          "name": "dykets intresseförening"
        },
        "manager": {
          "organizationID": 27,
          "name": "dykets intresseförening"
        },
        "fields": [
          {
            "id": 73,
            "name": "Status",
            "type": "DROPDOWN",
            "value": "Sliten"
          },
          {
            "id": 80,
            "name": "Typ av bänkbord",
            "type": "DROPDOWN",
            "value": "Övrigt"
          },
          {
            "id": 70,
            "name": "Byggnadsår",
            "type": "INTEGER",
            "value": 2010
          },
          {
            "id": 81,
            "name": "Antal sittplatser",
            "type": "INTEGER",
            "value": 4
          },
          {
            "id": 74,
            "name": "Statusdatum",
            "type": "DATE",
            "value": "2018-06-26"
          },
          {
            "id": 79,
            "name": "Tillhörande filer",
            "type": "FILES",
            "value": [
              {
                "id": 207,
                "filename": "IMG_1796.JPG",
                "description": "Bänkbord",
                "alttext": "Bänkbord",
                "sourcetext": "Sundsvalls kommun",
                "validForWinter": true,
                "validForSummer": true,
                "sortIndex": 1,
                "type": "image/jpeg",
                "size": 2869843,
                "url": "https://api.sundsvall.se/facilities/2.2/field/filesfield/207",
                "license": "CC0",
                "licenseDescription": "Creative commons. \"No rights reserved\" https://creativecommons.org/share-your-work/public-domain/cc0/"
              }
            ]
          },
          {
            "id": 72,
            "name": "Handikappanpassad",
            "type": "TOGGLE",
            "value": "Nej"
          }
        ],
        "centerPoint": [
          17.392900218428085,
          62.29701766142216
        ]
      },
      "geometry": {
        "type": "Point",
        "coordinates": [
          17.392900218428085,
          62.29701766142216
        ]
      }
    },
    {
      "id": 328,
      "type": "Feature",
      "properties": {
        "name": "Bänkbord Dyket",
        "type": "Bänkbord",
        "created": "2018-06-26 15:06:41",
        "updated": "2026-06-22 08:30:57",
        "published": true,
        "parentObjects": [
          1380
        ],
        "owner": {
          "organizationID": 27,
          "name": "dykets intresseförening"
        },
        "manager": {
          "organizationID": 27,
          "name": "dykets intresseförening"
        },
        "fields": [
          {
            "id": 73,
            "name": "Status",
            "type": "DROPDOWN",
            "value": "Sliten"
          },
          {
            "id": 80,
            "name": "Typ av bänkbord",
            "type": "DROPDOWN",
            "value": "Övrigt"
          },
          {
            "id": 70,
            "name": "Byggnadsår",
            "type": "INTEGER",
            "value": 2014
          },
          {
            "id": 81,
            "name": "Antal sittplatser",
            "type": "INTEGER",
            "value": 16
          },
          {
            "id": 74,
            "name": "Statusdatum",
            "type": "DATE",
            "value": "2018-06-26"
          },
          {
            "id": 79,
            "name": "Tillhörande filer",
            "type": "FILES",
            "value": [
              {
                "id": 211,
                "filename": "IMG_1798.JPG",
                "description": "Bänkbord",
                "alttext": "Bänkbord",
                "sourcetext": "Sundsvalls kommun",
                "validForWinter": true,
                "validForSummer": true,
                "sortIndex": 1,
                "type": "image/jpeg",
                "size": 3964388,
                "url": "https://api.sundsvall.se/facilities/2.2/field/filesfield/211",
                "license": "CC0",
                "licenseDescription": "Creative commons. \"No rights reserved\" https://creativecommons.org/share-your-work/public-domain/cc0/"
              }
            ]
          },
          {
            "id": 72,
            "name": "Handikappanpassad",
            "type": "TOGGLE",
            "value": "Nej"
          }
        ],
        "centerPoint": [
          17.392666690928813,
          62.29700156711284
        ]
      },
      "geometry": {
        "type": "Point",
        "coordinates": [
          17.392666690928813,
          62.29700156711284
        ]
      }
    },
    {
      "id": 332,
      "type": "Feature",
      "properties": {
        "name": "Bänkbord Dyket",
        "type": "Bänkbord",
        "created": "2018-06-26 15:10:12",
        "updated": "2026-06-22 08:30:57",
        "published": true,
        "parentObjects": [
          1380
        ],
        "owner": {
          "organizationID": 36,
          "name": "Sundsvalls kommun Friluftsenheten"
        },
        "manager": {
          "organizationID": 36,
          "name": "Sundsvalls kommun Friluftsenheten"
        },
        "fields": [
          {
            "id": 73,
            "name": "Status",
            "type": "DROPDOWN",
            "value": "Sliten"
          },
          {
            "id": 80,
            "name": "Typ av bänkbord",
            "type": "DROPDOWN",
            "value": "2 tums standard"
          },
          {
            "id": 70,
            "name": "Byggnadsår",
            "type": "INTEGER",
            "value": 2014
          },
          {
            "id": 81,
            "name": "Antal sittplatser",
            "type": "INTEGER",
            "value": 6
          },
          {
            "id": 74,
            "name": "Statusdatum",
            "type": "DATE",
            "value": "2018-06-26"
          },
          {
            "id": 79,
            "name": "Tillhörande filer",
            "type": "FILES",
            "value": [
              {
                "id": 215,
                "filename": "IMG_1800.JPG",
                "description": "Bänkbord",
                "alttext": "Bänkbord",
                "sourcetext": "Sundsvalls kommun",
                "validForWinter": true,
                "validForSummer": true,
                "sortIndex": 1,
                "type": "image/jpeg",
                "size": 3242689,
                "url": "https://api.sundsvall.se/facilities/2.2/field/filesfield/215",
                "license": "CC0",
                "licenseDescription": "Creative commons. \"No rights reserved\" https://creativecommons.org/share-your-work/public-domain/cc0/"
              }
            ]
          },
          {
            "id": 72,
            "name": "Handikappanpassad",
            "type": "TOGGLE",
            "value": "Nej"
          },
          {
            "id": 288,
            "name": "Felanmälan",
            "type": "Felanmälningstjänst",
            "reportName": "Kontakt Sundsvall",
            "reportDescription": "Felanmälan av motionsspår, elljusspår, leder och andra friluftsanläggningar",
            "reportLink": "https://sundsvall.se/kommun-och-politik/politik-och-demokrati/dialog-och-synpunkter/felanmalan",
            "reportPhone": "060-19 10 00",
            "reportEmail": "kontakt@sundsvall.se"
          }
        ],
        "centerPoint": [
          17.394584859425546,
          62.29714705178554
        ]
      },
      "geometry": {
        "type": "Point",
        "coordinates": [
          17.394584859425546,
          62.29714705178554
        ]
      }
    },
    {
      "id": 335,
      "type": "Feature",
      "properties": {
        "name": "Bänkbord Dyket",
        "type": "Bänkbord",
        "created": "2018-06-26 15:13:53",
        "updated": "2026-06-22 08:30:57",
        "published": true,
        "parentObjects": [
          1380
        ],
        "owner": {
          "organizationID": 36,
          "name": "Sundsvalls kommun Friluftsenheten"
        },
        "manager": {
          "organizationID": 36,
          "name": "Sundsvalls kommun Friluftsenheten"
        },
        "fields": [
          {
            "id": 73,
            "name": "Status",
            "type": "DROPDOWN",
            "value": "Sliten"
          },
          {
            "id": 80,
            "name": "Typ av bänkbord",
            "type": "DROPDOWN",
            "value": "Övrigt"
          },
          {
            "id": 70,
            "name": "Byggnadsår",
            "type": "INTEGER",
            "value": 2014
          },
          {
            "id": 81,
            "name": "Antal sittplatser",
            "type": "INTEGER",
            "value": 12
          },
          {
            "id": 74,
            "name": "Statusdatum",
            "type": "DATE",
            "value": "2018-06-26"
          },
          {
            "id": 79,
            "name": "Tillhörande filer",
            "type": "FILES",
            "value": [
              {
                "id": 218,
                "filename": "IMG_1802.JPG",
                "description": "Bänkbord",
                "alttext": "Bänkbord",
                "sourcetext": "Sundsvalls kommun",
                "validForWinter": true,
                "validForSummer": true,
                "sortIndex": 1,
                "type": "image/jpeg",
                "size": 3707325,
                "url": "https://api.sundsvall.se/facilities/2.2/field/filesfield/218",
                "license": "CC0",
                "licenseDescription": "Creative commons. \"No rights reserved\" https://creativecommons.org/share-your-work/public-domain/cc0/"
              }
            ]
          },
          {
            "id": 72,
            "name": "Handikappanpassad",
            "type": "TOGGLE",
            "value": "Nej"
          },
          {
            "id": 288,
            "name": "Felanmälan",
            "type": "Felanmälningstjänst",
            "reportName": "Kontakt Sundsvall",
            "reportDescription": "Felanmälan av motionsspår, elljusspår, leder och andra friluftsanläggningar",
            "reportLink": "https://sundsvall.se/kommun-och-politik/politik-och-demokrati/dialog-och-synpunkter/felanmalan",
            "reportPhone": "060-19 10 00",
            "reportEmail": "kontakt@sundsvall.se"
          },
          {
            "id": 77,
            "name": "Beskrivning",
            "type": "FREETEXT",
            "value": "Långt bäönkbortd"
          }
        ],
        "centerPoint": [
          17.39573206973665,
          62.29751610406032
        ]
      },
      "geometry": {
        "type": "Point",
        "coordinates": [
          17.39573206973665,
          62.29751610406032
        ]
      }
    },
    {
      "id": 339,
      "type": "Feature",
      "properties": {
        "name": "Bäkbord Dyket",
        "type": "Bänkbord",
        "created": "2018-06-26 15:23:05",
        "updated": "2026-06-22 08:30:57",
        "published": true,
        "parentObjects": [
          1380
        ],
        "owner": {
          "organizationID": 27,
          "name": "dykets intresseförening"
        },
        "manager": {
          "organizationID": 27,
          "name": "dykets intresseförening"
        },
        "fields": [
          {
            "id": 73,
            "name": "Status",
            "type": "DROPDOWN",
            "value": "Sliten"
          },
          {
            "id": 80,
            "name": "Typ av bänkbord",
            "type": "DROPDOWN",
            "value": "Övrigt"
          },
          {
            "id": 70,
            "name": "Byggnadsår",
            "type": "INTEGER",
            "value": 2015
          },
          {
            "id": 81,
            "name": "Antal sittplatser",
            "type": "INTEGER",
            "value": 4
          },
          {
            "id": 74,
            "name": "Statusdatum",
            "type": "DATE",
            "value": "2018-06-26"
          },
          {
            "id": 79,
            "name": "Tillhörande filer",
            "type": "FILES",
            "value": [
              {
                "id": 222,
                "filename": "IMG_1807.JPG",
                "description": "Bänkbord",
                "alttext": "Bänkbord",
                "sourcetext": "Sundsvalls kommun",
                "validForWinter": true,
                "validForSummer": true,
                "sortIndex": 1,
                "type": "image/jpeg",
                "size": 3853006,
                "url": "https://api.sundsvall.se/facilities/2.2/field/filesfield/222",
                "license": "CC0",
                "licenseDescription": "Creative commons. \"No rights reserved\" https://creativecommons.org/share-your-work/public-domain/cc0/"
              }
            ]
          },
          {
            "id": 72,
            "name": "Handikappanpassad",
            "type": "TOGGLE",
            "value": "Nej"
          }
        ],
        "centerPoint": [
          17.39501917276653,
          62.29748054199429
        ]
      },
      "geometry": {
        "type": "Point",
        "coordinates": [
          17.39501917276653,
          62.29748054199429
        ]
      }
    },
    {
      "id": 344,
      "type": "Feature",
      "properties": {
        "name": "Bänkbord Fläsian",
        "type": "Bänkbord",
        "created": "2018-06-26 15:33:13",
        "updated": "2026-04-07 09:56:51",
        "published": true,
        "owner": {
          "organizationID": 36,
          "name": "Sundsvalls kommun Friluftsenheten"
        },
        "manager": {
          "organizationID": 36,
          "name": "Sundsvalls kommun Friluftsenheten"
        },
        "fields": [
          {
            "id": 73,
            "name": "Status",
            "type": "DROPDOWN",
            "value": "Fin"
          },
          {
            "id": 80,
            "name": "Typ av bänkbord",
            "type": "DROPDOWN",
            "value": "2 tums standard"
          },
          {
            "id": 70,
            "name": "Byggnadsår",
            "type": "INTEGER",
            "value": 2012
          },
          {
            "id": 81,
            "name": "Antal sittplatser",
            "type": "INTEGER",
            "value": 6
          },
          {
            "id": 74,
            "name": "Statusdatum",
            "type": "DATE",
            "value": "2018-06-26"
          },
          {
            "id": 79,
            "name": "Tillhörande filer",
            "type": "FILES",
            "value": [
              {
                "id": 227,
                "filename": "EDC33B20-9AC2-46B5-AB42-33C4348DEA32.jpeg",
                "description": "Bänkbord",
                "alttext": "Bänkbord på badstrand",
                "sourcetext": "Sundsvalls kommun",
                "validForWinter": false,
                "validForSummer": true,
                "sortIndex": 1,
                "type": "image/jpeg",
                "size": 3759839,
                "url": "https://api.sundsvall.se/facilities/2.2/field/filesfield/227",
                "license": "CC0",
                "licenseDescription": "Creative commons. \"No rights reserved\" https://creativecommons.org/share-your-work/public-domain/cc0/"
              },
              {
                "id": 228,
                "filename": "8A550CC9-46C1-4708-A127-9CEF1E2262D3.jpeg",
                "description": "Bänkbord",
                "alttext": "Bänkbord på badstrand",
                "sourcetext": "Sundsvalls kommun",
                "validForWinter": false,
                "validForSummer": true,
                "sortIndex": 1,
                "type": "image/jpeg",
                "size": 3186864,
                "url": "https://api.sundsvall.se/facilities/2.2/field/filesfield/228",
                "license": "CC0",
                "licenseDescription": "Creative commons. \"No rights reserved\" https://creativecommons.org/share-your-work/public-domain/cc0/"
              }
            ]
          },
          {
            "id": 72,
            "name": "Handikappanpassad",
            "type": "TOGGLE",
            "value": "Nej"
          },
          {
            "id": 288,
            "name": "Felanmälan",
            "type": "Felanmälningstjänst",
            "reportName": "Kontakt Sundsvall",
            "reportDescription": "Felanmälan av motionsspår, elljusspår, leder och andra friluftsanläggningar",
            "reportLink": "https://sundsvall.se/kommun-och-politik/politik-och-demokrati/dialog-och-synpunkter/felanmalan",
            "reportPhone": "060-19 10 00",
            "reportEmail": "kontakt@sundsvall.se"
          }
        ],
        "centerPoint": [
          17.371129469133844,
          62.36110202214083
        ]
      },
      "geometry": {
        "type": "Point",
        "coordinates": [
          17.371129469133844,
          62.36110202214083
        ]
      }
    },
    {
      "id": 359,
      "type": "Feature",
      "properties": {
        "name": "Badplats Sodom",
        "type": "Bänkbord",
        "created": "2018-06-26 16:11:17",
        "updated": "2022-01-10 13:31:21",
        "published": true,
        "owner": {
          "organizationID": 36,
          "name": "Sundsvalls kommun Friluftsenheten"
        },
        "manager": {
          "organizationID": 36,
          "name": "Sundsvalls kommun Friluftsenheten"
        },
        "fields": [
          {
            "id": 73,
            "name": "Status",
            "type": "DROPDOWN",
            "value": "Sliten"
          },
          {
            "id": 80,
            "name": "Typ av bänkbord",
            "type": "DROPDOWN",
            "value": "2 tums standard"
          },
          {
            "id": 70,
            "name": "Byggnadsår",
            "type": "INTEGER",
            "value": 2010
          },
          {
            "id": 71,
            "name": "Renoveringsår",
            "type": "INTEGER",
            "value": 2018
          },
          {
            "id": 81,
            "name": "Antal sittplatser",
            "type": "INTEGER",
            "value": 6
          },
          {
            "id": 74,
            "name": "Statusdatum",
            "type": "DATE",
            "value": "2018-06-26"
          },
          {
            "id": 79,
            "name": "Tillhörande filer",
            "type": "FILES",
            "value": [
              {
                "id": 250,
                "filename": "IMG_1778.JPG",
                "description": "Bänkbord",
                "alttext": "Bänkbord",
                "sourcetext": "Friluftsenheten, Feriearbetare",
                "validForWinter": true,
                "validForSummer": true,
                "sortIndex": 1,
                "type": "image/jpeg",
                "size": 3699446,
                "url": "https://api.sundsvall.se/facilities/2.2/field/filesfield/250",
                "license": "CC0",
                "licenseDescription": "Creative commons. \"No rights reserved\" https://creativecommons.org/share-your-work/public-domain/cc0/"
              }
            ]
          },
          {
            "id": 72,
            "name": "Handikappanpassad",
            "type": "TOGGLE",
            "value": "Nej"
          },
          {
            "id": 288,
            "name": "Felanmälan",
            "type": "Felanmälningstjänst",
            "reportName": "Kontakt Sundsvall",
            "reportDescription": "Felanmälan av motionsspår, elljusspår, leder och andra friluftsanläggningar",
            "reportLink": "https://sundsvall.se/kommun-och-politik/politik-och-demokrati/dialog-och-synpunkter/felanmalan",
            "reportPhone": "060-19 10 00",
            "reportEmail": "kontakt@sundsvall.se"
          }
        ],
        "centerPoint": [
          17.373055436713614,
          62.35264809225701
        ]
      },
      "geometry": {
        "type": "Point",
        "coordinates": [
          17.373055436713614,
          62.35264809225701
        ]
      }
    },
    {
      "id": 360,
      "type": "Feature",
      "properties": {
        "name": "Bänkbord Bredsand",
        "type": "Bänkbord",
        "created": "2018-06-26 16:11:50",
        "updated": "2026-04-07 09:58:52",
        "published": true,
        "owner": {
          "organizationID": 36,
          "name": "Sundsvalls kommun Friluftsenheten"
        },
        "manager": {
          "organizationID": 36,
          "name": "Sundsvalls kommun Friluftsenheten"
        },
        "fields": [
          {
            "id": 73,
            "name": "Status",
            "type": "DROPDOWN",
            "value": "Fin"
          },
          {
            "id": 80,
            "name": "Typ av bänkbord",
            "type": "DROPDOWN",
            "value": "2 tums standard"
          },
          {
            "id": 70,
            "name": "Byggnadsår",
            "type": "INTEGER",
            "value": 2012
          },
          {
            "id": 81,
            "name": "Antal sittplatser",
            "type": "INTEGER",
            "value": 18
          },
          {
            "id": 74,
            "name": "Statusdatum",
            "type": "DATE",
            "value": "2018-06-26"
          },
          {
            "id": 79,
            "name": "Tillhörande filer",
            "type": "FILES",
            "value": [
              {
                "id": 251,
                "filename": "0259B480-7A33-4184-B7C5-2BFBCC3D19B9.jpeg",
                "description": "Bänkbord",
                "alttext": "Bänkbord",
                "sourcetext": "Sundsvalls kommun",
                "validForWinter": false,
                "validForSummer": true,
                "sortIndex": 1,
                "type": "image/jpeg",
                "size": 3590585,
                "url": "https://api.sundsvall.se/facilities/2.2/field/filesfield/251",
                "license": "CC0",
                "licenseDescription": "Creative commons. \"No rights reserved\" https://creativecommons.org/share-your-work/public-domain/cc0/"
              },
              {
                "id": 252,
                "filename": "379B9AA5-BEF8-485E-9A76-6DB8A97E1509.jpeg",
                "description": "Tre stycken Bänkbord",
                "alttext": "Tre stycvekn Bänkbord på stranden",
                "sourcetext": "Sundsvalls kommun",
                "validForWinter": false,
                "validForSummer": true,
                "sortIndex": 1,
                "type": "image/jpeg",
                "size": 3179718,
                "url": "https://api.sundsvall.se/facilities/2.2/field/filesfield/252",
                "license": "CC0",
                "licenseDescription": "Creative commons. \"No rights reserved\" https://creativecommons.org/share-your-work/public-domain/cc0/"
              }
            ]
          },
          {
            "id": 72,
            "name": "Handikappanpassad",
            "type": "TOGGLE",
            "value": "Nej"
          },
          {
            "id": 288,
            "name": "Felanmälan",
            "type": "Felanmälningstjänst",
            "reportName": "Kontakt Sundsvall",
            "reportDescription": "Felanmälan av motionsspår, elljusspår, leder och andra friluftsanläggningar",
            "reportLink": "https://sundsvall.se/kommun-och-politik/politik-och-demokrati/dialog-och-synpunkter/felanmalan",
            "reportPhone": "060-19 10 00",
            "reportEmail": "kontakt@sundsvall.se"
          }
        ],
        "centerPoint": [
          17.366792025009012,
          62.346026787278454
        ]
      },
      "geometry": {
        "type": "Point",
        "coordinates": [
          17.366792025009012,
          62.346026787278454
        ]
      }
    },
    {
      "id": 416,
      "type": "Feature",
      "properties": {
        "name": "Bänkbord Rännö strandbad",
        "type": "Bänkbord",
        "created": "2018-07-02 09:15:36",
        "updated": "2025-09-22 10:38:15",
        "published": true,
        "parentObjects": [
          697,
          698
        ],
        "owner": {
          "organizationID": 36,
          "name": "Sundsvalls kommun Friluftsenheten"
        },
        "manager": {
          "organizationID": 36,
          "name": "Sundsvalls kommun Friluftsenheten"
        },
        "fields": [
          {
            "id": 73,
            "name": "Status",
            "type": "DROPDOWN",
            "value": "Fin"
          },
          {
            "id": 80,
            "name": "Typ av bänkbord",
            "type": "DROPDOWN",
            "value": "2 tums standard"
          },
          {
            "id": 70,
            "name": "Byggnadsår",
            "type": "INTEGER",
            "value": 2014
          },
          {
            "id": 81,
            "name": "Antal sittplatser",
            "type": "INTEGER",
            "value": 6
          },
          {
            "id": 74,
            "name": "Statusdatum",
            "type": "DATE",
            "value": "2018-07-02"
          },
          {
            "id": 79,
            "name": "Tillhörande filer",
            "type": "FILES",
            "value": [
              {
                "id": 302,
                "filename": "image.jpg",
                "description": "Bänkbord",
                "alttext": "Bänkbord",
                "sourcetext": "Feriearbetare Friluftsenheten",
                "validForWinter": true,
                "validForSummer": true,
                "sortIndex": 1,
                "type": "image/jpeg",
                "size": 5031888,
                "url": "https://api.sundsvall.se/facilities/2.2/field/filesfield/302",
                "license": "CC0",
                "licenseDescription": "Creative commons. \"No rights reserved\" https://creativecommons.org/share-your-work/public-domain/cc0/"
              }
            ]
          },
          {
            "id": 72,
            "name": "Handikappanpassad",
            "type": "TOGGLE",
            "value": "Nej"
          },
          {
            "id": 288,
            "name": "Felanmälan",
            "type": "Felanmälningstjänst",
            "reportName": "Kontakt Sundsvall",
            "reportDescription": "Felanmälan av motionsspår, elljusspår, leder och andra friluftsanläggningar",
            "reportLink": "https://sundsvall.se/kommun-och-politik/politik-och-demokrati/dialog-och-synpunkter/felanmalan",
            "reportPhone": "060-19 10 00",
            "reportEmail": "kontakt@sundsvall.se"
          }
        ],
        "centerPoint": [
          17.01623668630243,
          62.34329639787266
        ]
      },
      "geometry": {
        "type": "Point",
        "coordinates": [
          17.01623668630243,
          62.34329639787266
        ]
      }
    },
    {
      "id": 423,
      "type": "Feature",
      "properties": {
        "name": "Badplats Lucksta",
        "type": "Bänkbord",
        "created": "2018-07-02 09:33:31",
        "updated": "2020-06-30 10:48:58",
        "published": true,
        "owner": {
          "organizationID": 36,
          "name": "Sundsvalls kommun Friluftsenheten"
        },
        "manager": {
          "organizationID": 36,
          "name": "Sundsvalls kommun Friluftsenheten"
        },
        "fields": [
          {
            "id": 73,
            "name": "Status",
            "type": "DROPDOWN",
            "value": "Fin"
          },
          {
            "id": 80,
            "name": "Typ av bänkbord",
            "type": "DROPDOWN",
            "value": "2 tums standard"
          },
          {
            "id": 70,
            "name": "Byggnadsår",
            "type": "INTEGER",
            "value": 2013
          },
          {
            "id": 74,
            "name": "Statusdatum",
            "type": "DATE",
            "value": "2018-07-02"
          },
          {
            "id": 79,
            "name": "Tillhörande filer",
            "type": "FILES",
            "value": [
              {
                "id": 309,
                "filename": "image.jpg",
                "validForWinter": false,
                "validForSummer": false,
                "sortIndex": null,
                "type": "image/jpeg",
                "size": 6436191,
                "url": "https://api.sundsvall.se/facilities/2.2/field/filesfield/309",
                "license": "CC0",
                "licenseDescription": "Creative commons. \"No rights reserved\" https://creativecommons.org/share-your-work/public-domain/cc0/"
              }
            ]
          },
          {
            "id": 72,
            "name": "Handikappanpassad",
            "type": "TOGGLE",
            "value": "Nej"
          },
          {
            "id": 288,
            "name": "Felanmälan",
            "type": "Felanmälningstjänst",
            "reportName": "Kontakt Sundsvall",
            "reportDescription": "Felanmälan av motionsspår, elljusspår, leder och andra friluftsanläggningar",
            "reportLink": "https://sundsvall.se/kommun-och-politik/politik-och-demokrati/dialog-och-synpunkter/felanmalan",
            "reportPhone": "060-19 10 00",
            "reportEmail": "kontakt@sundsvall.se"
          }
        ],
        "centerPoint": [
          17.05251615603746,
          62.29842662625687
        ]
      },
      "geometry": {
        "type": "Point",
        "coordinates": [
          17.05251615603746,
          62.29842662625687
        ]
      }
    },
    {
      "id": 437,
      "type": "Feature",
      "properties": {
        "name": "Bänkbord Norrhassels strandbad",
        "type": "Bänkbord",
        "created": "2018-07-02 10:16:40",
        "updated": "2020-06-30 11:33:22",
        "published": true,
        "fields": [
          {
            "id": 73,
            "name": "Status",
            "type": "DROPDOWN",
            "value": "Fin"
          },
          {
            "id": 80,
            "name": "Typ av bänkbord",
            "type": "DROPDOWN",
            "value": "Övrigt"
          },
          {
            "id": 70,
            "name": "Byggnadsår",
            "type": "INTEGER",
            "value": 2008
          },
          {
            "id": 74,
            "name": "Statusdatum",
            "type": "DATE",
            "value": "2018-07-02"
          },
          {
            "id": 79,
            "name": "Tillhörande filer",
            "type": "FILES",
            "value": [
              {
                "id": 323,
                "filename": "image.jpg",
                "validForWinter": false,
                "validForSummer": false,
                "sortIndex": null,
                "type": "image/jpeg",
                "size": 3970195,
                "url": "https://api.sundsvall.se/facilities/2.2/field/filesfield/323",
                "license": "CC0",
                "licenseDescription": "Creative commons. \"No rights reserved\" https://creativecommons.org/share-your-work/public-domain/cc0/"
              }
            ]
          },
          {
            "id": 72,
            "name": "Handikappanpassad",
            "type": "TOGGLE",
            "value": "Nej"
          }
        ],
        "centerPoint": [
          16.74562600434016,
          62.25553851880171
        ]
      },
      "geometry": {
        "type": "Point",
        "coordinates": [
          16.74562600434016,
          62.25553851880171
        ]
      }
    },
    {
      "id": 445,
      "type": "Feature",
      "properties": {
        "name": "Bänkbord Viggesjöns strandbad",
        "type": "Bänkbord",
        "created": "2018-07-02 10:44:41",
        "updated": "2020-06-30 11:28:30",
        "published": true,
        "fields": [
          {
            "id": 73,
            "name": "Status",
            "type": "DROPDOWN",
            "value": "Sliten"
          },
          {
            "id": 80,
            "name": "Typ av bänkbord",
            "type": "DROPDOWN",
            "value": "Övrigt"
          },
          {
            "id": 70,
            "name": "Byggnadsår",
            "type": "INTEGER",
            "value": 2013
          },
          {
            "id": 74,
            "name": "Statusdatum",
            "type": "DATE",
            "value": "2018-07-02"
          },
          {
            "id": 79,
            "name": "Tillhörande filer",
            "type": "FILES",
            "value": [
              {
                "id": 331,
                "filename": "image.jpg",
                "validForWinter": false,
                "validForSummer": false,
                "sortIndex": null,
                "type": "image/jpeg",
                "size": 5069859,
                "url": "https://api.sundsvall.se/facilities/2.2/field/filesfield/331",
                "license": "CC0",
                "licenseDescription": "Creative commons. \"No rights reserved\" https://creativecommons.org/share-your-work/public-domain/cc0/"
              }
            ]
          },
          {
            "id": 72,
            "name": "Handikappanpassad",
            "type": "TOGGLE",
            "value": "Nej"
          }
        ],
        "centerPoint": [
          16.68885243269892,
          62.30360147746888
        ]
      },
      "geometry": {
        "type": "Point",
        "coordinates": [
          16.68885243269892,
          62.30360147746888
        ]
      }
    },
    {
      "id": 447,
      "type": "Feature",
      "properties": {
        "name": "Bänkbord  Viggesjöns strandbad",
        "type": "Bänkbord",
        "created": "2018-07-02 10:46:26",
        "updated": "2020-06-30 11:31:28",
        "published": true,
        "fields": [
          {
            "id": 73,
            "name": "Status",
            "type": "DROPDOWN",
            "value": "Sliten"
          },
          {
            "id": 80,
            "name": "Typ av bänkbord",
            "type": "DROPDOWN",
            "value": "Övrigt"
          },
          {
            "id": 70,
            "name": "Byggnadsår",
            "type": "INTEGER",
            "value": 2013
          },
          {
            "id": 71,
            "name": "Renoveringsår",
            "type": "INTEGER",
            "value": 2018
          },
          {
            "id": 74,
            "name": "Statusdatum",
            "type": "DATE",
            "value": "2018-07-02"
          },
          {
            "id": 79,
            "name": "Tillhörande filer",
            "type": "FILES",
            "value": [
              {
                "id": 333,
                "filename": "image.jpg",
                "validForWinter": false,
                "validForSummer": false,
                "sortIndex": null,
                "type": "image/jpeg",
                "size": 1500364,
                "url": "https://api.sundsvall.se/facilities/2.2/field/filesfield/333",
                "license": "CC0",
                "licenseDescription": "Creative commons. \"No rights reserved\" https://creativecommons.org/share-your-work/public-domain/cc0/"
              }
            ]
          },
          {
            "id": 72,
            "name": "Handikappanpassad",
            "type": "TOGGLE",
            "value": "Nej"
          }
        ],
        "centerPoint": [
          16.687844602353117,
          62.30341960757201
        ]
      },
      "geometry": {
        "type": "Point",
        "coordinates": [
          16.687844602353117,
          62.30341960757201
        ]
      }
    },
    {
      "id": 451,
      "type": "Feature",
      "properties": {
        "name": "Bänkbord  Viggesjöns strandbad",
        "type": "Bänkbord",
        "created": "2018-07-02 10:50:38",
        "updated": "2020-06-30 11:31:46",
        "published": true,
        "owner": {
          "organizationID": 36,
          "name": "Sundsvalls kommun Friluftsenheten"
        },
        "manager": {
          "organizationID": 36,
          "name": "Sundsvalls kommun Friluftsenheten"
        },
        "fields": [
          {
            "id": 73,
            "name": "Status",
            "type": "DROPDOWN",
            "value": "Fin"
          },
          {
            "id": 80,
            "name": "Typ av bänkbord",
            "type": "DROPDOWN",
            "value": "2 tums standard"
          },
          {
            "id": 70,
            "name": "Byggnadsår",
            "type": "INTEGER",
            "value": 2013
          },
          {
            "id": 74,
            "name": "Statusdatum",
            "type": "DATE",
            "value": "2018-07-02"
          },
          {
            "id": 79,
            "name": "Tillhörande filer",
            "type": "FILES",
            "value": [
              {
                "id": 337,
                "filename": "image.jpg",
                "validForWinter": false,
                "validForSummer": false,
                "sortIndex": null,
                "type": "image/jpeg",
                "size": 5641843,
                "url": "https://api.sundsvall.se/facilities/2.2/field/filesfield/337",
                "license": "CC0",
                "licenseDescription": "Creative commons. \"No rights reserved\" https://creativecommons.org/share-your-work/public-domain/cc0/"
              }
            ]
          },
          {
            "id": 72,
            "name": "Handikappanpassad",
            "type": "TOGGLE",
            "value": "Nej"
          },
          {
            "id": 288,
            "name": "Felanmälan",
            "type": "Felanmälningstjänst",
            "reportName": "Kontakt Sundsvall",
            "reportDescription": "Felanmälan av motionsspår, elljusspår, leder och andra friluftsanläggningar",
            "reportLink": "https://sundsvall.se/kommun-och-politik/politik-och-demokrati/dialog-och-synpunkter/felanmalan",
            "reportPhone": "060-19 10 00",
            "reportEmail": "kontakt@sundsvall.se"
          }
        ],
        "centerPoint": [
          16.68774527457991,
          62.30326218350779
        ]
      },
      "geometry": {
        "type": "Point",
        "coordinates": [
          16.68774527457991,
          62.30326218350779
        ]
      }
    },
    {
      "id": 465,
      "type": "Feature",
      "properties": {
        "name": "Bänkbord Oxsta fiskeplats",
        "type": "Bänkbord",
        "created": "2018-07-03 09:02:17",
        "updated": "2020-12-17 15:28:02",
        "published": true,
        "owner": {
          "organizationID": 36,
          "name": "Sundsvalls kommun Friluftsenheten"
        },
        "manager": {
          "organizationID": 36,
          "name": "Sundsvalls kommun Friluftsenheten"
        },
        "fields": [
          {
            "id": 73,
            "name": "Status",
            "type": "DROPDOWN",
            "value": "Sliten"
          },
          {
            "id": 80,
            "name": "Typ av bänkbord",
            "type": "DROPDOWN",
            "value": "2 tums standard"
          },
          {
            "id": 70,
            "name": "Byggnadsår",
            "type": "INTEGER",
            "value": 2006
          },
          {
            "id": 81,
            "name": "Antal sittplatser",
            "type": "INTEGER",
            "value": 12
          },
          {
            "id": 74,
            "name": "Statusdatum",
            "type": "DATE",
            "value": "2018-07-03"
          },
          {
            "id": 79,
            "name": "Tillhörande filer",
            "type": "FILES",
            "value": [
              {
                "id": 351,
                "filename": "image.jpg",
                "description": "Bänkbord",
                "alttext": "Bänkbord",
                "sourcetext": "",
                "validForWinter": true,
                "validForSummer": true,
                "sortIndex": 1,
                "type": "image/jpeg",
                "size": 3424567,
                "url": "https://api.sundsvall.se/facilities/2.2/field/filesfield/351",
                "license": "CC0",
                "licenseDescription": "Creative commons. \"No rights reserved\" https://creativecommons.org/share-your-work/public-domain/cc0/"
              }
            ]
          },
          {
            "id": 72,
            "name": "Handikappanpassad",
            "type": "TOGGLE",
            "value": "Nej"
          },
          {
            "id": 288,
            "name": "Felanmälan",
            "type": "Felanmälningstjänst",
            "reportName": "Kontakt Sundsvall",
            "reportDescription": "Felanmälan av motionsspår, elljusspår, leder och andra friluftsanläggningar",
            "reportLink": "https://sundsvall.se/kommun-och-politik/politik-och-demokrati/dialog-och-synpunkter/felanmalan",
            "reportPhone": "060-19 10 00",
            "reportEmail": "kontakt@sundsvall.se"
          },
          {
            "id": 77,
            "name": "Beskrivning",
            "type": "FREETEXT",
            "value": "Två stycken bänkbord"
          }
        ],
        "centerPoint": [
          17.164628183131324,
          62.43867405845944
        ]
      },
      "geometry": {
        "type": "Point",
        "coordinates": [
          17.164628183131324,
          62.43867405845944
        ]
      }
    },
    {
      "id": 475,
      "type": "Feature",
      "properties": {
        "name": "Badplats Segersjön",
        "type": "Bänkbord",
        "created": "2018-07-03 09:37:45",
        "updated": "2020-07-07 14:18:18",
        "published": true,
        "owner": {
          "organizationID": 36,
          "name": "Sundsvalls kommun Friluftsenheten"
        },
        "manager": {
          "organizationID": 36,
          "name": "Sundsvalls kommun Friluftsenheten"
        },
        "fields": [
          {
            "id": 73,
            "name": "Status",
            "type": "DROPDOWN",
            "value": "Fin"
          },
          {
            "id": 80,
            "name": "Typ av bänkbord",
            "type": "DROPDOWN",
            "value": "2 tums standard"
          },
          {
            "id": 70,
            "name": "Byggnadsår",
            "type": "INTEGER",
            "value": 2014
          },
          {
            "id": 81,
            "name": "Antal sittplatser",
            "type": "INTEGER",
            "value": 6
          },
          {
            "id": 74,
            "name": "Statusdatum",
            "type": "DATE",
            "value": "2018-07-03"
          },
          {
            "id": 79,
            "name": "Tillhörande filer",
            "type": "FILES",
            "value": [
              {
                "id": 359,
                "filename": "image.jpg",
                "validForWinter": false,
                "validForSummer": false,
                "sortIndex": null,
                "type": "image/jpeg",
                "size": 5037799,
                "url": "https://api.sundsvall.se/facilities/2.2/field/filesfield/359",
                "license": "CC0",
                "licenseDescription": "Creative commons. \"No rights reserved\" https://creativecommons.org/share-your-work/public-domain/cc0/"
              }
            ]
          },
          {
            "id": 72,
            "name": "Handikappanpassad",
            "type": "TOGGLE",
            "value": "Nej"
          },
          {
            "id": 288,
            "name": "Felanmälan",
            "type": "Felanmälningstjänst",
            "reportName": "Kontakt Sundsvall",
            "reportDescription": "Felanmälan av motionsspår, elljusspår, leder och andra friluftsanläggningar",
            "reportLink": "https://sundsvall.se/kommun-och-politik/politik-och-demokrati/dialog-och-synpunkter/felanmalan",
            "reportPhone": "060-19 10 00",
            "reportEmail": "kontakt@sundsvall.se"
          }
        ],
        "centerPoint": [
          17.04387772534931,
          62.44322109030481
        ]
      },
      "geometry": {
        "type": "Point",
        "coordinates": [
          17.04387772534931,
          62.44322109030481
        ]
      }
    },
    {
      "id": 485,
      "type": "Feature",
      "properties": {
        "name": "Fiskeplats Solum",
        "type": "Bänkbord",
        "created": "2018-07-03 10:19:53",
        "updated": "2026-04-07 09:53:10",
        "published": true,
        "owner": {
          "organizationID": 36,
          "name": "Sundsvalls kommun Friluftsenheten"
        },
        "manager": {
          "organizationID": 36,
          "name": "Sundsvalls kommun Friluftsenheten"
        },
        "fields": [
          {
            "id": 73,
            "name": "Status",
            "type": "DROPDOWN",
            "value": "Fin"
          },
          {
            "id": 80,
            "name": "Typ av bänkbord",
            "type": "DROPDOWN",
            "value": "2 tums standard"
          },
          {
            "id": 70,
            "name": "Byggnadsår",
            "type": "INTEGER",
            "value": 2013
          },
          {
            "id": 81,
            "name": "Antal sittplatser",
            "type": "INTEGER",
            "value": 6
          },
          {
            "id": 74,
            "name": "Statusdatum",
            "type": "DATE",
            "value": "2018-07-03"
          },
          {
            "id": 79,
            "name": "Tillhörande filer",
            "type": "FILES",
            "value": [
              {
                "id": 371,
                "filename": "image.jpg",
                "description": "Bänkbord",
                "alttext": "Bänkbord i trä inuti ett vindskydd",
                "sourcetext": "Sundsvalls kommun",
                "validForWinter": false,
                "validForSummer": true,
                "sortIndex": 1,
                "type": "image/jpeg",
                "size": 4141468,
                "url": "https://api.sundsvall.se/facilities/2.2/field/filesfield/371",
                "license": "CC0",
                "licenseDescription": "Creative commons. \"No rights reserved\" https://creativecommons.org/share-your-work/public-domain/cc0/"
              }
            ]
          },
          {
            "id": 72,
            "name": "Handikappanpassad",
            "type": "TOGGLE",
            "value": "Nej"
          },
          {
            "id": 288,
            "name": "Felanmälan",
            "type": "Felanmälningstjänst",
            "reportName": "Kontakt Sundsvall",
            "reportDescription": "Felanmälan av motionsspår, elljusspår, leder och andra friluftsanläggningar",
            "reportLink": "https://sundsvall.se/kommun-och-politik/politik-och-demokrati/dialog-och-synpunkter/felanmalan",
            "reportPhone": "060-19 10 00",
            "reportEmail": "kontakt@sundsvall.se"
          }
        ],
        "centerPoint": [
          17.16267968092511,
          62.463778557584796
        ]
      },
      "geometry": {
        "type": "Point",
        "coordinates": [
          17.16267968092511,
          62.463778557584796
        ]
      }
    },
    {
      "id": 489,
      "type": "Feature",
      "properties": {
        "name": "Badplats Vången",
        "type": "Bänkbord",
        "created": "2018-07-04 09:26:58",
        "updated": "2025-09-22 10:39:08",
        "published": true,
        "parentObjects": [
          699
        ],
        "owner": {
          "organizationID": 36,
          "name": "Sundsvalls kommun Friluftsenheten"
        },
        "manager": {
          "organizationID": 36,
          "name": "Sundsvalls kommun Friluftsenheten"
        },
        "fields": [
          {
            "id": 73,
            "name": "Status",
            "type": "DROPDOWN",
            "value": "Fin"
          },
          {
            "id": 80,
            "name": "Typ av bänkbord",
            "type": "DROPDOWN",
            "value": "2 tums standard"
          },
          {
            "id": 70,
            "name": "Byggnadsår",
            "type": "INTEGER",
            "value": 2014
          },
          {
            "id": 81,
            "name": "Antal sittplatser",
            "type": "INTEGER",
            "value": 6
          },
          {
            "id": 74,
            "name": "Statusdatum",
            "type": "DATE",
            "value": "2018-07-04"
          },
          {
            "id": 79,
            "name": "Tillhörande filer",
            "type": "FILES",
            "value": [
              {
                "id": 374,
                "filename": "image.jpg",
                "validForWinter": false,
                "validForSummer": false,
                "sortIndex": null,
                "type": "image/jpeg",
                "size": 4302081,
                "url": "https://api.sundsvall.se/facilities/2.2/field/filesfield/374",
                "license": "CC0",
                "licenseDescription": "Creative commons. \"No rights reserved\" https://creativecommons.org/share-your-work/public-domain/cc0/"
              }
            ]
          },
          {
            "id": 72,
            "name": "Handikappanpassad",
            "type": "TOGGLE",
            "value": "Nej"
          },
          {
            "id": 288,
            "name": "Felanmälan",
            "type": "Felanmälningstjänst",
            "reportName": "Kontakt Sundsvall",
            "reportDescription": "Felanmälan av motionsspår, elljusspår, leder och andra friluftsanläggningar",
            "reportLink": "https://sundsvall.se/kommun-och-politik/politik-och-demokrati/dialog-och-synpunkter/felanmalan",
            "reportPhone": "060-19 10 00",
            "reportEmail": "kontakt@sundsvall.se"
          }
        ],
        "centerPoint": [
          16.576038393286353,
          62.4155040510146
        ]
      },
      "geometry": {
        "type": "Point",
        "coordinates": [
          16.576038393286353,
          62.4155040510146
        ]
      }
    },
    {
      "id": 498,
      "type": "Feature",
      "properties": {
        "name": "Ede badplats Bänkbord",
        "type": "Bänkbord",
        "created": "2018-07-04 09:52:34",
        "updated": "2020-09-09 11:37:01",
        "published": true,
        "owner": {
          "organizationID": 36,
          "name": "Sundsvalls kommun Friluftsenheten"
        },
        "manager": {
          "organizationID": 36,
          "name": "Sundsvalls kommun Friluftsenheten"
        },
        "fields": [
          {
            "id": 73,
            "name": "Status",
            "type": "DROPDOWN",
            "value": "Sliten"
          },
          {
            "id": 80,
            "name": "Typ av bänkbord",
            "type": "DROPDOWN",
            "value": "2 tums standard"
          },
          {
            "id": 70,
            "name": "Byggnadsår",
            "type": "INTEGER",
            "value": 2011
          },
          {
            "id": 81,
            "name": "Antal sittplatser",
            "type": "INTEGER",
            "value": 6
          },
          {
            "id": 74,
            "name": "Statusdatum",
            "type": "DATE",
            "value": "2018-07-04"
          },
          {
            "id": 79,
            "name": "Tillhörande filer",
            "type": "FILES",
            "value": [
              {
                "id": 383,
                "filename": "image.jpg",
                "validForWinter": false,
                "validForSummer": false,
                "sortIndex": null,
                "type": "image/jpeg",
                "size": 3462596,
                "url": "https://api.sundsvall.se/facilities/2.2/field/filesfield/383",
                "license": "CC0",
                "licenseDescription": "Creative commons. \"No rights reserved\" https://creativecommons.org/share-your-work/public-domain/cc0/"
              }
            ]
          },
          {
            "id": 72,
            "name": "Handikappanpassad",
            "type": "TOGGLE",
            "value": "Nej"
          },
          {
            "id": 288,
            "name": "Felanmälan",
            "type": "Felanmälningstjänst",
            "reportName": "Kontakt Sundsvall",
            "reportDescription": "Felanmälan av motionsspår, elljusspår, leder och andra friluftsanläggningar",
            "reportLink": "https://sundsvall.se/kommun-och-politik/politik-och-demokrati/dialog-och-synpunkter/felanmalan",
            "reportPhone": "060-19 10 00",
            "reportEmail": "kontakt@sundsvall.se"
          }
        ],
        "centerPoint": [
          16.490763856931085,
          62.41844952651467
        ]
      },
      "geometry": {
        "type": "Point",
        "coordinates": [
          16.490763856931085,
          62.41844952651467
        ]
      }
    },
    {
      "id": 506,
      "type": "Feature",
      "properties": {
        "name": "Edebosjön bänkbord",
        "type": "Bänkbord",
        "created": "2018-07-06 12:49:48",
        "updated": "2020-07-08 17:34:38",
        "published": true,
        "owner": {
          "organizationID": 29,
          "name": "ede-boda fvo"
        },
        "manager": {
          "organizationID": 29,
          "name": "ede-boda fvo"
        },
        "fields": [
          {
            "id": 73,
            "name": "Status",
            "type": "DROPDOWN",
            "value": "Sliten"
          },
          {
            "id": 80,
            "name": "Typ av bänkbord",
            "type": "DROPDOWN",
            "value": "2 tums standard"
          },
          {
            "id": 70,
            "name": "Byggnadsår",
            "type": "INTEGER",
            "value": 2013
          },
          {
            "id": 81,
            "name": "Antal sittplatser",
            "type": "INTEGER",
            "value": 6
          },
          {
            "id": 74,
            "name": "Statusdatum",
            "type": "DATE",
            "value": "2018-07-06"
          },
          {
            "id": 79,
            "name": "Tillhörande filer",
            "type": "FILES",
            "value": [
              {
                "id": 1555,
                "filename": "20200708_144924.jpg",
                "validForWinter": false,
                "validForSummer": false,
                "sortIndex": null,
                "type": "image/jpeg",
                "size": 8243959,
                "url": "https://api.sundsvall.se/facilities/2.2/field/filesfield/1555",
                "license": "CC0",
                "licenseDescription": "Creative commons. \"No rights reserved\" https://creativecommons.org/share-your-work/public-domain/cc0/"
              },
              {
                "id": 391,
                "filename": "618172A4-BE48-4870-8194-DC2EE1D0EFC5.jpeg",
                "validForWinter": false,
                "validForSummer": false,
                "sortIndex": null,
                "type": "image/jpeg",
                "size": 3275245,
                "url": "https://api.sundsvall.se/facilities/2.2/field/filesfield/391",
                "license": "CC0",
                "licenseDescription": "Creative commons. \"No rights reserved\" https://creativecommons.org/share-your-work/public-domain/cc0/"
              }
            ]
          },
          {
            "id": 72,
            "name": "Handikappanpassad",
            "type": "TOGGLE",
            "value": "Nej"
          }
        ],
        "centerPoint": [
          16.484944626024852,
          62.473816785272724
        ]
      },
      "geometry": {
        "type": "Point",
        "coordinates": [
          16.484944626024852,
          62.473816785272724
        ]
      }
    },
    {
      "id": 520,
      "type": "Feature",
      "properties": {
        "name": "Badplats Pallviken",
        "type": "Bänkbord",
        "created": "2018-07-06 13:04:47",
        "updated": "2020-07-07 20:01:10",
        "published": true,
        "owner": {
          "organizationID": 36,
          "name": "Sundsvalls kommun Friluftsenheten"
        },
        "manager": {
          "organizationID": 36,
          "name": "Sundsvalls kommun Friluftsenheten"
        },
        "fields": [
          {
            "id": 73,
            "name": "Status",
            "type": "DROPDOWN",
            "value": "Sliten"
          },
          {
            "id": 80,
            "name": "Typ av bänkbord",
            "type": "DROPDOWN",
            "value": "2 tums standard"
          },
          {
            "id": 70,
            "name": "Byggnadsår",
            "type": "INTEGER",
            "value": 2011
          },
          {
            "id": 74,
            "name": "Statusdatum",
            "type": "DATE",
            "value": "2018-07-06"
          },
          {
            "id": 79,
            "name": "Tillhörande filer",
            "type": "FILES",
            "value": [
              {
                "id": 406,
                "filename": "IMG_1876.JPG",
                "validForWinter": false,
                "validForSummer": false,
                "sortIndex": null,
                "type": "image/jpeg",
                "size": 3310531,
                "url": "https://api.sundsvall.se/facilities/2.2/field/filesfield/406",
                "license": "CC0",
                "licenseDescription": "Creative commons. \"No rights reserved\" https://creativecommons.org/share-your-work/public-domain/cc0/"
              }
            ]
          },
          {
            "id": 72,
            "name": "Handikappanpassad",
            "type": "TOGGLE",
            "value": "Nej"
          },
          {
            "id": 288,
            "name": "Felanmälan",
            "type": "Felanmälningstjänst",
            "reportName": "Kontakt Sundsvall",
            "reportDescription": "Felanmälan av motionsspår, elljusspår, leder och andra friluftsanläggningar",
            "reportLink": "https://sundsvall.se/kommun-och-politik/politik-och-demokrati/dialog-och-synpunkter/felanmalan",
            "reportPhone": "060-19 10 00",
            "reportEmail": "kontakt@sundsvall.se"
          }
        ],
        "centerPoint": [
          17.148686338402847,
          62.309092991196614
        ]
      },
      "geometry": {
        "type": "Point",
        "coordinates": [
          17.148686338402847,
          62.309092991196614
        ]
      }
    },
    {
      "id": 529,
      "type": "Feature",
      "properties": {
        "name": "Badplats Östtjärn bänkbord",
        "type": "Bänkbord",
        "created": "2018-07-06 13:17:01",
        "updated": "2026-06-22 08:44:21",
        "published": true,
        "parentObjects": [
          526
        ],
        "owner": {
          "organizationID": 36,
          "name": "Sundsvalls kommun Friluftsenheten"
        },
        "manager": {
          "organizationID": 36,
          "name": "Sundsvalls kommun Friluftsenheten"
        },
        "fields": [
          {
            "id": 73,
            "name": "Status",
            "type": "DROPDOWN",
            "value": "Fin"
          },
          {
            "id": 80,
            "name": "Typ av bänkbord",
            "type": "DROPDOWN",
            "value": "2 tums standard"
          },
          {
            "id": 70,
            "name": "Byggnadsår",
            "type": "INTEGER",
            "value": 2013
          },
          {
            "id": 74,
            "name": "Statusdatum",
            "type": "DATE",
            "value": "2018-07-06"
          },
          {
            "id": 79,
            "name": "Tillhörande filer",
            "type": "FILES",
            "value": [
              {
                "id": 415,
                "filename": "8A7758A7-5660-4F2E-BAC8-1D756F94CED8.jpeg",
                "validForWinter": false,
                "validForSummer": false,
                "sortIndex": null,
                "type": "image/jpeg",
                "size": 2871905,
                "url": "https://api.sundsvall.se/facilities/2.2/field/filesfield/415",
                "license": "CC0",
                "licenseDescription": "Creative commons. \"No rights reserved\" https://creativecommons.org/share-your-work/public-domain/cc0/"
              }
            ]
          },
          {
            "id": 72,
            "name": "Handikappanpassad",
            "type": "TOGGLE",
            "value": "Nej"
          },
          {
            "id": 288,
            "name": "Felanmälan",
            "type": "Felanmälningstjänst",
            "reportName": "Kontakt Sundsvall",
            "reportDescription": "Felanmälan av motionsspår, elljusspår, leder och andra friluftsanläggningar",
            "reportLink": "https://sundsvall.se/kommun-och-politik/politik-och-demokrati/dialog-och-synpunkter/felanmalan",
            "reportPhone": "060-19 10 00",
            "reportEmail": "kontakt@sundsvall.se"
          }
        ],
        "centerPoint": [
          17.268835254677313,
          62.32777941424132
        ]
      },
      "geometry": {
        "type": "Point",
        "coordinates": [
          17.268835254677313,
          62.32777941424132
        ]
      }
    },
    {
      "id": 533,
      "type": "Feature",
      "properties": {
        "name": "Badplats Östtjärn bänkbord",
        "type": "Bänkbord",
        "created": "2018-07-06 13:22:42",
        "updated": "2026-06-22 08:44:21",
        "published": true,
        "parentObjects": [
          526
        ],
        "owner": {
          "organizationID": 36,
          "name": "Sundsvalls kommun Friluftsenheten"
        },
        "manager": {
          "organizationID": 36,
          "name": "Sundsvalls kommun Friluftsenheten"
        },
        "fields": [
          {
            "id": 73,
            "name": "Status",
            "type": "DROPDOWN",
            "value": "Sliten"
          },
          {
            "id": 80,
            "name": "Typ av bänkbord",
            "type": "DROPDOWN",
            "value": "Övrigt"
          },
          {
            "id": 70,
            "name": "Byggnadsår",
            "type": "INTEGER",
            "value": 2010
          },
          {
            "id": 74,
            "name": "Statusdatum",
            "type": "DATE",
            "value": "2018-07-06"
          },
          {
            "id": 79,
            "name": "Tillhörande filer",
            "type": "FILES",
            "value": [
              {
                "id": 419,
                "filename": "91A3370F-C612-47C6-8140-2970027C75BE.jpeg",
                "validForWinter": false,
                "validForSummer": false,
                "sortIndex": null,
                "type": "image/jpeg",
                "size": 4061550,
                "url": "https://api.sundsvall.se/facilities/2.2/field/filesfield/419",
                "license": "CC0",
                "licenseDescription": "Creative commons. \"No rights reserved\" https://creativecommons.org/share-your-work/public-domain/cc0/"
              }
            ]
          },
          {
            "id": 72,
            "name": "Handikappanpassad",
            "type": "TOGGLE",
            "value": "Nej"
          },
          {
            "id": 288,
            "name": "Felanmälan",
            "type": "Felanmälningstjänst",
            "reportName": "Kontakt Sundsvall",
            "reportDescription": "Felanmälan av motionsspår, elljusspår, leder och andra friluftsanläggningar",
            "reportLink": "https://sundsvall.se/kommun-och-politik/politik-och-demokrati/dialog-och-synpunkter/felanmalan",
            "reportPhone": "060-19 10 00",
            "reportEmail": "kontakt@sundsvall.se"
          }
        ],
        "centerPoint": [
          17.268911893084415,
          62.32779199301021
        ]
      },
      "geometry": {
        "type": "Point",
        "coordinates": [
          17.268911893084415,
          62.32779199301021
        ]
      }
    },
    {
      "id": 551,
      "type": "Feature",
      "properties": {
        "name": "Bänkbord Nolbyströmmen",
        "type": "Bänkbord",
        "created": "2018-07-31 09:05:02",
        "updated": "2025-07-16 13:44:28",
        "published": true,
        "parentObjects": [
          1872
        ],
        "owner": {
          "organizationID": 36,
          "name": "Sundsvalls kommun Friluftsenheten"
        },
        "manager": {
          "organizationID": 36,
          "name": "Sundsvalls kommun Friluftsenheten"
        },
        "fields": [
          {
            "id": 73,
            "name": "Status",
            "type": "DROPDOWN",
            "value": "Fin"
          },
          {
            "id": 80,
            "name": "Typ av bänkbord",
            "type": "DROPDOWN",
            "value": "2,5-tums standard"
          },
          {
            "id": 81,
            "name": "Antal sittplatser",
            "type": "INTEGER",
            "value": 6
          },
          {
            "id": 74,
            "name": "Statusdatum",
            "type": "DATE",
            "value": "2020-11-01"
          },
          {
            "id": 79,
            "name": "Tillhörande filer",
            "type": "FILES",
            "value": [
              {
                "id": 428,
                "filename": "image.jpg",
                "description": "",
                "alttext": "",
                "sourcetext": "",
                "validForWinter": true,
                "validForSummer": true,
                "sortIndex": 1,
                "type": "image/jpeg",
                "size": 3558063,
                "url": "https://api.sundsvall.se/facilities/2.2/field/filesfield/428",
                "license": "CC0",
                "licenseDescription": "Creative commons. \"No rights reserved\" https://creativecommons.org/share-your-work/public-domain/cc0/"
              }
            ]
          },
          {
            "id": 72,
            "name": "Handikappanpassad",
            "type": "TOGGLE",
            "value": "Nej"
          },
          {
            "id": 288,
            "name": "Felanmälan",
            "type": "Felanmälningstjänst",
            "reportName": "Kontakt Sundsvall",
            "reportDescription": "Felanmälan av motionsspår, elljusspår, leder och andra friluftsanläggningar",
            "reportLink": "https://sundsvall.se/kommun-och-politik/politik-och-demokrati/dialog-och-synpunkter/felanmalan",
            "reportPhone": "060-19 10 00",
            "reportEmail": "kontakt@sundsvall.se"
          }
        ],
        "centerPoint": [
          17.321445560949147,
          62.29640847491096
        ]
      },
      "geometry": {
        "type": "Point",
        "coordinates": [
          17.321445560949147,
          62.29640847491096
        ]
      }
    },
    {
      "id": 573,
      "type": "Feature",
      "properties": {
        "name": "Bänkbord spikarna",
        "type": "Bänkbord",
        "created": "2018-08-07 09:24:30",
        "published": false
      },
      "geometry": null
    },
    {
      "id": 606,
      "type": "Feature",
      "properties": {
        "name": "Bänkbord åtjärn",
        "type": "Bänkbord",
        "created": "2018-08-10 09:18:57",
        "updated": "2020-12-16 18:31:17",
        "published": true,
        "owner": {
          "organizationID": 5,
          "name": "attmars fvo"
        },
        "manager": {
          "organizationID": 5,
          "name": "attmars fvo"
        },
        "fields": [
          {
            "id": 73,
            "name": "Status",
            "type": "DROPDOWN",
            "value": "Fin"
          },
          {
            "id": 80,
            "name": "Typ av bänkbord",
            "type": "DROPDOWN",
            "value": "Övrigt"
          },
          {
            "id": 70,
            "name": "Byggnadsår",
            "type": "INTEGER",
            "value": 2018
          },
          {
            "id": 71,
            "name": "Renoveringsår",
            "type": "INTEGER",
            "value": 2018
          },
          {
            "id": 81,
            "name": "Antal sittplatser",
            "type": "INTEGER",
            "value": 4
          },
          {
            "id": 74,
            "name": "Statusdatum",
            "type": "DATE",
            "value": "2018-08-10"
          },
          {
            "id": 79,
            "name": "Tillhörande filer",
            "type": "FILES",
            "value": [
              {
                "id": 461,
                "filename": "image.jpg",
                "description": "",
                "alttext": "",
                "sourcetext": "",
                "validForWinter": true,
                "validForSummer": true,
                "sortIndex": 1,
                "type": "image/jpeg",
                "size": 3453140,
                "url": "https://api.sundsvall.se/facilities/2.2/field/filesfield/461",
                "license": "CC0",
                "licenseDescription": "Creative commons. \"No rights reserved\" https://creativecommons.org/share-your-work/public-domain/cc0/"
              }
            ]
          },
          {
            "id": 72,
            "name": "Handikappanpassad",
            "type": "TOGGLE",
            "value": "Nej"
          }
        ],
        "centerPoint": [
          16.990218353359683,
          62.31564221308342
        ]
      },
      "geometry": {
        "type": "Point",
        "coordinates": [
          16.990218353359683,
          62.31564221308342
        ]
      }
    },
    {
      "id": 609,
      "type": "Feature",
      "properties": {
        "name": "Åtjärn norra",
        "type": "Bänkbord",
        "created": "2018-08-10 09:37:00",
        "updated": "2020-12-16 18:24:40",
        "published": true,
        "owner": {
          "organizationID": 5,
          "name": "attmars fvo"
        },
        "manager": {
          "organizationID": 5,
          "name": "attmars fvo"
        },
        "fields": [
          {
            "id": 73,
            "name": "Status",
            "type": "DROPDOWN",
            "value": "Fin"
          },
          {
            "id": 80,
            "name": "Typ av bänkbord",
            "type": "DROPDOWN",
            "value": "Övrigt"
          },
          {
            "id": 70,
            "name": "Byggnadsår",
            "type": "INTEGER",
            "value": 2018
          },
          {
            "id": 71,
            "name": "Renoveringsår",
            "type": "INTEGER",
            "value": 2018
          },
          {
            "id": 81,
            "name": "Antal sittplatser",
            "type": "INTEGER",
            "value": 4
          },
          {
            "id": 74,
            "name": "Statusdatum",
            "type": "DATE",
            "value": "2018-08-10"
          },
          {
            "id": 79,
            "name": "Tillhörande filer",
            "type": "FILES",
            "value": [
              {
                "id": 462,
                "filename": "image.jpg",
                "description": "",
                "alttext": "",
                "sourcetext": "",
                "validForWinter": true,
                "validForSummer": true,
                "sortIndex": 1,
                "type": "image/jpeg",
                "size": 3044499,
                "url": "https://api.sundsvall.se/facilities/2.2/field/filesfield/462",
                "license": "CC0",
                "licenseDescription": "Creative commons. \"No rights reserved\" https://creativecommons.org/share-your-work/public-domain/cc0/"
              }
            ]
          },
          {
            "id": 72,
            "name": "Handikappanpassad",
            "type": "TOGGLE",
            "value": "Nej"
          }
        ],
        "centerPoint": [
          16.98802602055674,
          62.318054016075685
        ]
      },
      "geometry": {
        "type": "Point",
        "coordinates": [
          16.98802602055674,
          62.318054016075685
        ]
      }
    },
    {
      "id": 611,
      "type": "Feature",
      "properties": {
        "name": "Bänkbord acktjärn",
        "type": "Bänkbord",
        "created": "2018-08-10 10:36:06",
        "published": false
      },
      "geometry": null
    },
    {
      "id": 615,
      "type": "Feature",
      "properties": {
        "name": "Smedgården",
        "type": "Bänkbord",
        "created": "2018-08-10 15:30:14",
        "updated": "2020-09-25 10:02:02",
        "published": true,
        "owner": {
          "organizationID": 83,
          "name": "länsstyrelsen västernorrland"
        },
        "manager": {
          "organizationID": 83,
          "name": "länsstyrelsen västernorrland"
        },
        "fields": [
          {
            "id": 73,
            "name": "Status",
            "type": "DROPDOWN",
            "value": "Fin"
          },
          {
            "id": 80,
            "name": "Typ av bänkbord",
            "type": "DROPDOWN",
            "value": "Övrigt"
          },
          {
            "id": 81,
            "name": "Antal sittplatser",
            "type": "INTEGER",
            "value": 4
          },
          {
            "id": 74,
            "name": "Statusdatum",
            "type": "DATE",
            "value": "2018-08-10"
          },
          {
            "id": 79,
            "name": "Tillhörande filer",
            "type": "FILES",
            "value": [
              {
                "id": 467,
                "filename": "image.jpg",
                "validForWinter": false,
                "validForSummer": false,
                "sortIndex": null,
                "type": "image/jpeg",
                "size": 3996528,
                "url": "https://api.sundsvall.se/facilities/2.2/field/filesfield/467",
                "license": "CC0",
                "licenseDescription": "Creative commons. \"No rights reserved\" https://creativecommons.org/share-your-work/public-domain/cc0/"
              }
            ]
          },
          {
            "id": 72,
            "name": "Handikappanpassad",
            "type": "TOGGLE",
            "value": "Nej"
          },
          {
            "id": 77,
            "name": "Beskrivning",
            "type": "FREETEXT",
            "value": "Bänkbord i hagen vid Smedsgårdens naturreservat"
          }
        ],
        "centerPoint": [
          17.443049346504782,
          62.44318122982617
        ]
      },
      "geometry": {
        "type": "Point",
        "coordinates": [
          17.443049346504782,
          62.44318122982617
        ]
      }
    },
    {
      "id": 620,
      "type": "Feature",
      "properties": {
        "name": "Storåstjärn bänkbord",
        "type": "Bänkbord",
        "created": "2018-08-13 15:07:50",
        "updated": "2020-04-06 19:50:05",
        "published": true,
        "owner": {
          "organizationID": 271,
          "name": "Njurunda Södra Fiskevårdsområde"
        },
        "manager": {
          "organizationID": 271,
          "name": "Njurunda Södra Fiskevårdsområde"
        },
        "fields": [
          {
            "id": 73,
            "name": "Status",
            "type": "DROPDOWN",
            "value": "Fin"
          },
          {
            "id": 80,
            "name": "Typ av bänkbord",
            "type": "DROPDOWN",
            "value": "2 tums standard"
          },
          {
            "id": 70,
            "name": "Byggnadsår",
            "type": "INTEGER",
            "value": 2018
          },
          {
            "id": 71,
            "name": "Renoveringsår",
            "type": "INTEGER",
            "value": 2018
          },
          {
            "id": 74,
            "name": "Statusdatum",
            "type": "DATE",
            "value": "2018-08-13"
          },
          {
            "id": 79,
            "name": "Tillhörande filer",
            "type": "FILES",
            "value": [
              {
                "id": 471,
                "filename": "image.jpg",
                "validForWinter": false,
                "validForSummer": false,
                "sortIndex": null,
                "type": "image/jpeg",
                "size": 2581095,
                "url": "https://api.sundsvall.se/facilities/2.2/field/filesfield/471",
                "license": "CC0",
                "licenseDescription": "Creative commons. \"No rights reserved\" https://creativecommons.org/share-your-work/public-domain/cc0/"
              }
            ]
          },
          {
            "id": 72,
            "name": "Handikappanpassad",
            "type": "TOGGLE",
            "value": "Nej"
          }
        ],
        "centerPoint": [
          17.348478018396637,
          62.19079070247238
        ]
      },
      "geometry": {
        "type": "Point",
        "coordinates": [
          17.348478018396637,
          62.19079070247238
        ]
      }
    },
    {
      "id": 624,
      "type": "Feature",
      "properties": {
        "name": "Bänkbord salen",
        "type": "Bänkbord",
        "created": "2018-08-14 10:05:57",
        "published": false
      },
      "geometry": null
    },
    {
      "id": 635,
      "type": "Feature",
      "properties": {
        "name": "Bänkbord stornäset",
        "type": "Bänkbord",
        "created": "2018-08-15 15:01:08",
        "updated": "2020-09-25 09:42:01",
        "published": false
      },
      "geometry": null
    },
    {
      "id": 740,
      "type": "Feature",
      "properties": {
        "name": "Bänkbord Grenforsen Notstuga 1",
        "type": "Bänkbord",
        "created": "2019-09-30 15:57:46",
        "updated": "2020-12-16 18:33:00",
        "published": true,
        "owner": {
          "organizationID": 36,
          "name": "Sundsvalls kommun Friluftsenheten"
        },
        "manager": {
          "organizationID": 36,
          "name": "Sundsvalls kommun Friluftsenheten"
        },
        "fields": [
          {
            "id": 73,
            "name": "Status",
            "type": "DROPDOWN",
            "value": "Fin"
          },
          {
            "id": 80,
            "name": "Typ av bänkbord",
            "type": "DROPDOWN",
            "value": "2,5-tums standard"
          },
          {
            "id": 70,
            "name": "Byggnadsår",
            "type": "INTEGER",
            "value": 2000
          },
          {
            "id": 81,
            "name": "Antal sittplatser",
            "type": "INTEGER",
            "value": 4
          },
          {
            "id": 74,
            "name": "Statusdatum",
            "type": "DATE",
            "value": "2019-09-30"
          },
          {
            "id": 79,
            "name": "Tillhörande filer",
            "type": "FILES",
            "value": [
              {
                "id": 517,
                "filename": "20190930_153915.jpg",
                "description": "",
                "alttext": "",
                "sourcetext": "",
                "validForWinter": true,
                "validForSummer": true,
                "sortIndex": 1,
                "type": "image/jpeg",
                "size": 8395366,
                "url": "https://api.sundsvall.se/facilities/2.2/field/filesfield/517",
                "license": "CC0",
                "licenseDescription": "Creative commons. \"No rights reserved\" https://creativecommons.org/share-your-work/public-domain/cc0/"
              }
            ]
          },
          {
            "id": 72,
            "name": "Handikappanpassad",
            "type": "TOGGLE",
            "value": "Nej"
          },
          {
            "id": 288,
            "name": "Felanmälan",
            "type": "Felanmälningstjänst",
            "reportName": "Kontakt Sundsvall",
            "reportDescription": "Felanmälan av motionsspår, elljusspår, leder och andra friluftsanläggningar",
            "reportLink": "https://sundsvall.se/kommun-och-politik/politik-och-demokrati/dialog-och-synpunkter/felanmalan",
            "reportPhone": "060-19 10 00",
            "reportEmail": "kontakt@sundsvall.se"
          }
        ],
        "centerPoint": [
          17.221632578259385,
          62.30420478710398
        ]
      },
      "geometry": {
        "type": "Point",
        "coordinates": [
          17.221632578259385,
          62.30420478710398
        ]
      }
    },
    {
      "id": 741,
      "type": "Feature",
      "properties": {
        "name": "Soptunna Grenforsen Notstuga 2",
        "type": "Bänkbord",
        "created": "2019-09-30 15:59:48",
        "updated": "2020-12-16 18:33:23",
        "published": true,
        "owner": {
          "organizationID": 36,
          "name": "Sundsvalls kommun Friluftsenheten"
        },
        "manager": {
          "organizationID": 36,
          "name": "Sundsvalls kommun Friluftsenheten"
        },
        "fields": [
          {
            "id": 73,
            "name": "Status",
            "type": "DROPDOWN",
            "value": "Fin"
          },
          {
            "id": 80,
            "name": "Typ av bänkbord",
            "type": "DROPDOWN",
            "value": "2,5-tums standard"
          },
          {
            "id": 70,
            "name": "Byggnadsår",
            "type": "INTEGER",
            "value": 2000
          },
          {
            "id": 81,
            "name": "Antal sittplatser",
            "type": "INTEGER",
            "value": 4
          },
          {
            "id": 74,
            "name": "Statusdatum",
            "type": "DATE",
            "value": "2019-09-30"
          },
          {
            "id": 72,
            "name": "Handikappanpassad",
            "type": "TOGGLE",
            "value": "Nej"
          },
          {
            "id": 288,
            "name": "Felanmälan",
            "type": "Felanmälningstjänst",
            "reportName": "Kontakt Sundsvall",
            "reportDescription": "Felanmälan av motionsspår, elljusspår, leder och andra friluftsanläggningar",
            "reportLink": "https://sundsvall.se/kommun-och-politik/politik-och-demokrati/dialog-och-synpunkter/felanmalan",
            "reportPhone": "060-19 10 00",
            "reportEmail": "kontakt@sundsvall.se"
          }
        ],
        "centerPoint": [
          17.221751489629046,
          62.30416095161128
        ]
      },
      "geometry": {
        "type": "Point",
        "coordinates": [
          17.221751489629046,
          62.30416095161128
        ]
      }
    },
    {
      "id": 742,
      "type": "Feature",
      "properties": {
        "name": "Bänkbord Grenforsen Notstuga 3",
        "type": "Bänkbord",
        "created": "2019-09-30 16:03:46",
        "updated": "2020-12-16 18:33:58",
        "published": true,
        "owner": {
          "organizationID": 36,
          "name": "Sundsvalls kommun Friluftsenheten"
        },
        "manager": {
          "organizationID": 36,
          "name": "Sundsvalls kommun Friluftsenheten"
        },
        "fields": [
          {
            "id": 73,
            "name": "Status",
            "type": "DROPDOWN",
            "value": "Sliten"
          },
          {
            "id": 80,
            "name": "Typ av bänkbord",
            "type": "DROPDOWN",
            "value": "2,5-tums standard"
          },
          {
            "id": 70,
            "name": "Byggnadsår",
            "type": "INTEGER",
            "value": 1995
          },
          {
            "id": 81,
            "name": "Antal sittplatser",
            "type": "INTEGER",
            "value": 4
          },
          {
            "id": 74,
            "name": "Statusdatum",
            "type": "DATE",
            "value": "2019-09-30"
          },
          {
            "id": 79,
            "name": "Tillhörande filer",
            "type": "FILES",
            "value": [
              {
                "id": 518,
                "filename": "20190930_154003.jpg",
                "description": "",
                "alttext": "",
                "sourcetext": "",
                "validForWinter": true,
                "validForSummer": true,
                "sortIndex": 1,
                "type": "image/jpeg",
                "size": 7961310,
                "url": "https://api.sundsvall.se/facilities/2.2/field/filesfield/518",
                "license": "CC0",
                "licenseDescription": "Creative commons. \"No rights reserved\" https://creativecommons.org/share-your-work/public-domain/cc0/"
              }
            ]
          },
          {
            "id": 72,
            "name": "Handikappanpassad",
            "type": "TOGGLE",
            "value": "Nej"
          },
          {
            "id": 288,
            "name": "Felanmälan",
            "type": "Felanmälningstjänst",
            "reportName": "Kontakt Sundsvall",
            "reportDescription": "Felanmälan av motionsspår, elljusspår, leder och andra friluftsanläggningar",
            "reportLink": "https://sundsvall.se/kommun-och-politik/politik-och-demokrati/dialog-och-synpunkter/felanmalan",
            "reportPhone": "060-19 10 00",
            "reportEmail": "kontakt@sundsvall.se"
          }
        ],
        "centerPoint": [
          17.22191734182371,
          62.30437442569041
        ]
      },
      "geometry": {
        "type": "Point",
        "coordinates": [
          17.22191734182371,
          62.30437442569041
        ]
      }
    },
    {
      "id": 744,
      "type": "Feature",
      "properties": {
        "name": "Bänkbord Grenforsen",
        "type": "Bänkbord",
        "created": "2019-09-30 18:20:22",
        "updated": "2025-07-16 13:43:40",
        "published": true,
        "parentObjects": [
          4138
        ],
        "owner": {
          "organizationID": 36,
          "name": "Sundsvalls kommun Friluftsenheten"
        },
        "manager": {
          "organizationID": 36,
          "name": "Sundsvalls kommun Friluftsenheten"
        },
        "fields": [
          {
            "id": 73,
            "name": "Status",
            "type": "DROPDOWN",
            "value": "Fin"
          },
          {
            "id": 80,
            "name": "Typ av bänkbord",
            "type": "DROPDOWN",
            "value": "2 tums standard"
          },
          {
            "id": 70,
            "name": "Byggnadsår",
            "type": "INTEGER",
            "value": 2018
          },
          {
            "id": 81,
            "name": "Antal sittplatser",
            "type": "INTEGER",
            "value": 6
          },
          {
            "id": 74,
            "name": "Statusdatum",
            "type": "DATE",
            "value": "2019-09-30"
          },
          {
            "id": 79,
            "name": "Tillhörande filer",
            "type": "FILES",
            "value": [
              {
                "id": 521,
                "filename": "20190930_181336.jpg",
                "description": "",
                "alttext": "",
                "sourcetext": "",
                "validForWinter": true,
                "validForSummer": true,
                "sortIndex": 1,
                "type": "image/jpeg",
                "size": 5649625,
                "url": "https://api.sundsvall.se/facilities/2.2/field/filesfield/521",
                "license": "CC0",
                "licenseDescription": "Creative commons. \"No rights reserved\" https://creativecommons.org/share-your-work/public-domain/cc0/"
              }
            ]
          },
          {
            "id": 72,
            "name": "Handikappanpassad",
            "type": "TOGGLE",
            "value": "Nej"
          },
          {
            "id": 288,
            "name": "Felanmälan",
            "type": "Felanmälningstjänst",
            "reportName": "Kontakt Sundsvall",
            "reportDescription": "Felanmälan av motionsspår, elljusspår, leder och andra friluftsanläggningar",
            "reportLink": "https://sundsvall.se/kommun-och-politik/politik-och-demokrati/dialog-och-synpunkter/felanmalan",
            "reportPhone": "060-19 10 00",
            "reportEmail": "kontakt@sundsvall.se"
          }
        ],
        "centerPoint": [
          17.2230576531422,
          62.30514211839381
        ]
      },
      "geometry": {
        "type": "Point",
        "coordinates": [
          17.2230576531422,
          62.30514211839381
        ]
      }
    },
    {
      "id": 1435,
      "type": "Feature",
      "properties": {
        "name": "Bänkbord vid Hattbergsstugan",
        "type": "Bänkbord",
        "created": "2020-03-12 11:38:39",
        "updated": "2026-01-05 15:37:51",
        "published": true,
        "parentObjects": [
          4197
        ],
        "owner": {
          "organizationID": 136,
          "name": "sillre byförening"
        },
        "manager": {
          "organizationID": 136,
          "name": "sillre byförening"
        },
        "fields": [
          {
            "id": 80,
            "name": "Typ av bänkbord",
            "type": "DROPDOWN",
            "value": "Övrigt"
          },
          {
            "id": 81,
            "name": "Antal sittplatser",
            "type": "INTEGER",
            "value": 4
          },
          {
            "id": 79,
            "name": "Tillhörande filer",
            "type": "FILES",
            "value": [
              {
                "id": 1539,
                "filename": "20200422_125947.jpg",
                "validForWinter": false,
                "validForSummer": false,
                "sortIndex": null,
                "type": "image/jpeg",
                "size": 6567435,
                "url": "https://api.sundsvall.se/facilities/2.2/field/filesfield/1539",
                "license": "CC0",
                "licenseDescription": "Creative commons. \"No rights reserved\" https://creativecommons.org/share-your-work/public-domain/cc0/"
              }
            ]
          },
          {
            "id": 72,
            "name": "Handikappanpassad",
            "type": "TOGGLE",
            "value": "Nej"
          }
        ],
        "centerPoint": [
          16.71157799676199,
          62.79092841566044
        ]
      },
      "geometry": {
        "type": "Point",
        "coordinates": [
          16.71157799676199,
          62.79092841566044
        ]
      }
    },
    {
      "id": 1483,
      "type": "Feature",
      "properties": {
        "name": "Svartbäcken",
        "type": "Bänkbord",
        "created": "2020-03-25 10:54:24",
        "updated": "2020-07-08 17:44:30",
        "published": true,
        "owner": {
          "organizationID": 258,
          "name": "Kraftur islandshästförening"
        },
        "manager": {
          "organizationID": 258,
          "name": "Kraftur islandshästförening"
        },
        "fields": [
          {
            "id": 73,
            "name": "Status",
            "type": "DROPDOWN",
            "value": "Fin"
          },
          {
            "id": 80,
            "name": "Typ av bänkbord",
            "type": "DROPDOWN",
            "value": "Övrigt"
          },
          {
            "id": 81,
            "name": "Antal sittplatser",
            "type": "INTEGER",
            "value": 8
          },
          {
            "id": 74,
            "name": "Statusdatum",
            "type": "DATE",
            "value": "2020-07-08"
          },
          {
            "id": 79,
            "name": "Tillhörande filer",
            "type": "FILES",
            "value": [
              {
                "id": 1559,
                "filename": "20200708_100353.jpg",
                "validForWinter": false,
                "validForSummer": false,
                "sortIndex": null,
                "type": "image/jpeg",
                "size": 8529335,
                "url": "https://api.sundsvall.se/facilities/2.2/field/filesfield/1559",
                "license": "CC0",
                "licenseDescription": "Creative commons. \"No rights reserved\" https://creativecommons.org/share-your-work/public-domain/cc0/"
              }
            ]
          },
          {
            "id": 72,
            "name": "Handikappanpassad",
            "type": "TOGGLE",
            "value": "Nej"
          },
          {
            "id": 77,
            "name": "Beskrivning",
            "type": "FREETEXT",
            "value": "2 Bänkbord"
          }
        ],
        "centerPoint": [
          17.07232156299105,
          62.377714935773426
        ]
      },
      "geometry": {
        "type": "Point",
        "coordinates": [
          17.07232156299105,
          62.377714935773426
        ]
      }
    },
    {
      "id": 1514,
      "type": "Feature",
      "properties": {
        "name": "Bänkbord Rävelns badplats",
        "type": "Bänkbord",
        "created": "2020-04-06 15:58:58",
        "published": true,
        "fields": [
          {
            "id": 73,
            "name": "Status",
            "type": "DROPDOWN",
            "value": "Fin"
          },
          {
            "id": 80,
            "name": "Typ av bänkbord",
            "type": "DROPDOWN",
            "value": "2 tums standard"
          },
          {
            "id": 70,
            "name": "Byggnadsår",
            "type": "INTEGER",
            "value": 2016
          },
          {
            "id": 81,
            "name": "Antal sittplatser",
            "type": "INTEGER",
            "value": 6
          },
          {
            "id": 74,
            "name": "Statusdatum",
            "type": "DATE",
            "value": "2018-07-02"
          },
          {
            "id": 79,
            "name": "Tillhörande filer",
            "type": "FILES",
            "value": [
              {
                "id": 1393,
                "filename": "image (75).jpg",
                "validForWinter": false,
                "validForSummer": false,
                "sortIndex": null,
                "type": "image/jpeg",
                "size": 3464087,
                "url": "https://api.sundsvall.se/facilities/2.2/field/filesfield/1393",
                "license": "CC0",
                "licenseDescription": "Creative commons. \"No rights reserved\" https://creativecommons.org/share-your-work/public-domain/cc0/"
              }
            ]
          },
          {
            "id": 72,
            "name": "Handikappanpassad",
            "type": "TOGGLE",
            "value": "Nej"
          }
        ],
        "centerPoint": [
          16.826753489553784,
          62.37175601826997
        ]
      },
      "geometry": {
        "type": "Point",
        "coordinates": [
          16.826753489553784,
          62.37175601826997
        ]
      }
    },
    {
      "id": 1527,
      "type": "Feature",
      "properties": {
        "name": "Bänkbord vid Slättberget",
        "type": "Bänkbord",
        "created": "2020-04-19 15:57:13",
        "updated": "2024-09-24 12:23:08",
        "published": true,
        "fields": [
          {
            "id": 80,
            "name": "Typ av bänkbord",
            "type": "DROPDOWN",
            "value": "2 tums standard"
          },
          {
            "id": 81,
            "name": "Antal sittplatser",
            "type": "INTEGER",
            "value": 6
          },
          {
            "id": 79,
            "name": "Tillhörande filer",
            "type": "FILES",
            "value": [
              {
                "id": 1409,
                "filename": "20200419_111820.jpg",
                "description": "",
                "alttext": "",
                "sourcetext": "Friluftsenheten",
                "validForWinter": false,
                "validForSummer": false,
                "sortIndex": null,
                "type": "image/jpeg",
                "size": 9513454,
                "url": "https://api.sundsvall.se/facilities/2.2/field/filesfield/1409",
                "license": "CC0",
                "licenseDescription": "Creative commons. \"No rights reserved\" https://creativecommons.org/share-your-work/public-domain/cc0/"
              }
            ]
          },
          {
            "id": 72,
            "name": "Handikappanpassad",
            "type": "TOGGLE",
            "value": "Nej"
          }
        ],
        "centerPoint": [
          17.433097460492576,
          62.307873106075526
        ]
      },
      "geometry": {
        "type": "Point",
        "coordinates": [
          17.433097460492576,
          62.307873106075526
        ]
      }
    },
    {
      "id": 1534,
      "type": "Feature",
      "properties": {
        "name": "Bänkbord Klubbänget",
        "type": "Bänkbord",
        "created": "2020-04-22 10:36:51",
        "updated": "2026-04-01 22:12:17",
        "published": true,
        "owner": {
          "organizationID": 36,
          "name": "Sundsvalls kommun Friluftsenheten"
        },
        "manager": {
          "organizationID": 136,
          "name": "sillre byförening"
        },
        "fields": [
          {
            "id": 73,
            "name": "Status",
            "type": "DROPDOWN",
            "value": "Sliten"
          },
          {
            "id": 80,
            "name": "Typ av bänkbord",
            "type": "DROPDOWN",
            "value": "2,5-tums standard"
          },
          {
            "id": 81,
            "name": "Antal sittplatser",
            "type": "INTEGER",
            "value": 6
          },
          {
            "id": 74,
            "name": "Statusdatum",
            "type": "DATE",
            "value": "2020-04-22"
          },
          {
            "id": 79,
            "name": "Tillhörande filer",
            "type": "FILES",
            "value": [
              {
                "id": 1540,
                "filename": "20200422_102905.jpg",
                "validForWinter": false,
                "validForSummer": false,
                "sortIndex": null,
                "type": "image/jpeg",
                "size": 8943259,
                "url": "https://api.sundsvall.se/facilities/2.2/field/filesfield/1540",
                "license": "CC0",
                "licenseDescription": "Creative commons. \"No rights reserved\" https://creativecommons.org/share-your-work/public-domain/cc0/"
              }
            ]
          },
          {
            "id": 72,
            "name": "Handikappanpassad",
            "type": "TOGGLE",
            "value": "Nej"
          }
        ],
        "centerPoint": [
          16.684172179151364,
          62.79011603276628
        ]
      },
      "geometry": {
        "type": "Point",
        "coordinates": [
          16.684172179151364,
          62.79011603276628
        ]
      }
    },
    {
      "id": 1600,
      "type": "Feature",
      "properties": {
        "name": "Bänkbord Västerlövsjön",
        "type": "Bänkbord",
        "created": "2020-07-07 14:22:32",
        "published": true,
        "owner": {
          "organizationID": 36,
          "name": "Sundsvalls kommun Friluftsenheten"
        },
        "manager": {
          "organizationID": 36,
          "name": "Sundsvalls kommun Friluftsenheten"
        },
        "fields": [
          {
            "id": 80,
            "name": "Typ av bänkbord",
            "type": "DROPDOWN",
            "value": "2 tums standard"
          },
          {
            "id": 81,
            "name": "Antal sittplatser",
            "type": "INTEGER",
            "value": 6
          },
          {
            "id": 72,
            "name": "Handikappanpassad",
            "type": "TOGGLE",
            "value": "Nej"
          },
          {
            "id": 288,
            "name": "Felanmälan",
            "type": "Felanmälningstjänst",
            "reportName": "Kontakt Sundsvall",
            "reportDescription": "Felanmälan av motionsspår, elljusspår, leder och andra friluftsanläggningar",
            "reportLink": "https://sundsvall.se/kommun-och-politik/politik-och-demokrati/dialog-och-synpunkter/felanmalan",
            "reportPhone": "060-19 10 00",
            "reportEmail": "kontakt@sundsvall.se"
          }
        ],
        "centerPoint": [
          16.96760580817488,
          62.47029010778863
        ]
      },
      "geometry": {
        "type": "Point",
        "coordinates": [
          16.96760580817488,
          62.47029010778863
        ]
      }
    },
    {
      "id": 1612,
      "type": "Feature",
      "properties": {
        "name": "Bänkbord Pallviken",
        "type": "Bänkbord",
        "created": "2020-07-07 19:58:14",
        "published": true,
        "owner": {
          "organizationID": 36,
          "name": "Sundsvalls kommun Friluftsenheten"
        },
        "manager": {
          "organizationID": 36,
          "name": "Sundsvalls kommun Friluftsenheten"
        },
        "fields": [
          {
            "id": 73,
            "name": "Status",
            "type": "DROPDOWN",
            "value": "Sliten"
          },
          {
            "id": 80,
            "name": "Typ av bänkbord",
            "type": "DROPDOWN",
            "value": "2,5-tums standard"
          },
          {
            "id": 81,
            "name": "Antal sittplatser",
            "type": "INTEGER",
            "value": 4
          },
          {
            "id": 74,
            "name": "Statusdatum",
            "type": "DATE",
            "value": "2020-07-07"
          },
          {
            "id": 79,
            "name": "Tillhörande filer",
            "type": "FILES",
            "value": [
              {
                "id": 1541,
                "filename": "1594144648489966527910914769719.jpg",
                "validForWinter": false,
                "validForSummer": false,
                "sortIndex": null,
                "type": "image/jpeg",
                "size": 2939771,
                "url": "https://api.sundsvall.se/facilities/2.2/field/filesfield/1541",
                "license": "CC0",
                "licenseDescription": "Creative commons. \"No rights reserved\" https://creativecommons.org/share-your-work/public-domain/cc0/"
              }
            ]
          },
          {
            "id": 72,
            "name": "Handikappanpassad",
            "type": "TOGGLE",
            "value": "Nej"
          },
          {
            "id": 288,
            "name": "Felanmälan",
            "type": "Felanmälningstjänst",
            "reportName": "Kontakt Sundsvall",
            "reportDescription": "Felanmälan av motionsspår, elljusspår, leder och andra friluftsanläggningar",
            "reportLink": "https://sundsvall.se/kommun-och-politik/politik-och-demokrati/dialog-och-synpunkter/felanmalan",
            "reportPhone": "060-19 10 00",
            "reportEmail": "kontakt@sundsvall.se"
          }
        ],
        "centerPoint": [
          17.1485210430979,
          62.309497040484935
        ]
      },
      "geometry": {
        "type": "Point",
        "coordinates": [
          17.1485210430979,
          62.309497040484935
        ]
      }
    },
    {
      "id": 1613,
      "type": "Feature",
      "properties": {
        "name": "Bänkbord Pallviken",
        "type": "Bänkbord",
        "created": "2020-07-07 20:00:26",
        "published": true,
        "owner": {
          "organizationID": 36,
          "name": "Sundsvalls kommun Friluftsenheten"
        },
        "manager": {
          "organizationID": 36,
          "name": "Sundsvalls kommun Friluftsenheten"
        },
        "fields": [
          {
            "id": 73,
            "name": "Status",
            "type": "DROPDOWN",
            "value": "Sliten"
          },
          {
            "id": 80,
            "name": "Typ av bänkbord",
            "type": "DROPDOWN",
            "value": "2,5-tums standard"
          },
          {
            "id": 81,
            "name": "Antal sittplatser",
            "type": "INTEGER",
            "value": 4
          },
          {
            "id": 74,
            "name": "Statusdatum",
            "type": "DATE",
            "value": "2020-07-07"
          },
          {
            "id": 79,
            "name": "Tillhörande filer",
            "type": "FILES",
            "value": [
              {
                "id": 1542,
                "filename": "15941447813943578855223318816787.jpg",
                "validForWinter": false,
                "validForSummer": false,
                "sortIndex": null,
                "type": "image/jpeg",
                "size": 8276618,
                "url": "https://api.sundsvall.se/facilities/2.2/field/filesfield/1542",
                "license": "CC0",
                "licenseDescription": "Creative commons. \"No rights reserved\" https://creativecommons.org/share-your-work/public-domain/cc0/"
              }
            ]
          },
          {
            "id": 72,
            "name": "Handikappanpassad",
            "type": "TOGGLE",
            "value": "Nej"
          },
          {
            "id": 288,
            "name": "Felanmälan",
            "type": "Felanmälningstjänst",
            "reportName": "Kontakt Sundsvall",
            "reportDescription": "Felanmälan av motionsspår, elljusspår, leder och andra friluftsanläggningar",
            "reportLink": "https://sundsvall.se/kommun-och-politik/politik-och-demokrati/dialog-och-synpunkter/felanmalan",
            "reportPhone": "060-19 10 00",
            "reportEmail": "kontakt@sundsvall.se"
          }
        ],
        "centerPoint": [
          17.148587525542716,
          62.30935349439859
        ]
      },
      "geometry": {
        "type": "Point",
        "coordinates": [
          17.148587525542716,
          62.30935349439859
        ]
      }
    },
    {
      "id": 1616,
      "type": "Feature",
      "properties": {
        "name": "Bänkbord Långåstjärn",
        "type": "Bänkbord",
        "created": "2020-07-08 17:21:57",
        "published": true,
        "owner": {
          "organizationID": 36,
          "name": "Sundsvalls kommun Friluftsenheten"
        },
        "manager": {
          "organizationID": 36,
          "name": "Sundsvalls kommun Friluftsenheten"
        },
        "fields": [
          {
            "id": 73,
            "name": "Status",
            "type": "DROPDOWN",
            "value": "Sliten"
          },
          {
            "id": 80,
            "name": "Typ av bänkbord",
            "type": "DROPDOWN",
            "value": "2 tums standard"
          },
          {
            "id": 81,
            "name": "Antal sittplatser",
            "type": "INTEGER",
            "value": 4
          },
          {
            "id": 74,
            "name": "Statusdatum",
            "type": "DATE",
            "value": "2020-07-08"
          },
          {
            "id": 79,
            "name": "Tillhörande filer",
            "type": "FILES",
            "value": [
              {
                "id": 1553,
                "filename": "20200708_150428.jpg",
                "validForWinter": false,
                "validForSummer": false,
                "sortIndex": null,
                "type": "image/jpeg",
                "size": 9639860,
                "url": "https://api.sundsvall.se/facilities/2.2/field/filesfield/1553",
                "license": "CC0",
                "licenseDescription": "Creative commons. \"No rights reserved\" https://creativecommons.org/share-your-work/public-domain/cc0/"
              }
            ]
          },
          {
            "id": 72,
            "name": "Handikappanpassad",
            "type": "TOGGLE",
            "value": "Nej"
          },
          {
            "id": 288,
            "name": "Felanmälan",
            "type": "Felanmälningstjänst",
            "reportName": "Kontakt Sundsvall",
            "reportDescription": "Felanmälan av motionsspår, elljusspår, leder och andra friluftsanläggningar",
            "reportLink": "https://sundsvall.se/kommun-och-politik/politik-och-demokrati/dialog-och-synpunkter/felanmalan",
            "reportPhone": "060-19 10 00",
            "reportEmail": "kontakt@sundsvall.se"
          }
        ],
        "centerPoint": [
          16.524654091026566,
          62.466542707341176
        ]
      },
      "geometry": {
        "type": "Point",
        "coordinates": [
          16.524654091026566,
          62.466542707341176
        ]
      }
    },
    {
      "id": 1621,
      "type": "Feature",
      "properties": {
        "name": "Bänkbord Skönviksberget",
        "type": "Bänkbord",
        "created": "2020-07-09 10:45:51",
        "published": true,
        "owner": {
          "organizationID": 36,
          "name": "Sundsvalls kommun Friluftsenheten"
        },
        "manager": {
          "organizationID": 36,
          "name": "Sundsvalls kommun Friluftsenheten"
        },
        "fields": [
          {
            "id": 73,
            "name": "Status",
            "type": "DROPDOWN",
            "value": "Sliten"
          },
          {
            "id": 80,
            "name": "Typ av bänkbord",
            "type": "DROPDOWN",
            "value": "2,5-tums standard"
          },
          {
            "id": 81,
            "name": "Antal sittplatser",
            "type": "INTEGER",
            "value": 4
          },
          {
            "id": 74,
            "name": "Statusdatum",
            "type": "DATE",
            "value": "2020-05-18"
          },
          {
            "id": 79,
            "name": "Tillhörande filer",
            "type": "FILES",
            "value": [
              {
                "id": 1570,
                "filename": "20200518_192443.jpg",
                "validForWinter": false,
                "validForSummer": false,
                "sortIndex": null,
                "type": "image/jpeg",
                "size": 7866050,
                "url": "https://api.sundsvall.se/facilities/2.2/field/filesfield/1570",
                "license": "CC0",
                "licenseDescription": "Creative commons. \"No rights reserved\" https://creativecommons.org/share-your-work/public-domain/cc0/"
              }
            ]
          },
          {
            "id": 72,
            "name": "Handikappanpassad",
            "type": "TOGGLE",
            "value": "Nej"
          },
          {
            "id": 288,
            "name": "Felanmälan",
            "type": "Felanmälningstjänst",
            "reportName": "Kontakt Sundsvall",
            "reportDescription": "Felanmälan av motionsspår, elljusspår, leder och andra friluftsanläggningar",
            "reportLink": "https://sundsvall.se/kommun-och-politik/politik-och-demokrati/dialog-och-synpunkter/felanmalan",
            "reportPhone": "060-19 10 00",
            "reportEmail": "kontakt@sundsvall.se"
          }
        ],
        "centerPoint": [
          17.34253735620248,
          62.45818560415979
        ]
      },
      "geometry": {
        "type": "Point",
        "coordinates": [
          17.34253735620248,
          62.45818560415979
        ]
      }
    },
    {
      "id": 1632,
      "type": "Feature",
      "properties": {
        "name": "Bänkbord Vitsand",
        "type": "Bänkbord",
        "created": "2020-08-02 13:22:56",
        "updated": "2026-01-13 11:38:28",
        "published": true,
        "parentObjects": [
          1636
        ],
        "fields": [
          {
            "id": 73,
            "name": "Status",
            "type": "DROPDOWN",
            "value": "Fin"
          },
          {
            "id": 80,
            "name": "Typ av bänkbord",
            "type": "DROPDOWN",
            "value": "Övrigt"
          },
          {
            "id": 81,
            "name": "Antal sittplatser",
            "type": "INTEGER",
            "value": 6
          },
          {
            "id": 74,
            "name": "Statusdatum",
            "type": "DATE",
            "value": "2020-08-02"
          },
          {
            "id": 79,
            "name": "Tillhörande filer",
            "type": "FILES",
            "value": [
              {
                "id": 1593,
                "filename": "20200802_131130.jpg",
                "validForWinter": false,
                "validForSummer": false,
                "sortIndex": null,
                "type": "image/jpeg",
                "size": 9449445,
                "url": "https://api.sundsvall.se/facilities/2.2/field/filesfield/1593",
                "license": "CC0",
                "licenseDescription": "Creative commons. \"No rights reserved\" https://creativecommons.org/share-your-work/public-domain/cc0/"
              }
            ]
          },
          {
            "id": 72,
            "name": "Handikappanpassad",
            "type": "TOGGLE",
            "value": "Nej"
          }
        ],
        "centerPoint": [
          17.508727759411997,
          62.16427444402919
        ]
      },
      "geometry": {
        "type": "Point",
        "coordinates": [
          17.508727759411997,
          62.16427444402919
        ]
      }
    },
    {
      "id": 1634,
      "type": "Feature",
      "properties": {
        "name": "Bänkbord Spikarnas gästhamn",
        "type": "Bänkbord",
        "created": "2020-08-04 22:42:48",
        "published": true,
        "owner": {
          "organizationID": 174,
          "name": "Sundsvalls kommun Stadsbyggnadskontoret"
        },
        "manager": {
          "organizationID": 174,
          "name": "Sundsvalls kommun Stadsbyggnadskontoret"
        },
        "fields": [
          {
            "id": 73,
            "name": "Status",
            "type": "DROPDOWN",
            "value": "Fin"
          },
          {
            "id": 80,
            "name": "Typ av bänkbord",
            "type": "DROPDOWN",
            "value": "2 tums standard"
          },
          {
            "id": 81,
            "name": "Antal sittplatser",
            "type": "INTEGER",
            "value": 6
          },
          {
            "id": 74,
            "name": "Statusdatum",
            "type": "DATE",
            "value": "2020-08-04"
          },
          {
            "id": 79,
            "name": "Tillhörande filer",
            "type": "FILES",
            "value": [
              {
                "id": 1597,
                "filename": "20200804_193828.jpg",
                "validForWinter": false,
                "validForSummer": false,
                "sortIndex": null,
                "type": "image/jpeg",
                "size": 6526884,
                "url": "https://api.sundsvall.se/facilities/2.2/field/filesfield/1597",
                "license": "CC0",
                "licenseDescription": "Creative commons. \"No rights reserved\" https://creativecommons.org/share-your-work/public-domain/cc0/"
              }
            ]
          },
          {
            "id": 72,
            "name": "Handikappanpassad",
            "type": "TOGGLE",
            "value": "Nej"
          },
          {
            "id": 288,
            "name": "Felanmälan",
            "type": "Felanmälningstjänst",
            "reportName": "Sundsvalls kommun gator och belysning",
            "reportDescription": "Felanmälan av gator, vägar, gång- och cykelvägar, parkering samt belysning",
            "reportLink": "https://isycase.isy.se/Sundsvall/publicform/create",
            "reportPhone": "060-19 15 65",
            "reportEmail": "servicecenter.kundtjanst@sundsvall.se"
          }
        ],
        "centerPoint": [
          17.527687874914335,
          62.36248088439687
        ]
      },
      "geometry": {
        "type": "Point",
        "coordinates": [
          17.527687874914335,
          62.36248088439687
        ]
      }
    },
    {
      "id": 1659,
      "type": "Feature",
      "properties": {
        "name": "Bänkbord vid Scoutstugan",
        "type": "Bänkbord",
        "created": "2020-08-28 08:30:53",
        "published": true,
        "owner": {
          "organizationID": 185,
          "name": "södermalms scoutkår"
        },
        "manager": {
          "organizationID": 185,
          "name": "södermalms scoutkår"
        },
        "fields": [
          {
            "id": 73,
            "name": "Status",
            "type": "DROPDOWN",
            "value": "Sliten"
          },
          {
            "id": 80,
            "name": "Typ av bänkbord",
            "type": "DROPDOWN",
            "value": "2 tums standard"
          },
          {
            "id": 81,
            "name": "Antal sittplatser",
            "type": "INTEGER",
            "value": 8
          },
          {
            "id": 74,
            "name": "Statusdatum",
            "type": "DATE",
            "value": "2020-08-28"
          },
          {
            "id": 79,
            "name": "Tillhörande filer",
            "type": "FILES",
            "value": [
              {
                "id": 1736,
                "filename": "20200828_081629.jpg",
                "validForWinter": false,
                "validForSummer": false,
                "sortIndex": null,
                "type": "image/jpeg",
                "size": 8092234,
                "url": "https://api.sundsvall.se/facilities/2.2/field/filesfield/1736",
                "license": "CC0",
                "licenseDescription": "Creative commons. \"No rights reserved\" https://creativecommons.org/share-your-work/public-domain/cc0/"
              }
            ]
          },
          {
            "id": 72,
            "name": "Handikappanpassad",
            "type": "TOGGLE",
            "value": "Nej"
          }
        ],
        "centerPoint": [
          17.337766846749766,
          62.35544935733628
        ]
      },
      "geometry": {
        "type": "Point",
        "coordinates": [
          17.337766846749766,
          62.35544935733628
        ]
      }
    },
    {
      "id": 1695,
      "type": "Feature",
      "properties": {
        "name": "Bänkbord Hinderbanan",
        "type": "Bänkbord",
        "created": "2020-11-06 13:48:18",
        "updated": "2024-10-22 18:34:15",
        "published": true,
        "parentObjects": [
          1719
        ],
        "owner": {
          "organizationID": 36,
          "name": "Sundsvalls kommun Friluftsenheten"
        },
        "manager": {
          "organizationID": 36,
          "name": "Sundsvalls kommun Friluftsenheten"
        },
        "fields": [
          {
            "id": 73,
            "name": "Status",
            "type": "DROPDOWN",
            "value": "Fin"
          },
          {
            "id": 80,
            "name": "Typ av bänkbord",
            "type": "DROPDOWN",
            "value": "2 tums standard"
          },
          {
            "id": 70,
            "name": "Byggnadsår",
            "type": "INTEGER",
            "value": 2020
          },
          {
            "id": 81,
            "name": "Antal sittplatser",
            "type": "INTEGER",
            "value": 6
          },
          {
            "id": 74,
            "name": "Statusdatum",
            "type": "DATE",
            "value": "2020-11-06"
          },
          {
            "id": 72,
            "name": "Handikappanpassad",
            "type": "TOGGLE",
            "value": "Nej"
          },
          {
            "id": 288,
            "name": "Felanmälan",
            "type": "Felanmälningstjänst",
            "reportName": "Kontakt Sundsvall",
            "reportDescription": "Felanmälan av motionsspår, elljusspår, leder och andra friluftsanläggningar",
            "reportLink": "https://sundsvall.se/kommun-och-politik/politik-och-demokrati/dialog-och-synpunkter/felanmalan",
            "reportPhone": "060-19 10 00",
            "reportEmail": "kontakt@sundsvall.se"
          },
          {
            "id": 77,
            "name": "Beskrivning",
            "type": "FREETEXT",
            "value": "Bänkbord i anslutning till hinderbanan"
          }
        ],
        "centerPoint": [
          17.33268709852375,
          62.371669999171864
        ]
      },
      "geometry": {
        "type": "Point",
        "coordinates": [
          17.33268709852375,
          62.371669999171864
        ]
      }
    },
    {
      "id": 1696,
      "type": "Feature",
      "properties": {
        "name": "Bänkbvord Hinderbanan",
        "type": "Bänkbord",
        "created": "2020-11-06 13:49:12",
        "published": true,
        "owner": {
          "organizationID": 36,
          "name": "Sundsvalls kommun Friluftsenheten"
        },
        "manager": {
          "organizationID": 36,
          "name": "Sundsvalls kommun Friluftsenheten"
        },
        "fields": [
          {
            "id": 73,
            "name": "Status",
            "type": "DROPDOWN",
            "value": "Fin"
          },
          {
            "id": 80,
            "name": "Typ av bänkbord",
            "type": "DROPDOWN",
            "value": "2 tums standard"
          },
          {
            "id": 70,
            "name": "Byggnadsår",
            "type": "INTEGER",
            "value": 2020
          },
          {
            "id": 81,
            "name": "Antal sittplatser",
            "type": "INTEGER",
            "value": 6
          },
          {
            "id": 74,
            "name": "Statusdatum",
            "type": "DATE",
            "value": "2020-11-06"
          },
          {
            "id": 72,
            "name": "Handikappanpassad",
            "type": "TOGGLE",
            "value": "Nej"
          },
          {
            "id": 288,
            "name": "Felanmälan",
            "type": "Felanmälningstjänst",
            "reportName": "Kontakt Sundsvall",
            "reportDescription": "Felanmälan av motionsspår, elljusspår, leder och andra friluftsanläggningar",
            "reportLink": "https://sundsvall.se/kommun-och-politik/politik-och-demokrati/dialog-och-synpunkter/felanmalan",
            "reportPhone": "060-19 10 00",
            "reportEmail": "kontakt@sundsvall.se"
          },
          {
            "id": 77,
            "name": "Beskrivning",
            "type": "FREETEXT",
            "value": "Bänkbord i anslutning till hinderbanan"
          }
        ],
        "centerPoint": [
          17.332664470648393,
          62.37164590400677
        ]
      },
      "geometry": {
        "type": "Point",
        "coordinates": [
          17.332664470648393,
          62.37164590400677
        ]
      }
    },
    {
      "id": 1733,
      "type": "Feature",
      "properties": {
        "name": "Bänkbord Krokforsen",
        "type": "Bänkbord",
        "created": "2020-12-16 18:38:01",
        "updated": "2025-07-16 13:45:52",
        "published": true,
        "parentObjects": [
          4139
        ],
        "fields": [
          {
            "id": 80,
            "name": "Typ av bänkbord",
            "type": "DROPDOWN",
            "value": "2,5-tums standard"
          },
          {
            "id": 81,
            "name": "Antal sittplatser",
            "type": "INTEGER",
            "value": 4
          },
          {
            "id": 79,
            "name": "Tillhörande filer",
            "type": "FILES",
            "value": [
              {
                "id": 2022,
                "filename": "image.jpg",
                "description": "",
                "alttext": "",
                "sourcetext": "",
                "validForWinter": true,
                "validForSummer": true,
                "sortIndex": 1,
                "type": "image/jpeg",
                "size": 3656682,
                "url": "https://api.sundsvall.se/facilities/2.2/field/filesfield/2022",
                "license": "CC0",
                "licenseDescription": "Creative commons. \"No rights reserved\" https://creativecommons.org/share-your-work/public-domain/cc0/"
              }
            ]
          },
          {
            "id": 72,
            "name": "Handikappanpassad",
            "type": "TOGGLE",
            "value": "Nej"
          }
        ],
        "centerPoint": [
          17.20072246633183,
          62.30454210909068
        ]
      },
      "geometry": {
        "type": "Point",
        "coordinates": [
          17.20072246633183,
          62.30454210909068
        ]
      }
    },
    {
      "id": 1741,
      "type": "Feature",
      "properties": {
        "name": "Bänkbord Viforsen",
        "type": "Bänkbord",
        "created": "2020-12-17 12:10:28",
        "updated": "2025-07-16 13:43:01",
        "published": true,
        "parentObjects": [
          4140
        ],
        "owner": {
          "organizationID": 36,
          "name": "Sundsvalls kommun Friluftsenheten"
        },
        "manager": {
          "organizationID": 36,
          "name": "Sundsvalls kommun Friluftsenheten"
        },
        "fields": [
          {
            "id": 73,
            "name": "Status",
            "type": "DROPDOWN",
            "value": "Fin"
          },
          {
            "id": 72,
            "name": "Handikappanpassad",
            "type": "TOGGLE",
            "value": "Nej"
          },
          {
            "id": 288,
            "name": "Felanmälan",
            "type": "Felanmälningstjänst",
            "reportName": "Kontakt Sundsvall",
            "reportDescription": "Felanmälan av motionsspår, elljusspår, leder och andra friluftsanläggningar",
            "reportLink": "https://sundsvall.se/kommun-och-politik/politik-och-demokrati/dialog-och-synpunkter/felanmalan",
            "reportPhone": "060-19 10 00",
            "reportEmail": "kontakt@sundsvall.se"
          },
          {
            "id": 77,
            "name": "Beskrivning",
            "type": "FREETEXT",
            "value": "Bänkbord vid Viforsen"
          }
        ],
        "centerPoint": [
          17.180823162073654,
          62.30635942435202
        ]
      },
      "geometry": {
        "type": "Point",
        "coordinates": [
          17.180823162073654,
          62.30635942435202
        ]
      }
    },
    {
      "id": 1747,
      "type": "Feature",
      "properties": {
        "name": "Bänkbord",
        "type": "Bänkbord",
        "created": "2020-12-17 15:48:29",
        "published": true,
        "owner": {
          "organizationID": 36,
          "name": "Sundsvalls kommun Friluftsenheten"
        },
        "manager": {
          "organizationID": 36,
          "name": "Sundsvalls kommun Friluftsenheten"
        },
        "fields": [
          {
            "id": 80,
            "name": "Typ av bänkbord",
            "type": "DROPDOWN",
            "value": "2,5-tums standard"
          },
          {
            "id": 81,
            "name": "Antal sittplatser",
            "type": "INTEGER",
            "value": 4
          },
          {
            "id": 79,
            "name": "Tillhörande filer",
            "type": "FILES",
            "value": [
              {
                "id": 2032,
                "filename": "20160808_081704.jpg",
                "description": "Bänkbord",
                "alttext": "Bänkbord",
                "sourcetext": "",
                "validForWinter": true,
                "validForSummer": true,
                "sortIndex": 1,
                "type": "image/jpeg",
                "size": 7987777,
                "url": "https://api.sundsvall.se/facilities/2.2/field/filesfield/2032",
                "license": "CC0",
                "licenseDescription": "Creative commons. \"No rights reserved\" https://creativecommons.org/share-your-work/public-domain/cc0/"
              }
            ]
          },
          {
            "id": 72,
            "name": "Handikappanpassad",
            "type": "TOGGLE",
            "value": "Nej"
          },
          {
            "id": 288,
            "name": "Felanmälan",
            "type": "Felanmälningstjänst",
            "reportName": "Kontakt Sundsvall",
            "reportDescription": "Felanmälan av motionsspår, elljusspår, leder och andra friluftsanläggningar",
            "reportLink": "https://sundsvall.se/kommun-och-politik/politik-och-demokrati/dialog-och-synpunkter/felanmalan",
            "reportPhone": "060-19 10 00",
            "reportEmail": "kontakt@sundsvall.se"
          },
          {
            "id": 77,
            "name": "Beskrivning",
            "type": "FREETEXT",
            "value": "Bänkbord"
          }
        ],
        "centerPoint": [
          16.9880950005889,
          62.61789444436058
        ]
      },
      "geometry": {
        "type": "Point",
        "coordinates": [
          16.9880950005889,
          62.61789444436058
        ]
      }
    },
    {
      "id": 1748,
      "type": "Feature",
      "properties": {
        "name": "Bänkbord Västloning",
        "type": "Bänkbord",
        "created": "2020-12-17 15:49:39",
        "published": true,
        "owner": {
          "organizationID": 36,
          "name": "Sundsvalls kommun Friluftsenheten"
        },
        "manager": {
          "organizationID": 36,
          "name": "Sundsvalls kommun Friluftsenheten"
        },
        "fields": [
          {
            "id": 80,
            "name": "Typ av bänkbord",
            "type": "DROPDOWN",
            "value": "2,5-tums standard"
          },
          {
            "id": 81,
            "name": "Antal sittplatser",
            "type": "INTEGER",
            "value": 4
          },
          {
            "id": 79,
            "name": "Tillhörande filer",
            "type": "FILES",
            "value": [
              {
                "id": 2033,
                "filename": "20160808_081650.jpg",
                "description": "Bänkbord",
                "alttext": "Bänkbord",
                "sourcetext": "",
                "validForWinter": true,
                "validForSummer": true,
                "sortIndex": 1,
                "type": "image/jpeg",
                "size": 8007104,
                "url": "https://api.sundsvall.se/facilities/2.2/field/filesfield/2033",
                "license": "CC0",
                "licenseDescription": "Creative commons. \"No rights reserved\" https://creativecommons.org/share-your-work/public-domain/cc0/"
              }
            ]
          },
          {
            "id": 72,
            "name": "Handikappanpassad",
            "type": "TOGGLE",
            "value": "Nej"
          },
          {
            "id": 288,
            "name": "Felanmälan",
            "type": "Felanmälningstjänst",
            "reportName": "Kontakt Sundsvall",
            "reportDescription": "Felanmälan av motionsspår, elljusspår, leder och andra friluftsanläggningar",
            "reportLink": "https://sundsvall.se/kommun-och-politik/politik-och-demokrati/dialog-och-synpunkter/felanmalan",
            "reportPhone": "060-19 10 00",
            "reportEmail": "kontakt@sundsvall.se"
          },
          {
            "id": 77,
            "name": "Beskrivning",
            "type": "FREETEXT",
            "value": "Bänkbord"
          }
        ],
        "centerPoint": [
          16.98785446733982,
          62.61795844848943
        ]
      },
      "geometry": {
        "type": "Point",
        "coordinates": [
          16.98785446733982,
          62.61795844848943
        ]
      }
    },
    {
      "id": 1749,
      "type": "Feature",
      "properties": {
        "name": "Bänkbord",
        "type": "Bänkbord",
        "created": "2020-12-17 15:50:45",
        "published": true,
        "owner": {
          "organizationID": 36,
          "name": "Sundsvalls kommun Friluftsenheten"
        },
        "manager": {
          "organizationID": 36,
          "name": "Sundsvalls kommun Friluftsenheten"
        },
        "fields": [
          {
            "id": 80,
            "name": "Typ av bänkbord",
            "type": "DROPDOWN",
            "value": "2,5-tums standard"
          },
          {
            "id": 81,
            "name": "Antal sittplatser",
            "type": "INTEGER",
            "value": 4
          },
          {
            "id": 79,
            "name": "Tillhörande filer",
            "type": "FILES",
            "value": [
              {
                "id": 2034,
                "filename": "20160808_081740.jpg",
                "description": "Bänkbord",
                "alttext": "Bänkbord",
                "sourcetext": "",
                "validForWinter": true,
                "validForSummer": true,
                "sortIndex": 1,
                "type": "image/jpeg",
                "size": 7006986,
                "url": "https://api.sundsvall.se/facilities/2.2/field/filesfield/2034",
                "license": "CC0",
                "licenseDescription": "Creative commons. \"No rights reserved\" https://creativecommons.org/share-your-work/public-domain/cc0/"
              }
            ]
          },
          {
            "id": 72,
            "name": "Handikappanpassad",
            "type": "TOGGLE",
            "value": "Nej"
          },
          {
            "id": 288,
            "name": "Felanmälan",
            "type": "Felanmälningstjänst",
            "reportName": "Kontakt Sundsvall",
            "reportDescription": "Felanmälan av motionsspår, elljusspår, leder och andra friluftsanläggningar",
            "reportLink": "https://sundsvall.se/kommun-och-politik/politik-och-demokrati/dialog-och-synpunkter/felanmalan",
            "reportPhone": "060-19 10 00",
            "reportEmail": "kontakt@sundsvall.se"
          },
          {
            "id": 77,
            "name": "Beskrivning",
            "type": "FREETEXT",
            "value": "Bänkbord"
          }
        ],
        "centerPoint": [
          16.987596616618465,
          62.61802470925411
        ]
      },
      "geometry": {
        "type": "Point",
        "coordinates": [
          16.987596616618465,
          62.61802470925411
        ]
      }
    },
    {
      "id": 1750,
      "type": "Feature",
      "properties": {
        "name": "Bänkbord",
        "type": "Bänkbord",
        "created": "2020-12-17 15:51:51",
        "published": true,
        "owner": {
          "organizationID": 36,
          "name": "Sundsvalls kommun Friluftsenheten"
        },
        "manager": {
          "organizationID": 36,
          "name": "Sundsvalls kommun Friluftsenheten"
        },
        "fields": [
          {
            "id": 80,
            "name": "Typ av bänkbord",
            "type": "DROPDOWN",
            "value": "2,5-tums standard"
          },
          {
            "id": 81,
            "name": "Antal sittplatser",
            "type": "INTEGER",
            "value": 4
          },
          {
            "id": 79,
            "name": "Tillhörande filer",
            "type": "FILES",
            "value": [
              {
                "id": 2035,
                "filename": "20160808_081740.jpg",
                "description": "Bänkbord",
                "alttext": "Bänkbord",
                "sourcetext": "",
                "validForWinter": true,
                "validForSummer": true,
                "sortIndex": 1,
                "type": "image/jpeg",
                "size": 7006986,
                "url": "https://api.sundsvall.se/facilities/2.2/field/filesfield/2035",
                "license": "CC0",
                "licenseDescription": "Creative commons. \"No rights reserved\" https://creativecommons.org/share-your-work/public-domain/cc0/"
              }
            ]
          },
          {
            "id": 72,
            "name": "Handikappanpassad",
            "type": "TOGGLE",
            "value": "Nej"
          },
          {
            "id": 288,
            "name": "Felanmälan",
            "type": "Felanmälningstjänst",
            "reportName": "Kontakt Sundsvall",
            "reportDescription": "Felanmälan av motionsspår, elljusspår, leder och andra friluftsanläggningar",
            "reportLink": "https://sundsvall.se/kommun-och-politik/politik-och-demokrati/dialog-och-synpunkter/felanmalan",
            "reportPhone": "060-19 10 00",
            "reportEmail": "kontakt@sundsvall.se"
          },
          {
            "id": 77,
            "name": "Beskrivning",
            "type": "FREETEXT",
            "value": "Bänkbord"
          }
        ],
        "centerPoint": [
          16.98746120745637,
          62.61805680013187
        ]
      },
      "geometry": {
        "type": "Point",
        "coordinates": [
          16.98746120745637,
          62.61805680013187
        ]
      }
    },
    {
      "id": 1756,
      "type": "Feature",
      "properties": {
        "name": "Bänkbord Ryggis",
        "type": "Bänkbord",
        "created": "2020-12-18 16:32:51",
        "published": true,
        "owner": {
          "organizationID": 36,
          "name": "Sundsvalls kommun Friluftsenheten"
        },
        "manager": {
          "organizationID": 36,
          "name": "Sundsvalls kommun Friluftsenheten"
        },
        "fields": [
          {
            "id": 73,
            "name": "Status",
            "type": "DROPDOWN",
            "value": "Sliten"
          },
          {
            "id": 80,
            "name": "Typ av bänkbord",
            "type": "DROPDOWN",
            "value": "2,5-tums standard"
          },
          {
            "id": 81,
            "name": "Antal sittplatser",
            "type": "INTEGER",
            "value": 4
          },
          {
            "id": 74,
            "name": "Statusdatum",
            "type": "DATE",
            "value": "2020-12-18"
          },
          {
            "id": 72,
            "name": "Handikappanpassad",
            "type": "TOGGLE",
            "value": "Nej"
          },
          {
            "id": 288,
            "name": "Felanmälan",
            "type": "Felanmälningstjänst",
            "reportName": "Kontakt Sundsvall",
            "reportDescription": "Felanmälan av motionsspår, elljusspår, leder och andra friluftsanläggningar",
            "reportLink": "https://sundsvall.se/kommun-och-politik/politik-och-demokrati/dialog-och-synpunkter/felanmalan",
            "reportPhone": "060-19 10 00",
            "reportEmail": "kontakt@sundsvall.se"
          },
          {
            "id": 77,
            "name": "Beskrivning",
            "type": "FREETEXT",
            "value": "Bänkbord"
          }
        ],
        "centerPoint": [
          17.305718165122173,
          62.405029210396094
        ]
      },
      "geometry": {
        "type": "Point",
        "coordinates": [
          17.305718165122173,
          62.405029210396094
        ]
      }
    },
    {
      "id": 1766,
      "type": "Feature",
      "properties": {
        "name": "Bänkbord Brattfallet",
        "type": "Bänkbord",
        "created": "2021-02-18 15:55:26",
        "published": true,
        "owner": {
          "organizationID": 36,
          "name": "Sundsvalls kommun Friluftsenheten"
        },
        "manager": {
          "organizationID": 136,
          "name": "sillre byförening"
        },
        "fields": [
          {
            "id": 73,
            "name": "Status",
            "type": "DROPDOWN",
            "value": "Sliten"
          },
          {
            "id": 80,
            "name": "Typ av bänkbord",
            "type": "DROPDOWN",
            "value": "2,5-tums standard"
          },
          {
            "id": 70,
            "name": "Byggnadsår",
            "type": "INTEGER",
            "value": 1995
          },
          {
            "id": 81,
            "name": "Antal sittplatser",
            "type": "INTEGER",
            "value": 4
          },
          {
            "id": 74,
            "name": "Statusdatum",
            "type": "DATE",
            "value": "2020-10-01"
          },
          {
            "id": 79,
            "name": "Tillhörande filer",
            "type": "FILES",
            "value": [
              {
                "id": 2050,
                "filename": "20200922_154055.jpg",
                "description": "Bänkbord",
                "alttext": "Bänkbord",
                "sourcetext": "",
                "validForWinter": true,
                "validForSummer": true,
                "sortIndex": 1,
                "type": "image/jpeg",
                "size": 8851408,
                "url": "https://api.sundsvall.se/facilities/2.2/field/filesfield/2050",
                "license": "CC0",
                "licenseDescription": "Creative commons. \"No rights reserved\" https://creativecommons.org/share-your-work/public-domain/cc0/"
              }
            ]
          },
          {
            "id": 72,
            "name": "Handikappanpassad",
            "type": "TOGGLE",
            "value": "Nej"
          },
          {
            "id": 77,
            "name": "Beskrivning",
            "type": "FREETEXT",
            "value": "Bänknord"
          }
        ],
        "centerPoint": [
          16.737405161530344,
          62.74966945820291
        ]
      },
      "geometry": {
        "type": "Point",
        "coordinates": [
          16.737405161530344,
          62.74966945820291
        ]
      }
    },
    {
      "id": 1767,
      "type": "Feature",
      "properties": {
        "name": "Bänkbord Sandriset",
        "type": "Bänkbord",
        "created": "2021-02-18 15:57:32",
        "updated": "2026-04-01 22:17:39",
        "published": true,
        "parentObjects": [
          4451
        ],
        "owner": {
          "organizationID": 36,
          "name": "Sundsvalls kommun Friluftsenheten"
        },
        "manager": {
          "organizationID": 136,
          "name": "sillre byförening"
        },
        "fields": [
          {
            "id": 73,
            "name": "Status",
            "type": "DROPDOWN",
            "value": "Fin"
          },
          {
            "id": 80,
            "name": "Typ av bänkbord",
            "type": "DROPDOWN",
            "value": "2 tums standard"
          },
          {
            "id": 81,
            "name": "Antal sittplatser",
            "type": "INTEGER",
            "value": 4
          },
          {
            "id": 74,
            "name": "Statusdatum",
            "type": "DATE",
            "value": "2020-10-01"
          },
          {
            "id": 79,
            "name": "Tillhörande filer",
            "type": "FILES",
            "value": [
              {
                "id": 2051,
                "filename": "20200922_160826.jpg",
                "description": "Bänkbord",
                "alttext": "Bänkbord",
                "sourcetext": "",
                "validForWinter": true,
                "validForSummer": true,
                "sortIndex": 1,
                "type": "image/jpeg",
                "size": 7752730,
                "url": "https://api.sundsvall.se/facilities/2.2/field/filesfield/2051",
                "license": "CC0",
                "licenseDescription": "Creative commons. \"No rights reserved\" https://creativecommons.org/share-your-work/public-domain/cc0/"
              }
            ]
          },
          {
            "id": 72,
            "name": "Handikappanpassad",
            "type": "TOGGLE",
            "value": "Nej"
          },
          {
            "id": 77,
            "name": "Beskrivning",
            "type": "FREETEXT",
            "value": "Bäkbord"
          }
        ],
        "centerPoint": [
          16.72677313530299,
          62.751251702700635
        ]
      },
      "geometry": {
        "type": "Point",
        "coordinates": [
          16.72677313530299,
          62.751251702700635
        ]
      }
    },
    {
      "id": 1768,
      "type": "Feature",
      "properties": {
        "name": "Bänkbord Sandriset",
        "type": "Bänkbord",
        "created": "2021-02-18 15:59:07",
        "updated": "2026-04-01 22:17:39",
        "published": true,
        "parentObjects": [
          4451
        ],
        "owner": {
          "organizationID": 36,
          "name": "Sundsvalls kommun Friluftsenheten"
        },
        "manager": {
          "organizationID": 136,
          "name": "sillre byförening"
        },
        "fields": [
          {
            "id": 73,
            "name": "Status",
            "type": "DROPDOWN",
            "value": "Fin"
          },
          {
            "id": 80,
            "name": "Typ av bänkbord",
            "type": "DROPDOWN",
            "value": "2 tums standard"
          },
          {
            "id": 81,
            "name": "Antal sittplatser",
            "type": "INTEGER",
            "value": 4
          },
          {
            "id": 74,
            "name": "Statusdatum",
            "type": "DATE",
            "value": "2020-10-01"
          },
          {
            "id": 79,
            "name": "Tillhörande filer",
            "type": "FILES",
            "value": [
              {
                "id": 2052,
                "filename": "20200922_160826.jpg",
                "description": "Bänkbord",
                "alttext": "Bänkbord",
                "sourcetext": "",
                "validForWinter": true,
                "validForSummer": true,
                "sortIndex": 1,
                "type": "image/jpeg",
                "size": 7752730,
                "url": "https://api.sundsvall.se/facilities/2.2/field/filesfield/2052",
                "license": "CC0",
                "licenseDescription": "Creative commons. \"No rights reserved\" https://creativecommons.org/share-your-work/public-domain/cc0/"
              }
            ]
          },
          {
            "id": 72,
            "name": "Handikappanpassad",
            "type": "TOGGLE",
            "value": "Nej"
          },
          {
            "id": 77,
            "name": "Beskrivning",
            "type": "FREETEXT",
            "value": "Bänkbord"
          }
        ],
        "centerPoint": [
          16.726841712321335,
          62.75126182030029
        ]
      },
      "geometry": {
        "type": "Point",
        "coordinates": [
          16.726841712321335,
          62.75126182030029
        ]
      }
    },
    {
      "id": 1777,
      "type": "Feature",
      "properties": {
        "name": "Bänkbord Klampenborg skolan",
        "type": "Bänkbord",
        "created": "2021-05-01 01:14:29",
        "updated": "2026-01-13 11:06:26",
        "published": true,
        "owner": {
          "organizationID": 174,
          "name": "Sundsvalls kommun Stadsbyggnadskontoret"
        },
        "manager": {
          "organizationID": 285,
          "name": "Klampenborgföreningen"
        },
        "fields": [
          {
            "id": 80,
            "name": "Typ av bänkbord",
            "type": "DROPDOWN",
            "value": "2 tums standard"
          },
          {
            "id": 81,
            "name": "Antal sittplatser",
            "type": "INTEGER",
            "value": 12
          },
          {
            "id": 79,
            "name": "Tillhörande filer",
            "type": "FILES",
            "value": [
              {
                "id": 2061,
                "filename": "received_474146107232662.jpeg",
                "description": "Bänkbord",
                "alttext": "Bänkbord",
                "sourcetext": "",
                "validForWinter": true,
                "validForSummer": true,
                "sortIndex": 1,
                "type": "image/jpeg",
                "size": 2499829,
                "url": "https://api.sundsvall.se/facilities/2.2/field/filesfield/2061",
                "license": "CC0",
                "licenseDescription": "Creative commons. \"No rights reserved\" https://creativecommons.org/share-your-work/public-domain/cc0/"
              },
              {
                "id": 2062,
                "filename": "received_475527110230833.jpeg",
                "description": "Bänkbord",
                "alttext": "Bänkbord",
                "sourcetext": "",
                "validForWinter": true,
                "validForSummer": true,
                "sortIndex": 2,
                "type": "image/jpeg",
                "size": 2699781,
                "url": "https://api.sundsvall.se/facilities/2.2/field/filesfield/2062",
                "license": "CC0",
                "licenseDescription": "Creative commons. \"No rights reserved\" https://creativecommons.org/share-your-work/public-domain/cc0/"
              }
            ]
          },
          {
            "id": 72,
            "name": "Handikappanpassad",
            "type": "TOGGLE",
            "value": "Nej"
          },
          {
            "id": 77,
            "name": "Beskrivning",
            "type": "FREETEXT",
            "value": "Bänkbord 3 st"
          }
        ],
        "centerPoint": [
          17.39540044792917,
          62.33043555249079
        ]
      },
      "geometry": {
        "type": "Point",
        "coordinates": [
          17.39540044792917,
          62.33043555249079
        ]
      }
    },
    {
      "id": 1835,
      "type": "Feature",
      "properties": {
        "name": "Bänkbord Raststugan",
        "type": "Bänkbord",
        "created": "2021-05-28 08:33:42",
        "updated": "2026-04-08 15:14:19",
        "published": true,
        "parentObjects": [
          4142
        ],
        "owner": {
          "organizationID": 36,
          "name": "Sundsvalls kommun Friluftsenheten"
        },
        "manager": {
          "organizationID": 36,
          "name": "Sundsvalls kommun Friluftsenheten"
        },
        "fields": [
          {
            "id": 73,
            "name": "Status",
            "type": "DROPDOWN",
            "value": "Fin"
          },
          {
            "id": 80,
            "name": "Typ av bänkbord",
            "type": "DROPDOWN",
            "value": "Övrigt"
          },
          {
            "id": 70,
            "name": "Byggnadsår",
            "type": "INTEGER",
            "value": 2019
          },
          {
            "id": 81,
            "name": "Antal sittplatser",
            "type": "INTEGER",
            "value": 20
          },
          {
            "id": 74,
            "name": "Statusdatum",
            "type": "DATE",
            "value": "2026-03-09"
          },
          {
            "id": 79,
            "name": "Tillhörande filer",
            "type": "FILES",
            "value": [
              {
                "id": 2805,
                "filename": "image.jpg",
                "description": "Bänkbord",
                "alttext": "5 stycken bänkbord",
                "sourcetext": "Sundsvalls kommun",
                "validForWinter": true,
                "validForSummer": true,
                "sortIndex": null,
                "type": "image/jpeg",
                "size": 4274850,
                "url": "https://api.sundsvall.se/facilities/2.2/field/filesfield/2805",
                "license": "CC0",
                "licenseDescription": "Creative commons. \"No rights reserved\" https://creativecommons.org/share-your-work/public-domain/cc0/"
              }
            ]
          },
          {
            "id": 72,
            "name": "Handikappanpassad",
            "type": "TOGGLE",
            "value": "Nej"
          },
          {
            "id": 288,
            "name": "Felanmälan",
            "type": "Felanmälningstjänst",
            "reportName": "Kontakt Sundsvall",
            "reportDescription": "Felanmälan av motionsspår, elljusspår, leder och andra friluftsanläggningar",
            "reportLink": "https://sundsvall.se/kommun-och-politik/politik-och-demokrati/dialog-och-synpunkter/felanmalan",
            "reportPhone": "060-19 10 00",
            "reportEmail": "kontakt@sundsvall.se"
          },
          {
            "id": 77,
            "name": "Beskrivning",
            "type": "FREETEXT",
            "value": "5 stycken bänkbord"
          }
        ],
        "centerPoint": [
          17.3092145863936,
          62.366551924375194
        ]
      },
      "geometry": {
        "type": "Point",
        "coordinates": [
          17.3092145863936,
          62.366551924375194
        ]
      }
    },
    {
      "id": 1851,
      "type": "Feature",
      "properties": {
        "name": "Bord med bänk längs Hotellslingan",
        "type": "Bänkbord",
        "created": "2021-06-14 14:28:59",
        "published": true,
        "owner": {
          "organizationID": 36,
          "name": "Sundsvalls kommun Friluftsenheten"
        },
        "manager": {
          "organizationID": 36,
          "name": "Sundsvalls kommun Friluftsenheten"
        },
        "fields": [
          {
            "id": 73,
            "name": "Status",
            "type": "DROPDOWN",
            "value": "Fin"
          },
          {
            "id": 80,
            "name": "Typ av bänkbord",
            "type": "DROPDOWN",
            "value": "Övrigt"
          },
          {
            "id": 81,
            "name": "Antal sittplatser",
            "type": "INTEGER",
            "value": 2
          },
          {
            "id": 74,
            "name": "Statusdatum",
            "type": "DATE",
            "value": "2021-06-14"
          },
          {
            "id": 79,
            "name": "Tillhörande filer",
            "type": "FILES",
            "value": [
              {
                "id": 2171,
                "filename": "20210614_142541.jpg",
                "description": "Bänk med bord",
                "alttext": "Bänk med bord",
                "sourcetext": "Anders Erlandsson, Friluftsenheten",
                "validForWinter": true,
                "validForSummer": true,
                "sortIndex": 1,
                "type": "image/jpeg",
                "size": 8034612,
                "url": "https://api.sundsvall.se/facilities/2.2/field/filesfield/2171",
                "license": "CC0",
                "licenseDescription": "Creative commons. \"No rights reserved\" https://creativecommons.org/share-your-work/public-domain/cc0/"
              }
            ]
          },
          {
            "id": 72,
            "name": "Handikappanpassad",
            "type": "TOGGLE",
            "value": "Nej"
          },
          {
            "id": 288,
            "name": "Felanmälan",
            "type": "Felanmälningstjänst",
            "reportName": "Kontakt Sundsvall",
            "reportDescription": "Felanmälan av motionsspår, elljusspår, leder och andra friluftsanläggningar",
            "reportLink": "https://sundsvall.se/kommun-och-politik/politik-och-demokrati/dialog-och-synpunkter/felanmalan",
            "reportPhone": "060-19 10 00",
            "reportEmail": "kontakt@sundsvall.se"
          },
          {
            "id": 77,
            "name": "Beskrivning",
            "type": "FREETEXT",
            "value": "Bänk med bord"
          }
        ],
        "centerPoint": [
          17.32477839051763,
          62.36658707687575
        ]
      },
      "geometry": {
        "type": "Point",
        "coordinates": [
          17.32477839051763,
          62.36658707687575
        ]
      }
    },
    {
      "id": 1852,
      "type": "Feature",
      "properties": {
        "name": "Bänkbord Bredsandsbäcken",
        "type": "Bänkbord",
        "created": "2021-06-22 09:04:03",
        "updated": "2021-06-22 09:17:06",
        "published": true,
        "owner": {
          "organizationID": 36,
          "name": "Sundsvalls kommun Friluftsenheten"
        },
        "manager": {
          "organizationID": 36,
          "name": "Sundsvalls kommun Friluftsenheten"
        },
        "fields": [
          {
            "id": 73,
            "name": "Status",
            "type": "DROPDOWN",
            "value": "Fin"
          },
          {
            "id": 80,
            "name": "Typ av bänkbord",
            "type": "DROPDOWN",
            "value": "Övrigt"
          },
          {
            "id": 81,
            "name": "Antal sittplatser",
            "type": "INTEGER",
            "value": 2
          },
          {
            "id": 74,
            "name": "Statusdatum",
            "type": "DATE",
            "value": "2021-06-22"
          },
          {
            "id": 79,
            "name": "Tillhörande filer",
            "type": "FILES",
            "value": [
              {
                "id": 2172,
                "filename": "20210622_075053.jpg",
                "description": "Bänk med bord",
                "alttext": "Bänk med bord",
                "sourcetext": "Anders Erlandsson, Friluftsenheten",
                "validForWinter": true,
                "validForSummer": true,
                "sortIndex": 1,
                "type": "image/jpeg",
                "size": 7850915,
                "url": "https://api.sundsvall.se/facilities/2.2/field/filesfield/2172",
                "license": "CC0",
                "licenseDescription": "Creative commons. \"No rights reserved\" https://creativecommons.org/share-your-work/public-domain/cc0/"
              },
              {
                "id": 2174,
                "filename": "20210622_075043.jpg",
                "description": "Bänk med bord",
                "alttext": "Bänk med bord",
                "sourcetext": "Anders Erlandsson, Friluftsenheten",
                "validForWinter": true,
                "validForSummer": true,
                "sortIndex": 2,
                "type": "image/jpeg",
                "size": 7479964,
                "url": "https://api.sundsvall.se/facilities/2.2/field/filesfield/2174",
                "license": "CC0",
                "licenseDescription": "Creative commons. \"No rights reserved\" https://creativecommons.org/share-your-work/public-domain/cc0/"
              }
            ]
          },
          {
            "id": 72,
            "name": "Handikappanpassad",
            "type": "TOGGLE",
            "value": "Nej"
          },
          {
            "id": 288,
            "name": "Felanmälan",
            "type": "Felanmälningstjänst",
            "reportName": "Kontakt Sundsvall",
            "reportDescription": "Felanmälan av motionsspår, elljusspår, leder och andra friluftsanläggningar",
            "reportLink": "https://sundsvall.se/kommun-och-politik/politik-och-demokrati/dialog-och-synpunkter/felanmalan",
            "reportPhone": "060-19 10 00",
            "reportEmail": "kontakt@sundsvall.se"
          },
          {
            "id": 77,
            "name": "Beskrivning",
            "type": "FREETEXT",
            "value": "Lågt bord med en bänk"
          }
        ],
        "centerPoint": [
          17.320807503855995,
          62.3553474317576
        ]
      },
      "geometry": {
        "type": "Point",
        "coordinates": [
          17.320807503855995,
          62.3553474317576
        ]
      }
    },
    {
      "id": 1863,
      "type": "Feature",
      "properties": {
        "name": "Bänkbord Parken Tjuvholmen",
        "type": "Bänkbord",
        "created": "2021-07-07 15:16:16",
        "updated": "2021-07-07 15:16:28",
        "published": false
      },
      "geometry": null
    },
    {
      "id": 1866,
      "type": "Feature",
      "properties": {
        "name": "Bänkbord Bosvedjespåret",
        "type": "Bänkbord",
        "created": "2021-07-07 20:51:59",
        "published": true,
        "owner": {
          "organizationID": 36,
          "name": "Sundsvalls kommun Friluftsenheten"
        },
        "manager": {
          "organizationID": 36,
          "name": "Sundsvalls kommun Friluftsenheten"
        },
        "fields": [
          {
            "id": 73,
            "name": "Status",
            "type": "DROPDOWN",
            "value": "Trasig"
          },
          {
            "id": 80,
            "name": "Typ av bänkbord",
            "type": "DROPDOWN",
            "value": "2,5-tums standard"
          },
          {
            "id": 81,
            "name": "Antal sittplatser",
            "type": "INTEGER",
            "value": 4
          },
          {
            "id": 74,
            "name": "Statusdatum",
            "type": "DATE",
            "value": "2021-07-07"
          },
          {
            "id": 79,
            "name": "Tillhörande filer",
            "type": "FILES",
            "value": [
              {
                "id": 2188,
                "filename": "16256838510865983053734814708444.jpg",
                "description": "Bänkbord ",
                "alttext": "Bänkbord ",
                "sourcetext": "Anders Erlandsson, Friluftsenheten ",
                "validForWinter": true,
                "validForSummer": true,
                "sortIndex": 1,
                "type": "image/jpeg",
                "size": 6927358,
                "url": "https://api.sundsvall.se/facilities/2.2/field/filesfield/2188",
                "license": "CC0",
                "licenseDescription": "Creative commons. \"No rights reserved\" https://creativecommons.org/share-your-work/public-domain/cc0/"
              }
            ]
          },
          {
            "id": 72,
            "name": "Handikappanpassad",
            "type": "TOGGLE",
            "value": "Nej"
          },
          {
            "id": 288,
            "name": "Felanmälan",
            "type": "Felanmälningstjänst",
            "reportName": "Kontakt Sundsvall",
            "reportDescription": "Felanmälan av motionsspår, elljusspår, leder och andra friluftsanläggningar",
            "reportLink": "https://sundsvall.se/kommun-och-politik/politik-och-demokrati/dialog-och-synpunkter/felanmalan",
            "reportPhone": "060-19 10 00",
            "reportEmail": "kontakt@sundsvall.se"
          }
        ],
        "centerPoint": [
          17.315517088454335,
          62.41749644736823
        ]
      },
      "geometry": {
        "type": "Point",
        "coordinates": [
          17.315517088454335,
          62.41749644736823
        ]
      }
    },
    {
      "id": 3096,
      "type": "Feature",
      "properties": {
        "name": "Bänkbord vid Piren i Dingersjö",
        "type": "Bänkbord",
        "created": "2021-11-11 09:44:29",
        "updated": "2026-01-13 11:53:07",
        "published": true,
        "parentObjects": [
          4230
        ],
        "owner": {
          "organizationID": 36,
          "name": "Sundsvalls kommun Friluftsenheten"
        },
        "manager": {
          "organizationID": 36,
          "name": "Sundsvalls kommun Friluftsenheten"
        },
        "fields": [
          {
            "id": 73,
            "name": "Status",
            "type": "DROPDOWN",
            "value": "Fin"
          },
          {
            "id": 80,
            "name": "Typ av bänkbord",
            "type": "DROPDOWN",
            "value": "2 tums standard"
          },
          {
            "id": 70,
            "name": "Byggnadsår",
            "type": "INTEGER",
            "value": 2021
          },
          {
            "id": 81,
            "name": "Antal sittplatser",
            "type": "INTEGER",
            "value": 6
          },
          {
            "id": 74,
            "name": "Statusdatum",
            "type": "DATE",
            "value": "2021-11-11"
          },
          {
            "id": 79,
            "name": "Tillhörande filer",
            "type": "FILES",
            "value": [
              {
                "id": 2268,
                "filename": "Bänkbord PirenDingersjö.jpg",
                "description": "Bänkbord vid Piren i Dingersjö",
                "alttext": "Bänkbord vid Piren i Dingersjö",
                "sourcetext": "Joachim Söderlind, Friluftsenheten",
                "validForWinter": true,
                "validForSummer": true,
                "sortIndex": 1,
                "type": "image/jpeg",
                "size": 4893594,
                "url": "https://api.sundsvall.se/facilities/2.2/field/filesfield/2268",
                "license": "CC0",
                "licenseDescription": "Creative commons. \"No rights reserved\" https://creativecommons.org/share-your-work/public-domain/cc0/"
              }
            ]
          },
          {
            "id": 72,
            "name": "Handikappanpassad",
            "type": "TOGGLE",
            "value": "Nej"
          },
          {
            "id": 288,
            "name": "Felanmälan",
            "type": "Felanmälningstjänst",
            "reportName": "Kontakt Sundsvall",
            "reportDescription": "Felanmälan av motionsspår, elljusspår, leder och andra friluftsanläggningar",
            "reportLink": "https://sundsvall.se/kommun-och-politik/politik-och-demokrati/dialog-och-synpunkter/felanmalan",
            "reportPhone": "060-19 10 00",
            "reportEmail": "kontakt@sundsvall.se"
          },
          {
            "id": 77,
            "name": "Beskrivning",
            "type": "FREETEXT",
            "value": "Bänkbord vid Piren i Dingersjö"
          }
        ],
        "centerPoint": [
          17.38154578593512,
          62.27181686739419
        ]
      },
      "geometry": {
        "type": "Point",
        "coordinates": [
          17.38154578593512,
          62.27181686739419
        ]
      }
    },
    {
      "id": 3097,
      "type": "Feature",
      "properties": {
        "name": "Bänkbord Skrängstasjön",
        "type": "Bänkbord",
        "created": "2021-11-11 09:47:42",
        "published": true,
        "owner": {
          "organizationID": 36,
          "name": "Sundsvalls kommun Friluftsenheten"
        },
        "manager": {
          "organizationID": 36,
          "name": "Sundsvalls kommun Friluftsenheten"
        },
        "fields": [
          {
            "id": 73,
            "name": "Status",
            "type": "DROPDOWN",
            "value": "Fin"
          },
          {
            "id": 80,
            "name": "Typ av bänkbord",
            "type": "DROPDOWN",
            "value": "2 tums standard"
          },
          {
            "id": 70,
            "name": "Byggnadsår",
            "type": "INTEGER",
            "value": 2021
          },
          {
            "id": 81,
            "name": "Antal sittplatser",
            "type": "INTEGER",
            "value": 6
          },
          {
            "id": 74,
            "name": "Statusdatum",
            "type": "DATE",
            "value": "2021-11-11"
          },
          {
            "id": 72,
            "name": "Handikappanpassad",
            "type": "TOGGLE",
            "value": "Nej"
          },
          {
            "id": 288,
            "name": "Felanmälan",
            "type": "Felanmälningstjänst",
            "reportName": "Kontakt Sundsvall",
            "reportDescription": "Felanmälan av motionsspår, elljusspår, leder och andra friluftsanläggningar",
            "reportLink": "https://sundsvall.se/kommun-och-politik/politik-och-demokrati/dialog-och-synpunkter/felanmalan",
            "reportPhone": "060-19 10 00",
            "reportEmail": "kontakt@sundsvall.se"
          },
          {
            "id": 77,
            "name": "Beskrivning",
            "type": "FREETEXT",
            "value": "Bänkbord vid Skrängstasjöns fågeltorn"
          }
        ],
        "centerPoint": [
          17.394524161214186,
          62.251771864082485
        ]
      },
      "geometry": {
        "type": "Point",
        "coordinates": [
          17.394524161214186,
          62.251771864082485
        ]
      }
    },
    {
      "id": 3176,
      "type": "Feature",
      "properties": {
        "name": "Bänkbord Ryggis",
        "type": "Bänkbord",
        "created": "2022-05-20 19:22:26",
        "published": true,
        "owner": {
          "organizationID": 36,
          "name": "Sundsvalls kommun Friluftsenheten"
        },
        "manager": {
          "organizationID": 36,
          "name": "Sundsvalls kommun Friluftsenheten"
        },
        "fields": [
          {
            "id": 73,
            "name": "Status",
            "type": "DROPDOWN",
            "value": "Sliten"
          },
          {
            "id": 80,
            "name": "Typ av bänkbord",
            "type": "DROPDOWN",
            "value": "2,5-tums standard"
          },
          {
            "id": 81,
            "name": "Antal sittplatser",
            "type": "INTEGER",
            "value": 4
          },
          {
            "id": 74,
            "name": "Statusdatum",
            "type": "DATE",
            "value": "2022-05-20"
          },
          {
            "id": 72,
            "name": "Handikappanpassad",
            "type": "TOGGLE",
            "value": "Nej"
          },
          {
            "id": 288,
            "name": "Felanmälan",
            "type": "Felanmälningstjänst",
            "reportName": "Kontakt Sundsvall",
            "reportDescription": "Felanmälan av motionsspår, elljusspår, leder och andra friluftsanläggningar",
            "reportLink": "https://sundsvall.se/kommun-och-politik/politik-och-demokrati/dialog-och-synpunkter/felanmalan",
            "reportPhone": "060-19 10 00",
            "reportEmail": "kontakt@sundsvall.se"
          }
        ],
        "centerPoint": [
          17.306811258961012,
          62.4053033883642
        ]
      },
      "geometry": {
        "type": "Point",
        "coordinates": [
          17.306811258961012,
          62.4053033883642
        ]
      }
    },
    {
      "id": 3178,
      "type": "Feature",
      "properties": {
        "name": "Bänkbord längs Mittnordenleden",
        "type": "Bänkbord",
        "created": "2022-05-31 07:34:39",
        "updated": "2026-04-08 15:14:19",
        "published": true,
        "parentObjects": [
          695,
          4142
        ],
        "fields": [
          {
            "id": 73,
            "name": "Status",
            "type": "DROPDOWN",
            "value": "Sliten"
          },
          {
            "id": 80,
            "name": "Typ av bänkbord",
            "type": "DROPDOWN",
            "value": "Övrigt"
          },
          {
            "id": 81,
            "name": "Antal sittplatser",
            "type": "INTEGER",
            "value": 12
          },
          {
            "id": 72,
            "name": "Handikappanpassad",
            "type": "TOGGLE",
            "value": "Nej"
          },
          {
            "id": 77,
            "name": "Beskrivning",
            "type": "FREETEXT",
            "value": "2 bänkbord"
          }
        ],
        "centerPoint": [
          17.24132818034712,
          62.343073838228726
        ]
      },
      "geometry": {
        "type": "Point",
        "coordinates": [
          17.24132818034712,
          62.343073838228726
        ]
      }
    },
    {
      "id": 3275,
      "type": "Feature",
      "properties": {
        "name": "Bänkbord Klampenborg västra",
        "type": "Bänkbord",
        "created": "2022-08-31 09:15:09",
        "updated": "2026-01-13 11:00:25",
        "published": true,
        "parentObjects": [
          4217
        ],
        "owner": {
          "organizationID": 172,
          "name": "Sundsvalls kommun Parkavdelningen"
        },
        "manager": {
          "organizationID": 285,
          "name": "Klampenborgföreningen"
        },
        "fields": [
          {
            "id": 80,
            "name": "Typ av bänkbord",
            "type": "DROPDOWN",
            "value": "2 tums standard"
          },
          {
            "id": 81,
            "name": "Antal sittplatser",
            "type": "INTEGER",
            "value": 6
          },
          {
            "id": 79,
            "name": "Tillhörande filer",
            "type": "FILES",
            "value": [
              {
                "id": 2338,
                "filename": "20210516_132215.jpg",
                "description": "Bänkbord",
                "alttext": "Bänkbord",
                "sourcetext": "Friluftsenheten",
                "validForWinter": true,
                "validForSummer": true,
                "sortIndex": 1,
                "type": "image/jpeg",
                "size": 5920836,
                "url": "https://api.sundsvall.se/facilities/2.2/field/filesfield/2338",
                "license": "CC0",
                "licenseDescription": "Creative commons. \"No rights reserved\" https://creativecommons.org/share-your-work/public-domain/cc0/"
              },
              {
                "id": 2339,
                "filename": "20210516_132224.jpg",
                "description": "Grillplats",
                "alttext": "Grillplats",
                "sourcetext": "Friluftsenheten",
                "validForWinter": true,
                "validForSummer": true,
                "sortIndex": 2,
                "type": "image/jpeg",
                "size": 4718870,
                "url": "https://api.sundsvall.se/facilities/2.2/field/filesfield/2339",
                "license": "CC0",
                "licenseDescription": "Creative commons. \"No rights reserved\" https://creativecommons.org/share-your-work/public-domain/cc0/"
              }
            ]
          },
          {
            "id": 72,
            "name": "Handikappanpassad",
            "type": "TOGGLE",
            "value": "Nej"
          }
        ],
        "centerPoint": [
          17.389909023438335,
          62.333186430185435
        ]
      },
      "geometry": {
        "type": "Point",
        "coordinates": [
          17.389909023438335,
          62.333186430185435
        ]
      }
    },
    {
      "id": 3279,
      "type": "Feature",
      "properties": {
        "name": "Bänkbord Hulistugan",
        "type": "Bänkbord",
        "created": "2022-08-31 09:54:19",
        "published": true,
        "owner": {
          "organizationID": 131,
          "name": "selånger sok."
        },
        "manager": {
          "organizationID": 131,
          "name": "selånger sok."
        },
        "fields": [
          {
            "id": 73,
            "name": "Status",
            "type": "DROPDOWN",
            "value": "Sliten"
          },
          {
            "id": 80,
            "name": "Typ av bänkbord",
            "type": "DROPDOWN",
            "value": "2,5-tums standard"
          },
          {
            "id": 81,
            "name": "Antal sittplatser",
            "type": "INTEGER",
            "value": 30
          },
          {
            "id": 72,
            "name": "Handikappanpassad",
            "type": "TOGGLE",
            "value": "Nej"
          },
          {
            "id": 77,
            "name": "Beskrivning",
            "type": "FREETEXT",
            "value": "Långt bänkbord utanför Hulistugan"
          }
        ],
        "centerPoint": [
          17.260446356765975,
          62.41944607261446
        ]
      },
      "geometry": {
        "type": "Point",
        "coordinates": [
          17.260446356765975,
          62.41944607261446
        ]
      }
    },
    {
      "id": 3339,
      "type": "Feature",
      "properties": {
        "name": "Bänkbord Stocken",
        "type": "Bänkbord",
        "created": "2022-09-20 10:05:47",
        "updated": "2025-07-16 13:44:05",
        "published": true,
        "parentObjects": [
          4137
        ],
        "owner": {
          "organizationID": 36,
          "name": "Sundsvalls kommun Friluftsenheten"
        },
        "manager": {
          "organizationID": 36,
          "name": "Sundsvalls kommun Friluftsenheten"
        },
        "fields": [
          {
            "id": 80,
            "name": "Typ av bänkbord",
            "type": "DROPDOWN",
            "value": "2,5-tums standard"
          },
          {
            "id": 81,
            "name": "Antal sittplatser",
            "type": "INTEGER",
            "value": 6
          },
          {
            "id": 72,
            "name": "Handikappanpassad",
            "type": "TOGGLE",
            "value": "Nej"
          },
          {
            "id": 288,
            "name": "Felanmälan",
            "type": "Felanmälningstjänst",
            "reportName": "Kontakt Sundsvall",
            "reportDescription": "Felanmälan av motionsspår, elljusspår, leder och andra friluftsanläggningar",
            "reportLink": "https://sundsvall.se/kommun-och-politik/politik-och-demokrati/dialog-och-synpunkter/felanmalan",
            "reportPhone": "060-19 10 00",
            "reportEmail": "kontakt@sundsvall.se"
          }
        ],
        "centerPoint": [
          17.244909170828578,
          62.3064093046065
        ]
      },
      "geometry": {
        "type": "Point",
        "coordinates": [
          17.244909170828578,
          62.3064093046065
        ]
      }
    },
    {
      "id": 3624,
      "type": "Feature",
      "properties": {
        "name": "Långliden bänkbord",
        "type": "Bänkbord",
        "created": "2023-05-11 14:26:39",
        "updated": "2026-04-01 22:24:53",
        "published": true,
        "parentObjects": [
          4454
        ],
        "owner": {
          "organizationID": 36,
          "name": "Sundsvalls kommun Friluftsenheten"
        },
        "manager": {
          "organizationID": 36,
          "name": "Sundsvalls kommun Friluftsenheten"
        },
        "fields": [
          {
            "id": 80,
            "name": "Typ av bänkbord",
            "type": "DROPDOWN",
            "value": "2,5-tums standard"
          },
          {
            "id": 81,
            "name": "Antal sittplatser",
            "type": "INTEGER",
            "value": 8
          },
          {
            "id": 79,
            "name": "Tillhörande filer",
            "type": "FILES",
            "value": [
              {
                "id": 2504,
                "filename": "20160808_103931.jpg",
                "description": "Bänkbord",
                "alttext": "Bänkbord",
                "sourcetext": "Friluftsenheten",
                "validForWinter": true,
                "validForSummer": true,
                "sortIndex": 1,
                "type": "image/jpeg",
                "size": 8255381,
                "url": "https://api.sundsvall.se/facilities/2.2/field/filesfield/2504",
                "license": "CC0",
                "licenseDescription": "Creative commons. \"No rights reserved\" https://creativecommons.org/share-your-work/public-domain/cc0/"
              }
            ]
          },
          {
            "id": 72,
            "name": "Handikappanpassad",
            "type": "TOGGLE",
            "value": "Nej"
          },
          {
            "id": 77,
            "name": "Beskrivning",
            "type": "FREETEXT",
            "value": "2 bänkbord"
          }
        ],
        "centerPoint": [
          16.671918202969536,
          62.911795539677016
        ]
      },
      "geometry": {
        "type": "Point",
        "coordinates": [
          16.671918202969536,
          62.911795539677016
        ]
      }
    },
    {
      "id": 3629,
      "type": "Feature",
      "properties": {
        "name": "Boda såg Bänkbord",
        "type": "Bänkbord",
        "created": "2023-05-11 14:37:12",
        "updated": "2026-04-01 22:29:18",
        "published": true,
        "parentObjects": [
          4453
        ],
        "owner": {
          "organizationID": 36,
          "name": "Sundsvalls kommun Friluftsenheten"
        },
        "manager": {
          "organizationID": 36,
          "name": "Sundsvalls kommun Friluftsenheten"
        },
        "fields": [
          {
            "id": 80,
            "name": "Typ av bänkbord",
            "type": "DROPDOWN",
            "value": "2 tums standard"
          },
          {
            "id": 81,
            "name": "Antal sittplatser",
            "type": "INTEGER",
            "value": 12
          },
          {
            "id": 79,
            "name": "Tillhörande filer",
            "type": "FILES",
            "value": [
              {
                "id": 2510,
                "filename": "20160808_095241.jpg",
                "description": "Bänkbord",
                "alttext": "Bänkbord",
                "sourcetext": "Friluftsenheten",
                "validForWinter": false,
                "validForSummer": true,
                "sortIndex": 1,
                "type": "image/jpeg",
                "size": 7687835,
                "url": "https://api.sundsvall.se/facilities/2.2/field/filesfield/2510",
                "license": "CC0",
                "licenseDescription": "Creative commons. \"No rights reserved\" https://creativecommons.org/share-your-work/public-domain/cc0/"
              }
            ]
          },
          {
            "id": 72,
            "name": "Handikappanpassad",
            "type": "TOGGLE",
            "value": "Nej"
          },
          {
            "id": 288,
            "name": "Felanmälan",
            "type": "Felanmälningstjänst",
            "reportName": "Kontakt Sundsvall",
            "reportDescription": "Felanmälan av motionsspår, elljusspår, leder och andra friluftsanläggningar",
            "reportLink": "https://sundsvall.se/kommun-och-politik/politik-och-demokrati/dialog-och-synpunkter/felanmalan",
            "reportPhone": "060-19 10 00",
            "reportEmail": "kontakt@sundsvall.se"
          },
          {
            "id": 77,
            "name": "Beskrivning",
            "type": "FREETEXT",
            "value": "2 st bänkbord"
          }
        ],
        "centerPoint": [
          16.640406501788007,
          62.87716326277336
        ]
      },
      "geometry": {
        "type": "Point",
        "coordinates": [
          16.640406501788007,
          62.87716326277336
        ]
      }
    },
    {
      "id": 3636,
      "type": "Feature",
      "properties": {
        "name": "Järkvissle Bänkbord",
        "type": "Bänkbord",
        "created": "2023-05-11 14:49:52",
        "updated": "2026-04-01 22:10:13",
        "published": true,
        "parentObjects": [
          4450
        ],
        "owner": {
          "organizationID": 36,
          "name": "Sundsvalls kommun Friluftsenheten"
        },
        "manager": {
          "organizationID": 36,
          "name": "Sundsvalls kommun Friluftsenheten"
        },
        "fields": [
          {
            "id": 80,
            "name": "Typ av bänkbord",
            "type": "DROPDOWN",
            "value": "2 tums standard"
          },
          {
            "id": 81,
            "name": "Antal sittplatser",
            "type": "INTEGER",
            "value": 12
          },
          {
            "id": 79,
            "name": "Tillhörande filer",
            "type": "FILES",
            "value": [
              {
                "id": 2516,
                "filename": "20160808_092632.jpg",
                "description": "Bänkbord",
                "alttext": "Bänkbord",
                "sourcetext": "Friluftsenheten",
                "validForWinter": false,
                "validForSummer": true,
                "sortIndex": 1,
                "type": "image/jpeg",
                "size": 5387704,
                "url": "https://api.sundsvall.se/facilities/2.2/field/filesfield/2516",
                "license": "CC0",
                "licenseDescription": "Creative commons. \"No rights reserved\" https://creativecommons.org/share-your-work/public-domain/cc0/"
              }
            ]
          },
          {
            "id": 72,
            "name": "Handikappanpassad",
            "type": "TOGGLE",
            "value": "Nej"
          },
          {
            "id": 288,
            "name": "Felanmälan",
            "type": "Felanmälningstjänst",
            "reportName": "Kontakt Sundsvall",
            "reportDescription": "Felanmälan av motionsspår, elljusspår, leder och andra friluftsanläggningar",
            "reportLink": "https://sundsvall.se/kommun-och-politik/politik-och-demokrati/dialog-och-synpunkter/felanmalan",
            "reportPhone": "060-19 10 00",
            "reportEmail": "kontakt@sundsvall.se"
          },
          {
            "id": 77,
            "name": "Beskrivning",
            "type": "FREETEXT",
            "value": "2 st bänkbord"
          }
        ],
        "centerPoint": [
          16.664510373771904,
          62.79244610734758
        ]
      },
      "geometry": {
        "type": "Point",
        "coordinates": [
          16.664510373771904,
          62.79244610734758
        ]
      }
    },
    {
      "id": 3642,
      "type": "Feature",
      "properties": {
        "name": "Åsen Bänkbord",
        "type": "Bänkbord",
        "created": "2023-05-11 15:00:11",
        "updated": "2026-04-01 22:19:33",
        "published": true,
        "parentObjects": [
          4452
        ],
        "owner": {
          "organizationID": 36,
          "name": "Sundsvalls kommun Friluftsenheten"
        },
        "manager": {
          "organizationID": 36,
          "name": "Sundsvalls kommun Friluftsenheten"
        },
        "fields": [
          {
            "id": 80,
            "name": "Typ av bänkbord",
            "type": "DROPDOWN",
            "value": "2 tums standard"
          },
          {
            "id": 81,
            "name": "Antal sittplatser",
            "type": "INTEGER",
            "value": 12
          },
          {
            "id": 72,
            "name": "Handikappanpassad",
            "type": "TOGGLE",
            "value": "Nej"
          },
          {
            "id": 77,
            "name": "Beskrivning",
            "type": "FREETEXT",
            "value": "2 st bänkbord"
          }
        ],
        "centerPoint": [
          16.786750769965977,
          62.69699078041955
        ]
      },
      "geometry": {
        "type": "Point",
        "coordinates": [
          16.786750769965977,
          62.69699078041955
        ]
      }
    },
    {
      "id": 3644,
      "type": "Feature",
      "properties": {
        "name": "Nilsböle Bänkbord",
        "type": "Bänkbord",
        "created": "2023-05-11 15:03:06",
        "updated": "2026-04-01 22:35:48",
        "published": true,
        "parentObjects": [
          4455
        ],
        "owner": {
          "organizationID": 36,
          "name": "Sundsvalls kommun Friluftsenheten"
        },
        "manager": {
          "organizationID": 36,
          "name": "Sundsvalls kommun Friluftsenheten"
        },
        "fields": [
          {
            "id": 80,
            "name": "Typ av bänkbord",
            "type": "DROPDOWN",
            "value": "2 tums standard"
          },
          {
            "id": 81,
            "name": "Antal sittplatser",
            "type": "INTEGER",
            "value": 6
          },
          {
            "id": 79,
            "name": "Tillhörande filer",
            "type": "FILES",
            "value": [
              {
                "id": 2519,
                "filename": "20160808_083214.jpg",
                "description": "Bänkbord",
                "alttext": "Bänkbord",
                "sourcetext": "Friluftsenheten",
                "validForWinter": false,
                "validForSummer": true,
                "sortIndex": 1,
                "type": "image/jpeg",
                "size": 9462160,
                "url": "https://api.sundsvall.se/facilities/2.2/field/filesfield/2519",
                "license": "CC0",
                "licenseDescription": "Creative commons. \"No rights reserved\" https://creativecommons.org/share-your-work/public-domain/cc0/"
              }
            ]
          },
          {
            "id": 72,
            "name": "Handikappanpassad",
            "type": "TOGGLE",
            "value": "Nej"
          },
          {
            "id": 288,
            "name": "Felanmälan",
            "type": "Felanmälningstjänst",
            "reportName": "Kontakt Sundsvall",
            "reportDescription": "Felanmälan av motionsspår, elljusspår, leder och andra friluftsanläggningar",
            "reportLink": "https://sundsvall.se/kommun-och-politik/politik-och-demokrati/dialog-och-synpunkter/felanmalan",
            "reportPhone": "060-19 10 00",
            "reportEmail": "kontakt@sundsvall.se"
          }
        ],
        "centerPoint": [
          16.88783595631448,
          62.65048333809459
        ]
      },
      "geometry": {
        "type": "Point",
        "coordinates": [
          16.88783595631448,
          62.65048333809459
        ]
      }
    },
    {
      "id": 3647,
      "type": "Feature",
      "properties": {
        "name": "Loning Bänkbord",
        "type": "Bänkbord",
        "created": "2023-05-11 15:08:01",
        "updated": "2026-04-01 22:32:44",
        "published": true,
        "owner": {
          "organizationID": 36,
          "name": "Sundsvalls kommun Friluftsenheten"
        },
        "manager": {
          "organizationID": 36,
          "name": "Sundsvalls kommun Friluftsenheten"
        },
        "fields": [
          {
            "id": 79,
            "name": "Tillhörande filer",
            "type": "FILES",
            "value": [
              {
                "id": 2521,
                "filename": "20201027_110356.jpg",
                "description": "Bänkbord",
                "alttext": "Bänkbord",
                "sourcetext": "Friluftsenheten",
                "validForWinter": false,
                "validForSummer": true,
                "sortIndex": 1,
                "type": "image/jpeg",
                "size": 7587178,
                "url": "https://api.sundsvall.se/facilities/2.2/field/filesfield/2521",
                "license": "CC0",
                "licenseDescription": "Creative commons. \"No rights reserved\" https://creativecommons.org/share-your-work/public-domain/cc0/"
              }
            ]
          },
          {
            "id": 72,
            "name": "Handikappanpassad",
            "type": "TOGGLE",
            "value": "Nej"
          },
          {
            "id": 288,
            "name": "Felanmälan",
            "type": "Felanmälningstjänst",
            "reportName": "Kontakt Sundsvall",
            "reportDescription": "Felanmälan av motionsspår, elljusspår, leder och andra friluftsanläggningar",
            "reportLink": "https://sundsvall.se/kommun-och-politik/politik-och-demokrati/dialog-och-synpunkter/felanmalan",
            "reportPhone": "060-19 10 00",
            "reportEmail": "kontakt@sundsvall.se"
          }
        ],
        "centerPoint": [
          17.0095539891532,
          62.607350943336456
        ]
      },
      "geometry": {
        "type": "Point",
        "coordinates": [
          17.0095539891532,
          62.607350943336456
        ]
      }
    },
    {
      "id": 3695,
      "type": "Feature",
      "properties": {
        "name": "Bänkbord Präshusberget",
        "type": "Bänkbord",
        "created": "2023-08-31 08:32:04",
        "updated": "2026-01-13 15:21:21",
        "published": true,
        "owner": {
          "organizationID": 36,
          "name": "Sundsvalls kommun Friluftsenheten"
        },
        "manager": {
          "organizationID": 36,
          "name": "Sundsvalls kommun Friluftsenheten"
        },
        "fields": [
          {
            "id": 80,
            "name": "Typ av bänkbord",
            "type": "DROPDOWN",
            "value": "2,5-tums standard"
          },
          {
            "id": 81,
            "name": "Antal sittplatser",
            "type": "INTEGER",
            "value": 6
          },
          {
            "id": 79,
            "name": "Tillhörande filer",
            "type": "FILES",
            "value": [
              {
                "id": 2797,
                "filename": "20170809_071341.jpg",
                "description": "Bänkbord",
                "alttext": "Bänkbord och grillplats i skogen",
                "sourcetext": "Sundsvalls kommun",
                "validForWinter": false,
                "validForSummer": true,
                "sortIndex": 1,
                "type": "image/jpeg",
                "size": 8436499,
                "url": "https://api.sundsvall.se/facilities/2.2/field/filesfield/2797",
                "license": "CC0",
                "licenseDescription": "Creative commons. \"No rights reserved\" https://creativecommons.org/share-your-work/public-domain/cc0/"
              }
            ]
          },
          {
            "id": 72,
            "name": "Handikappanpassad",
            "type": "TOGGLE",
            "value": "Nej"
          },
          {
            "id": 288,
            "name": "Felanmälan",
            "type": "Felanmälningstjänst",
            "reportName": "Kontakt Sundsvall",
            "reportDescription": "Felanmälan av motionsspår, elljusspår, leder och andra friluftsanläggningar",
            "reportLink": "https://sundsvall.se/kommun-och-politik/politik-och-demokrati/dialog-och-synpunkter/felanmalan",
            "reportPhone": "060-19 10 00",
            "reportEmail": "kontakt@sundsvall.se"
          }
        ],
        "centerPoint": [
          17.20539375312561,
          62.32874443903931
        ]
      },
      "geometry": {
        "type": "Point",
        "coordinates": [
          17.20539375312561,
          62.32874443903931
        ]
      }
    },
    {
      "id": 3732,
      "type": "Feature",
      "properties": {
        "name": "Bänkbord Bosvedjebäcken",
        "type": "Bänkbord",
        "created": "2023-09-07 15:36:32",
        "updated": "2023-09-07 15:40:22",
        "published": true,
        "owner": {
          "organizationID": 36,
          "name": "Sundsvalls kommun Friluftsenheten"
        },
        "manager": {
          "organizationID": 36,
          "name": "Sundsvalls kommun Friluftsenheten"
        },
        "fields": [
          {
            "id": 80,
            "name": "Typ av bänkbord",
            "type": "DROPDOWN",
            "value": "2 tums standard"
          },
          {
            "id": 81,
            "name": "Antal sittplatser",
            "type": "INTEGER",
            "value": 6
          },
          {
            "id": 79,
            "name": "Tillhörande filer",
            "type": "FILES",
            "value": [
              {
                "id": 2564,
                "filename": "20230907_095904_1_.jpg",
                "description": "Bänkbord",
                "alttext": "Bänknord",
                "sourcetext": "Friluftsenheten",
                "validForWinter": true,
                "validForSummer": true,
                "sortIndex": 1,
                "type": "image/jpeg",
                "size": 7062762,
                "url": "https://api.sundsvall.se/facilities/2.2/field/filesfield/2564",
                "license": "CC0",
                "licenseDescription": "Creative commons. \"No rights reserved\" https://creativecommons.org/share-your-work/public-domain/cc0/"
              }
            ]
          },
          {
            "id": 72,
            "name": "Handikappanpassad",
            "type": "TOGGLE",
            "value": "Nej"
          },
          {
            "id": 288,
            "name": "Felanmälan",
            "type": "Felanmälningstjänst",
            "reportName": "Kontakt Sundsvall",
            "reportDescription": "Felanmälan av motionsspår, elljusspår, leder och andra friluftsanläggningar",
            "reportLink": "https://sundsvall.se/kommun-och-politik/politik-och-demokrati/dialog-och-synpunkter/felanmalan",
            "reportPhone": "060-19 10 00",
            "reportEmail": "kontakt@sundsvall.se"
          }
        ],
        "centerPoint": [
          17.32175755991541,
          62.42248825688846
        ]
      },
      "geometry": {
        "type": "Point",
        "coordinates": [
          17.32175755991541,
          62.42248825688846
        ]
      }
    },
    {
      "id": 3808,
      "type": "Feature",
      "properties": {
        "name": "Bänkbord tillgänglighetsvindskyddet",
        "type": "Bänkbord",
        "created": "2023-10-23 15:22:16",
        "updated": "2025-08-19 13:40:30",
        "published": true,
        "owner": {
          "organizationID": 36,
          "name": "Sundsvalls kommun Friluftsenheten"
        },
        "manager": {
          "organizationID": 36,
          "name": "Sundsvalls kommun Friluftsenheten"
        },
        "fields": [
          {
            "id": 73,
            "name": "Status",
            "type": "DROPDOWN",
            "value": "Fin"
          },
          {
            "id": 80,
            "name": "Typ av bänkbord",
            "type": "DROPDOWN",
            "value": "Övrigt"
          },
          {
            "id": 70,
            "name": "Byggnadsår",
            "type": "INTEGER",
            "value": 2018
          },
          {
            "id": 81,
            "name": "Antal sittplatser",
            "type": "INTEGER",
            "value": 11
          },
          {
            "id": 74,
            "name": "Statusdatum",
            "type": "DATE",
            "value": "2023-10-23"
          },
          {
            "id": 79,
            "name": "Tillhörande filer",
            "type": "FILES",
            "value": [
              {
                "id": 2583,
                "filename": "Bänkbord med fem rullstolsplatser och sex sittplatser.jpg",
                "description": "Bänkbord med fem rullstolsplatser och sex sittplatser",
                "alttext": "Bänkbord med fem rullstolsplatser och sex sittplatser",
                "sourcetext": "Friluftsenheten",
                "validForWinter": true,
                "validForSummer": true,
                "sortIndex": 1,
                "type": "image/jpeg",
                "size": 7459648,
                "url": "https://api.sundsvall.se/facilities/2.2/field/filesfield/2583",
                "license": "CC0",
                "licenseDescription": "Creative commons. \"No rights reserved\" https://creativecommons.org/share-your-work/public-domain/cc0/"
              }
            ]
          },
          {
            "id": 72,
            "name": "Handikappanpassad",
            "type": "TOGGLE",
            "value": "Ja"
          },
          {
            "id": 288,
            "name": "Felanmälan",
            "type": "Felanmälningstjänst",
            "reportName": "Kontakt Sundsvall",
            "reportDescription": "Felanmälan av motionsspår, elljusspår, leder och andra friluftsanläggningar",
            "reportLink": "https://sundsvall.se/kommun-och-politik/politik-och-demokrati/dialog-och-synpunkter/felanmalan",
            "reportPhone": "060-19 10 00",
            "reportEmail": "kontakt@sundsvall.se"
          },
          {
            "id": 77,
            "name": "Beskrivning",
            "type": "FREETEXT",
            "value": "Bänkbord med fem rullstolsplatser och sex sittplatser"
          },
          {
            "id": 293,
            "name": "Tillgänglighetsbeskrivning",
            "type": "FREETEXT",
            "value": "Bänkbord med fem rullstolsplatser och sex sittplatser. Den asfalterade tillgänglighetsslingan sträcker sig ända fram till bänkbordet som också står på asfalterat underlag."
          }
        ],
        "centerPoint": [
          17.303772244163405,
          62.3649421471102
        ]
      },
      "geometry": {
        "type": "Point",
        "coordinates": [
          17.303772244163405,
          62.3649421471102
        ]
      }
    },
    {
      "id": 3956,
      "type": "Feature",
      "properties": {
        "name": "Bänkbord Fågelbergsspåret",
        "type": "Bänkbord",
        "created": "2024-07-02 15:36:48",
        "published": true,
        "owner": {
          "organizationID": 36,
          "name": "Sundsvalls kommun Friluftsenheten"
        },
        "manager": {
          "organizationID": 36,
          "name": "Sundsvalls kommun Friluftsenheten"
        },
        "fields": [
          {
            "id": 80,
            "name": "Typ av bänkbord",
            "type": "DROPDOWN",
            "value": "2 tums standard"
          },
          {
            "id": 81,
            "name": "Antal sittplatser",
            "type": "INTEGER",
            "value": 6
          },
          {
            "id": 72,
            "name": "Handikappanpassad",
            "type": "TOGGLE",
            "value": "Nej"
          },
          {
            "id": 288,
            "name": "Felanmälan",
            "type": "Felanmälningstjänst",
            "reportName": "Kontakt Sundsvall",
            "reportDescription": "Felanmälan av motionsspår, elljusspår, leder och andra friluftsanläggningar",
            "reportLink": "https://sundsvall.se/kommun-och-politik/politik-och-demokrati/dialog-och-synpunkter/felanmalan",
            "reportPhone": "060-19 10 00",
            "reportEmail": "kontakt@sundsvall.se"
          }
        ],
        "centerPoint": [
          17.272554362748224,
          62.35563326106508
        ]
      },
      "geometry": {
        "type": "Point",
        "coordinates": [
          17.272554362748224,
          62.35563326106508
        ]
      }
    },
    {
      "id": 3978,
      "type": "Feature",
      "properties": {
        "name": "Bänkbord Gubben",
        "type": "Bänkbord",
        "created": "2024-09-19 12:26:51",
        "published": true,
        "owner": {
          "organizationID": 36,
          "name": "Sundsvalls kommun Friluftsenheten"
        },
        "manager": {
          "organizationID": 36,
          "name": "Sundsvalls kommun Friluftsenheten"
        },
        "fields": [
          {
            "id": 73,
            "name": "Status",
            "type": "DROPDOWN",
            "value": "Fin"
          },
          {
            "id": 80,
            "name": "Typ av bänkbord",
            "type": "DROPDOWN",
            "value": "2 tums standard"
          },
          {
            "id": 70,
            "name": "Byggnadsår",
            "type": "INTEGER",
            "value": 2024
          },
          {
            "id": 81,
            "name": "Antal sittplatser",
            "type": "INTEGER",
            "value": 6
          },
          {
            "id": 74,
            "name": "Statusdatum",
            "type": "DATE",
            "value": "2024-09-19"
          },
          {
            "id": 79,
            "name": "Tillhörande filer",
            "type": "FILES",
            "value": [
              {
                "id": 2661,
                "filename": "20240917_094253.jpg",
                "description": "Bänkbord",
                "alttext": "Bänkbord",
                "sourcetext": "Anders Erlandsson Friluftsenheten ",
                "validForWinter": false,
                "validForSummer": true,
                "sortIndex": 1,
                "type": "image/jpeg",
                "size": 6023959,
                "url": "https://api.sundsvall.se/facilities/2.2/field/filesfield/2661",
                "license": "CC0",
                "licenseDescription": "Creative commons. \"No rights reserved\" https://creativecommons.org/share-your-work/public-domain/cc0/"
              }
            ]
          },
          {
            "id": 72,
            "name": "Handikappanpassad",
            "type": "TOGGLE",
            "value": "Nej"
          },
          {
            "id": 288,
            "name": "Felanmälan",
            "type": "Felanmälningstjänst",
            "reportName": "Kontakt Sundsvall",
            "reportDescription": "Felanmälan av motionsspår, elljusspår, leder och andra friluftsanläggningar",
            "reportLink": "https://sundsvall.se/kommun-och-politik/politik-och-demokrati/dialog-och-synpunkter/felanmalan",
            "reportPhone": "060-19 10 00",
            "reportEmail": "kontakt@sundsvall.se"
          }
        ],
        "centerPoint": [
          17.382835174476153,
          62.44657840905881
        ]
      },
      "geometry": {
        "type": "Point",
        "coordinates": [
          17.382835174476153,
          62.44657840905881
        ]
      }
    },
    {
      "id": 3980,
      "type": "Feature",
      "properties": {
        "name": "Bänkbord Rännö udden",
        "type": "Bänkbord",
        "created": "2024-09-20 15:26:04",
        "updated": "2025-09-22 10:38:15",
        "published": true,
        "parentObjects": [
          697,
          698
        ],
        "owner": {
          "organizationID": 36,
          "name": "Sundsvalls kommun Friluftsenheten"
        },
        "manager": {
          "organizationID": 36,
          "name": "Sundsvalls kommun Friluftsenheten"
        },
        "fields": [
          {
            "id": 73,
            "name": "Status",
            "type": "DROPDOWN",
            "value": "Fin"
          },
          {
            "id": 80,
            "name": "Typ av bänkbord",
            "type": "DROPDOWN",
            "value": "2 tums standard"
          },
          {
            "id": 70,
            "name": "Byggnadsår",
            "type": "INTEGER",
            "value": 2023
          },
          {
            "id": 81,
            "name": "Antal sittplatser",
            "type": "INTEGER",
            "value": 6
          },
          {
            "id": 74,
            "name": "Statusdatum",
            "type": "DATE",
            "value": "2024-09-20"
          },
          {
            "id": 79,
            "name": "Tillhörande filer",
            "type": "FILES",
            "value": [
              {
                "id": 2665,
                "filename": "20240920_152329.jpg",
                "description": "Bänkbord",
                "alttext": "Bänkbord och grillplats vid sjö",
                "sourcetext": "Anders Erlandsson Friluftsenheten ",
                "validForWinter": false,
                "validForSummer": true,
                "sortIndex": 1,
                "type": "image/jpeg",
                "size": 6520923,
                "url": "https://api.sundsvall.se/facilities/2.2/field/filesfield/2665",
                "license": "CC0",
                "licenseDescription": "Creative commons. \"No rights reserved\" https://creativecommons.org/share-your-work/public-domain/cc0/"
              }
            ]
          },
          {
            "id": 72,
            "name": "Handikappanpassad",
            "type": "TOGGLE",
            "value": "Nej"
          },
          {
            "id": 288,
            "name": "Felanmälan",
            "type": "Felanmälningstjänst",
            "reportName": "Kontakt Sundsvall",
            "reportDescription": "Felanmälan av motionsspår, elljusspår, leder och andra friluftsanläggningar",
            "reportLink": "https://sundsvall.se/kommun-och-politik/politik-och-demokrati/dialog-och-synpunkter/felanmalan",
            "reportPhone": "060-19 10 00",
            "reportEmail": "kontakt@sundsvall.se"
          }
        ],
        "centerPoint": [
          17.015644985229695,
          62.342680090628825
        ]
      },
      "geometry": {
        "type": "Point",
        "coordinates": [
          17.015644985229695,
          62.342680090628825
        ]
      }
    },
    {
      "id": 4002,
      "type": "Feature",
      "properties": {
        "name": "Bänkbord Vätaberget",
        "type": "Bänkbord",
        "created": "2024-11-01 11:25:36",
        "published": true,
        "fields": [
          {
            "id": 80,
            "name": "Typ av bänkbord",
            "type": "DROPDOWN",
            "value": "Övrigt"
          },
          {
            "id": 81,
            "name": "Antal sittplatser",
            "type": "INTEGER",
            "value": 6
          },
          {
            "id": 79,
            "name": "Tillhörande filer",
            "type": "FILES",
            "value": [
              {
                "id": 2687,
                "filename": "20240629_154519.jpg",
                "description": "Bänkbord",
                "alttext": "Bänkbord på kulle med utsikt",
                "sourcetext": "Friluftsenheten",
                "validForWinter": false,
                "validForSummer": true,
                "sortIndex": 1,
                "type": "image/jpeg",
                "size": 5045574,
                "url": "https://api.sundsvall.se/facilities/2.2/field/filesfield/2687",
                "license": "CC0",
                "licenseDescription": "Creative commons. \"No rights reserved\" https://creativecommons.org/share-your-work/public-domain/cc0/"
              }
            ]
          },
          {
            "id": 72,
            "name": "Handikappanpassad",
            "type": "TOGGLE",
            "value": "Nej"
          }
        ],
        "centerPoint": [
          17.157493379406596,
          62.29972867952879
        ]
      },
      "geometry": {
        "type": "Point",
        "coordinates": [
          17.157493379406596,
          62.29972867952879
        ]
      }
    },
    {
      "id": 4128,
      "type": "Feature",
      "properties": {
        "name": "Bänkbord Höjdgatan vindskydd",
        "type": "Bänkbord",
        "created": "2025-04-14 06:00:15",
        "published": true,
        "owner": {
          "organizationID": 36,
          "name": "Sundsvalls kommun Friluftsenheten"
        },
        "manager": {
          "organizationID": 291,
          "name": "Skönsbergsspårets ekonomiska förening"
        },
        "fields": [
          {
            "id": 73,
            "name": "Status",
            "type": "DROPDOWN",
            "value": "Fin"
          },
          {
            "id": 80,
            "name": "Typ av bänkbord",
            "type": "DROPDOWN",
            "value": "Övrigt"
          },
          {
            "id": 70,
            "name": "Byggnadsår",
            "type": "INTEGER",
            "value": 2025
          },
          {
            "id": 81,
            "name": "Antal sittplatser",
            "type": "INTEGER",
            "value": 4
          },
          {
            "id": 74,
            "name": "Statusdatum",
            "type": "DATE",
            "value": "2025-04-14"
          },
          {
            "id": 72,
            "name": "Handikappanpassad",
            "type": "TOGGLE",
            "value": "Nej"
          },
          {
            "id": 288,
            "name": "Felanmälan",
            "type": "Felanmälningstjänst",
            "reportName": "Kontakt Sundsvall",
            "reportDescription": "Felanmälan av motionsspår, elljusspår, leder och andra friluftsanläggningar",
            "reportLink": "https://sundsvall.se/kommun-och-politik/politik-och-demokrati/dialog-och-synpunkter/felanmalan",
            "reportPhone": "060-19 10 00",
            "reportEmail": "kontakt@sundsvall.se"
          }
        ],
        "centerPoint": [
          17.354323310383542,
          62.402610049936264
        ]
      },
      "geometry": {
        "type": "Point",
        "coordinates": [
          17.354323310383542,
          62.402610049936264
        ]
      }
    },
    {
      "id": 4143,
      "type": "Feature",
      "properties": {
        "name": "Bänkbord Skäftestjärn",
        "type": "Bänkbord",
        "created": "2025-09-24 07:43:33",
        "published": true,
        "owner": {
          "organizationID": 36,
          "name": "Sundsvalls kommun Friluftsenheten"
        },
        "manager": {
          "organizationID": 36,
          "name": "Sundsvalls kommun Friluftsenheten"
        },
        "fields": [
          {
            "id": 73,
            "name": "Status",
            "type": "DROPDOWN",
            "value": "Sliten"
          },
          {
            "id": 80,
            "name": "Typ av bänkbord",
            "type": "DROPDOWN",
            "value": "2,5-tums standard"
          },
          {
            "id": 81,
            "name": "Antal sittplatser",
            "type": "INTEGER",
            "value": 6
          },
          {
            "id": 74,
            "name": "Statusdatum",
            "type": "DATE",
            "value": "2025-09-24"
          },
          {
            "id": 72,
            "name": "Handikappanpassad",
            "type": "TOGGLE",
            "value": "Nej"
          },
          {
            "id": 288,
            "name": "Felanmälan",
            "type": "Felanmälningstjänst",
            "reportName": "Kontakt Sundsvall",
            "reportDescription": "Felanmälan av motionsspår, elljusspår, leder och andra friluftsanläggningar",
            "reportLink": "https://sundsvall.se/kommun-och-politik/politik-och-demokrati/dialog-och-synpunkter/felanmalan",
            "reportPhone": "060-19 10 00",
            "reportEmail": "kontakt@sundsvall.se"
          },
          {
            "id": 77,
            "name": "Beskrivning",
            "type": "FREETEXT",
            "value": "Bänkbord för sex personer vid Skäftestjärns vindskydd med utsikt mot tjärnen"
          },
          {
            "id": 293,
            "name": "Tillgänglighetsbeskrivning",
            "type": "FREETEXT",
            "value": "Till bordet leder en körväg som är ganska slät, men sista 10 metrarna är stenig. "
          }
        ],
        "centerPoint": [
          16.81993350242025,
          62.323924703736104
        ]
      },
      "geometry": {
        "type": "Point",
        "coordinates": [
          16.81993350242025,
          62.323924703736104
        ]
      }
    },
    {
      "id": 4157,
      "type": "Feature",
      "properties": {
        "name": "Bänkbord Skiftestjärn",
        "type": "Bänkbord",
        "created": "2025-10-17 22:33:02",
        "updated": "2025-10-17 22:38:44",
        "published": true,
        "parentObjects": [
          4158
        ],
        "owner": {
          "organizationID": 36,
          "name": "Sundsvalls kommun Friluftsenheten"
        },
        "manager": {
          "organizationID": 36,
          "name": "Sundsvalls kommun Friluftsenheten"
        },
        "fields": [
          {
            "id": 80,
            "name": "Typ av bänkbord",
            "type": "DROPDOWN",
            "value": "2,5-tums standard"
          },
          {
            "id": 81,
            "name": "Antal sittplatser",
            "type": "INTEGER",
            "value": 6
          },
          {
            "id": 72,
            "name": "Handikappanpassad",
            "type": "TOGGLE",
            "value": "Nej"
          },
          {
            "id": 288,
            "name": "Felanmälan",
            "type": "Felanmälningstjänst",
            "reportName": "Kontakt Sundsvall",
            "reportDescription": "Felanmälan av motionsspår, elljusspår, leder och andra friluftsanläggningar",
            "reportLink": "https://sundsvall.se/kommun-och-politik/politik-och-demokrati/dialog-och-synpunkter/felanmalan",
            "reportPhone": "060-19 10 00",
            "reportEmail": "kontakt@sundsvall.se"
          }
        ],
        "centerPoint": [
          16.753561406008668,
          62.34409016676986
        ]
      },
      "geometry": {
        "type": "Point",
        "coordinates": [
          16.753561406008668,
          62.34409016676986
        ]
      }
    },
    {
      "id": 4163,
      "type": "Feature",
      "properties": {
        "name": "Bänkbord vid Torget",
        "type": "Bänkbord",
        "created": "2025-10-17 22:54:10",
        "updated": "2026-03-10 12:18:20",
        "published": true,
        "owner": {
          "organizationID": 36,
          "name": "Sundsvalls kommun Friluftsenheten"
        },
        "manager": {
          "organizationID": 36,
          "name": "Sundsvalls kommun Friluftsenheten"
        },
        "fields": [
          {
            "id": 73,
            "name": "Status",
            "type": "DROPDOWN",
            "value": "Fin"
          },
          {
            "id": 80,
            "name": "Typ av bänkbord",
            "type": "DROPDOWN",
            "value": "Övrigt"
          },
          {
            "id": 70,
            "name": "Byggnadsår",
            "type": "INTEGER",
            "value": 2025
          },
          {
            "id": 81,
            "name": "Antal sittplatser",
            "type": "INTEGER",
            "value": 4
          },
          {
            "id": 74,
            "name": "Statusdatum",
            "type": "DATE",
            "value": "2026-03-10"
          },
          {
            "id": 79,
            "name": "Tillhörande filer",
            "type": "FILES",
            "value": [
              {
                "id": 2831,
                "filename": "image.jpg",
                "description": "Bänkbord",
                "alttext": "Bänkbord i trä",
                "sourcetext": "Sundsvalls kommun ",
                "validForWinter": true,
                "validForSummer": true,
                "sortIndex": 1,
                "type": "image/jpeg",
                "size": 4097872,
                "url": "https://api.sundsvall.se/facilities/2.2/field/filesfield/2831",
                "license": "CC0",
                "licenseDescription": "Creative commons. \"No rights reserved\" https://creativecommons.org/share-your-work/public-domain/cc0/"
              }
            ]
          },
          {
            "id": 72,
            "name": "Handikappanpassad",
            "type": "TOGGLE",
            "value": "Nej"
          },
          {
            "id": 288,
            "name": "Felanmälan",
            "type": "Felanmälningstjänst",
            "reportName": "Kontakt Sundsvall",
            "reportDescription": "Felanmälan av motionsspår, elljusspår, leder och andra friluftsanläggningar",
            "reportLink": "https://sundsvall.se/kommun-och-politik/politik-och-demokrati/dialog-och-synpunkter/felanmalan",
            "reportPhone": "060-19 10 00",
            "reportEmail": "kontakt@sundsvall.se"
          }
        ],
        "centerPoint": [
          17.304136331205484,
          62.36335429856211
        ]
      },
      "geometry": {
        "type": "Point",
        "coordinates": [
          17.304136331205484,
          62.36335429856211
        ]
      }
    },
    {
      "id": 4234,
      "type": "Feature",
      "properties": {
        "name": "Bänkbord Hulistugan",
        "type": "Bänkbord",
        "created": "2026-01-13 14:38:42",
        "published": true,
        "owner": {
          "organizationID": 131,
          "name": "selånger sok."
        },
        "manager": {
          "organizationID": 131,
          "name": "selånger sok."
        },
        "fields": [
          {
            "id": 80,
            "name": "Typ av bänkbord",
            "type": "DROPDOWN",
            "value": "2,5-tums standard"
          },
          {
            "id": 81,
            "name": "Antal sittplatser",
            "type": "INTEGER",
            "value": 16
          },
          {
            "id": 79,
            "name": "Tillhörande filer",
            "type": "FILES",
            "value": [
              {
                "id": 2790,
                "filename": "20210706_111355.jpg",
                "description": "Bänkbord",
                "alttext": "Bänkbord",
                "sourcetext": "Sundsvalls kommun",
                "validForWinter": false,
                "validForSummer": true,
                "sortIndex": 1,
                "type": "image/jpeg",
                "size": 8177088,
                "url": "https://api.sundsvall.se/facilities/2.2/field/filesfield/2790",
                "license": "CC0",
                "licenseDescription": "Creative commons. \"No rights reserved\" https://creativecommons.org/share-your-work/public-domain/cc0/"
              }
            ]
          },
          {
            "id": 72,
            "name": "Handikappanpassad",
            "type": "TOGGLE",
            "value": "Nej"
          }
        ],
        "centerPoint": [
          17.260570577163413,
          62.419442139226916
        ]
      },
      "geometry": {
        "type": "Point",
        "coordinates": [
          17.260570577163413,
          62.419442139226916
        ]
      }
    },
    {
      "id": 4239,
      "type": "Feature",
      "properties": {
        "name": "Bänkbord Skönviksbergets utsiktsplats",
        "type": "Bänkbord",
        "created": "2026-01-13 14:59:53",
        "updated": "2026-01-13 15:06:12",
        "published": true,
        "owner": {
          "organizationID": 303,
          "name": "Skönviksberget Friluftscentrum intresseförening"
        },
        "manager": {
          "organizationID": 303,
          "name": "Skönviksberget Friluftscentrum intresseförening"
        },
        "fields": [
          {
            "id": 80,
            "name": "Typ av bänkbord",
            "type": "DROPDOWN",
            "value": "2,5-tums standard"
          },
          {
            "id": 81,
            "name": "Antal sittplatser",
            "type": "INTEGER",
            "value": 4
          },
          {
            "id": 79,
            "name": "Tillhörande filer",
            "type": "FILES",
            "value": [
              {
                "id": 2795,
                "filename": "20220501_163003.jpg",
                "description": "Bänkbord",
                "alttext": "Bänkbord",
                "sourcetext": "Sundsvalls kommun",
                "validForWinter": false,
                "validForSummer": true,
                "sortIndex": 1,
                "type": "image/jpeg",
                "size": 5303091,
                "url": "https://api.sundsvall.se/facilities/2.2/field/filesfield/2795",
                "license": "CC0",
                "licenseDescription": "Creative commons. \"No rights reserved\" https://creativecommons.org/share-your-work/public-domain/cc0/"
              }
            ]
          },
          {
            "id": 72,
            "name": "Handikappanpassad",
            "type": "TOGGLE",
            "value": "Nej"
          }
        ],
        "centerPoint": [
          17.311358947206173,
          62.461225643601615
        ]
      },
      "geometry": {
        "type": "Point",
        "coordinates": [
          17.311358947206173,
          62.461225643601615
        ]
      }
    },
    {
      "id": 4243,
      "type": "Feature",
      "properties": {
        "name": "Bänkbord Grodtjärn",
        "type": "Bänkbord",
        "created": "2026-01-13 15:19:42",
        "updated": "2026-04-07 09:49:00",
        "published": true,
        "owner": {
          "organizationID": 36,
          "name": "Sundsvalls kommun Friluftsenheten"
        },
        "manager": {
          "organizationID": 36,
          "name": "Sundsvalls kommun Friluftsenheten"
        },
        "fields": [
          {
            "id": 73,
            "name": "Status",
            "type": "DROPDOWN",
            "value": "Fin"
          },
          {
            "id": 80,
            "name": "Typ av bänkbord",
            "type": "DROPDOWN",
            "value": "2 tums standard"
          },
          {
            "id": 81,
            "name": "Antal sittplatser",
            "type": "INTEGER",
            "value": 12
          },
          {
            "id": 74,
            "name": "Statusdatum",
            "type": "DATE",
            "value": "2026-03-13"
          },
          {
            "id": 79,
            "name": "Tillhörande filer",
            "type": "FILES",
            "value": [
              {
                "id": 2882,
                "filename": "image.jpg",
                "description": "Bänkbord",
                "alttext": "Två bänkbord i trä",
                "sourcetext": "Sundsvalls kommun ",
                "validForWinter": true,
                "validForSummer": true,
                "sortIndex": 1,
                "type": "image/jpeg",
                "size": 3322555,
                "url": "https://api.sundsvall.se/facilities/2.2/field/filesfield/2882",
                "license": "CC0",
                "licenseDescription": "Creative commons. \"No rights reserved\" https://creativecommons.org/share-your-work/public-domain/cc0/"
              }
            ]
          },
          {
            "id": 72,
            "name": "Handikappanpassad",
            "type": "TOGGLE",
            "value": "Nej"
          },
          {
            "id": 288,
            "name": "Felanmälan",
            "type": "Felanmälningstjänst",
            "reportName": "Kontakt Sundsvall",
            "reportDescription": "Felanmälan av motionsspår, elljusspår, leder och andra friluftsanläggningar",
            "reportLink": "https://sundsvall.se/kommun-och-politik/politik-och-demokrati/dialog-och-synpunkter/felanmalan",
            "reportPhone": "060-19 10 00",
            "reportEmail": "kontakt@sundsvall.se"
          }
        ],
        "centerPoint": [
          17.260970092245625,
          62.37944292446342
        ]
      },
      "geometry": {
        "type": "Point",
        "coordinates": [
          17.260970092245625,
          62.37944292446342
        ]
      }
    },
    {
      "id": 4266,
      "type": "Feature",
      "properties": {
        "name": "Bänkbord Friluftsmuseum Norra Berget",
        "type": "Bänkbord",
        "created": "2026-01-19 09:27:18",
        "updated": "2026-01-19 09:28:42",
        "published": true,
        "owner": {
          "organizationID": 175,
          "name": "Sundsvalls kommun Sundsvalls museum"
        },
        "manager": {
          "organizationID": 175,
          "name": "Sundsvalls kommun Sundsvalls museum"
        },
        "fields": [
          {
            "id": 81,
            "name": "Antal sittplatser",
            "type": "INTEGER",
            "value": 20
          },
          {
            "id": 72,
            "name": "Handikappanpassad",
            "type": "TOGGLE",
            "value": "Nej"
          },
          {
            "id": 288,
            "name": "Felanmälan",
            "type": "Felanmälningstjänst",
            "reportName": "Kontakt Sundsvall",
            "reportDescription": "Felanmälan av motionsspår, elljusspår, leder och andra friluftsanläggningar",
            "reportLink": "https://sundsvall.se/kommun-och-politik/politik-och-demokrati/dialog-och-synpunkter/felanmalan",
            "reportPhone": "060-19 10 00",
            "reportEmail": "kontakt@sundsvall.se"
          },
          {
            "id": 77,
            "name": "Beskrivning",
            "type": "FREETEXT",
            "value": "5 st bänkbord"
          }
        ],
        "centerPoint": [
          17.30064919426165,
          62.39907055320404
        ]
      },
      "geometry": {
        "type": "Point",
        "coordinates": [
          17.30064919426165,
          62.39907055320404
        ]
      }
    },
    {
      "id": 4268,
      "type": "Feature",
      "properties": {
        "name": "Bänkbord Friluftsmuseum Norra Berget",
        "type": "Bänkbord",
        "created": "2026-01-19 09:29:01",
        "published": true,
        "owner": {
          "organizationID": 175,
          "name": "Sundsvalls kommun Sundsvalls museum"
        },
        "manager": {
          "organizationID": 175,
          "name": "Sundsvalls kommun Sundsvalls museum"
        },
        "fields": [
          {
            "id": 81,
            "name": "Antal sittplatser",
            "type": "INTEGER",
            "value": 20
          },
          {
            "id": 72,
            "name": "Handikappanpassad",
            "type": "TOGGLE",
            "value": "Nej"
          },
          {
            "id": 288,
            "name": "Felanmälan",
            "type": "Felanmälningstjänst",
            "reportName": "Kontakt Sundsvall",
            "reportDescription": "Felanmälan av motionsspår, elljusspår, leder och andra friluftsanläggningar",
            "reportLink": "https://sundsvall.se/kommun-och-politik/politik-och-demokrati/dialog-och-synpunkter/felanmalan",
            "reportPhone": "060-19 10 00",
            "reportEmail": "kontakt@sundsvall.se"
          },
          {
            "id": 77,
            "name": "Beskrivning",
            "type": "FREETEXT",
            "value": "5 st bänkbord"
          }
        ],
        "centerPoint": [
          17.295849115498015,
          62.400332126386324
        ]
      },
      "geometry": {
        "type": "Point",
        "coordinates": [
          17.295849115498015,
          62.400332126386324
        ]
      }
    },
    {
      "id": 4276,
      "type": "Feature",
      "properties": {
        "name": "Rastplats Dövikssjön",
        "type": "Bänkbord",
        "created": "2026-01-19 10:12:12",
        "updated": "2026-06-22 09:52:49",
        "published": true,
        "parentObjects": [
          3828,
          3935
        ],
        "owner": {
          "organizationID": 27,
          "name": "dykets intresseförening"
        },
        "manager": {
          "organizationID": 27,
          "name": "dykets intresseförening"
        },
        "fields": [
          {
            "id": 72,
            "name": "Handikappanpassad",
            "type": "TOGGLE",
            "value": "Nej"
          }
        ],
        "centerPoint": [
          17.399037230822334,
          62.296251741974366
        ]
      },
      "geometry": {
        "type": "Point",
        "coordinates": [
          17.399037230822334,
          62.296251741974366
        ]
      }
    },
    {
      "id": 4348,
      "type": "Feature",
      "properties": {
        "name": "Bänkbord pulkabacke Södra Berget",
        "type": "Bänkbord",
        "created": "2026-03-10 15:10:18",
        "published": true,
        "owner": {
          "organizationID": 36,
          "name": "Sundsvalls kommun Friluftsenheten"
        },
        "manager": {
          "organizationID": 36,
          "name": "Sundsvalls kommun Friluftsenheten"
        },
        "fields": [
          {
            "id": 73,
            "name": "Status",
            "type": "DROPDOWN",
            "value": "Sliten"
          },
          {
            "id": 80,
            "name": "Typ av bänkbord",
            "type": "DROPDOWN",
            "value": "2 tums standard"
          },
          {
            "id": 81,
            "name": "Antal sittplatser",
            "type": "INTEGER",
            "value": 12
          },
          {
            "id": 74,
            "name": "Statusdatum",
            "type": "DATE",
            "value": "2026-03-10"
          },
          {
            "id": 79,
            "name": "Tillhörande filer",
            "type": "FILES",
            "value": [
              {
                "id": 2852,
                "filename": "20260310_150515.jpg",
                "description": "Bänkbord",
                "alttext": "Bänkbord",
                "sourcetext": "Sundsvalls kommun",
                "validForWinter": true,
                "validForSummer": false,
                "sortIndex": 1,
                "type": "image/jpeg",
                "size": 3900112,
                "url": "https://api.sundsvall.se/facilities/2.2/field/filesfield/2852",
                "license": "CC0",
                "licenseDescription": "Creative commons. \"No rights reserved\" https://creativecommons.org/share-your-work/public-domain/cc0/"
              }
            ]
          },
          {
            "id": 72,
            "name": "Handikappanpassad",
            "type": "TOGGLE",
            "value": "Nej"
          },
          {
            "id": 288,
            "name": "Felanmälan",
            "type": "Felanmälningstjänst",
            "reportName": "Kontakt Sundsvall",
            "reportDescription": "Felanmälan av motionsspår, elljusspår, leder och andra friluftsanläggningar",
            "reportLink": "https://sundsvall.se/kommun-och-politik/politik-och-demokrati/dialog-och-synpunkter/felanmalan",
            "reportPhone": "060-19 10 00",
            "reportEmail": "kontakt@sundsvall.se"
          },
          {
            "id": 77,
            "name": "Beskrivning",
            "type": "FREETEXT",
            "value": "2 bänkbord"
          }
        ],
        "centerPoint": [
          17.314140384730482,
          62.36624884976154
        ]
      },
      "geometry": {
        "type": "Point",
        "coordinates": [
          17.314140384730482,
          62.36624884976154
        ]
      }
    },
    {
      "id": 4465,
      "type": "Feature",
      "properties": {
        "name": "Bänkbord anslutning hotellet",
        "type": "Bänkbord",
        "created": "2026-04-14 15:53:17",
        "published": true,
        "owner": {
          "organizationID": 36,
          "name": "Sundsvalls kommun Friluftsenheten"
        },
        "manager": {
          "organizationID": 36,
          "name": "Sundsvalls kommun Friluftsenheten"
        },
        "fields": [
          {
            "id": 80,
            "name": "Typ av bänkbord",
            "type": "DROPDOWN",
            "value": "Övrigt"
          },
          {
            "id": 81,
            "name": "Antal sittplatser",
            "type": "INTEGER",
            "value": 4
          },
          {
            "id": 79,
            "name": "Tillhörande filer",
            "type": "FILES",
            "value": [
              {
                "id": 2910,
                "filename": "20260414_155032.jpg",
                "description": "Bänkbord",
                "alttext": "Bänkbord",
                "sourcetext": "Sundsvalls kommun ",
                "validForWinter": true,
                "validForSummer": true,
                "sortIndex": 1,
                "type": "image/jpeg",
                "size": 4515694,
                "url": "https://api.sundsvall.se/facilities/2.2/field/filesfield/2910",
                "license": "CC0",
                "licenseDescription": "Creative commons. \"No rights reserved\" https://creativecommons.org/share-your-work/public-domain/cc0/"
              }
            ]
          },
          {
            "id": 72,
            "name": "Handikappanpassad",
            "type": "TOGGLE",
            "value": "Nej"
          }
        ],
        "centerPoint": [
          17.315992204568165,
          62.36858772557499
        ]
      },
      "geometry": {
        "type": "Point",
        "coordinates": [
          17.315992204568165,
          62.36858772557499
        ]
      }
    },
    {
      "id": 537,
      "type": "Feature",
      "properties": {
        "name": "Test",
        "type": "Bänkbord",
        "created": "2018-07-30 08:45:59",
        "deleted": "2018-07-30 08:46:12"
      },
      "geometry": null
    },
    {
      "id": 645,
      "type": "Feature",
      "properties": {
        "name": "Test",
        "type": "Bänkbord",
        "created": "2018-11-26 12:46:12",
        "deleted": "2018-11-26 12:46:23"
      },
      "geometry": null
    },
    {
      "id": 138,
      "type": "Feature",
      "properties": {
        "name": "Södraberget raststugan kåtan",
        "type": "Bänkbord",
        "created": "2018-06-18 11:01:09",
        "updated": "2020-03-25 09:08:20",
        "deleted": "2020-03-25 09:08:35"
      },
      "geometry": null
    },
    {
      "id": 149,
      "type": "Feature",
      "properties": {
        "name": "Södraberget tarzanstigen",
        "type": "Bänkbord",
        "created": "2018-06-18 13:33:58",
        "deleted": "2020-03-25 09:05:01"
      },
      "geometry": null
    },
    {
      "id": 168,
      "type": "Feature",
      "properties": {
        "name": "Sidsjö",
        "type": "Bänkbord",
        "created": "2018-06-19 13:18:22",
        "deleted": "2020-08-18 20:02:13"
      },
      "geometry": null
    },
    {
      "id": 340,
      "type": "Feature",
      "properties": {
        "name": "Badplats Dyket",
        "type": "Bänkbord",
        "created": "2018-06-26 15:24:24",
        "updated": "2020-04-06 20:11:55",
        "deleted": "2020-04-06 20:15:59"
      },
      "geometry": null
    },
    {
      "id": 348,
      "type": "Feature",
      "properties": {
        "name": "Badplats Sodom",
        "type": "Bänkbord",
        "created": "2018-06-26 15:43:46",
        "deleted": "2018-06-26 16:04:56"
      },
      "geometry": null
    },
    {
      "id": 499,
      "type": "Feature",
      "properties": {
        "name": "Badplats Ede",
        "type": "Bänkbord",
        "created": "2018-07-04 09:52:58",
        "deleted": "2020-07-06 16:43:47"
      },
      "geometry": null
    }
  ]
}