{
  "type": "FeatureCollection",
  "features": [
    {
      "id": 109,
      "type": "Feature",
      "properties": {
        "name": "Grill Södra berget pulkabacke",
        "type": "Grill",
        "created": "2018-06-18 09:16:56",
        "updated": "2026-04-07 09:19:43",
        "published": true,
        "parentObjects": [
          107
        ],
        "owner": {
          "organizationID": 36,
          "name": "Sundsvalls kommun Friluftsenheten"
        },
        "manager": {
          "organizationID": 36,
          "name": "Sundsvalls kommun Friluftsenheten"
        },
        "fields": [
          {
            "id": 73,
            "name": "Status",
            "type": "DROPDOWN",
            "value": "Fin"
          },
          {
            "id": 85,
            "name": "Typ av grill",
            "type": "DROPDOWN",
            "value": "Murad natursten"
          },
          {
            "id": 86,
            "name": "Värmekälla",
            "type": "DROPDOWN",
            "value": "Ved"
          },
          {
            "id": 70,
            "name": "Byggnadsår",
            "type": "INTEGER",
            "value": 2008
          },
          {
            "id": 71,
            "name": "Renoveringsår",
            "type": "INTEGER",
            "value": 2018
          },
          {
            "id": 74,
            "name": "Statusdatum",
            "type": "DATE",
            "value": "2018-06-18"
          },
          {
            "id": 79,
            "name": "Tillhörande filer",
            "type": "FILES",
            "value": [
              {
                "id": 9,
                "filename": "image.jpg",
                "description": "Grill",
                "alttext": "Grill",
                "sourcetext": "Anders Erlandsson, Friluftsenheten",
                "validForWinter": true,
                "validForSummer": true,
                "sortIndex": 1,
                "type": "image/jpeg",
                "size": 3184444,
                "url": "https://api.sundsvall.se/facilities/2.2/field/filesfield/9",
                "license": "CC0",
                "licenseDescription": "Creative commons. \"No rights reserved\" https://creativecommons.org/share-your-work/public-domain/cc0/"
              },
              {
                "id": 10,
                "filename": "image.jpg",
                "description": "Grillgaller",
                "alttext": "Grillgaller",
                "sourcetext": "Anders Erlandsson, Friluftsenheten",
                "validForWinter": true,
                "validForSummer": true,
                "sortIndex": 2,
                "type": "image/jpeg",
                "size": 3478672,
                "url": "https://api.sundsvall.se/facilities/2.2/field/filesfield/10",
                "license": "CC0",
                "licenseDescription": "Creative commons. \"No rights reserved\" https://creativecommons.org/share-your-work/public-domain/cc0/"
              }
            ]
          },
          {
            "id": 72,
            "name": "Handikappanpassad",
            "type": "TOGGLE",
            "value": "Nej"
          },
          {
            "id": 288,
            "name": "Felanmälan",
            "type": "Felanmälningstjänst",
            "reportName": "Kontakt Sundsvall",
            "reportDescription": "Felanmälan av motionsspår, elljusspår, leder och andra friluftsanläggningar",
            "reportLink": "https://sundsvall.se/kommun-och-politik/politik-och-demokrati/dialog-och-synpunkter/felanmalan",
            "reportPhone": "060-19 10 00",
            "reportEmail": "kontakt@sundsvall.se"
          },
          {
            "id": 87,
            "name": "Grillgaller",
            "type": "FREETEXT",
            "value": "Ja, trasigt"
          }
        ],
        "centerPoint": [
          17.31416854869244,
          62.36628330445556
        ]
      },
      "geometry": {
        "type": "Point",
        "coordinates": [
          17.31416854869244,
          62.36628330445556
        ]
      }
    },
    {
      "id": 121,
      "type": "Feature",
      "properties": {
        "name": "Grillrotundan",
        "type": "Grill",
        "created": "2018-06-18 10:23:43",
        "updated": "2026-04-08 15:14:18",
        "published": true,
        "parentObjects": [
          695,
          4142
        ],
        "owner": {
          "organizationID": 36,
          "name": "Sundsvalls kommun Friluftsenheten"
        },
        "manager": {
          "organizationID": 36,
          "name": "Sundsvalls kommun Friluftsenheten"
        },
        "fields": [
          {
            "id": 73,
            "name": "Status",
            "type": "DROPDOWN",
            "value": "Trasig"
          },
          {
            "id": 86,
            "name": "Värmekälla",
            "type": "DROPDOWN",
            "value": "Ved"
          },
          {
            "id": 70,
            "name": "Byggnadsår",
            "type": "INTEGER",
            "value": 2008
          },
          {
            "id": 71,
            "name": "Renoveringsår",
            "type": "INTEGER",
            "value": 2018
          },
          {
            "id": 74,
            "name": "Statusdatum",
            "type": "DATE",
            "value": "2018-06-18"
          },
          {
            "id": 79,
            "name": "Tillhörande filer",
            "type": "FILES",
            "value": [
              {
                "id": 25,
                "filename": "image.jpg",
                "description": "Grill",
                "alttext": "Grill",
                "sourcetext": "Anders Erlandsson, Friluftsenheten",
                "validForWinter": true,
                "validForSummer": true,
                "sortIndex": 1,
                "type": "image/jpeg",
                "size": 4026828,
                "url": "https://api.sundsvall.se/facilities/2.2/field/filesfield/25",
                "license": "CC0",
                "licenseDescription": "Creative commons. \"No rights reserved\" https://creativecommons.org/share-your-work/public-domain/cc0/"
              }
            ]
          },
          {
            "id": 72,
            "name": "Handikappanpassad",
            "type": "TOGGLE",
            "value": "Nej"
          },
          {
            "id": 288,
            "name": "Felanmälan",
            "type": "Felanmälningstjänst",
            "reportName": "Kontakt Sundsvall",
            "reportDescription": "Felanmälan av motionsspår, elljusspår, leder och andra friluftsanläggningar",
            "reportLink": "https://sundsvall.se/kommun-och-politik/politik-och-demokrati/dialog-och-synpunkter/felanmalan",
            "reportPhone": "060-19 10 00",
            "reportEmail": "kontakt@sundsvall.se"
          },
          {
            "id": 77,
            "name": "Beskrivning",
            "type": "FREETEXT",
            "value": "Stor grill under tak"
          },
          {
            "id": 87,
            "name": "Grillgaller",
            "type": "FREETEXT",
            "value": "Ja, slitet"
          }
        ],
        "centerPoint": [
          17.309078032217425,
          62.3668073137786
        ]
      },
      "geometry": {
        "type": "Point",
        "coordinates": [
          17.309078032217425,
          62.3668073137786
        ]
      }
    },
    {
      "id": 126,
      "type": "Feature",
      "properties": {
        "name": "Södra berget, grill nära pulkabacke, Ängen",
        "type": "Grill",
        "created": "2018-06-18 10:32:31",
        "updated": "2025-02-17 10:50:10",
        "published": true,
        "parentObjects": [
          4087
        ],
        "owner": {
          "organizationID": 36,
          "name": "Sundsvalls kommun Friluftsenheten"
        },
        "manager": {
          "organizationID": 36,
          "name": "Sundsvalls kommun Friluftsenheten"
        },
        "fields": [
          {
            "id": 73,
            "name": "Status",
            "type": "DROPDOWN",
            "value": "Fin"
          },
          {
            "id": 85,
            "name": "Typ av grill",
            "type": "DROPDOWN",
            "value": "Bosses trä och metall"
          },
          {
            "id": 86,
            "name": "Värmekälla",
            "type": "DROPDOWN",
            "value": "Ved"
          },
          {
            "id": 70,
            "name": "Byggnadsår",
            "type": "INTEGER",
            "value": 2016
          },
          {
            "id": 74,
            "name": "Statusdatum",
            "type": "DATE",
            "value": "2018-06-18"
          },
          {
            "id": 79,
            "name": "Tillhörande filer",
            "type": "FILES",
            "value": [
              {
                "id": 31,
                "filename": "image.jpg",
                "description": "Grill vid Björnstigens slut",
                "alttext": "Grill vid Björnstigens slut",
                "sourcetext": "Friluftsenheten",
                "validForWinter": true,
                "validForSummer": true,
                "sortIndex": 1,
                "type": "image/jpeg",
                "size": 5108506,
                "url": "https://api.sundsvall.se/facilities/2.2/field/filesfield/31",
                "license": "CC0",
                "licenseDescription": "Creative commons. \"No rights reserved\" https://creativecommons.org/share-your-work/public-domain/cc0/"
              }
            ]
          },
          {
            "id": 72,
            "name": "Handikappanpassad",
            "type": "TOGGLE",
            "value": "Nej"
          },
          {
            "id": 288,
            "name": "Felanmälan",
            "type": "Felanmälningstjänst",
            "reportName": "Kontakt Sundsvall",
            "reportDescription": "Felanmälan av motionsspår, elljusspår, leder och andra friluftsanläggningar",
            "reportLink": "https://sundsvall.se/kommun-och-politik/politik-och-demokrati/dialog-och-synpunkter/felanmalan",
            "reportPhone": "060-19 10 00",
            "reportEmail": "kontakt@sundsvall.se"
          },
          {
            "id": 87,
            "name": "Grillgaller",
            "type": "FREETEXT",
            "value": "Ja, helt"
          }
        ],
        "centerPoint": [
          17.308353812141775,
          62.3676019662299
        ]
      },
      "geometry": {
        "type": "Point",
        "coordinates": [
          17.308353812141775,
          62.3676019662299
        ]
      }
    },
    {
      "id": 139,
      "type": "Feature",
      "properties": {
        "name": "Grill Södra berget Mullekojan",
        "type": "Grill",
        "created": "2018-06-18 11:03:27",
        "updated": "2021-05-28 08:11:37",
        "published": true,
        "owner": {
          "organizationID": 36,
          "name": "Sundsvalls kommun Friluftsenheten"
        },
        "manager": {
          "organizationID": 36,
          "name": "Sundsvalls kommun Friluftsenheten"
        },
        "fields": [
          {
            "id": 73,
            "name": "Status",
            "type": "DROPDOWN",
            "value": "Fin"
          },
          {
            "id": 85,
            "name": "Typ av grill",
            "type": "DROPDOWN",
            "value": "Svetsad fyrkantsmetall"
          },
          {
            "id": 86,
            "name": "Värmekälla",
            "type": "DROPDOWN",
            "value": "Ved"
          },
          {
            "id": 70,
            "name": "Byggnadsår",
            "type": "INTEGER",
            "value": 2015
          },
          {
            "id": 71,
            "name": "Renoveringsår",
            "type": "INTEGER",
            "value": 2018
          },
          {
            "id": 74,
            "name": "Statusdatum",
            "type": "DATE",
            "value": "2018-06-18"
          },
          {
            "id": 79,
            "name": "Tillhörande filer",
            "type": "FILES",
            "value": [
              {
                "id": 44,
                "filename": "image.jpg",
                "description": "Grillgaller",
                "alttext": "Grillgaller",
                "sourcetext": "Anders Erlandsson, Friluftsenheten",
                "validForWinter": true,
                "validForSummer": true,
                "sortIndex": 1,
                "type": "image/jpeg",
                "size": 6059168,
                "url": "https://api.sundsvall.se/facilities/2.2/field/filesfield/44",
                "license": "CC0",
                "licenseDescription": "Creative commons. \"No rights reserved\" https://creativecommons.org/share-your-work/public-domain/cc0/"
              }
            ]
          },
          {
            "id": 72,
            "name": "Handikappanpassad",
            "type": "TOGGLE",
            "value": "Nej"
          },
          {
            "id": 288,
            "name": "Felanmälan",
            "type": "Felanmälningstjänst",
            "reportName": "Kontakt Sundsvall",
            "reportDescription": "Felanmälan av motionsspår, elljusspår, leder och andra friluftsanläggningar",
            "reportLink": "https://sundsvall.se/kommun-och-politik/politik-och-demokrati/dialog-och-synpunkter/felanmalan",
            "reportPhone": "060-19 10 00",
            "reportEmail": "kontakt@sundsvall.se"
          },
          {
            "id": 87,
            "name": "Grillgaller",
            "type": "FREETEXT",
            "value": "Ja, sliten"
          }
        ],
        "centerPoint": [
          17.303949636643125,
          62.36602646574264
        ]
      },
      "geometry": {
        "type": "Point",
        "coordinates": [
          17.303949636643125,
          62.36602646574264
        ]
      }
    },
    {
      "id": 142,
      "type": "Feature",
      "properties": {
        "name": "Södra Berget grillplats utsikten",
        "type": "Grill",
        "created": "2018-06-18 11:21:52",
        "updated": "2025-02-17 10:51:01",
        "published": true,
        "parentObjects": [
          3090
        ],
        "owner": {
          "organizationID": 36,
          "name": "Sundsvalls kommun Friluftsenheten"
        },
        "manager": {
          "organizationID": 36,
          "name": "Sundsvalls kommun Friluftsenheten"
        },
        "fields": [
          {
            "id": 73,
            "name": "Status",
            "type": "DROPDOWN",
            "value": "Trasig"
          },
          {
            "id": 85,
            "name": "Typ av grill",
            "type": "DROPDOWN",
            "value": "Cementring"
          },
          {
            "id": 86,
            "name": "Värmekälla",
            "type": "DROPDOWN",
            "value": "Ved"
          },
          {
            "id": 70,
            "name": "Byggnadsår",
            "type": "INTEGER",
            "value": 2000
          },
          {
            "id": 74,
            "name": "Statusdatum",
            "type": "DATE",
            "value": "2018-06-18"
          },
          {
            "id": 79,
            "name": "Tillhörande filer",
            "type": "FILES",
            "value": [
              {
                "id": 47,
                "filename": "image.jpg",
                "description": "Grill",
                "alttext": "Grill",
                "sourcetext": "Friluftsenheten, Feriearbetare",
                "validForWinter": true,
                "validForSummer": true,
                "sortIndex": 1,
                "type": "image/jpeg",
                "size": 3283809,
                "url": "https://api.sundsvall.se/facilities/2.2/field/filesfield/47",
                "license": "CC0",
                "licenseDescription": "Creative commons. \"No rights reserved\" https://creativecommons.org/share-your-work/public-domain/cc0/"
              },
              {
                "id": 2020,
                "filename": "20160524_122655.jpg",
                "description": "Grillplats med härlig utsikt",
                "alttext": "Grillplats med härlig utsikt",
                "sourcetext": "Anders Erlandsson, Friluftsenheten",
                "validForWinter": true,
                "validForSummer": true,
                "sortIndex": 2,
                "type": "image/jpeg",
                "size": 5847495,
                "url": "https://api.sundsvall.se/facilities/2.2/field/filesfield/2020",
                "license": "CC0",
                "licenseDescription": "Creative commons. \"No rights reserved\" https://creativecommons.org/share-your-work/public-domain/cc0/"
              },
              {
                "id": 2021,
                "filename": "20160524_122545.jpg",
                "description": "Panoramavy från grillplatsen över Sundsvalls stad och Sundsvallsbron",
                "alttext": "Panoramavy från grillplatsen över Sundsvalls stad och Sundsvallsbron",
                "sourcetext": "Anders Erlandsson, Friluftsenheten",
                "validForWinter": true,
                "validForSummer": true,
                "sortIndex": 3,
                "type": "image/jpeg",
                "size": 7298536,
                "url": "https://api.sundsvall.se/facilities/2.2/field/filesfield/2021",
                "license": "CC0",
                "licenseDescription": "Creative commons. \"No rights reserved\" https://creativecommons.org/share-your-work/public-domain/cc0/"
              }
            ]
          },
          {
            "id": 72,
            "name": "Handikappanpassad",
            "type": "TOGGLE",
            "value": "Nej"
          },
          {
            "id": 288,
            "name": "Felanmälan",
            "type": "Felanmälningstjänst",
            "reportName": "Kontakt Sundsvall",
            "reportDescription": "Felanmälan av motionsspår, elljusspår, leder och andra friluftsanläggningar",
            "reportLink": "https://sundsvall.se/kommun-och-politik/politik-och-demokrati/dialog-och-synpunkter/felanmalan",
            "reportPhone": "060-19 10 00",
            "reportEmail": "kontakt@sundsvall.se"
          },
          {
            "id": 77,
            "name": "Beskrivning",
            "type": "FREETEXT",
            "value": "Grillplats med fantastisk utsikt över Sundsvalls stad och Sundsvallsbron"
          },
          {
            "id": 87,
            "name": "Grillgaller",
            "type": "FREETEXT",
            "value": "Sliten"
          }
        ],
        "centerPoint": [
          17.30750752499494,
          62.36857642831813
        ]
      },
      "geometry": {
        "type": "Point",
        "coordinates": [
          17.30750752499494,
          62.36857642831813
        ]
      }
    },
    {
      "id": 151,
      "type": "Feature",
      "properties": {
        "name": "Grill Södra berget Tarzan stigen",
        "type": "Grill",
        "created": "2018-06-18 13:36:50",
        "updated": "2021-05-28 08:39:28",
        "published": true,
        "owner": {
          "organizationID": 36,
          "name": "Sundsvalls kommun Friluftsenheten"
        },
        "manager": {
          "organizationID": 36,
          "name": "Sundsvalls kommun Friluftsenheten"
        },
        "fields": [
          {
            "id": 73,
            "name": "Status",
            "type": "DROPDOWN",
            "value": "Trasig"
          },
          {
            "id": 85,
            "name": "Typ av grill",
            "type": "DROPDOWN",
            "value": "Cementring"
          },
          {
            "id": 86,
            "name": "Värmekälla",
            "type": "DROPDOWN",
            "value": "Ved"
          },
          {
            "id": 70,
            "name": "Byggnadsår",
            "type": "INTEGER",
            "value": 2003
          },
          {
            "id": 71,
            "name": "Renoveringsår",
            "type": "INTEGER",
            "value": 2018
          },
          {
            "id": 74,
            "name": "Statusdatum",
            "type": "DATE",
            "value": "2018-06-18"
          },
          {
            "id": 79,
            "name": "Tillhörande filer",
            "type": "FILES",
            "value": [
              {
                "id": 55,
                "filename": "image.jpg",
                "description": "Grill",
                "alttext": "Grill",
                "sourcetext": "Feriearbetare, Friluftsenheten",
                "validForWinter": true,
                "validForSummer": true,
                "sortIndex": 1,
                "type": "image/jpeg",
                "size": 5710864,
                "url": "https://api.sundsvall.se/facilities/2.2/field/filesfield/55",
                "license": "CC0",
                "licenseDescription": "Creative commons. \"No rights reserved\" https://creativecommons.org/share-your-work/public-domain/cc0/"
              }
            ]
          },
          {
            "id": 72,
            "name": "Handikappanpassad",
            "type": "TOGGLE",
            "value": "Nej"
          },
          {
            "id": 288,
            "name": "Felanmälan",
            "type": "Felanmälningstjänst",
            "reportName": "Kontakt Sundsvall",
            "reportDescription": "Felanmälan av motionsspår, elljusspår, leder och andra friluftsanläggningar",
            "reportLink": "https://sundsvall.se/kommun-och-politik/politik-och-demokrati/dialog-och-synpunkter/felanmalan",
            "reportPhone": "060-19 10 00",
            "reportEmail": "kontakt@sundsvall.se"
          },
          {
            "id": 77,
            "name": "Beskrivning",
            "type": "FREETEXT",
            "value": "Sprickor i sidorna"
          },
          {
            "id": 87,
            "name": "Grillgaller",
            "type": "FREETEXT",
            "value": "Ja, helt"
          }
        ],
        "centerPoint": [
          17.323224752639266,
          62.367904921476836
        ]
      },
      "geometry": {
        "type": "Point",
        "coordinates": [
          17.323224752639266,
          62.367904921476836
        ]
      }
    },
    {
      "id": 176,
      "type": "Feature",
      "properties": {
        "name": "Grill Sidsjöbackens fot",
        "type": "Grill",
        "created": "2018-06-19 13:31:07",
        "updated": "2021-12-14 09:40:06",
        "published": true,
        "owner": {
          "organizationID": 36,
          "name": "Sundsvalls kommun Friluftsenheten"
        },
        "manager": {
          "organizationID": 36,
          "name": "Sundsvalls kommun Friluftsenheten"
        },
        "fields": [
          {
            "id": 73,
            "name": "Status",
            "type": "DROPDOWN",
            "value": "Sliten"
          },
          {
            "id": 85,
            "name": "Typ av grill",
            "type": "DROPDOWN",
            "value": "Murad natursten"
          },
          {
            "id": 86,
            "name": "Värmekälla",
            "type": "DROPDOWN",
            "value": "Ved"
          },
          {
            "id": 70,
            "name": "Byggnadsår",
            "type": "INTEGER",
            "value": 2008
          },
          {
            "id": 71,
            "name": "Renoveringsår",
            "type": "INTEGER",
            "value": 2018
          },
          {
            "id": 74,
            "name": "Statusdatum",
            "type": "DATE",
            "value": "2018-06-19"
          },
          {
            "id": 79,
            "name": "Tillhörande filer",
            "type": "FILES",
            "value": [
              {
                "id": 75,
                "filename": "image.jpg",
                "description": "Grill",
                "alttext": "Grill",
                "sourcetext": "Anders Erlandsson, Friluftsenheten",
                "validForWinter": true,
                "validForSummer": true,
                "sortIndex": 1,
                "type": "image/jpeg",
                "size": 6258381,
                "url": "https://api.sundsvall.se/facilities/2.2/field/filesfield/75",
                "license": "CC0",
                "licenseDescription": "Creative commons. \"No rights reserved\" https://creativecommons.org/share-your-work/public-domain/cc0/"
              }
            ]
          },
          {
            "id": 72,
            "name": "Handikappanpassad",
            "type": "TOGGLE",
            "value": "Nej"
          },
          {
            "id": 288,
            "name": "Felanmälan",
            "type": "Felanmälningstjänst",
            "reportName": "Kontakt Sundsvall",
            "reportDescription": "Felanmälan av motionsspår, elljusspår, leder och andra friluftsanläggningar",
            "reportLink": "https://sundsvall.se/kommun-och-politik/politik-och-demokrati/dialog-och-synpunkter/felanmalan",
            "reportPhone": "060-19 10 00",
            "reportEmail": "kontakt@sundsvall.se"
          },
          {
            "id": 87,
            "name": "Grillgaller",
            "type": "FREETEXT",
            "value": "Ja, slitet"
          }
        ],
        "centerPoint": [
          17.27869647371014,
          62.37064514019389
        ]
      },
      "geometry": {
        "type": "Point",
        "coordinates": [
          17.27869647371014,
          62.37064514019389
        ]
      }
    },
    {
      "id": 180,
      "type": "Feature",
      "properties": {
        "name": "Grill Sidsjöbacken",
        "type": "Grill",
        "created": "2018-06-19 13:42:57",
        "updated": "2021-12-14 09:42:29",
        "published": true,
        "owner": {
          "organizationID": 36,
          "name": "Sundsvalls kommun Friluftsenheten"
        },
        "manager": {
          "organizationID": 36,
          "name": "Sundsvalls kommun Friluftsenheten"
        },
        "fields": [
          {
            "id": 73,
            "name": "Status",
            "type": "DROPDOWN",
            "value": "Sliten"
          },
          {
            "id": 85,
            "name": "Typ av grill",
            "type": "DROPDOWN",
            "value": "Natursten"
          },
          {
            "id": 86,
            "name": "Värmekälla",
            "type": "DROPDOWN",
            "value": "Ved"
          },
          {
            "id": 70,
            "name": "Byggnadsår",
            "type": "INTEGER",
            "value": 2008
          },
          {
            "id": 74,
            "name": "Statusdatum",
            "type": "DATE",
            "value": "2018-06-19"
          },
          {
            "id": 79,
            "name": "Tillhörande filer",
            "type": "FILES",
            "value": [
              {
                "id": 79,
                "filename": "image.jpg",
                "description": "Grill",
                "alttext": "Grill",
                "sourcetext": "Anders Erlandsson, Friluftsenheten",
                "validForWinter": true,
                "validForSummer": true,
                "sortIndex": 1,
                "type": "image/jpeg",
                "size": 5607234,
                "url": "https://api.sundsvall.se/facilities/2.2/field/filesfield/79",
                "license": "CC0",
                "licenseDescription": "Creative commons. \"No rights reserved\" https://creativecommons.org/share-your-work/public-domain/cc0/"
              }
            ]
          },
          {
            "id": 72,
            "name": "Handikappanpassad",
            "type": "TOGGLE",
            "value": "Nej"
          },
          {
            "id": 288,
            "name": "Felanmälan",
            "type": "Felanmälningstjänst",
            "reportName": "Kontakt Sundsvall",
            "reportDescription": "Felanmälan av motionsspår, elljusspår, leder och andra friluftsanläggningar",
            "reportLink": "https://sundsvall.se/kommun-och-politik/politik-och-demokrati/dialog-och-synpunkter/felanmalan",
            "reportPhone": "060-19 10 00",
            "reportEmail": "kontakt@sundsvall.se"
          },
          {
            "id": 87,
            "name": "Grillgaller",
            "type": "FREETEXT",
            "value": "Ja, slitet"
          }
        ],
        "centerPoint": [
          17.275816978922354,
          62.36886201337859
        ]
      },
      "geometry": {
        "type": "Point",
        "coordinates": [
          17.275816978922354,
          62.36886201337859
        ]
      }
    },
    {
      "id": 184,
      "type": "Feature",
      "properties": {
        "name": "Grillhuset vid Sidsjöstugan",
        "type": "Grill",
        "created": "2018-06-19 13:47:31",
        "updated": "2021-12-14 09:45:07",
        "published": true,
        "owner": {
          "organizationID": 36,
          "name": "Sundsvalls kommun Friluftsenheten"
        },
        "manager": {
          "organizationID": 36,
          "name": "Sundsvalls kommun Friluftsenheten"
        },
        "fields": [
          {
            "id": 73,
            "name": "Status",
            "type": "DROPDOWN",
            "value": "Sliten"
          },
          {
            "id": 85,
            "name": "Typ av grill",
            "type": "DROPDOWN",
            "value": "Natursten"
          },
          {
            "id": 86,
            "name": "Värmekälla",
            "type": "DROPDOWN",
            "value": "Ved"
          },
          {
            "id": 70,
            "name": "Byggnadsår",
            "type": "INTEGER",
            "value": 2010
          },
          {
            "id": 71,
            "name": "Renoveringsår",
            "type": "INTEGER",
            "value": 2018
          },
          {
            "id": 74,
            "name": "Statusdatum",
            "type": "DATE",
            "value": "2018-06-19"
          },
          {
            "id": 79,
            "name": "Tillhörande filer",
            "type": "FILES",
            "value": [
              {
                "id": 83,
                "filename": "image.jpg",
                "description": "Grill",
                "alttext": "Grill",
                "sourcetext": "Anders Erlandsson, Friluftsenheten",
                "validForWinter": true,
                "validForSummer": true,
                "sortIndex": null,
                "type": "image/jpeg",
                "size": 4579506,
                "url": "https://api.sundsvall.se/facilities/2.2/field/filesfield/83",
                "license": "CC0",
                "licenseDescription": "Creative commons. \"No rights reserved\" https://creativecommons.org/share-your-work/public-domain/cc0/"
              }
            ]
          },
          {
            "id": 72,
            "name": "Handikappanpassad",
            "type": "TOGGLE",
            "value": "Nej"
          },
          {
            "id": 288,
            "name": "Felanmälan",
            "type": "Felanmälningstjänst",
            "reportName": "Kontakt Sundsvall",
            "reportDescription": "Felanmälan av motionsspår, elljusspår, leder och andra friluftsanläggningar",
            "reportLink": "https://sundsvall.se/kommun-och-politik/politik-och-demokrati/dialog-och-synpunkter/felanmalan",
            "reportPhone": "060-19 10 00",
            "reportEmail": "kontakt@sundsvall.se"
          },
          {
            "id": 87,
            "name": "Grillgaller",
            "type": "FREETEXT",
            "value": "Ja, slitet"
          }
        ],
        "centerPoint": [
          17.274996136105923,
          62.36876339073655
        ]
      },
      "geometry": {
        "type": "Point",
        "coordinates": [
          17.274996136105923,
          62.36876339073655
        ]
      }
    },
    {
      "id": 206,
      "type": "Feature",
      "properties": {
        "name": "Grill Abborvikens badplats",
        "type": "Grill",
        "created": "2018-06-19 14:58:43",
        "updated": "2026-03-23 14:39:55",
        "published": true,
        "parentObjects": [
          4249
        ],
        "owner": {
          "organizationID": 36,
          "name": "Sundsvalls kommun Friluftsenheten"
        },
        "manager": {
          "organizationID": 36,
          "name": "Sundsvalls kommun Friluftsenheten"
        },
        "fields": [
          {
            "id": 73,
            "name": "Status",
            "type": "DROPDOWN",
            "value": "Sliten"
          },
          {
            "id": 85,
            "name": "Typ av grill",
            "type": "DROPDOWN",
            "value": "Svetsad fyrkantsmetall"
          },
          {
            "id": 86,
            "name": "Värmekälla",
            "type": "DROPDOWN",
            "value": "Ved"
          },
          {
            "id": 70,
            "name": "Byggnadsår",
            "type": "INTEGER",
            "value": 2014
          },
          {
            "id": 74,
            "name": "Statusdatum",
            "type": "DATE",
            "value": "2018-06-19"
          },
          {
            "id": 79,
            "name": "Tillhörande filer",
            "type": "FILES",
            "value": [
              {
                "id": 103,
                "filename": "image.jpg",
                "description": "Grill",
                "alttext": "Grill",
                "sourcetext": "Anders Erlandsson, Friluftsenheten",
                "validForWinter": true,
                "validForSummer": true,
                "sortIndex": 1,
                "type": "image/jpeg",
                "size": 5953958,
                "url": "https://api.sundsvall.se/facilities/2.2/field/filesfield/103",
                "license": "CC0",
                "licenseDescription": "Creative commons. \"No rights reserved\" https://creativecommons.org/share-your-work/public-domain/cc0/"
              }
            ]
          },
          {
            "id": 72,
            "name": "Handikappanpassad",
            "type": "TOGGLE",
            "value": "Nej"
          },
          {
            "id": 288,
            "name": "Felanmälan",
            "type": "Felanmälningstjänst",
            "reportName": "Kontakt Sundsvall",
            "reportDescription": "Felanmälan av motionsspår, elljusspår, leder och andra friluftsanläggningar",
            "reportLink": "https://sundsvall.se/kommun-och-politik/politik-och-demokrati/dialog-och-synpunkter/felanmalan",
            "reportPhone": "060-19 10 00",
            "reportEmail": "kontakt@sundsvall.se"
          },
          {
            "id": 87,
            "name": "Grillgaller",
            "type": "FREETEXT",
            "value": "Ja, slitet"
          }
        ],
        "centerPoint": [
          17.274714776341288,
          62.37483562541703
        ]
      },
      "geometry": {
        "type": "Point",
        "coordinates": [
          17.274714776341288,
          62.37483562541703
        ]
      }
    },
    {
      "id": 219,
      "type": "Feature",
      "properties": {
        "name": "Grill Sidsjö skidlek och pulkabacke",
        "type": "Grill",
        "created": "2018-06-20 08:48:23",
        "updated": "2021-12-14 10:07:59",
        "published": true,
        "owner": {
          "organizationID": 36,
          "name": "Sundsvalls kommun Friluftsenheten"
        },
        "manager": {
          "organizationID": 36,
          "name": "Sundsvalls kommun Friluftsenheten"
        },
        "fields": [
          {
            "id": 73,
            "name": "Status",
            "type": "DROPDOWN",
            "value": "Trasig"
          },
          {
            "id": 85,
            "name": "Typ av grill",
            "type": "DROPDOWN",
            "value": "Murad natursten"
          },
          {
            "id": 86,
            "name": "Värmekälla",
            "type": "DROPDOWN",
            "value": "Ved"
          },
          {
            "id": 70,
            "name": "Byggnadsår",
            "type": "INTEGER",
            "value": 2010
          },
          {
            "id": 74,
            "name": "Statusdatum",
            "type": "DATE",
            "value": "2018-06-20"
          },
          {
            "id": 79,
            "name": "Tillhörande filer",
            "type": "FILES",
            "value": [
              {
                "id": 114,
                "filename": "image.jpg",
                "description": "Grill",
                "alttext": "Grill",
                "sourcetext": "Anders Erlandsson, Friluftsenheten",
                "validForWinter": true,
                "validForSummer": true,
                "sortIndex": 1,
                "type": "image/jpeg",
                "size": 3483722,
                "url": "https://api.sundsvall.se/facilities/2.2/field/filesfield/114",
                "license": "CC0",
                "licenseDescription": "Creative commons. \"No rights reserved\" https://creativecommons.org/share-your-work/public-domain/cc0/"
              }
            ]
          },
          {
            "id": 72,
            "name": "Handikappanpassad",
            "type": "TOGGLE",
            "value": "Nej"
          },
          {
            "id": 288,
            "name": "Felanmälan",
            "type": "Felanmälningstjänst",
            "reportName": "Kontakt Sundsvall",
            "reportDescription": "Felanmälan av motionsspår, elljusspår, leder och andra friluftsanläggningar",
            "reportLink": "https://sundsvall.se/kommun-och-politik/politik-och-demokrati/dialog-och-synpunkter/felanmalan",
            "reportPhone": "060-19 10 00",
            "reportEmail": "kontakt@sundsvall.se"
          },
          {
            "id": 87,
            "name": "Grillgaller",
            "type": "FREETEXT",
            "value": "Slitet"
          }
        ],
        "centerPoint": [
          17.26893490661694,
          62.36806275189342
        ]
      },
      "geometry": {
        "type": "Point",
        "coordinates": [
          17.26893490661694,
          62.36806275189342
        ]
      }
    },
    {
      "id": 237,
      "type": "Feature",
      "properties": {
        "name": "Grill Backstugan",
        "type": "Grill",
        "created": "2018-06-20 13:16:16",
        "updated": "2021-12-17 16:08:03",
        "published": true,
        "owner": {
          "organizationID": 36,
          "name": "Sundsvalls kommun Friluftsenheten"
        },
        "manager": {
          "organizationID": 36,
          "name": "Sundsvalls kommun Friluftsenheten"
        },
        "fields": [
          {
            "id": 73,
            "name": "Status",
            "type": "DROPDOWN",
            "value": "Fin"
          },
          {
            "id": 85,
            "name": "Typ av grill",
            "type": "DROPDOWN",
            "value": "Murad natursten"
          },
          {
            "id": 86,
            "name": "Värmekälla",
            "type": "DROPDOWN",
            "value": "Ved"
          },
          {
            "id": 70,
            "name": "Byggnadsår",
            "type": "INTEGER",
            "value": 2013
          },
          {
            "id": 74,
            "name": "Statusdatum",
            "type": "DATE",
            "value": "2018-06-20"
          },
          {
            "id": 79,
            "name": "Tillhörande filer",
            "type": "FILES",
            "value": [
              {
                "id": 126,
                "filename": "image.jpg",
                "description": "Grill",
                "alttext": "Grill",
                "sourcetext": "Feriearbetare, Friluftsenheten",
                "validForWinter": true,
                "validForSummer": true,
                "sortIndex": 1,
                "type": "image/jpeg",
                "size": 5354685,
                "url": "https://api.sundsvall.se/facilities/2.2/field/filesfield/126",
                "license": "CC0",
                "licenseDescription": "Creative commons. \"No rights reserved\" https://creativecommons.org/share-your-work/public-domain/cc0/"
              }
            ]
          },
          {
            "id": 72,
            "name": "Handikappanpassad",
            "type": "TOGGLE",
            "value": "Nej"
          },
          {
            "id": 288,
            "name": "Felanmälan",
            "type": "Felanmälningstjänst",
            "reportName": "Kontakt Sundsvall",
            "reportDescription": "Felanmälan av motionsspår, elljusspår, leder och andra friluftsanläggningar",
            "reportLink": "https://sundsvall.se/kommun-och-politik/politik-och-demokrati/dialog-och-synpunkter/felanmalan",
            "reportPhone": "060-19 10 00",
            "reportEmail": "kontakt@sundsvall.se"
          },
          {
            "id": 87,
            "name": "Grillgaller",
            "type": "FREETEXT",
            "value": "Ja, lite slitet"
          }
        ],
        "centerPoint": [
          17.29232077944727,
          62.367899171540174
        ]
      },
      "geometry": {
        "type": "Point",
        "coordinates": [
          17.29232077944727,
          62.367899171540174
        ]
      }
    },
    {
      "id": 242,
      "type": "Feature",
      "properties": {
        "name": "Grill inne i Backstugan",
        "type": "Grill",
        "created": "2018-06-20 13:22:23",
        "updated": "2021-12-17 16:09:55",
        "published": true,
        "owner": {
          "organizationID": 36,
          "name": "Sundsvalls kommun Friluftsenheten"
        },
        "manager": {
          "organizationID": 36,
          "name": "Sundsvalls kommun Friluftsenheten"
        },
        "fields": [
          {
            "id": 73,
            "name": "Status",
            "type": "DROPDOWN",
            "value": "Sliten"
          },
          {
            "id": 85,
            "name": "Typ av grill",
            "type": "DROPDOWN",
            "value": "Svetsad fyrkantsmetall"
          },
          {
            "id": 86,
            "name": "Värmekälla",
            "type": "DROPDOWN",
            "value": "Ved"
          },
          {
            "id": 70,
            "name": "Byggnadsår",
            "type": "INTEGER",
            "value": 2012
          },
          {
            "id": 74,
            "name": "Statusdatum",
            "type": "DATE",
            "value": "2018-06-20"
          },
          {
            "id": 79,
            "name": "Tillhörande filer",
            "type": "FILES",
            "value": [
              {
                "id": 131,
                "filename": "image.jpg",
                "description": "Grill",
                "alttext": "Grill",
                "sourcetext": "Feriearbetare, Friluftsenheten",
                "validForWinter": true,
                "validForSummer": true,
                "sortIndex": 1,
                "type": "image/jpeg",
                "size": 1967330,
                "url": "https://api.sundsvall.se/facilities/2.2/field/filesfield/131",
                "license": "CC0",
                "licenseDescription": "Creative commons. \"No rights reserved\" https://creativecommons.org/share-your-work/public-domain/cc0/"
              }
            ]
          },
          {
            "id": 72,
            "name": "Handikappanpassad",
            "type": "TOGGLE",
            "value": "Nej"
          },
          {
            "id": 288,
            "name": "Felanmälan",
            "type": "Felanmälningstjänst",
            "reportName": "Kontakt Sundsvall",
            "reportDescription": "Felanmälan av motionsspår, elljusspår, leder och andra friluftsanläggningar",
            "reportLink": "https://sundsvall.se/kommun-och-politik/politik-och-demokrati/dialog-och-synpunkter/felanmalan",
            "reportPhone": "060-19 10 00",
            "reportEmail": "kontakt@sundsvall.se"
          },
          {
            "id": 87,
            "name": "Grillgaller",
            "type": "FREETEXT",
            "value": "Nej"
          }
        ],
        "centerPoint": [
          17.292164969889217,
          62.367928894041846
        ]
      },
      "geometry": {
        "type": "Point",
        "coordinates": [
          17.292164969889217,
          62.367928894041846
        ]
      }
    },
    {
      "id": 248,
      "type": "Feature",
      "properties": {
        "name": "Grill Sidsjöbackens topp",
        "type": "Grill",
        "created": "2018-06-20 14:48:13",
        "updated": "2024-10-22 18:35:41",
        "published": true,
        "parentObjects": [
          643
        ],
        "owner": {
          "organizationID": 36,
          "name": "Sundsvalls kommun Friluftsenheten"
        },
        "manager": {
          "organizationID": 36,
          "name": "Sundsvalls kommun Friluftsenheten"
        },
        "fields": [
          {
            "id": 73,
            "name": "Status",
            "type": "DROPDOWN",
            "value": "Trasig"
          },
          {
            "id": 85,
            "name": "Typ av grill",
            "type": "DROPDOWN",
            "value": "Natursten"
          },
          {
            "id": 86,
            "name": "Värmekälla",
            "type": "DROPDOWN",
            "value": "Ved"
          },
          {
            "id": 70,
            "name": "Byggnadsår",
            "type": "INTEGER",
            "value": 2010
          },
          {
            "id": 71,
            "name": "Renoveringsår",
            "type": "INTEGER",
            "value": 2018
          },
          {
            "id": 74,
            "name": "Statusdatum",
            "type": "DATE",
            "value": "2018-06-20"
          },
          {
            "id": 79,
            "name": "Tillhörande filer",
            "type": "FILES",
            "value": [
              {
                "id": 136,
                "filename": "image.jpg",
                "description": "Grill",
                "alttext": "Grill",
                "sourcetext": "Feriearbetare, Friluftsenheten",
                "validForWinter": true,
                "validForSummer": true,
                "sortIndex": 1,
                "type": "image/jpeg",
                "size": 3677534,
                "url": "https://api.sundsvall.se/facilities/2.2/field/filesfield/136",
                "license": "CC0",
                "licenseDescription": "Creative commons. \"No rights reserved\" https://creativecommons.org/share-your-work/public-domain/cc0/"
              }
            ]
          },
          {
            "id": 72,
            "name": "Handikappanpassad",
            "type": "TOGGLE",
            "value": "Nej"
          },
          {
            "id": 288,
            "name": "Felanmälan",
            "type": "Felanmälningstjänst",
            "reportName": "Kontakt Sundsvall",
            "reportDescription": "Felanmälan av motionsspår, elljusspår, leder och andra friluftsanläggningar",
            "reportLink": "https://sundsvall.se/kommun-och-politik/politik-och-demokrati/dialog-och-synpunkter/felanmalan",
            "reportPhone": "060-19 10 00",
            "reportEmail": "kontakt@sundsvall.se"
          },
          {
            "id": 87,
            "name": "Grillgaller",
            "type": "FREETEXT",
            "value": "Ja"
          }
        ],
        "centerPoint": [
          17.28645812940545,
          62.36897836393368
        ]
      },
      "geometry": {
        "type": "Point",
        "coordinates": [
          17.28645812940545,
          62.36897836393368
        ]
      }
    },
    {
      "id": 259,
      "type": "Feature",
      "properties": {
        "name": "Grill vid vindskydd Brokojan",
        "type": "Grill",
        "created": "2018-06-21 08:46:37",
        "updated": "2021-12-17 16:23:56",
        "published": true,
        "owner": {
          "organizationID": 36,
          "name": "Sundsvalls kommun Friluftsenheten"
        },
        "manager": {
          "organizationID": 36,
          "name": "Sundsvalls kommun Friluftsenheten"
        },
        "fields": [
          {
            "id": 73,
            "name": "Status",
            "type": "DROPDOWN",
            "value": "Trasig"
          },
          {
            "id": 85,
            "name": "Typ av grill",
            "type": "DROPDOWN",
            "value": "Natursten"
          },
          {
            "id": 86,
            "name": "Värmekälla",
            "type": "DROPDOWN",
            "value": "Ved"
          },
          {
            "id": 70,
            "name": "Byggnadsår",
            "type": "INTEGER",
            "value": 2009
          },
          {
            "id": 74,
            "name": "Statusdatum",
            "type": "DATE",
            "value": "2018-06-21"
          },
          {
            "id": 79,
            "name": "Tillhörande filer",
            "type": "FILES",
            "value": [
              {
                "id": 144,
                "filename": "image.jpg",
                "description": "Eldstad",
                "alttext": "Eldstad",
                "sourcetext": "Feriearbetare, Friluftsenheten",
                "validForWinter": true,
                "validForSummer": true,
                "sortIndex": 1,
                "type": "image/jpeg",
                "size": 4137797,
                "url": "https://api.sundsvall.se/facilities/2.2/field/filesfield/144",
                "license": "CC0",
                "licenseDescription": "Creative commons. \"No rights reserved\" https://creativecommons.org/share-your-work/public-domain/cc0/"
              }
            ]
          },
          {
            "id": 72,
            "name": "Handikappanpassad",
            "type": "TOGGLE",
            "value": "Nej"
          },
          {
            "id": 288,
            "name": "Felanmälan",
            "type": "Felanmälningstjänst",
            "reportName": "Kontakt Sundsvall",
            "reportDescription": "Felanmälan av motionsspår, elljusspår, leder och andra friluftsanläggningar",
            "reportLink": "https://sundsvall.se/kommun-och-politik/politik-och-demokrati/dialog-och-synpunkter/felanmalan",
            "reportPhone": "060-19 10 00",
            "reportEmail": "kontakt@sundsvall.se"
          },
          {
            "id": 87,
            "name": "Grillgaller",
            "type": "FREETEXT",
            "value": "Ja"
          }
        ],
        "centerPoint": [
          17.29908599676014,
          62.36438495525459
        ]
      },
      "geometry": {
        "type": "Point",
        "coordinates": [
          17.29908599676014,
          62.36438495525459
        ]
      }
    },
    {
      "id": 261,
      "type": "Feature",
      "properties": {
        "name": "Grill vid Brokojan",
        "type": "Grill",
        "created": "2018-06-21 08:48:19",
        "updated": "2021-12-17 16:25:05",
        "published": true,
        "owner": {
          "organizationID": 36,
          "name": "Sundsvalls kommun Friluftsenheten"
        },
        "manager": {
          "organizationID": 36,
          "name": "Sundsvalls kommun Friluftsenheten"
        },
        "fields": [
          {
            "id": 73,
            "name": "Status",
            "type": "DROPDOWN",
            "value": "Sliten"
          },
          {
            "id": 85,
            "name": "Typ av grill",
            "type": "DROPDOWN",
            "value": "Murad natursten"
          },
          {
            "id": 86,
            "name": "Värmekälla",
            "type": "DROPDOWN",
            "value": "Ved"
          },
          {
            "id": 70,
            "name": "Byggnadsår",
            "type": "INTEGER",
            "value": 2010
          },
          {
            "id": 74,
            "name": "Statusdatum",
            "type": "DATE",
            "value": "2018-06-21"
          },
          {
            "id": 79,
            "name": "Tillhörande filer",
            "type": "FILES",
            "value": [
              {
                "id": 146,
                "filename": "image.jpg",
                "description": "Grill",
                "alttext": "Grill",
                "sourcetext": "Feriearbetare, Friluftsenheten",
                "validForWinter": true,
                "validForSummer": true,
                "sortIndex": 1,
                "type": "image/jpeg",
                "size": 5987347,
                "url": "https://api.sundsvall.se/facilities/2.2/field/filesfield/146",
                "license": "CC0",
                "licenseDescription": "Creative commons. \"No rights reserved\" https://creativecommons.org/share-your-work/public-domain/cc0/"
              },
              {
                "id": 1874,
                "filename": "20200914_075205.jpg",
                "description": "Grill",
                "alttext": "Grill",
                "sourcetext": "Feriearbetare, Friluftsenheten",
                "validForWinter": true,
                "validForSummer": true,
                "sortIndex": 2,
                "type": "image/jpeg",
                "size": 7862411,
                "url": "https://api.sundsvall.se/facilities/2.2/field/filesfield/1874",
                "license": "CC0",
                "licenseDescription": "Creative commons. \"No rights reserved\" https://creativecommons.org/share-your-work/public-domain/cc0/"
              }
            ]
          },
          {
            "id": 72,
            "name": "Handikappanpassad",
            "type": "TOGGLE",
            "value": "Nej"
          },
          {
            "id": 288,
            "name": "Felanmälan",
            "type": "Felanmälningstjänst",
            "reportName": "Kontakt Sundsvall",
            "reportDescription": "Felanmälan av motionsspår, elljusspår, leder och andra friluftsanläggningar",
            "reportLink": "https://sundsvall.se/kommun-och-politik/politik-och-demokrati/dialog-och-synpunkter/felanmalan",
            "reportPhone": "060-19 10 00",
            "reportEmail": "kontakt@sundsvall.se"
          },
          {
            "id": 87,
            "name": "Grillgaller",
            "type": "FREETEXT",
            "value": "Ja, slitet"
          }
        ],
        "centerPoint": [
          17.299474298441645,
          62.36463983020978
        ]
      },
      "geometry": {
        "type": "Point",
        "coordinates": [
          17.299474298441645,
          62.36463983020978
        ]
      }
    },
    {
      "id": 264,
      "type": "Feature",
      "properties": {
        "name": "Grill i Brokojan",
        "type": "Grill",
        "created": "2018-06-21 08:51:55",
        "updated": "2021-12-17 16:26:53",
        "published": true,
        "owner": {
          "organizationID": 36,
          "name": "Sundsvalls kommun Friluftsenheten"
        },
        "manager": {
          "organizationID": 36,
          "name": "Sundsvalls kommun Friluftsenheten"
        },
        "fields": [
          {
            "id": 73,
            "name": "Status",
            "type": "DROPDOWN",
            "value": "Fin"
          },
          {
            "id": 85,
            "name": "Typ av grill",
            "type": "DROPDOWN",
            "value": "Svetsad fyrkantsmetall"
          },
          {
            "id": 86,
            "name": "Värmekälla",
            "type": "DROPDOWN",
            "value": "Ved"
          },
          {
            "id": 70,
            "name": "Byggnadsår",
            "type": "INTEGER",
            "value": 2012
          },
          {
            "id": 74,
            "name": "Statusdatum",
            "type": "DATE",
            "value": "2018-06-21"
          },
          {
            "id": 79,
            "name": "Tillhörande filer",
            "type": "FILES",
            "value": [
              {
                "id": 149,
                "filename": "image.jpg",
                "description": "Grill",
                "alttext": "Grill",
                "sourcetext": "Anders Erlandsson, Friluftsenheten",
                "validForWinter": true,
                "validForSummer": true,
                "sortIndex": 1,
                "type": "image/jpeg",
                "size": 3183221,
                "url": "https://api.sundsvall.se/facilities/2.2/field/filesfield/149",
                "license": "CC0",
                "licenseDescription": "Creative commons. \"No rights reserved\" https://creativecommons.org/share-your-work/public-domain/cc0/"
              }
            ]
          },
          {
            "id": 72,
            "name": "Handikappanpassad",
            "type": "TOGGLE",
            "value": "Nej"
          },
          {
            "id": 288,
            "name": "Felanmälan",
            "type": "Felanmälningstjänst",
            "reportName": "Kontakt Sundsvall",
            "reportDescription": "Felanmälan av motionsspår, elljusspår, leder och andra friluftsanläggningar",
            "reportLink": "https://sundsvall.se/kommun-och-politik/politik-och-demokrati/dialog-och-synpunkter/felanmalan",
            "reportPhone": "060-19 10 00",
            "reportEmail": "kontakt@sundsvall.se"
          },
          {
            "id": 87,
            "name": "Grillgaller",
            "type": "FREETEXT",
            "value": "Ja, trasigt"
          }
        ],
        "centerPoint": [
          17.299482418956167,
          62.36469345882239
        ]
      },
      "geometry": {
        "type": "Point",
        "coordinates": [
          17.299482418956167,
          62.36469345882239
        ]
      }
    },
    {
      "id": 270,
      "type": "Feature",
      "properties": {
        "name": "Grill vid Jaktkojan",
        "type": "Grill",
        "created": "2018-06-21 10:29:41",
        "updated": "2026-06-22 09:29:21",
        "published": true,
        "parentObjects": [
          695,
          4142,
          4488
        ],
        "owner": {
          "organizationID": 36,
          "name": "Sundsvalls kommun Friluftsenheten"
        },
        "manager": {
          "organizationID": 36,
          "name": "Sundsvalls kommun Friluftsenheten"
        },
        "fields": [
          {
            "id": 73,
            "name": "Status",
            "type": "DROPDOWN",
            "value": "Sliten"
          },
          {
            "id": 85,
            "name": "Typ av grill",
            "type": "DROPDOWN",
            "value": "Natursten"
          },
          {
            "id": 86,
            "name": "Värmekälla",
            "type": "DROPDOWN",
            "value": "Ved"
          },
          {
            "id": 70,
            "name": "Byggnadsår",
            "type": "INTEGER",
            "value": 2008
          },
          {
            "id": 74,
            "name": "Statusdatum",
            "type": "DATE",
            "value": "2018-06-21"
          },
          {
            "id": 79,
            "name": "Tillhörande filer",
            "type": "FILES",
            "value": [
              {
                "id": 2073,
                "filename": "20210501_073620.jpg",
                "description": "Grillplats",
                "alttext": "Grillplats",
                "sourcetext": "Anders Erlandsson, Friluftsenheten",
                "validForWinter": true,
                "validForSummer": true,
                "sortIndex": 1,
                "type": "image/jpeg",
                "size": 6141961,
                "url": "https://api.sundsvall.se/facilities/2.2/field/filesfield/2073",
                "license": "CC0",
                "licenseDescription": "Creative commons. \"No rights reserved\" https://creativecommons.org/share-your-work/public-domain/cc0/"
              },
              {
                "id": 154,
                "filename": "image.jpg",
                "description": "Kallmurad grillplats ",
                "alttext": "Kallmurad grillplats ",
                "sourcetext": "Anders Erlandsson, Friluftsenheten",
                "validForWinter": true,
                "validForSummer": true,
                "sortIndex": 2,
                "type": "image/jpeg",
                "size": 3340972,
                "url": "https://api.sundsvall.se/facilities/2.2/field/filesfield/154",
                "license": "CC0",
                "licenseDescription": "Creative commons. \"No rights reserved\" https://creativecommons.org/share-your-work/public-domain/cc0/"
              }
            ]
          },
          {
            "id": 72,
            "name": "Handikappanpassad",
            "type": "TOGGLE",
            "value": "Nej"
          },
          {
            "id": 288,
            "name": "Felanmälan",
            "type": "Felanmälningstjänst",
            "reportName": "Kontakt Sundsvall",
            "reportDescription": "Felanmälan av motionsspår, elljusspår, leder och andra friluftsanläggningar",
            "reportLink": "https://sundsvall.se/kommun-och-politik/politik-och-demokrati/dialog-och-synpunkter/felanmalan",
            "reportPhone": "060-19 10 00",
            "reportEmail": "kontakt@sundsvall.se"
          },
          {
            "id": 87,
            "name": "Grillgaller",
            "type": "FREETEXT",
            "value": "Ja litet och slitet"
          }
        ],
        "centerPoint": [
          17.29770191006255,
          62.35870536357406
        ]
      },
      "geometry": {
        "type": "Point",
        "coordinates": [
          17.29770191006255,
          62.35870536357406
        ]
      }
    },
    {
      "id": 275,
      "type": "Feature",
      "properties": {
        "name": "Fågelbergsstugan",
        "type": "Grill",
        "created": "2018-06-21 11:52:32",
        "updated": "2026-03-10 12:05:10",
        "published": false,
        "parentObjects": [
          695
        ]
      },
      "geometry": null
    },
    {
      "id": 279,
      "type": "Feature",
      "properties": {
        "name": "Slädaviken",
        "type": "Grill",
        "created": "2018-06-21 14:44:40",
        "published": false
      },
      "geometry": null
    },
    {
      "id": 288,
      "type": "Feature",
      "properties": {
        "name": "Hartungviken",
        "type": "Grill",
        "created": "2018-06-21 15:16:15",
        "updated": "2019-10-14 13:17:05",
        "published": false
      },
      "geometry": null
    },
    {
      "id": 313,
      "type": "Feature",
      "properties": {
        "name": "Grill Hornsjön",
        "type": "Grill",
        "created": "2018-06-26 14:29:11",
        "updated": "2021-12-17 16:45:15",
        "published": true,
        "owner": {
          "organizationID": 36,
          "name": "Sundsvalls kommun Friluftsenheten"
        },
        "manager": {
          "organizationID": 36,
          "name": "Sundsvalls kommun Friluftsenheten"
        },
        "fields": [
          {
            "id": 73,
            "name": "Status",
            "type": "DROPDOWN",
            "value": "Trasig"
          },
          {
            "id": 85,
            "name": "Typ av grill",
            "type": "DROPDOWN",
            "value": "Murad natursten"
          },
          {
            "id": 86,
            "name": "Värmekälla",
            "type": "DROPDOWN",
            "value": "Ved"
          },
          {
            "id": 70,
            "name": "Byggnadsår",
            "type": "INTEGER",
            "value": 2012
          },
          {
            "id": 74,
            "name": "Statusdatum",
            "type": "DATE",
            "value": "2018-06-26"
          },
          {
            "id": 79,
            "name": "Tillhörande filer",
            "type": "FILES",
            "value": [
              {
                "id": 196,
                "filename": "IMG_1833.JPG",
                "description": "Grill",
                "alttext": "Grill",
                "sourcetext": "Sundsvalls kommun",
                "validForWinter": true,
                "validForSummer": true,
                "sortIndex": 1,
                "type": "image/jpeg",
                "size": 4076458,
                "url": "https://api.sundsvall.se/facilities/2.2/field/filesfield/196",
                "license": "CC0",
                "licenseDescription": "Creative commons. \"No rights reserved\" https://creativecommons.org/share-your-work/public-domain/cc0/"
              }
            ]
          },
          {
            "id": 72,
            "name": "Handikappanpassad",
            "type": "TOGGLE",
            "value": "Nej"
          },
          {
            "id": 288,
            "name": "Felanmälan",
            "type": "Felanmälningstjänst",
            "reportName": "Kontakt Sundsvall",
            "reportDescription": "Felanmälan av motionsspår, elljusspår, leder och andra friluftsanläggningar",
            "reportLink": "https://sundsvall.se/kommun-och-politik/politik-och-demokrati/dialog-och-synpunkter/felanmalan",
            "reportPhone": "060-19 10 00",
            "reportEmail": "kontakt@sundsvall.se"
          },
          {
            "id": 87,
            "name": "Grillgaller",
            "type": "FREETEXT",
            "value": "Ja"
          }
        ],
        "centerPoint": [
          17.2110156849651,
          62.17471658427285
        ]
      },
      "geometry": {
        "type": "Point",
        "coordinates": [
          17.2110156849651,
          62.17471658427285
        ]
      }
    },
    {
      "id": 319,
      "type": "Feature",
      "properties": {
        "name": "Bänkåsviken grill",
        "type": "Grill",
        "created": "2018-06-26 14:45:40",
        "updated": "2023-07-03 10:53:01",
        "published": true,
        "owner": {
          "organizationID": 36,
          "name": "Sundsvalls kommun Friluftsenheten"
        },
        "manager": {
          "organizationID": 36,
          "name": "Sundsvalls kommun Friluftsenheten"
        },
        "fields": [
          {
            "id": 73,
            "name": "Status",
            "type": "DROPDOWN",
            "value": "Fin"
          },
          {
            "id": 86,
            "name": "Värmekälla",
            "type": "DROPDOWN",
            "value": "Kol"
          },
          {
            "id": 85,
            "name": "Typ av grill",
            "type": "DROPDOWN",
            "value": "Rund metall"
          },
          {
            "id": 70,
            "name": "Byggnadsår",
            "type": "INTEGER",
            "value": 2014
          },
          {
            "id": 74,
            "name": "Statusdatum",
            "type": "DATE",
            "value": "2018-06-26"
          },
          {
            "id": 79,
            "name": "Tillhörande filer",
            "type": "FILES",
            "value": [
              {
                "id": 202,
                "filename": "312FFFC9-4375-412A-9C90-7548873BFA98.jpeg",
                "description": "",
                "alttext": "",
                "sourcetext": "Friluftsenheten",
                "validForWinter": true,
                "validForSummer": true,
                "sortIndex": 1,
                "type": "image/jpeg",
                "size": 197640,
                "url": "https://api.sundsvall.se/facilities/2.2/field/filesfield/202",
                "license": "CC0",
                "licenseDescription": "Creative commons. \"No rights reserved\" https://creativecommons.org/share-your-work/public-domain/cc0/"
              }
            ]
          },
          {
            "id": 72,
            "name": "Handikappanpassad",
            "type": "TOGGLE",
            "value": "Nej"
          },
          {
            "id": 288,
            "name": "Felanmälan",
            "type": "Felanmälningstjänst",
            "reportName": "Kontakt Sundsvall",
            "reportDescription": "Felanmälan av motionsspår, elljusspår, leder och andra friluftsanläggningar",
            "reportLink": "https://sundsvall.se/kommun-och-politik/politik-och-demokrati/dialog-och-synpunkter/felanmalan",
            "reportPhone": "060-19 10 00",
            "reportEmail": "kontakt@sundsvall.se"
          },
          {
            "id": 87,
            "name": "Grillgaller",
            "type": "FREETEXT",
            "value": "Ja, sliten"
          }
        ],
        "centerPoint": [
          17.453199319406995,
          62.36669477992282
        ]
      },
      "geometry": {
        "type": "Point",
        "coordinates": [
          17.453199319406995,
          62.36669477992282
        ]
      }
    },
    {
      "id": 327,
      "type": "Feature",
      "properties": {
        "name": "Grill Dyket",
        "type": "Grill",
        "created": "2018-06-26 15:05:23",
        "updated": "2026-06-22 08:30:57",
        "published": true,
        "parentObjects": [
          1380
        ],
        "owner": {
          "organizationID": 36,
          "name": "Sundsvalls kommun Friluftsenheten"
        },
        "manager": {
          "organizationID": 36,
          "name": "Sundsvalls kommun Friluftsenheten"
        },
        "fields": [
          {
            "id": 73,
            "name": "Status",
            "type": "DROPDOWN",
            "value": "Sliten"
          },
          {
            "id": 85,
            "name": "Typ av grill",
            "type": "DROPDOWN",
            "value": "Bosses trä och metall"
          },
          {
            "id": 86,
            "name": "Värmekälla",
            "type": "DROPDOWN",
            "value": "Ved"
          },
          {
            "id": 70,
            "name": "Byggnadsår",
            "type": "INTEGER",
            "value": 2010
          },
          {
            "id": 74,
            "name": "Statusdatum",
            "type": "DATE",
            "value": "2018-06-26"
          },
          {
            "id": 79,
            "name": "Tillhörande filer",
            "type": "FILES",
            "value": [
              {
                "id": 210,
                "filename": "IMG_1797.JPG",
                "description": "Grill",
                "alttext": "Grill",
                "sourcetext": "Sundsvalls kommun",
                "validForWinter": true,
                "validForSummer": true,
                "sortIndex": 1,
                "type": "image/jpeg",
                "size": 3721918,
                "url": "https://api.sundsvall.se/facilities/2.2/field/filesfield/210",
                "license": "CC0",
                "licenseDescription": "Creative commons. \"No rights reserved\" https://creativecommons.org/share-your-work/public-domain/cc0/"
              }
            ]
          },
          {
            "id": 72,
            "name": "Handikappanpassad",
            "type": "TOGGLE",
            "value": "Nej"
          },
          {
            "id": 288,
            "name": "Felanmälan",
            "type": "Felanmälningstjänst",
            "reportName": "Kontakt Sundsvall",
            "reportDescription": "Felanmälan av motionsspår, elljusspår, leder och andra friluftsanläggningar",
            "reportLink": "https://sundsvall.se/kommun-och-politik/politik-och-demokrati/dialog-och-synpunkter/felanmalan",
            "reportPhone": "060-19 10 00",
            "reportEmail": "kontakt@sundsvall.se"
          },
          {
            "id": 87,
            "name": "Grillgaller",
            "type": "FREETEXT",
            "value": "Ja"
          }
        ],
        "centerPoint": [
          17.392896124648097,
          62.29700012988473
        ]
      },
      "geometry": {
        "type": "Point",
        "coordinates": [
          17.392896124648097,
          62.29700012988473
        ]
      }
    },
    {
      "id": 350,
      "type": "Feature",
      "properties": {
        "name": "Badplats Fläsian",
        "type": "Grill",
        "created": "2018-06-26 15:48:03",
        "updated": "2023-05-11 07:17:53",
        "published": true,
        "owner": {
          "organizationID": 36,
          "name": "Sundsvalls kommun Friluftsenheten"
        },
        "manager": {
          "organizationID": 36,
          "name": "Sundsvalls kommun Friluftsenheten"
        },
        "fields": [
          {
            "id": 73,
            "name": "Status",
            "type": "DROPDOWN",
            "value": "Fin"
          },
          {
            "id": 85,
            "name": "Typ av grill",
            "type": "DROPDOWN",
            "value": "Murad natursten"
          },
          {
            "id": 86,
            "name": "Värmekälla",
            "type": "DROPDOWN",
            "value": "Kol"
          },
          {
            "id": 70,
            "name": "Byggnadsår",
            "type": "INTEGER",
            "value": 2012
          },
          {
            "id": 74,
            "name": "Statusdatum",
            "type": "DATE",
            "value": "2018-06-26"
          },
          {
            "id": 79,
            "name": "Tillhörande filer",
            "type": "FILES",
            "value": [
              {
                "id": 237,
                "filename": "DD86CCE0-E3D7-4445-BE99-5F5E10926D5F.jpeg",
                "description": "Grill",
                "alttext": "Grill",
                "sourcetext": "Friluftsenheten",
                "validForWinter": true,
                "validForSummer": true,
                "sortIndex": 1,
                "type": "image/jpeg",
                "size": 3806107,
                "url": "https://api.sundsvall.se/facilities/2.2/field/filesfield/237",
                "license": "CC0",
                "licenseDescription": "Creative commons. \"No rights reserved\" https://creativecommons.org/share-your-work/public-domain/cc0/"
              },
              {
                "id": 238,
                "filename": "A244777A-9F1C-4D56-A101-1E31780030F0.jpeg",
                "description": "Grillgaller",
                "alttext": "Grillgaller",
                "sourcetext": "Friluftsenheten",
                "validForWinter": true,
                "validForSummer": true,
                "sortIndex": 2,
                "type": "image/jpeg",
                "size": 3814212,
                "url": "https://api.sundsvall.se/facilities/2.2/field/filesfield/238",
                "license": "CC0",
                "licenseDescription": "Creative commons. \"No rights reserved\" https://creativecommons.org/share-your-work/public-domain/cc0/"
              }
            ]
          },
          {
            "id": 72,
            "name": "Handikappanpassad",
            "type": "TOGGLE",
            "value": "Nej"
          },
          {
            "id": 288,
            "name": "Felanmälan",
            "type": "Felanmälningstjänst",
            "reportName": "Kontakt Sundsvall",
            "reportDescription": "Felanmälan av motionsspår, elljusspår, leder och andra friluftsanläggningar",
            "reportLink": "https://sundsvall.se/kommun-och-politik/politik-och-demokrati/dialog-och-synpunkter/felanmalan",
            "reportPhone": "060-19 10 00",
            "reportEmail": "kontakt@sundsvall.se"
          },
          {
            "id": 87,
            "name": "Grillgaller",
            "type": "FREETEXT",
            "value": "Ja, slitet"
          }
        ],
        "centerPoint": [
          17.37308610826445,
          62.360289229661355
        ]
      },
      "geometry": {
        "type": "Point",
        "coordinates": [
          17.37308610826445,
          62.360289229661355
        ]
      }
    },
    {
      "id": 361,
      "type": "Feature",
      "properties": {
        "name": "Badplats Sodom",
        "type": "Grill",
        "created": "2018-06-26 16:13:09",
        "updated": "2022-01-10 13:32:01",
        "published": true,
        "owner": {
          "organizationID": 36,
          "name": "Sundsvalls kommun Friluftsenheten"
        },
        "manager": {
          "organizationID": 36,
          "name": "Sundsvalls kommun Friluftsenheten"
        },
        "fields": [
          {
            "id": 73,
            "name": "Status",
            "type": "DROPDOWN",
            "value": "Trasig"
          },
          {
            "id": 85,
            "name": "Typ av grill",
            "type": "DROPDOWN",
            "value": "Cementring"
          },
          {
            "id": 86,
            "name": "Värmekälla",
            "type": "DROPDOWN",
            "value": "Ved"
          },
          {
            "id": 70,
            "name": "Byggnadsår",
            "type": "INTEGER",
            "value": 2010
          },
          {
            "id": 74,
            "name": "Statusdatum",
            "type": "DATE",
            "value": "2018-06-26"
          },
          {
            "id": 79,
            "name": "Tillhörande filer",
            "type": "FILES",
            "value": [
              {
                "id": 253,
                "filename": "IMG_1779.JPG",
                "description": "Grill",
                "alttext": "Grill",
                "sourcetext": "Feriearbetare Friluftsenheten",
                "validForWinter": true,
                "validForSummer": true,
                "sortIndex": 1,
                "type": "image/jpeg",
                "size": 3840842,
                "url": "https://api.sundsvall.se/facilities/2.2/field/filesfield/253",
                "license": "CC0",
                "licenseDescription": "Creative commons. \"No rights reserved\" https://creativecommons.org/share-your-work/public-domain/cc0/"
              }
            ]
          },
          {
            "id": 72,
            "name": "Handikappanpassad",
            "type": "TOGGLE",
            "value": "Nej"
          },
          {
            "id": 288,
            "name": "Felanmälan",
            "type": "Felanmälningstjänst",
            "reportName": "Kontakt Sundsvall",
            "reportDescription": "Felanmälan av motionsspår, elljusspår, leder och andra friluftsanläggningar",
            "reportLink": "https://sundsvall.se/kommun-och-politik/politik-och-demokrati/dialog-och-synpunkter/felanmalan",
            "reportPhone": "060-19 10 00",
            "reportEmail": "kontakt@sundsvall.se"
          },
          {
            "id": 87,
            "name": "Grillgaller",
            "type": "FREETEXT",
            "value": "Nej"
          }
        ],
        "centerPoint": [
          17.37306540063728,
          62.35268654563442
        ]
      },
      "geometry": {
        "type": "Point",
        "coordinates": [
          17.37306540063728,
          62.35268654563442
        ]
      }
    },
    {
      "id": 365,
      "type": "Feature",
      "properties": {
        "name": "Badplats Bredsand",
        "type": "Grill",
        "created": "2018-06-26 16:16:10",
        "updated": "2023-05-11 07:13:04",
        "published": true,
        "owner": {
          "organizationID": 36,
          "name": "Sundsvalls kommun Friluftsenheten"
        },
        "manager": {
          "organizationID": 36,
          "name": "Sundsvalls kommun Friluftsenheten"
        },
        "fields": [
          {
            "id": 73,
            "name": "Status",
            "type": "DROPDOWN",
            "value": "Fin"
          },
          {
            "id": 85,
            "name": "Typ av grill",
            "type": "DROPDOWN",
            "value": "Svetsad fyrkantsmetall"
          },
          {
            "id": 86,
            "name": "Värmekälla",
            "type": "DROPDOWN",
            "value": "Ved"
          },
          {
            "id": 70,
            "name": "Byggnadsår",
            "type": "INTEGER",
            "value": 2014
          },
          {
            "id": 74,
            "name": "Statusdatum",
            "type": "DATE",
            "value": "2018-06-26"
          },
          {
            "id": 79,
            "name": "Tillhörande filer",
            "type": "FILES",
            "value": [
              {
                "id": 257,
                "filename": "7EFB17F6-8AD2-4010-893F-8E03ACC9DE0B.jpeg",
                "description": "Grill",
                "alttext": "Grill",
                "sourcetext": "Friluftsenheten",
                "validForWinter": true,
                "validForSummer": true,
                "sortIndex": 1,
                "type": "image/jpeg",
                "size": 4227571,
                "url": "https://api.sundsvall.se/facilities/2.2/field/filesfield/257",
                "license": "CC0",
                "licenseDescription": "Creative commons. \"No rights reserved\" https://creativecommons.org/share-your-work/public-domain/cc0/"
              }
            ]
          },
          {
            "id": 72,
            "name": "Handikappanpassad",
            "type": "TOGGLE",
            "value": "Nej"
          },
          {
            "id": 288,
            "name": "Felanmälan",
            "type": "Felanmälningstjänst",
            "reportName": "Kontakt Sundsvall",
            "reportDescription": "Felanmälan av motionsspår, elljusspår, leder och andra friluftsanläggningar",
            "reportLink": "https://sundsvall.se/kommun-och-politik/politik-och-demokrati/dialog-och-synpunkter/felanmalan",
            "reportPhone": "060-19 10 00",
            "reportEmail": "kontakt@sundsvall.se"
          },
          {
            "id": 87,
            "name": "Grillgaller",
            "type": "FREETEXT",
            "value": "Ja, fint"
          }
        ],
        "centerPoint": [
          17.366848712546183,
          62.34623381077568
        ]
      },
      "geometry": {
        "type": "Point",
        "coordinates": [
          17.366848712546183,
          62.34623381077568
        ]
      }
    },
    {
      "id": 381,
      "type": "Feature",
      "properties": {
        "name": "Norra Berget Bureplatsen",
        "type": "Grill",
        "created": "2018-06-27 10:53:34",
        "updated": "2026-01-13 13:41:21",
        "published": true,
        "owner": {
          "organizationID": 175,
          "name": "Sundsvalls kommun Sundsvalls museum"
        },
        "manager": {
          "organizationID": 175,
          "name": "Sundsvalls kommun Sundsvalls museum"
        },
        "fields": [
          {
            "id": 73,
            "name": "Status",
            "type": "DROPDOWN",
            "value": "Trasig"
          },
          {
            "id": 85,
            "name": "Typ av grill",
            "type": "DROPDOWN",
            "value": "Svetsad fyrkantsmetall"
          },
          {
            "id": 86,
            "name": "Värmekälla",
            "type": "DROPDOWN",
            "value": "Ved"
          },
          {
            "id": 70,
            "name": "Byggnadsår",
            "type": "INTEGER",
            "value": 2010
          },
          {
            "id": 74,
            "name": "Statusdatum",
            "type": "DATE",
            "value": "2018-06-27"
          },
          {
            "id": 79,
            "name": "Tillhörande filer",
            "type": "FILES",
            "value": [
              {
                "id": 270,
                "filename": "image.jpg",
                "description": "Grill",
                "alttext": "Grill",
                "sourcetext": "Sundsvalls kommun",
                "validForWinter": false,
                "validForSummer": true,
                "sortIndex": 1,
                "type": "image/jpeg",
                "size": 4060961,
                "url": "https://api.sundsvall.se/facilities/2.2/field/filesfield/270",
                "license": "CC0",
                "licenseDescription": "Creative commons. \"No rights reserved\" https://creativecommons.org/share-your-work/public-domain/cc0/"
              }
            ]
          },
          {
            "id": 72,
            "name": "Handikappanpassad",
            "type": "TOGGLE",
            "value": "Nej"
          },
          {
            "id": 288,
            "name": "Felanmälan",
            "type": "Felanmälningstjänst",
            "reportName": "Kontakt Sundsvall",
            "reportDescription": "Felanmälan av motionsspår, elljusspår, leder och andra friluftsanläggningar",
            "reportLink": "https://sundsvall.se/kommun-och-politik/politik-och-demokrati/dialog-och-synpunkter/felanmalan",
            "reportPhone": "060-19 10 00",
            "reportEmail": "kontakt@sundsvall.se"
          },
          {
            "id": 87,
            "name": "Grillgaller",
            "type": "FREETEXT",
            "value": "Trasigt"
          }
        ],
        "centerPoint": [
          17.290353860991388,
          62.402817803844144
        ]
      },
      "geometry": {
        "type": "Point",
        "coordinates": [
          17.290353860991388,
          62.402817803844144
        ]
      }
    },
    {
      "id": 418,
      "type": "Feature",
      "properties": {
        "name": "Grill Rännö strandbad",
        "type": "Grill",
        "created": "2018-07-02 09:17:19",
        "updated": "2025-09-22 10:38:15",
        "published": true,
        "parentObjects": [
          697,
          698
        ],
        "owner": {
          "organizationID": 36,
          "name": "Sundsvalls kommun Friluftsenheten"
        },
        "manager": {
          "organizationID": 36,
          "name": "Sundsvalls kommun Friluftsenheten"
        },
        "fields": [
          {
            "id": 73,
            "name": "Status",
            "type": "DROPDOWN",
            "value": "Fin"
          },
          {
            "id": 85,
            "name": "Typ av grill",
            "type": "DROPDOWN",
            "value": "Svetsad fyrkantsmetall"
          },
          {
            "id": 86,
            "name": "Värmekälla",
            "type": "DROPDOWN",
            "value": "Ved"
          },
          {
            "id": 70,
            "name": "Byggnadsår",
            "type": "INTEGER",
            "value": 2023
          },
          {
            "id": 74,
            "name": "Statusdatum",
            "type": "DATE",
            "value": "2024-09-20"
          },
          {
            "id": 79,
            "name": "Tillhörande filer",
            "type": "FILES",
            "value": [
              {
                "id": 2664,
                "filename": "17268384608275703837238840154039.jpg",
                "description": "Grill",
                "alttext": "Grill",
                "sourcetext": "Anders Erlandsson Friluftsenheten ",
                "validForWinter": false,
                "validForSummer": true,
                "sortIndex": 1,
                "type": "image/jpeg",
                "size": 6217405,
                "url": "https://api.sundsvall.se/facilities/2.2/field/filesfield/2664",
                "license": "CC0",
                "licenseDescription": "Creative commons. \"No rights reserved\" https://creativecommons.org/share-your-work/public-domain/cc0/"
              }
            ]
          },
          {
            "id": 72,
            "name": "Handikappanpassad",
            "type": "TOGGLE",
            "value": "Nej"
          },
          {
            "id": 288,
            "name": "Felanmälan",
            "type": "Felanmälningstjänst",
            "reportName": "Kontakt Sundsvall",
            "reportDescription": "Felanmälan av motionsspår, elljusspår, leder och andra friluftsanläggningar",
            "reportLink": "https://sundsvall.se/kommun-och-politik/politik-och-demokrati/dialog-och-synpunkter/felanmalan",
            "reportPhone": "060-19 10 00",
            "reportEmail": "kontakt@sundsvall.se"
          },
          {
            "id": 87,
            "name": "Grillgaller",
            "type": "FREETEXT",
            "value": "Ja"
          }
        ],
        "centerPoint": [
          17.015708742535285,
          62.342750226882714
        ]
      },
      "geometry": {
        "type": "Point",
        "coordinates": [
          17.015708742535285,
          62.342750226882714
        ]
      }
    },
    {
      "id": 436,
      "type": "Feature",
      "properties": {
        "name": "Grill Norrhassels strandbad",
        "type": "Grill",
        "created": "2018-07-02 10:13:59",
        "updated": "2020-06-30 11:32:56",
        "published": true,
        "fields": [
          {
            "id": 73,
            "name": "Status",
            "type": "DROPDOWN",
            "value": "Fin"
          },
          {
            "id": 85,
            "name": "Typ av grill",
            "type": "DROPDOWN",
            "value": "Svetsad fyrkantsmetall"
          },
          {
            "id": 86,
            "name": "Värmekälla",
            "type": "DROPDOWN",
            "value": "Ved"
          },
          {
            "id": 70,
            "name": "Byggnadsår",
            "type": "INTEGER",
            "value": 2013
          },
          {
            "id": 74,
            "name": "Statusdatum",
            "type": "DATE",
            "value": "2018-07-02"
          },
          {
            "id": 79,
            "name": "Tillhörande filer",
            "type": "FILES",
            "value": [
              {
                "id": 322,
                "filename": "image.jpg",
                "validForWinter": false,
                "validForSummer": false,
                "sortIndex": null,
                "type": "image/jpeg",
                "size": 3849681,
                "url": "https://api.sundsvall.se/facilities/2.2/field/filesfield/322",
                "license": "CC0",
                "licenseDescription": "Creative commons. \"No rights reserved\" https://creativecommons.org/share-your-work/public-domain/cc0/"
              }
            ]
          },
          {
            "id": 72,
            "name": "Handikappanpassad",
            "type": "TOGGLE",
            "value": "Nej"
          },
          {
            "id": 87,
            "name": "Grillgaller",
            "type": "FREETEXT",
            "value": "Ja, fint"
          }
        ],
        "centerPoint": [
          16.74569123041093,
          62.255520818796974
        ]
      },
      "geometry": {
        "type": "Point",
        "coordinates": [
          16.74569123041093,
          62.255520818796974
        ]
      }
    },
    {
      "id": 450,
      "type": "Feature",
      "properties": {
        "name": "Grill Viggesjöns strandbad",
        "type": "Grill",
        "created": "2018-07-02 10:49:35",
        "updated": "2020-06-30 11:31:01",
        "published": true,
        "owner": {
          "organizationID": 36,
          "name": "Sundsvalls kommun Friluftsenheten"
        },
        "manager": {
          "organizationID": 36,
          "name": "Sundsvalls kommun Friluftsenheten"
        },
        "fields": [
          {
            "id": 73,
            "name": "Status",
            "type": "DROPDOWN",
            "value": "Sliten"
          },
          {
            "id": 85,
            "name": "Typ av grill",
            "type": "DROPDOWN",
            "value": "Cementring"
          },
          {
            "id": 86,
            "name": "Värmekälla",
            "type": "DROPDOWN",
            "value": "Ved"
          },
          {
            "id": 70,
            "name": "Byggnadsår",
            "type": "INTEGER",
            "value": 2013
          },
          {
            "id": 74,
            "name": "Statusdatum",
            "type": "DATE",
            "value": "2018-07-02"
          },
          {
            "id": 79,
            "name": "Tillhörande filer",
            "type": "FILES",
            "value": [
              {
                "id": 336,
                "filename": "image.jpg",
                "validForWinter": false,
                "validForSummer": false,
                "sortIndex": null,
                "type": "image/jpeg",
                "size": 4873320,
                "url": "https://api.sundsvall.se/facilities/2.2/field/filesfield/336",
                "license": "CC0",
                "licenseDescription": "Creative commons. \"No rights reserved\" https://creativecommons.org/share-your-work/public-domain/cc0/"
              }
            ]
          },
          {
            "id": 72,
            "name": "Handikappanpassad",
            "type": "TOGGLE",
            "value": "Nej"
          },
          {
            "id": 288,
            "name": "Felanmälan",
            "type": "Felanmälningstjänst",
            "reportName": "Kontakt Sundsvall",
            "reportDescription": "Felanmälan av motionsspår, elljusspår, leder och andra friluftsanläggningar",
            "reportLink": "https://sundsvall.se/kommun-och-politik/politik-och-demokrati/dialog-och-synpunkter/felanmalan",
            "reportPhone": "060-19 10 00",
            "reportEmail": "kontakt@sundsvall.se"
          },
          {
            "id": 87,
            "name": "Grillgaller",
            "type": "FREETEXT",
            "value": "Ja, slitet"
          }
        ],
        "centerPoint": [
          16.688005246425828,
          62.303429328480206
        ]
      },
      "geometry": {
        "type": "Point",
        "coordinates": [
          16.688005246425828,
          62.303429328480206
        ]
      }
    },
    {
      "id": 452,
      "type": "Feature",
      "properties": {
        "name": "Grill Viggesjöns strandbad",
        "type": "Grill",
        "created": "2018-07-02 10:51:08",
        "updated": "2020-06-30 11:31:09",
        "published": true,
        "owner": {
          "organizationID": 36,
          "name": "Sundsvalls kommun Friluftsenheten"
        },
        "manager": {
          "organizationID": 36,
          "name": "Sundsvalls kommun Friluftsenheten"
        },
        "fields": [
          {
            "id": 73,
            "name": "Status",
            "type": "DROPDOWN",
            "value": "Fin"
          },
          {
            "id": 85,
            "name": "Typ av grill",
            "type": "DROPDOWN",
            "value": "Murad natursten"
          },
          {
            "id": 86,
            "name": "Värmekälla",
            "type": "DROPDOWN",
            "value": "Kol"
          },
          {
            "id": 70,
            "name": "Byggnadsår",
            "type": "INTEGER",
            "value": 2014
          },
          {
            "id": 74,
            "name": "Statusdatum",
            "type": "DATE",
            "value": "2018-07-02"
          },
          {
            "id": 79,
            "name": "Tillhörande filer",
            "type": "FILES",
            "value": [
              {
                "id": 338,
                "filename": "image.jpg",
                "validForWinter": false,
                "validForSummer": false,
                "sortIndex": null,
                "type": "image/jpeg",
                "size": 3675930,
                "url": "https://api.sundsvall.se/facilities/2.2/field/filesfield/338",
                "license": "CC0",
                "licenseDescription": "Creative commons. \"No rights reserved\" https://creativecommons.org/share-your-work/public-domain/cc0/"
              }
            ]
          },
          {
            "id": 72,
            "name": "Handikappanpassad",
            "type": "TOGGLE",
            "value": "Nej"
          },
          {
            "id": 288,
            "name": "Felanmälan",
            "type": "Felanmälningstjänst",
            "reportName": "Kontakt Sundsvall",
            "reportDescription": "Felanmälan av motionsspår, elljusspår, leder och andra friluftsanläggningar",
            "reportLink": "https://sundsvall.se/kommun-och-politik/politik-och-demokrati/dialog-och-synpunkter/felanmalan",
            "reportPhone": "060-19 10 00",
            "reportEmail": "kontakt@sundsvall.se"
          },
          {
            "id": 87,
            "name": "Grillgaller",
            "type": "FREETEXT",
            "value": "Ja, fint"
          }
        ],
        "centerPoint": [
          16.68762427003323,
          62.30337739120775
        ]
      },
      "geometry": {
        "type": "Point",
        "coordinates": [
          16.68762427003323,
          62.30337739120775
        ]
      }
    },
    {
      "id": 459,
      "type": "Feature",
      "properties": {
        "name": "Badplats Jävlen",
        "type": "Grill",
        "created": "2018-07-02 11:36:07",
        "updated": "2020-07-08 17:38:34",
        "published": true,
        "owner": {
          "organizationID": 36,
          "name": "Sundsvalls kommun Friluftsenheten"
        },
        "manager": {
          "organizationID": 36,
          "name": "Sundsvalls kommun Friluftsenheten"
        },
        "fields": [
          {
            "id": 73,
            "name": "Status",
            "type": "DROPDOWN",
            "value": "Fin"
          },
          {
            "id": 85,
            "name": "Typ av grill",
            "type": "DROPDOWN",
            "value": "Bosses trä och metall"
          },
          {
            "id": 86,
            "name": "Värmekälla",
            "type": "DROPDOWN",
            "value": "Ved"
          },
          {
            "id": 70,
            "name": "Byggnadsår",
            "type": "INTEGER",
            "value": 2010
          },
          {
            "id": 74,
            "name": "Statusdatum",
            "type": "DATE",
            "value": "2020-07-08"
          },
          {
            "id": 79,
            "name": "Tillhörande filer",
            "type": "FILES",
            "value": [
              {
                "id": 1557,
                "filename": "20200708_113519.jpg",
                "validForWinter": false,
                "validForSummer": false,
                "sortIndex": null,
                "type": "image/jpeg",
                "size": 5826536,
                "url": "https://api.sundsvall.se/facilities/2.2/field/filesfield/1557",
                "license": "CC0",
                "licenseDescription": "Creative commons. \"No rights reserved\" https://creativecommons.org/share-your-work/public-domain/cc0/"
              },
              {
                "id": 345,
                "filename": "image.jpg",
                "validForWinter": false,
                "validForSummer": false,
                "sortIndex": null,
                "type": "image/jpeg",
                "size": 3981708,
                "url": "https://api.sundsvall.se/facilities/2.2/field/filesfield/345",
                "license": "CC0",
                "licenseDescription": "Creative commons. \"No rights reserved\" https://creativecommons.org/share-your-work/public-domain/cc0/"
              }
            ]
          },
          {
            "id": 72,
            "name": "Handikappanpassad",
            "type": "TOGGLE",
            "value": "Nej"
          },
          {
            "id": 288,
            "name": "Felanmälan",
            "type": "Felanmälningstjänst",
            "reportName": "Kontakt Sundsvall",
            "reportDescription": "Felanmälan av motionsspår, elljusspår, leder och andra friluftsanläggningar",
            "reportLink": "https://sundsvall.se/kommun-och-politik/politik-och-demokrati/dialog-och-synpunkter/felanmalan",
            "reportPhone": "060-19 10 00",
            "reportEmail": "kontakt@sundsvall.se"
          },
          {
            "id": 87,
            "name": "Grillgaller",
            "type": "FREETEXT",
            "value": "Ja väldigt fint"
          }
        ],
        "centerPoint": [
          16.826993910997146,
          62.37188664346451
        ]
      },
      "geometry": {
        "type": "Point",
        "coordinates": [
          16.826993910997146,
          62.37188664346451
        ]
      }
    },
    {
      "id": 461,
      "type": "Feature",
      "properties": {
        "name": "Badplats Räveln",
        "type": "Grill",
        "created": "2018-07-02 11:37:51",
        "updated": "2020-04-06 15:56:48",
        "published": false
      },
      "geometry": null
    },
    {
      "id": 467,
      "type": "Feature",
      "properties": {
        "name": "Grill Oxsta fiskeplats",
        "type": "Grill",
        "created": "2018-07-03 09:05:05",
        "updated": "2020-08-17 16:43:25",
        "published": true,
        "owner": {
          "organizationID": 36,
          "name": "Sundsvalls kommun Friluftsenheten"
        },
        "manager": {
          "organizationID": 36,
          "name": "Sundsvalls kommun Friluftsenheten"
        },
        "fields": [
          {
            "id": 73,
            "name": "Status",
            "type": "DROPDOWN",
            "value": "Trasig"
          },
          {
            "id": 85,
            "name": "Typ av grill",
            "type": "DROPDOWN",
            "value": "Svetsad fyrkantsmetall"
          },
          {
            "id": 86,
            "name": "Värmekälla",
            "type": "DROPDOWN",
            "value": "Ved"
          },
          {
            "id": 70,
            "name": "Byggnadsår",
            "type": "INTEGER",
            "value": 2008
          },
          {
            "id": 74,
            "name": "Statusdatum",
            "type": "DATE",
            "value": "2018-07-03"
          },
          {
            "id": 79,
            "name": "Tillhörande filer",
            "type": "FILES",
            "value": [
              {
                "id": 353,
                "filename": "image.jpg",
                "validForWinter": false,
                "validForSummer": false,
                "sortIndex": null,
                "type": "image/jpeg",
                "size": 3641805,
                "url": "https://api.sundsvall.se/facilities/2.2/field/filesfield/353",
                "license": "CC0",
                "licenseDescription": "Creative commons. \"No rights reserved\" https://creativecommons.org/share-your-work/public-domain/cc0/"
              }
            ]
          },
          {
            "id": 72,
            "name": "Handikappanpassad",
            "type": "TOGGLE",
            "value": "Nej"
          },
          {
            "id": 288,
            "name": "Felanmälan",
            "type": "Felanmälningstjänst",
            "reportName": "Kontakt Sundsvall",
            "reportDescription": "Felanmälan av motionsspår, elljusspår, leder och andra friluftsanläggningar",
            "reportLink": "https://sundsvall.se/kommun-och-politik/politik-och-demokrati/dialog-och-synpunkter/felanmalan",
            "reportPhone": "060-19 10 00",
            "reportEmail": "kontakt@sundsvall.se"
          },
          {
            "id": 87,
            "name": "Grillgaller",
            "type": "FREETEXT",
            "value": "Dåligt"
          }
        ],
        "centerPoint": [
          17.164617824509342,
          62.43869535744263
        ]
      },
      "geometry": {
        "type": "Point",
        "coordinates": [
          17.164617824509342,
          62.43869535744263
        ]
      }
    },
    {
      "id": 474,
      "type": "Feature",
      "properties": {
        "name": "Badplats Segersjön",
        "type": "Grill",
        "created": "2018-07-03 09:35:38",
        "updated": "2020-07-07 14:08:28",
        "published": true,
        "owner": {
          "organizationID": 36,
          "name": "Sundsvalls kommun Friluftsenheten"
        },
        "manager": {
          "organizationID": 36,
          "name": "Sundsvalls kommun Friluftsenheten"
        },
        "fields": [
          {
            "id": 73,
            "name": "Status",
            "type": "DROPDOWN",
            "value": "Fin"
          },
          {
            "id": 85,
            "name": "Typ av grill",
            "type": "DROPDOWN",
            "value": "Murad natursten"
          },
          {
            "id": 86,
            "name": "Värmekälla",
            "type": "DROPDOWN",
            "value": "Ved"
          },
          {
            "id": 70,
            "name": "Byggnadsår",
            "type": "INTEGER",
            "value": 2014
          },
          {
            "id": 74,
            "name": "Statusdatum",
            "type": "DATE",
            "value": "2018-07-03"
          },
          {
            "id": 79,
            "name": "Tillhörande filer",
            "type": "FILES",
            "value": [
              {
                "id": 358,
                "filename": "image.jpg",
                "validForWinter": false,
                "validForSummer": false,
                "sortIndex": null,
                "type": "image/jpeg",
                "size": 5338682,
                "url": "https://api.sundsvall.se/facilities/2.2/field/filesfield/358",
                "license": "CC0",
                "licenseDescription": "Creative commons. \"No rights reserved\" https://creativecommons.org/share-your-work/public-domain/cc0/"
              }
            ]
          },
          {
            "id": 72,
            "name": "Handikappanpassad",
            "type": "TOGGLE",
            "value": "Nej"
          },
          {
            "id": 288,
            "name": "Felanmälan",
            "type": "Felanmälningstjänst",
            "reportName": "Kontakt Sundsvall",
            "reportDescription": "Felanmälan av motionsspår, elljusspår, leder och andra friluftsanläggningar",
            "reportLink": "https://sundsvall.se/kommun-och-politik/politik-och-demokrati/dialog-och-synpunkter/felanmalan",
            "reportPhone": "060-19 10 00",
            "reportEmail": "kontakt@sundsvall.se"
          },
          {
            "id": 87,
            "name": "Grillgaller",
            "type": "FREETEXT",
            "value": "Ja, fint"
          }
        ],
        "centerPoint": [
          17.04499101747995,
          62.44299458023952
        ]
      },
      "geometry": {
        "type": "Point",
        "coordinates": [
          17.04499101747995,
          62.44299458023952
        ]
      }
    },
    {
      "id": 476,
      "type": "Feature",
      "properties": {
        "name": "Badplats Segersjön",
        "type": "Grill",
        "created": "2018-07-03 09:38:05",
        "updated": "2020-07-07 14:06:58",
        "published": true,
        "owner": {
          "organizationID": 36,
          "name": "Sundsvalls kommun Friluftsenheten"
        },
        "manager": {
          "organizationID": 36,
          "name": "Sundsvalls kommun Friluftsenheten"
        },
        "fields": [
          {
            "id": 73,
            "name": "Status",
            "type": "DROPDOWN",
            "value": "Sliten"
          },
          {
            "id": 85,
            "name": "Typ av grill",
            "type": "DROPDOWN",
            "value": "Bosses trä och metall"
          },
          {
            "id": 86,
            "name": "Värmekälla",
            "type": "DROPDOWN",
            "value": "Ved"
          },
          {
            "id": 70,
            "name": "Byggnadsår",
            "type": "INTEGER",
            "value": 2015
          },
          {
            "id": 74,
            "name": "Statusdatum",
            "type": "DATE",
            "value": "2018-07-03"
          },
          {
            "id": 79,
            "name": "Tillhörande filer",
            "type": "FILES",
            "value": [
              {
                "id": 367,
                "filename": "BE0A907E-8B74-4F01-ABF9-AD63C60E510C.jpeg",
                "validForWinter": false,
                "validForSummer": false,
                "sortIndex": null,
                "type": "image/jpeg",
                "size": 6623657,
                "url": "https://api.sundsvall.se/facilities/2.2/field/filesfield/367",
                "license": "CC0",
                "licenseDescription": "Creative commons. \"No rights reserved\" https://creativecommons.org/share-your-work/public-domain/cc0/"
              }
            ]
          },
          {
            "id": 72,
            "name": "Handikappanpassad",
            "type": "TOGGLE",
            "value": "Nej"
          },
          {
            "id": 288,
            "name": "Felanmälan",
            "type": "Felanmälningstjänst",
            "reportName": "Kontakt Sundsvall",
            "reportDescription": "Felanmälan av motionsspår, elljusspår, leder och andra friluftsanläggningar",
            "reportLink": "https://sundsvall.se/kommun-och-politik/politik-och-demokrati/dialog-och-synpunkter/felanmalan",
            "reportPhone": "060-19 10 00",
            "reportEmail": "kontakt@sundsvall.se"
          },
          {
            "id": 87,
            "name": "Grillgaller",
            "type": "FREETEXT",
            "value": "Ja"
          }
        ],
        "centerPoint": [
          17.043808592418873,
          62.44324975979701
        ]
      },
      "geometry": {
        "type": "Point",
        "coordinates": [
          17.043808592418873,
          62.44324975979701
        ]
      }
    },
    {
      "id": 481,
      "type": "Feature",
      "properties": {
        "name": "Badplats Segersjön",
        "type": "Grill",
        "created": "2018-07-03 09:43:20",
        "updated": "2020-07-07 14:09:08",
        "published": true,
        "owner": {
          "organizationID": 36,
          "name": "Sundsvalls kommun Friluftsenheten"
        },
        "manager": {
          "organizationID": 36,
          "name": "Sundsvalls kommun Friluftsenheten"
        },
        "fields": [
          {
            "id": 73,
            "name": "Status",
            "type": "DROPDOWN",
            "value": "Fin"
          },
          {
            "id": 85,
            "name": "Typ av grill",
            "type": "DROPDOWN",
            "value": "Cementring"
          },
          {
            "id": 86,
            "name": "Värmekälla",
            "type": "DROPDOWN",
            "value": "Ved"
          },
          {
            "id": 70,
            "name": "Byggnadsår",
            "type": "INTEGER",
            "value": 2010
          },
          {
            "id": 74,
            "name": "Statusdatum",
            "type": "DATE",
            "value": "2018-07-03"
          },
          {
            "id": 79,
            "name": "Tillhörande filer",
            "type": "FILES",
            "value": [
              {
                "id": 362,
                "filename": "image.jpg",
                "validForWinter": false,
                "validForSummer": false,
                "sortIndex": null,
                "type": "image/jpeg",
                "size": 4164372,
                "url": "https://api.sundsvall.se/facilities/2.2/field/filesfield/362",
                "license": "CC0",
                "licenseDescription": "Creative commons. \"No rights reserved\" https://creativecommons.org/share-your-work/public-domain/cc0/"
              }
            ]
          },
          {
            "id": 72,
            "name": "Handikappanpassad",
            "type": "TOGGLE",
            "value": "Nej"
          },
          {
            "id": 288,
            "name": "Felanmälan",
            "type": "Felanmälningstjänst",
            "reportName": "Kontakt Sundsvall",
            "reportDescription": "Felanmälan av motionsspår, elljusspår, leder och andra friluftsanläggningar",
            "reportLink": "https://sundsvall.se/kommun-och-politik/politik-och-demokrati/dialog-och-synpunkter/felanmalan",
            "reportPhone": "060-19 10 00",
            "reportEmail": "kontakt@sundsvall.se"
          },
          {
            "id": 87,
            "name": "Grillgaller",
            "type": "FREETEXT",
            "value": "Ja, fint"
          }
        ],
        "centerPoint": [
          17.04383983105638,
          62.44320656058652
        ]
      },
      "geometry": {
        "type": "Point",
        "coordinates": [
          17.04383983105638,
          62.44320656058652
        ]
      }
    },
    {
      "id": 484,
      "type": "Feature",
      "properties": {
        "name": "Fiskeplats Solum",
        "type": "Grill",
        "created": "2018-07-03 10:18:55",
        "published": false
      },
      "geometry": null
    },
    {
      "id": 490,
      "type": "Feature",
      "properties": {
        "name": "Badplats Vången",
        "type": "Grill",
        "created": "2018-07-04 09:28:03",
        "updated": "2025-09-22 10:39:08",
        "published": true,
        "parentObjects": [
          699
        ],
        "owner": {
          "organizationID": 36,
          "name": "Sundsvalls kommun Friluftsenheten"
        },
        "manager": {
          "organizationID": 36,
          "name": "Sundsvalls kommun Friluftsenheten"
        },
        "fields": [
          {
            "id": 73,
            "name": "Status",
            "type": "DROPDOWN",
            "value": "Trasig"
          },
          {
            "id": 85,
            "name": "Typ av grill",
            "type": "DROPDOWN",
            "value": "Cementring"
          },
          {
            "id": 86,
            "name": "Värmekälla",
            "type": "DROPDOWN",
            "value": "Kol"
          },
          {
            "id": 70,
            "name": "Byggnadsår",
            "type": "INTEGER",
            "value": 2010
          },
          {
            "id": 74,
            "name": "Statusdatum",
            "type": "DATE",
            "value": "2018-07-04"
          },
          {
            "id": 79,
            "name": "Tillhörande filer",
            "type": "FILES",
            "value": [
              {
                "id": 375,
                "filename": "image.jpg",
                "validForWinter": false,
                "validForSummer": false,
                "sortIndex": null,
                "type": "image/jpeg",
                "size": 3570198,
                "url": "https://api.sundsvall.se/facilities/2.2/field/filesfield/375",
                "license": "CC0",
                "licenseDescription": "Creative commons. \"No rights reserved\" https://creativecommons.org/share-your-work/public-domain/cc0/"
              }
            ]
          },
          {
            "id": 72,
            "name": "Handikappanpassad",
            "type": "TOGGLE",
            "value": "Nej"
          },
          {
            "id": 288,
            "name": "Felanmälan",
            "type": "Felanmälningstjänst",
            "reportName": "Kontakt Sundsvall",
            "reportDescription": "Felanmälan av motionsspår, elljusspår, leder och andra friluftsanläggningar",
            "reportLink": "https://sundsvall.se/kommun-och-politik/politik-och-demokrati/dialog-och-synpunkter/felanmalan",
            "reportPhone": "060-19 10 00",
            "reportEmail": "kontakt@sundsvall.se"
          },
          {
            "id": 87,
            "name": "Grillgaller",
            "type": "FREETEXT",
            "value": "Ja"
          }
        ],
        "centerPoint": [
          16.57613612285898,
          62.41571310229948
        ]
      },
      "geometry": {
        "type": "Point",
        "coordinates": [
          16.57613612285898,
          62.41571310229948
        ]
      }
    },
    {
      "id": 496,
      "type": "Feature",
      "properties": {
        "name": "Ede badplats Grill",
        "type": "Grill",
        "created": "2018-07-04 09:50:46",
        "updated": "2020-09-09 11:36:32",
        "published": true,
        "owner": {
          "organizationID": 36,
          "name": "Sundsvalls kommun Friluftsenheten"
        },
        "manager": {
          "organizationID": 36,
          "name": "Sundsvalls kommun Friluftsenheten"
        },
        "fields": [
          {
            "id": 73,
            "name": "Status",
            "type": "DROPDOWN",
            "value": "Trasig"
          },
          {
            "id": 85,
            "name": "Typ av grill",
            "type": "DROPDOWN",
            "value": "Cementring"
          },
          {
            "id": 86,
            "name": "Värmekälla",
            "type": "DROPDOWN",
            "value": "Ved"
          },
          {
            "id": 70,
            "name": "Byggnadsår",
            "type": "INTEGER",
            "value": 2008
          },
          {
            "id": 71,
            "name": "Renoveringsår",
            "type": "INTEGER",
            "value": 2018
          },
          {
            "id": 74,
            "name": "Statusdatum",
            "type": "DATE",
            "value": "2018-07-04"
          },
          {
            "id": 79,
            "name": "Tillhörande filer",
            "type": "FILES",
            "value": [
              {
                "id": 381,
                "filename": "image.jpg",
                "validForWinter": false,
                "validForSummer": false,
                "sortIndex": null,
                "type": "image/jpeg",
                "size": 3687597,
                "url": "https://api.sundsvall.se/facilities/2.2/field/filesfield/381",
                "license": "CC0",
                "licenseDescription": "Creative commons. \"No rights reserved\" https://creativecommons.org/share-your-work/public-domain/cc0/"
              }
            ]
          },
          {
            "id": 72,
            "name": "Handikappanpassad",
            "type": "TOGGLE",
            "value": "Nej"
          },
          {
            "id": 288,
            "name": "Felanmälan",
            "type": "Felanmälningstjänst",
            "reportName": "Kontakt Sundsvall",
            "reportDescription": "Felanmälan av motionsspår, elljusspår, leder och andra friluftsanläggningar",
            "reportLink": "https://sundsvall.se/kommun-och-politik/politik-och-demokrati/dialog-och-synpunkter/felanmalan",
            "reportPhone": "060-19 10 00",
            "reportEmail": "kontakt@sundsvall.se"
          },
          {
            "id": 87,
            "name": "Grillgaller",
            "type": "FREETEXT",
            "value": "Ramlat av"
          }
        ],
        "centerPoint": [
          16.490560787479122,
          62.41766398880354
        ]
      },
      "geometry": {
        "type": "Point",
        "coordinates": [
          16.490560787479122,
          62.41766398880354
        ]
      }
    },
    {
      "id": 518,
      "type": "Feature",
      "properties": {
        "name": "Badplats Pallviken",
        "type": "Grill",
        "created": "2018-07-06 13:03:54",
        "updated": "2020-07-07 20:09:09",
        "published": true,
        "owner": {
          "organizationID": 36,
          "name": "Sundsvalls kommun Friluftsenheten"
        },
        "manager": {
          "organizationID": 36,
          "name": "Sundsvalls kommun Friluftsenheten"
        },
        "fields": [
          {
            "id": 73,
            "name": "Status",
            "type": "DROPDOWN",
            "value": "Fin"
          },
          {
            "id": 85,
            "name": "Typ av grill",
            "type": "DROPDOWN",
            "value": "Natursten"
          },
          {
            "id": 86,
            "name": "Värmekälla",
            "type": "DROPDOWN",
            "value": "Ved"
          },
          {
            "id": 70,
            "name": "Byggnadsår",
            "type": "INTEGER",
            "value": 2013
          },
          {
            "id": 74,
            "name": "Statusdatum",
            "type": "DATE",
            "value": "2018-07-06"
          },
          {
            "id": 79,
            "name": "Tillhörande filer",
            "type": "FILES",
            "value": [
              {
                "id": 404,
                "filename": "IMG_1872.JPG",
                "validForWinter": false,
                "validForSummer": false,
                "sortIndex": null,
                "type": "image/jpeg",
                "size": 2850304,
                "url": "https://api.sundsvall.se/facilities/2.2/field/filesfield/404",
                "license": "CC0",
                "licenseDescription": "Creative commons. \"No rights reserved\" https://creativecommons.org/share-your-work/public-domain/cc0/"
              }
            ]
          },
          {
            "id": 72,
            "name": "Handikappanpassad",
            "type": "TOGGLE",
            "value": "Nej"
          },
          {
            "id": 288,
            "name": "Felanmälan",
            "type": "Felanmälningstjänst",
            "reportName": "Kontakt Sundsvall",
            "reportDescription": "Felanmälan av motionsspår, elljusspår, leder och andra friluftsanläggningar",
            "reportLink": "https://sundsvall.se/kommun-och-politik/politik-och-demokrati/dialog-och-synpunkter/felanmalan",
            "reportPhone": "060-19 10 00",
            "reportEmail": "kontakt@sundsvall.se"
          },
          {
            "id": 87,
            "name": "Grillgaller",
            "type": "FREETEXT",
            "value": "Ja, slitet"
          }
        ],
        "centerPoint": [
          17.148717535220875,
          62.309466293393044
        ]
      },
      "geometry": {
        "type": "Point",
        "coordinates": [
          17.148717535220875,
          62.309466293393044
        ]
      }
    },
    {
      "id": 530,
      "type": "Feature",
      "properties": {
        "name": "Badplats Östtjärn",
        "type": "Grill",
        "created": "2018-07-06 13:18:31",
        "updated": "2026-06-22 08:44:21",
        "published": true,
        "parentObjects": [
          526
        ],
        "owner": {
          "organizationID": 36,
          "name": "Sundsvalls kommun Friluftsenheten"
        },
        "manager": {
          "organizationID": 36,
          "name": "Sundsvalls kommun Friluftsenheten"
        },
        "fields": [
          {
            "id": 73,
            "name": "Status",
            "type": "DROPDOWN",
            "value": "Fin"
          },
          {
            "id": 85,
            "name": "Typ av grill",
            "type": "DROPDOWN",
            "value": "Svetsad fyrkantsmetall"
          },
          {
            "id": 86,
            "name": "Värmekälla",
            "type": "DROPDOWN",
            "value": "Ved"
          },
          {
            "id": 70,
            "name": "Byggnadsår",
            "type": "INTEGER",
            "value": 2014
          },
          {
            "id": 74,
            "name": "Statusdatum",
            "type": "DATE",
            "value": "2018-07-06"
          },
          {
            "id": 79,
            "name": "Tillhörande filer",
            "type": "FILES",
            "value": [
              {
                "id": 416,
                "filename": "694A000A-31CE-4A83-96EC-2FB8698D130E.jpeg",
                "description": "Grill",
                "alttext": "Grill",
                "sourcetext": "",
                "validForWinter": true,
                "validForSummer": true,
                "sortIndex": 1,
                "type": "image/jpeg",
                "size": 3767001,
                "url": "https://api.sundsvall.se/facilities/2.2/field/filesfield/416",
                "license": "CC0",
                "licenseDescription": "Creative commons. \"No rights reserved\" https://creativecommons.org/share-your-work/public-domain/cc0/"
              }
            ]
          },
          {
            "id": 72,
            "name": "Handikappanpassad",
            "type": "TOGGLE",
            "value": "Nej"
          },
          {
            "id": 288,
            "name": "Felanmälan",
            "type": "Felanmälningstjänst",
            "reportName": "Kontakt Sundsvall",
            "reportDescription": "Felanmälan av motionsspår, elljusspår, leder och andra friluftsanläggningar",
            "reportLink": "https://sundsvall.se/kommun-och-politik/politik-och-demokrati/dialog-och-synpunkter/felanmalan",
            "reportPhone": "060-19 10 00",
            "reportEmail": "kontakt@sundsvall.se"
          },
          {
            "id": 87,
            "name": "Grillgaller",
            "type": "FREETEXT",
            "value": "Ja"
          }
        ],
        "centerPoint": [
          17.269003878895216,
          62.32780990692534
        ]
      },
      "geometry": {
        "type": "Point",
        "coordinates": [
          17.269003878895216,
          62.32780990692534
        ]
      }
    },
    {
      "id": 545,
      "type": "Feature",
      "properties": {
        "name": "Grenforsen Grill",
        "type": "Grill",
        "created": "2018-07-30 15:37:25",
        "updated": "2025-07-16 13:43:40",
        "published": true,
        "parentObjects": [
          4138
        ],
        "owner": {
          "organizationID": 36,
          "name": "Sundsvalls kommun Friluftsenheten"
        },
        "manager": {
          "organizationID": 36,
          "name": "Sundsvalls kommun Friluftsenheten"
        },
        "fields": [
          {
            "id": 73,
            "name": "Status",
            "type": "DROPDOWN",
            "value": "Fin"
          },
          {
            "id": 85,
            "name": "Typ av grill",
            "type": "DROPDOWN",
            "value": "Natursten"
          },
          {
            "id": 86,
            "name": "Värmekälla",
            "type": "DROPDOWN",
            "value": "Ved"
          },
          {
            "id": 74,
            "name": "Statusdatum",
            "type": "DATE",
            "value": "2018-09-30"
          },
          {
            "id": 79,
            "name": "Tillhörande filer",
            "type": "FILES",
            "value": [
              {
                "id": 519,
                "filename": "20190930_181332.jpg",
                "description": "",
                "alttext": "",
                "sourcetext": "",
                "validForWinter": true,
                "validForSummer": true,
                "sortIndex": 1,
                "type": "image/jpeg",
                "size": 5759813,
                "url": "https://api.sundsvall.se/facilities/2.2/field/filesfield/519",
                "license": "CC0",
                "licenseDescription": "Creative commons. \"No rights reserved\" https://creativecommons.org/share-your-work/public-domain/cc0/"
              }
            ]
          },
          {
            "id": 72,
            "name": "Handikappanpassad",
            "type": "TOGGLE",
            "value": "Nej"
          },
          {
            "id": 288,
            "name": "Felanmälan",
            "type": "Felanmälningstjänst",
            "reportName": "Kontakt Sundsvall",
            "reportDescription": "Felanmälan av motionsspår, elljusspår, leder och andra friluftsanläggningar",
            "reportLink": "https://sundsvall.se/kommun-och-politik/politik-och-demokrati/dialog-och-synpunkter/felanmalan",
            "reportPhone": "060-19 10 00",
            "reportEmail": "kontakt@sundsvall.se"
          },
          {
            "id": 87,
            "name": "Grillgaller",
            "type": "FREETEXT",
            "value": "Ja"
          }
        ],
        "centerPoint": [
          17.22311056701682,
          62.3051677647957
        ]
      },
      "geometry": {
        "type": "Point",
        "coordinates": [
          17.22311056701682,
          62.3051677647957
        ]
      }
    },
    {
      "id": 555,
      "type": "Feature",
      "properties": {
        "name": "Nolbyströmmen Södra",
        "type": "Grill",
        "created": "2018-07-31 15:01:52",
        "updated": "2018-07-31 15:05:47",
        "published": false
      },
      "geometry": null
    },
    {
      "id": 568,
      "type": "Feature",
      "properties": {
        "name": "Fanbyklacken grill",
        "type": "Grill",
        "created": "2018-08-06 10:36:27",
        "updated": "2026-01-13 15:13:28",
        "published": true,
        "parentObjects": [
          1655
        ],
        "fields": [
          {
            "id": 73,
            "name": "Status",
            "type": "DROPDOWN",
            "value": "Trasig"
          },
          {
            "id": 85,
            "name": "Typ av grill",
            "type": "DROPDOWN",
            "value": "Cementring"
          },
          {
            "id": 86,
            "name": "Värmekälla",
            "type": "DROPDOWN",
            "value": "Ved"
          },
          {
            "id": 74,
            "name": "Statusdatum",
            "type": "DATE",
            "value": "2020-08-20"
          },
          {
            "id": 79,
            "name": "Tillhörande filer",
            "type": "FILES",
            "value": [
              {
                "id": 434,
                "filename": "image.jpg",
                "validForWinter": false,
                "validForSummer": false,
                "sortIndex": null,
                "type": "image/jpeg",
                "size": 3861888,
                "url": "https://api.sundsvall.se/facilities/2.2/field/filesfield/434",
                "license": "CC0",
                "licenseDescription": "Creative commons. \"No rights reserved\" https://creativecommons.org/share-your-work/public-domain/cc0/"
              }
            ]
          },
          {
            "id": 72,
            "name": "Handikappanpassad",
            "type": "TOGGLE",
            "value": "Nej"
          },
          {
            "id": 87,
            "name": "Grillgaller",
            "type": "FREETEXT",
            "value": "Nej"
          }
        ],
        "centerPoint": [
          16.544606370269737,
          62.30420912194586
        ]
      },
      "geometry": {
        "type": "Point",
        "coordinates": [
          16.544606370269737,
          62.30420912194586
        ]
      }
    },
    {
      "id": 576,
      "type": "Feature",
      "properties": {
        "name": "Grill stornäset",
        "type": "Grill",
        "created": "2018-08-07 10:10:09",
        "updated": "2020-09-25 09:40:49",
        "published": true,
        "owner": {
          "organizationID": 83,
          "name": "länsstyrelsen västernorrland"
        },
        "manager": {
          "organizationID": 83,
          "name": "länsstyrelsen västernorrland"
        },
        "fields": [
          {
            "id": 73,
            "name": "Status",
            "type": "DROPDOWN",
            "value": "Fin"
          },
          {
            "id": 85,
            "name": "Typ av grill",
            "type": "DROPDOWN",
            "value": "Cementring"
          },
          {
            "id": 86,
            "name": "Värmekälla",
            "type": "DROPDOWN",
            "value": "Ved"
          },
          {
            "id": 79,
            "name": "Tillhörande filer",
            "type": "FILES",
            "value": [
              {
                "id": 442,
                "filename": "image.jpg",
                "validForWinter": false,
                "validForSummer": false,
                "sortIndex": null,
                "type": "image/jpeg",
                "size": 3551841,
                "url": "https://api.sundsvall.se/facilities/2.2/field/filesfield/442",
                "license": "CC0",
                "licenseDescription": "Creative commons. \"No rights reserved\" https://creativecommons.org/share-your-work/public-domain/cc0/"
              }
            ]
          },
          {
            "id": 72,
            "name": "Handikappanpassad",
            "type": "TOGGLE",
            "value": "Nej"
          },
          {
            "id": 87,
            "name": "Grillgaller",
            "type": "FREETEXT",
            "value": "Ja"
          }
        ],
        "centerPoint": [
          17.495953964930752,
          62.44935380170261
        ]
      },
      "geometry": {
        "type": "Point",
        "coordinates": [
          17.495953964930752,
          62.44935380170261
        ]
      }
    },
    {
      "id": 579,
      "type": "Feature",
      "properties": {
        "name": "Grill stornäset",
        "type": "Grill",
        "created": "2018-08-07 10:14:56",
        "updated": "2020-09-25 09:39:59",
        "published": true,
        "owner": {
          "organizationID": 83,
          "name": "länsstyrelsen västernorrland"
        },
        "manager": {
          "organizationID": 83,
          "name": "länsstyrelsen västernorrland"
        },
        "fields": [
          {
            "id": 73,
            "name": "Status",
            "type": "DROPDOWN",
            "value": "Fin"
          },
          {
            "id": 85,
            "name": "Typ av grill",
            "type": "DROPDOWN",
            "value": "Svetsad fyrkantsmetall"
          },
          {
            "id": 86,
            "name": "Värmekälla",
            "type": "DROPDOWN",
            "value": "Ved"
          },
          {
            "id": 74,
            "name": "Statusdatum",
            "type": "DATE",
            "value": "2018-08-07"
          },
          {
            "id": 79,
            "name": "Tillhörande filer",
            "type": "FILES",
            "value": [
              {
                "id": 444,
                "filename": "image.jpg",
                "validForWinter": false,
                "validForSummer": false,
                "sortIndex": null,
                "type": "image/jpeg",
                "size": 3109893,
                "url": "https://api.sundsvall.se/facilities/2.2/field/filesfield/444",
                "license": "CC0",
                "licenseDescription": "Creative commons. \"No rights reserved\" https://creativecommons.org/share-your-work/public-domain/cc0/"
              }
            ]
          },
          {
            "id": 72,
            "name": "Handikappanpassad",
            "type": "TOGGLE",
            "value": "Nej"
          },
          {
            "id": 87,
            "name": "Grillgaller",
            "type": "FREETEXT",
            "value": "Ja"
          }
        ],
        "centerPoint": [
          17.49521594817767,
          62.44903206079555
        ]
      },
      "geometry": {
        "type": "Point",
        "coordinates": [
          17.49521594817767,
          62.44903206079555
        ]
      }
    },
    {
      "id": 589,
      "type": "Feature",
      "properties": {
        "name": "Grill klampenborg",
        "type": "Grill",
        "created": "2018-08-08 10:40:51",
        "updated": "2026-01-13 11:06:23",
        "published": true,
        "owner": {
          "organizationID": 174,
          "name": "Sundsvalls kommun Stadsbyggnadskontoret"
        },
        "manager": {
          "organizationID": 285,
          "name": "Klampenborgföreningen"
        },
        "fields": [
          {
            "id": 73,
            "name": "Status",
            "type": "DROPDOWN",
            "value": "Fin"
          },
          {
            "id": 86,
            "name": "Värmekälla",
            "type": "DROPDOWN",
            "value": "Kol"
          },
          {
            "id": 70,
            "name": "Byggnadsår",
            "type": "INTEGER",
            "value": 2018
          },
          {
            "id": 71,
            "name": "Renoveringsår",
            "type": "INTEGER",
            "value": 2018
          },
          {
            "id": 74,
            "name": "Statusdatum",
            "type": "DATE",
            "value": "2018-08-08"
          },
          {
            "id": 79,
            "name": "Tillhörande filer",
            "type": "FILES",
            "value": [
              {
                "id": 449,
                "filename": "image.jpg",
                "description": "Grill",
                "alttext": "Grill",
                "sourcetext": "",
                "validForWinter": true,
                "validForSummer": true,
                "sortIndex": 1,
                "type": "image/jpeg",
                "size": 3243873,
                "url": "https://api.sundsvall.se/facilities/2.2/field/filesfield/449",
                "license": "CC0",
                "licenseDescription": "Creative commons. \"No rights reserved\" https://creativecommons.org/share-your-work/public-domain/cc0/"
              }
            ]
          },
          {
            "id": 72,
            "name": "Handikappanpassad",
            "type": "TOGGLE",
            "value": "Nej"
          },
          {
            "id": 87,
            "name": "Grillgaller",
            "type": "FREETEXT",
            "value": "Ja"
          }
        ],
        "centerPoint": [
          17.395438867691745,
          62.33047038790904
        ]
      },
      "geometry": {
        "type": "Point",
        "coordinates": [
          17.395438867691745,
          62.33047038790904
        ]
      }
    },
    {
      "id": 605,
      "type": "Feature",
      "properties": {
        "name": "Grill åtjärn",
        "type": "Grill",
        "created": "2018-08-10 09:17:50",
        "updated": "2020-12-16 18:30:26",
        "published": true,
        "owner": {
          "organizationID": 5,
          "name": "attmars fvo"
        },
        "manager": {
          "organizationID": 5,
          "name": "attmars fvo"
        },
        "fields": [
          {
            "id": 73,
            "name": "Status",
            "type": "DROPDOWN",
            "value": "Fin"
          },
          {
            "id": 86,
            "name": "Värmekälla",
            "type": "DROPDOWN",
            "value": "Ved"
          },
          {
            "id": 85,
            "name": "Typ av grill",
            "type": "DROPDOWN",
            "value": "Oljefat"
          },
          {
            "id": 70,
            "name": "Byggnadsår",
            "type": "INTEGER",
            "value": 2018
          },
          {
            "id": 71,
            "name": "Renoveringsår",
            "type": "INTEGER",
            "value": 2018
          },
          {
            "id": 74,
            "name": "Statusdatum",
            "type": "DATE",
            "value": "2018-08-10"
          },
          {
            "id": 79,
            "name": "Tillhörande filer",
            "type": "FILES",
            "value": [
              {
                "id": 460,
                "filename": "image.jpg",
                "description": "",
                "alttext": "",
                "sourcetext": "",
                "validForWinter": true,
                "validForSummer": true,
                "sortIndex": 1,
                "type": "image/jpeg",
                "size": 3742146,
                "url": "https://api.sundsvall.se/facilities/2.2/field/filesfield/460",
                "license": "CC0",
                "licenseDescription": "Creative commons. \"No rights reserved\" https://creativecommons.org/share-your-work/public-domain/cc0/"
              }
            ]
          },
          {
            "id": 72,
            "name": "Handikappanpassad",
            "type": "TOGGLE",
            "value": "Nej"
          },
          {
            "id": 87,
            "name": "Grillgaller",
            "type": "FREETEXT",
            "value": "Ja"
          }
        ],
        "centerPoint": [
          16.990245010201463,
          62.31559753143631
        ]
      },
      "geometry": {
        "type": "Point",
        "coordinates": [
          16.990245010201463,
          62.31559753143631
        ]
      }
    },
    {
      "id": 610,
      "type": "Feature",
      "properties": {
        "name": "Åtjärn norra",
        "type": "Grill",
        "created": "2018-08-10 09:37:45",
        "updated": "2020-06-30 11:48:15",
        "published": true,
        "fields": [
          {
            "id": 73,
            "name": "Status",
            "type": "DROPDOWN",
            "value": "Sliten"
          },
          {
            "id": 85,
            "name": "Typ av grill",
            "type": "DROPDOWN",
            "value": "Cementring"
          },
          {
            "id": 86,
            "name": "Värmekälla",
            "type": "DROPDOWN",
            "value": "Kol"
          },
          {
            "id": 70,
            "name": "Byggnadsår",
            "type": "INTEGER",
            "value": 2018
          },
          {
            "id": 71,
            "name": "Renoveringsår",
            "type": "INTEGER",
            "value": 2018
          },
          {
            "id": 74,
            "name": "Statusdatum",
            "type": "DATE",
            "value": "2018-08-10"
          },
          {
            "id": 79,
            "name": "Tillhörande filer",
            "type": "FILES",
            "value": [
              {
                "id": 463,
                "filename": "image.jpg",
                "validForWinter": false,
                "validForSummer": false,
                "sortIndex": null,
                "type": "image/jpeg",
                "size": 3265834,
                "url": "https://api.sundsvall.se/facilities/2.2/field/filesfield/463",
                "license": "CC0",
                "licenseDescription": "Creative commons. \"No rights reserved\" https://creativecommons.org/share-your-work/public-domain/cc0/"
              }
            ]
          },
          {
            "id": 72,
            "name": "Handikappanpassad",
            "type": "TOGGLE",
            "value": "Nej"
          },
          {
            "id": 87,
            "name": "Grillgaller",
            "type": "FREETEXT",
            "value": "Förfallen"
          }
        ],
        "centerPoint": [
          16.988041703815565,
          62.318032924031485
        ]
      },
      "geometry": {
        "type": "Point",
        "coordinates": [
          16.988041703815565,
          62.318032924031485
        ]
      }
    },
    {
      "id": 613,
      "type": "Feature",
      "properties": {
        "name": "Grill acktjärn",
        "type": "Grill",
        "created": "2018-08-10 10:37:58",
        "updated": "2020-02-11 11:06:27",
        "published": false
      },
      "geometry": null
    },
    {
      "id": 628,
      "type": "Feature",
      "properties": {
        "name": "Grill orrsjön",
        "type": "Grill",
        "created": "2018-08-14 14:13:17",
        "published": false
      },
      "geometry": null
    },
    {
      "id": 1145,
      "type": "Feature",
      "properties": {
        "name": "Långåstjärns grillplats",
        "type": "Grill",
        "created": "2019-11-14 16:36:38",
        "updated": "2020-07-06 16:48:56",
        "published": true,
        "owner": {
          "organizationID": 36,
          "name": "Sundsvalls kommun Friluftsenheten"
        },
        "manager": {
          "organizationID": 29,
          "name": "ede-boda fvo"
        },
        "fields": [
          {
            "id": 86,
            "name": "Värmekälla",
            "type": "DROPDOWN",
            "value": "Ved"
          },
          {
            "id": 72,
            "name": "Handikappanpassad",
            "type": "TOGGLE",
            "value": "Nej"
          }
        ],
        "centerPoint": [
          16.5244577144239,
          62.466579845777275
        ]
      },
      "geometry": {
        "type": "Point",
        "coordinates": [
          16.5244577144239,
          62.466579845777275
        ]
      }
    },
    {
      "id": 1433,
      "type": "Feature",
      "properties": {
        "name": "Grill vid Hattbergsstugan",
        "type": "Grill",
        "created": "2020-03-12 11:36:46",
        "updated": "2026-01-05 15:37:51",
        "published": true,
        "parentObjects": [
          4197
        ],
        "owner": {
          "organizationID": 136,
          "name": "sillre byförening"
        },
        "manager": {
          "organizationID": 136,
          "name": "sillre byförening"
        },
        "fields": [
          {
            "id": 73,
            "name": "Status",
            "type": "DROPDOWN",
            "value": "Fin"
          },
          {
            "id": 86,
            "name": "Värmekälla",
            "type": "DROPDOWN",
            "value": "Ved"
          },
          {
            "id": 74,
            "name": "Statusdatum",
            "type": "DATE",
            "value": "2020-04-22"
          },
          {
            "id": 79,
            "name": "Tillhörande filer",
            "type": "FILES",
            "value": [
              {
                "id": 1424,
                "filename": "20200422_122701.jpg",
                "validForWinter": false,
                "validForSummer": false,
                "sortIndex": null,
                "type": "image/jpeg",
                "size": 5817474,
                "url": "https://api.sundsvall.se/facilities/2.2/field/filesfield/1424",
                "license": "CC0",
                "licenseDescription": "Creative commons. \"No rights reserved\" https://creativecommons.org/share-your-work/public-domain/cc0/"
              }
            ]
          },
          {
            "id": 72,
            "name": "Handikappanpassad",
            "type": "TOGGLE",
            "value": "Nej"
          }
        ],
        "centerPoint": [
          16.711627901063675,
          62.790943226397545
        ]
      },
      "geometry": {
        "type": "Point",
        "coordinates": [
          16.711627901063675,
          62.790943226397545
        ]
      }
    },
    {
      "id": 1438,
      "type": "Feature",
      "properties": {
        "name": "Grill vid båtiläggningsplats Stordalen",
        "type": "Grill",
        "created": "2020-03-12 11:43:56",
        "published": false
      },
      "geometry": null
    },
    {
      "id": 1477,
      "type": "Feature",
      "properties": {
        "name": "Grill vid Lidens skolskog",
        "type": "Grill",
        "created": "2020-03-19 08:20:34",
        "updated": "2020-07-07 16:28:07",
        "published": true,
        "owner": {
          "organizationID": 167,
          "name": "sundsvalls kommun"
        },
        "manager": {
          "organizationID": 167,
          "name": "sundsvalls kommun"
        },
        "fields": [
          {
            "id": 73,
            "name": "Status",
            "type": "DROPDOWN",
            "value": "Fin"
          },
          {
            "id": 85,
            "name": "Typ av grill",
            "type": "DROPDOWN",
            "value": "Cementring"
          },
          {
            "id": 86,
            "name": "Värmekälla",
            "type": "DROPDOWN",
            "value": "Ved"
          },
          {
            "id": 70,
            "name": "Byggnadsår",
            "type": "INTEGER",
            "value": 2018
          },
          {
            "id": 74,
            "name": "Statusdatum",
            "type": "DATE",
            "value": "2020-03-18"
          },
          {
            "id": 79,
            "name": "Tillhörande filer",
            "type": "FILES",
            "value": [
              {
                "id": 1319,
                "filename": "20200318_105824.jpg",
                "validForWinter": false,
                "validForSummer": false,
                "sortIndex": null,
                "type": "image/jpeg",
                "size": 6574142,
                "url": "https://api.sundsvall.se/facilities/2.2/field/filesfield/1319",
                "license": "CC0",
                "licenseDescription": "Creative commons. \"No rights reserved\" https://creativecommons.org/share-your-work/public-domain/cc0/"
              }
            ]
          },
          {
            "id": 72,
            "name": "Handikappanpassad",
            "type": "TOGGLE",
            "value": "Nej"
          },
          {
            "id": 87,
            "name": "Grillgaller",
            "type": "FREETEXT",
            "value": "Saknas"
          }
        ],
        "centerPoint": [
          16.805494054563564,
          62.70050455971409
        ]
      },
      "geometry": {
        "type": "Point",
        "coordinates": [
          16.805494054563564,
          62.70050455971409
        ]
      }
    },
    {
      "id": 1485,
      "type": "Feature",
      "properties": {
        "name": "Svartbäcken",
        "type": "Grill",
        "created": "2020-03-25 10:57:33",
        "updated": "2020-07-08 17:43:03",
        "published": true,
        "owner": {
          "organizationID": 258,
          "name": "Kraftur islandshästförening"
        },
        "manager": {
          "organizationID": 258,
          "name": "Kraftur islandshästförening"
        },
        "fields": [
          {
            "id": 73,
            "name": "Status",
            "type": "DROPDOWN",
            "value": "Trasig"
          },
          {
            "id": 85,
            "name": "Typ av grill",
            "type": "DROPDOWN",
            "value": "Cementring"
          },
          {
            "id": 86,
            "name": "Värmekälla",
            "type": "DROPDOWN",
            "value": "Ved"
          },
          {
            "id": 74,
            "name": "Statusdatum",
            "type": "DATE",
            "value": "2020-07-08"
          },
          {
            "id": 79,
            "name": "Tillhörande filer",
            "type": "FILES",
            "value": [
              {
                "id": 1369,
                "filename": "image (42).jpg",
                "validForWinter": false,
                "validForSummer": false,
                "sortIndex": null,
                "type": "image/jpeg",
                "size": 3810672,
                "url": "https://api.sundsvall.se/facilities/2.2/field/filesfield/1369",
                "license": "CC0",
                "licenseDescription": "Creative commons. \"No rights reserved\" https://creativecommons.org/share-your-work/public-domain/cc0/"
              }
            ]
          },
          {
            "id": 72,
            "name": "Handikappanpassad",
            "type": "TOGGLE",
            "value": "Nej"
          }
        ],
        "centerPoint": [
          17.072315959144763,
          62.37773729534861
        ]
      },
      "geometry": {
        "type": "Point",
        "coordinates": [
          17.072315959144763,
          62.37773729534861
        ]
      }
    },
    {
      "id": 1523,
      "type": "Feature",
      "properties": {
        "name": "Grill Tunomsberget",
        "type": "Grill",
        "created": "2020-04-13 08:19:36",
        "updated": "2020-04-13 08:20:26",
        "published": false
      },
      "geometry": null
    },
    {
      "id": 1526,
      "type": "Feature",
      "properties": {
        "name": "Grillplats på Slättberget",
        "type": "Grill",
        "created": "2020-04-19 15:54:46",
        "updated": "2024-09-24 12:23:41",
        "published": true,
        "fields": [
          {
            "id": 85,
            "name": "Typ av grill",
            "type": "DROPDOWN",
            "value": "Natursten"
          },
          {
            "id": 86,
            "name": "Värmekälla",
            "type": "DROPDOWN",
            "value": "Ved"
          },
          {
            "id": 79,
            "name": "Tillhörande filer",
            "type": "FILES",
            "value": [
              {
                "id": 1408,
                "filename": "20200419_111820.jpg",
                "description": "",
                "alttext": "",
                "sourcetext": "Friluftsenheten",
                "validForWinter": false,
                "validForSummer": false,
                "sortIndex": null,
                "type": "image/jpeg",
                "size": 9513454,
                "url": "https://api.sundsvall.se/facilities/2.2/field/filesfield/1408",
                "license": "CC0",
                "licenseDescription": "Creative commons. \"No rights reserved\" https://creativecommons.org/share-your-work/public-domain/cc0/"
              }
            ]
          },
          {
            "id": 72,
            "name": "Handikappanpassad",
            "type": "TOGGLE",
            "value": "Nej"
          },
          {
            "id": 87,
            "name": "Grillgaller",
            "type": "FREETEXT",
            "value": "Nej"
          }
        ],
        "centerPoint": [
          17.433051493750824,
          62.30788598111751
        ]
      },
      "geometry": {
        "type": "Point",
        "coordinates": [
          17.433051493750824,
          62.30788598111751
        ]
      }
    },
    {
      "id": 1528,
      "type": "Feature",
      "properties": {
        "name": "Grillplats Essviksvallen sandtag",
        "type": "Grill",
        "created": "2020-04-19 15:58:50",
        "updated": "2020-07-09 10:50:48",
        "published": true,
        "fields": [
          {
            "id": 85,
            "name": "Typ av grill",
            "type": "DROPDOWN",
            "value": "Cementring"
          },
          {
            "id": 86,
            "name": "Värmekälla",
            "type": "DROPDOWN",
            "value": "Ved"
          },
          {
            "id": 79,
            "name": "Tillhörande filer",
            "type": "FILES",
            "value": [
              {
                "id": 1410,
                "filename": "20200419_113449.jpg",
                "validForWinter": false,
                "validForSummer": false,
                "sortIndex": null,
                "type": "image/jpeg",
                "size": 9025634,
                "url": "https://api.sundsvall.se/facilities/2.2/field/filesfield/1410",
                "license": "CC0",
                "licenseDescription": "Creative commons. \"No rights reserved\" https://creativecommons.org/share-your-work/public-domain/cc0/"
              }
            ]
          },
          {
            "id": 72,
            "name": "Handikappanpassad",
            "type": "TOGGLE",
            "value": "Nej"
          },
          {
            "id": 87,
            "name": "Grillgaller",
            "type": "FREETEXT",
            "value": "Ja"
          }
        ],
        "centerPoint": [
          17.4052468557007,
          62.31397223360941
        ]
      },
      "geometry": {
        "type": "Point",
        "coordinates": [
          17.4052468557007,
          62.31397223360941
        ]
      }
    },
    {
      "id": 1529,
      "type": "Feature",
      "properties": {
        "name": "Grillplats Essviksvallen sandtag",
        "type": "Grill",
        "created": "2020-04-19 16:00:56",
        "updated": "2020-07-09 10:50:32",
        "published": true,
        "fields": [
          {
            "id": 73,
            "name": "Status",
            "type": "DROPDOWN",
            "value": "Fin"
          },
          {
            "id": 85,
            "name": "Typ av grill",
            "type": "DROPDOWN",
            "value": "Cementring"
          },
          {
            "id": 86,
            "name": "Värmekälla",
            "type": "DROPDOWN",
            "value": "Ved"
          },
          {
            "id": 74,
            "name": "Statusdatum",
            "type": "DATE",
            "value": "2020-04-19"
          },
          {
            "id": 79,
            "name": "Tillhörande filer",
            "type": "FILES",
            "value": [
              {
                "id": 1411,
                "filename": "20200419_113500.jpg",
                "validForWinter": false,
                "validForSummer": false,
                "sortIndex": null,
                "type": "image/jpeg",
                "size": 6480116,
                "url": "https://api.sundsvall.se/facilities/2.2/field/filesfield/1411",
                "license": "CC0",
                "licenseDescription": "Creative commons. \"No rights reserved\" https://creativecommons.org/share-your-work/public-domain/cc0/"
              }
            ]
          },
          {
            "id": 72,
            "name": "Handikappanpassad",
            "type": "TOGGLE",
            "value": "Nej"
          },
          {
            "id": 87,
            "name": "Grillgaller",
            "type": "FREETEXT",
            "value": "Ja"
          }
        ],
        "centerPoint": [
          17.405310070202155,
          62.31376948957951
        ]
      },
      "geometry": {
        "type": "Point",
        "coordinates": [
          17.405310070202155,
          62.31376948957951
        ]
      }
    },
    {
      "id": 1530,
      "type": "Feature",
      "properties": {
        "name": "Grillplats vid Brattbergets vindskydd",
        "type": "Grill",
        "created": "2020-04-19 16:03:51",
        "updated": "2026-01-13 11:07:44",
        "published": true,
        "parentObjects": [
          4219
        ],
        "fields": [
          {
            "id": 85,
            "name": "Typ av grill",
            "type": "DROPDOWN",
            "value": "Natursten"
          },
          {
            "id": 86,
            "name": "Värmekälla",
            "type": "DROPDOWN",
            "value": "Ved"
          },
          {
            "id": 79,
            "name": "Tillhörande filer",
            "type": "FILES",
            "value": [
              {
                "id": 1412,
                "filename": "20200419_134601.jpg",
                "validForWinter": false,
                "validForSummer": false,
                "sortIndex": null,
                "type": "image/jpeg",
                "size": 3653238,
                "url": "https://api.sundsvall.se/facilities/2.2/field/filesfield/1412",
                "license": "CC0",
                "licenseDescription": "Creative commons. \"No rights reserved\" https://creativecommons.org/share-your-work/public-domain/cc0/"
              }
            ]
          },
          {
            "id": 72,
            "name": "Handikappanpassad",
            "type": "TOGGLE",
            "value": "Nej"
          },
          {
            "id": 87,
            "name": "Grillgaller",
            "type": "FREETEXT",
            "value": "Ja"
          }
        ],
        "centerPoint": [
          17.42627594770795,
          62.33110871013936
        ]
      },
      "geometry": {
        "type": "Point",
        "coordinates": [
          17.42627594770795,
          62.33110871013936
        ]
      }
    },
    {
      "id": 1531,
      "type": "Feature",
      "properties": {
        "name": "Grillplats Rigåsen",
        "type": "Grill",
        "created": "2020-04-19 16:11:34",
        "published": true,
        "fields": [
          {
            "id": 85,
            "name": "Typ av grill",
            "type": "DROPDOWN",
            "value": "Cementring"
          },
          {
            "id": 86,
            "name": "Värmekälla",
            "type": "DROPDOWN",
            "value": "Ved"
          },
          {
            "id": 79,
            "name": "Tillhörande filer",
            "type": "FILES",
            "value": [
              {
                "id": 1418,
                "filename": "20200416_084932.jpg",
                "validForWinter": false,
                "validForSummer": false,
                "sortIndex": null,
                "type": "image/jpeg",
                "size": 5796551,
                "url": "https://api.sundsvall.se/facilities/2.2/field/filesfield/1418",
                "license": "CC0",
                "licenseDescription": "Creative commons. \"No rights reserved\" https://creativecommons.org/share-your-work/public-domain/cc0/"
              }
            ]
          },
          {
            "id": 72,
            "name": "Handikappanpassad",
            "type": "TOGGLE",
            "value": "Nej"
          },
          {
            "id": 87,
            "name": "Grillgaller",
            "type": "FREETEXT",
            "value": "Nej"
          }
        ],
        "centerPoint": [
          17.04871543366917,
          62.8219031831653
        ]
      },
      "geometry": {
        "type": "Point",
        "coordinates": [
          17.04871543366917,
          62.8219031831653
        ]
      }
    },
    {
      "id": 1535,
      "type": "Feature",
      "properties": {
        "name": "Grill Klubbänget",
        "type": "Grill",
        "created": "2020-04-22 10:52:53",
        "updated": "2026-04-01 22:12:18",
        "published": true,
        "fields": [
          {
            "id": 73,
            "name": "Status",
            "type": "DROPDOWN",
            "value": "Fin"
          },
          {
            "id": 85,
            "name": "Typ av grill",
            "type": "DROPDOWN",
            "value": "Bosses trä och metall"
          },
          {
            "id": 86,
            "name": "Värmekälla",
            "type": "DROPDOWN",
            "value": "Ved"
          },
          {
            "id": 70,
            "name": "Byggnadsår",
            "type": "INTEGER",
            "value": 2019
          },
          {
            "id": 74,
            "name": "Statusdatum",
            "type": "DATE",
            "value": "2020-04-23"
          },
          {
            "id": 79,
            "name": "Tillhörande filer",
            "type": "FILES",
            "value": [
              {
                "id": 1422,
                "filename": "20200422_102849.jpg",
                "validForWinter": false,
                "validForSummer": false,
                "sortIndex": null,
                "type": "image/jpeg",
                "size": 8118585,
                "url": "https://api.sundsvall.se/facilities/2.2/field/filesfield/1422",
                "license": "CC0",
                "licenseDescription": "Creative commons. \"No rights reserved\" https://creativecommons.org/share-your-work/public-domain/cc0/"
              },
              {
                "id": 1423,
                "filename": "20200422_102837.jpg",
                "validForWinter": false,
                "validForSummer": false,
                "sortIndex": null,
                "type": "image/jpeg",
                "size": 9639517,
                "url": "https://api.sundsvall.se/facilities/2.2/field/filesfield/1423",
                "license": "CC0",
                "licenseDescription": "Creative commons. \"No rights reserved\" https://creativecommons.org/share-your-work/public-domain/cc0/"
              }
            ]
          },
          {
            "id": 72,
            "name": "Handikappanpassad",
            "type": "TOGGLE",
            "value": "Nej"
          },
          {
            "id": 87,
            "name": "Grillgaller",
            "type": "FREETEXT",
            "value": "Ja"
          }
        ],
        "centerPoint": [
          16.684117745821872,
          62.790089025970126
        ]
      },
      "geometry": {
        "type": "Point",
        "coordinates": [
          16.684117745821872,
          62.790089025970126
        ]
      }
    },
    {
      "id": 1594,
      "type": "Feature",
      "properties": {
        "name": "Skarpuddsbadets grillplats",
        "type": "Grill",
        "created": "2020-07-07 13:57:19",
        "updated": "2020-09-01 13:16:05",
        "published": true,
        "owner": {
          "organizationID": 277,
          "name": "Hullsjöns bygdeförening"
        },
        "manager": {
          "organizationID": 277,
          "name": "Hullsjöns bygdeförening"
        },
        "fields": [
          {
            "id": 79,
            "name": "Tillhörande filer",
            "type": "FILES",
            "value": [
              {
                "id": 1746,
                "filename": "Storhullsjön friluftsbad (9).JPG",
                "validForWinter": false,
                "validForSummer": false,
                "sortIndex": null,
                "type": "image/jpeg",
                "size": 3021680,
                "url": "https://api.sundsvall.se/facilities/2.2/field/filesfield/1746",
                "license": "CC0",
                "licenseDescription": "Creative commons. \"No rights reserved\" https://creativecommons.org/share-your-work/public-domain/cc0/"
              }
            ]
          },
          {
            "id": 72,
            "name": "Handikappanpassad",
            "type": "TOGGLE",
            "value": "Nej"
          }
        ],
        "centerPoint": [
          16.69032841478324,
          62.531274543954964
        ]
      },
      "geometry": {
        "type": "Point",
        "coordinates": [
          16.69032841478324,
          62.531274543954964
        ]
      }
    },
    {
      "id": 1654,
      "type": "Feature",
      "properties": {
        "name": "Grillplats Svarttjärn",
        "type": "Grill",
        "created": "2020-08-17 08:17:15",
        "published": true,
        "fields": [
          {
            "id": 73,
            "name": "Status",
            "type": "DROPDOWN",
            "value": "Sliten"
          },
          {
            "id": 85,
            "name": "Typ av grill",
            "type": "DROPDOWN",
            "value": "Natursten"
          },
          {
            "id": 86,
            "name": "Värmekälla",
            "type": "DROPDOWN",
            "value": "Ved"
          },
          {
            "id": 74,
            "name": "Statusdatum",
            "type": "DATE",
            "value": "2020-08-17"
          },
          {
            "id": 79,
            "name": "Tillhörande filer",
            "type": "FILES",
            "value": [
              {
                "id": 1638,
                "filename": "20200817_081129.jpg",
                "validForWinter": false,
                "validForSummer": false,
                "sortIndex": null,
                "type": "image/jpeg",
                "size": 5862813,
                "url": "https://api.sundsvall.se/facilities/2.2/field/filesfield/1638",
                "license": "CC0",
                "licenseDescription": "Creative commons. \"No rights reserved\" https://creativecommons.org/share-your-work/public-domain/cc0/"
              }
            ]
          },
          {
            "id": 72,
            "name": "Handikappanpassad",
            "type": "TOGGLE",
            "value": "Nej"
          },
          {
            "id": 77,
            "name": "Beskrivning",
            "type": "FREETEXT",
            "value": "Grillplats med fin vy över Svarttjärn. Vattenspegeln på den lilla tjärnen ligger ofta spegelblank och chansen att få höra lommens vemodiga skri är stor. "
          },
          {
            "id": 87,
            "name": "Grillgaller",
            "type": "FREETEXT",
            "value": "Nej"
          }
        ],
        "centerPoint": [
          17.332963704030178,
          62.34653646365006
        ]
      },
      "geometry": {
        "type": "Point",
        "coordinates": [
          17.332963704030178,
          62.34653646365006
        ]
      }
    },
    {
      "id": 1658,
      "type": "Feature",
      "properties": {
        "name": "Grill vid Scoutstugan",
        "type": "Grill",
        "created": "2020-08-28 08:29:02",
        "published": true,
        "owner": {
          "organizationID": 185,
          "name": "södermalms scoutkår"
        },
        "manager": {
          "organizationID": 185,
          "name": "södermalms scoutkår"
        },
        "fields": [
          {
            "id": 73,
            "name": "Status",
            "type": "DROPDOWN",
            "value": "Fin"
          },
          {
            "id": 85,
            "name": "Typ av grill",
            "type": "DROPDOWN",
            "value": "Svetsad fyrkantsmetall"
          },
          {
            "id": 86,
            "name": "Värmekälla",
            "type": "DROPDOWN",
            "value": "Ved"
          },
          {
            "id": 70,
            "name": "Byggnadsår",
            "type": "INTEGER",
            "value": 2018
          },
          {
            "id": 74,
            "name": "Statusdatum",
            "type": "DATE",
            "value": "2020-08-28"
          },
          {
            "id": 79,
            "name": "Tillhörande filer",
            "type": "FILES",
            "value": [
              {
                "id": 1734,
                "filename": "20200828_081243.jpg",
                "validForWinter": false,
                "validForSummer": false,
                "sortIndex": null,
                "type": "image/jpeg",
                "size": 8796015,
                "url": "https://api.sundsvall.se/facilities/2.2/field/filesfield/1734",
                "license": "CC0",
                "licenseDescription": "Creative commons. \"No rights reserved\" https://creativecommons.org/share-your-work/public-domain/cc0/"
              },
              {
                "id": 1735,
                "filename": "20200828_081622.jpg",
                "validForWinter": false,
                "validForSummer": false,
                "sortIndex": null,
                "type": "image/jpeg",
                "size": 8054801,
                "url": "https://api.sundsvall.se/facilities/2.2/field/filesfield/1735",
                "license": "CC0",
                "licenseDescription": "Creative commons. \"No rights reserved\" https://creativecommons.org/share-your-work/public-domain/cc0/"
              }
            ]
          },
          {
            "id": 72,
            "name": "Handikappanpassad",
            "type": "TOGGLE",
            "value": "Nej"
          },
          {
            "id": 87,
            "name": "Grillgaller",
            "type": "FREETEXT",
            "value": "Ja"
          }
        ],
        "centerPoint": [
          17.337780758523692,
          62.355398007779314
        ]
      },
      "geometry": {
        "type": "Point",
        "coordinates": [
          17.337780758523692,
          62.355398007779314
        ]
      }
    },
    {
      "id": 1684,
      "type": "Feature",
      "properties": {
        "name": "Grill Apelsinlunden",
        "type": "Grill",
        "created": "2020-09-22 08:06:10",
        "updated": "2020-12-15 17:34:55",
        "published": true,
        "owner": {
          "organizationID": 36,
          "name": "Sundsvalls kommun Friluftsenheten"
        },
        "manager": {
          "organizationID": 36,
          "name": "Sundsvalls kommun Friluftsenheten"
        },
        "fields": [
          {
            "id": 73,
            "name": "Status",
            "type": "DROPDOWN",
            "value": "Fin"
          },
          {
            "id": 86,
            "name": "Värmekälla",
            "type": "DROPDOWN",
            "value": "Kol"
          },
          {
            "id": 74,
            "name": "Statusdatum",
            "type": "DATE",
            "value": "2020-09-22"
          },
          {
            "id": 79,
            "name": "Tillhörande filer",
            "type": "FILES",
            "value": [
              {
                "id": 1899,
                "filename": "20200922_074056.jpg",
                "description": "Grill vid Apelsinlunden",
                "alttext": "Grill vid Apelsinlunden",
                "sourcetext": "Ingen",
                "validForWinter": true,
                "validForSummer": true,
                "sortIndex": 1,
                "type": "image/jpeg",
                "size": 7872429,
                "url": "https://api.sundsvall.se/facilities/2.2/field/filesfield/1899",
                "license": "CC0",
                "licenseDescription": "Creative commons. \"No rights reserved\" https://creativecommons.org/share-your-work/public-domain/cc0/"
              }
            ]
          },
          {
            "id": 72,
            "name": "Handikappanpassad",
            "type": "TOGGLE",
            "value": "Nej"
          },
          {
            "id": 288,
            "name": "Felanmälan",
            "type": "Felanmälningstjänst",
            "reportName": "Kontakt Sundsvall",
            "reportDescription": "Felanmälan av motionsspår, elljusspår, leder och andra friluftsanläggningar",
            "reportLink": "https://sundsvall.se/kommun-och-politik/politik-och-demokrati/dialog-och-synpunkter/felanmalan",
            "reportPhone": "060-19 10 00",
            "reportEmail": "kontakt@sundsvall.se"
          },
          {
            "id": 87,
            "name": "Grillgaller",
            "type": "FREETEXT",
            "value": "Ja, fast galler"
          }
        ],
        "centerPoint": [
          17.294179897951445,
          62.36741358684979
        ]
      },
      "geometry": {
        "type": "Point",
        "coordinates": [
          17.294179897951445,
          62.36741358684979
        ]
      }
    },
    {
      "id": 1689,
      "type": "Feature",
      "properties": {
        "name": "Grill Lidens skolskog",
        "type": "Grill",
        "created": "2020-10-27 12:34:55",
        "published": true,
        "fields": [
          {
            "id": 73,
            "name": "Status",
            "type": "DROPDOWN",
            "value": "Fin"
          },
          {
            "id": 85,
            "name": "Typ av grill",
            "type": "DROPDOWN",
            "value": "Cementring"
          },
          {
            "id": 86,
            "name": "Värmekälla",
            "type": "DROPDOWN",
            "value": "Ved"
          },
          {
            "id": 74,
            "name": "Statusdatum",
            "type": "DATE",
            "value": "2020-10-27"
          },
          {
            "id": 79,
            "name": "Tillhörande filer",
            "type": "FILES",
            "value": [
              {
                "id": 1924,
                "filename": "20201027_123012.jpg",
                "validForWinter": false,
                "validForSummer": false,
                "sortIndex": null,
                "type": "image/jpeg",
                "size": 7561778,
                "url": "https://api.sundsvall.se/facilities/2.2/field/filesfield/1924",
                "license": "CC0",
                "licenseDescription": "Creative commons. \"No rights reserved\" https://creativecommons.org/share-your-work/public-domain/cc0/"
              }
            ]
          },
          {
            "id": 72,
            "name": "Handikappanpassad",
            "type": "TOGGLE",
            "value": "Nej"
          },
          {
            "id": 77,
            "name": "Beskrivning",
            "type": "FREETEXT",
            "value": "Grillplats i anslutning till Lidens skola, elljusspår och ishockeyplan"
          },
          {
            "id": 87,
            "name": "Grillgaller",
            "type": "FREETEXT",
            "value": "Saknas "
          }
        ],
        "centerPoint": [
          16.80556696619405,
          62.70227272493998
        ]
      },
      "geometry": {
        "type": "Point",
        "coordinates": [
          16.80556696619405,
          62.70227272493998
        ]
      }
    },
    {
      "id": 1692,
      "type": "Feature",
      "properties": {
        "name": "Grill Hallstabetgsstugan",
        "type": "Grill",
        "created": "2020-10-27 21:33:23",
        "published": true,
        "owner": {
          "organizationID": 265,
          "name": "Indals-Lidens SK"
        },
        "manager": {
          "organizationID": 284,
          "name": "Indals hembygdsförening"
        },
        "fields": [
          {
            "id": 85,
            "name": "Typ av grill",
            "type": "DROPDOWN",
            "value": "Natursten"
          },
          {
            "id": 86,
            "name": "Värmekälla",
            "type": "DROPDOWN",
            "value": "Ved"
          },
          {
            "id": 79,
            "name": "Tillhörande filer",
            "type": "FILES",
            "value": [
              {
                "id": 1946,
                "filename": "20201027_101945.jpg",
                "validForWinter": false,
                "validForSummer": false,
                "sortIndex": null,
                "type": "image/jpeg",
                "size": 6382841,
                "url": "https://api.sundsvall.se/facilities/2.2/field/filesfield/1946",
                "license": "CC0",
                "licenseDescription": "Creative commons. \"No rights reserved\" https://creativecommons.org/share-your-work/public-domain/cc0/"
              },
              {
                "id": 1947,
                "filename": "20201027_101919.jpg",
                "validForWinter": false,
                "validForSummer": false,
                "sortIndex": null,
                "type": "image/jpeg",
                "size": 6270716,
                "url": "https://api.sundsvall.se/facilities/2.2/field/filesfield/1947",
                "license": "CC0",
                "licenseDescription": "Creative commons. \"No rights reserved\" https://creativecommons.org/share-your-work/public-domain/cc0/"
              }
            ]
          },
          {
            "id": 72,
            "name": "Handikappanpassad",
            "type": "TOGGLE",
            "value": "Nej"
          },
          {
            "id": 77,
            "name": "Beskrivning",
            "type": "FREETEXT",
            "value": "Grillplats utanför Hallstabetgsstugan. Dels en kallmurad grillplats och dels en svetsad grill."
          },
          {
            "id": 87,
            "name": "Grillgaller",
            "type": "FREETEXT",
            "value": "Saknas på natyrstensgrillen. Finns på den svetsade grillen."
          }
        ],
        "centerPoint": [
          17.03037053028405,
          62.607026215191894
        ]
      },
      "geometry": {
        "type": "Point",
        "coordinates": [
          17.03037053028405,
          62.607026215191894
        ]
      }
    },
    {
      "id": 1734,
      "type": "Feature",
      "properties": {
        "name": "Grillplats Nolbyströmmen",
        "type": "Grill",
        "created": "2020-12-17 11:45:35",
        "updated": "2025-07-16 13:44:28",
        "published": true,
        "parentObjects": [
          1872
        ],
        "owner": {
          "organizationID": 36,
          "name": "Sundsvalls kommun Friluftsenheten"
        },
        "manager": {
          "organizationID": 36,
          "name": "Sundsvalls kommun Friluftsenheten"
        },
        "fields": [
          {
            "id": 73,
            "name": "Status",
            "type": "DROPDOWN",
            "value": "Trasig"
          },
          {
            "id": 85,
            "name": "Typ av grill",
            "type": "DROPDOWN",
            "value": "Natursten"
          },
          {
            "id": 86,
            "name": "Värmekälla",
            "type": "DROPDOWN",
            "value": "Ved"
          },
          {
            "id": 74,
            "name": "Statusdatum",
            "type": "DATE",
            "value": "2020-11-01"
          },
          {
            "id": 79,
            "name": "Tillhörande filer",
            "type": "FILES",
            "value": [
              {
                "id": 2023,
                "filename": "20160714_181159.jpg",
                "description": "Grillplats av natursten",
                "alttext": "Grillplats av natursten",
                "sourcetext": "",
                "validForWinter": true,
                "validForSummer": true,
                "sortIndex": 1,
                "type": "image/jpeg",
                "size": 3310396,
                "url": "https://api.sundsvall.se/facilities/2.2/field/filesfield/2023",
                "license": "CC0",
                "licenseDescription": "Creative commons. \"No rights reserved\" https://creativecommons.org/share-your-work/public-domain/cc0/"
              }
            ]
          },
          {
            "id": 72,
            "name": "Handikappanpassad",
            "type": "TOGGLE",
            "value": "Nej"
          },
          {
            "id": 288,
            "name": "Felanmälan",
            "type": "Felanmälningstjänst",
            "reportName": "Kontakt Sundsvall",
            "reportDescription": "Felanmälan av motionsspår, elljusspår, leder och andra friluftsanläggningar",
            "reportLink": "https://sundsvall.se/kommun-och-politik/politik-och-demokrati/dialog-och-synpunkter/felanmalan",
            "reportPhone": "060-19 10 00",
            "reportEmail": "kontakt@sundsvall.se"
          },
          {
            "id": 77,
            "name": "Beskrivning",
            "type": "FREETEXT",
            "value": "Grillplats"
          },
          {
            "id": 87,
            "name": "Grillgaller",
            "type": "FREETEXT",
            "value": "Ja"
          }
        ],
        "centerPoint": [
          17.321439199131884,
          62.29636158151106
        ]
      },
      "geometry": {
        "type": "Point",
        "coordinates": [
          17.321439199131884,
          62.29636158151106
        ]
      }
    },
    {
      "id": 1737,
      "type": "Feature",
      "properties": {
        "name": "Grillplats Grenforsen Notstugan",
        "type": "Grill",
        "created": "2020-12-17 11:59:27",
        "updated": "2020-12-17 12:06:30",
        "published": true,
        "owner": {
          "organizationID": 36,
          "name": "Sundsvalls kommun Friluftsenheten"
        },
        "manager": {
          "organizationID": 36,
          "name": "Sundsvalls kommun Friluftsenheten"
        },
        "fields": [
          {
            "id": 73,
            "name": "Status",
            "type": "DROPDOWN",
            "value": "Sliten"
          },
          {
            "id": 85,
            "name": "Typ av grill",
            "type": "DROPDOWN",
            "value": "Cementring"
          },
          {
            "id": 86,
            "name": "Värmekälla",
            "type": "DROPDOWN",
            "value": "Ved"
          },
          {
            "id": 74,
            "name": "Statusdatum",
            "type": "DATE",
            "value": "2020-11-01"
          },
          {
            "id": 79,
            "name": "Tillhörande filer",
            "type": "FILES",
            "value": [
              {
                "id": 2027,
                "filename": "20161010_091045.jpg",
                "description": "Grill",
                "alttext": "Grill",
                "sourcetext": "",
                "validForWinter": true,
                "validForSummer": true,
                "sortIndex": 1,
                "type": "image/jpeg",
                "size": 3846978,
                "url": "https://api.sundsvall.se/facilities/2.2/field/filesfield/2027",
                "license": "CC0",
                "licenseDescription": "Creative commons. \"No rights reserved\" https://creativecommons.org/share-your-work/public-domain/cc0/"
              }
            ]
          },
          {
            "id": 72,
            "name": "Handikappanpassad",
            "type": "TOGGLE",
            "value": "Nej"
          },
          {
            "id": 288,
            "name": "Felanmälan",
            "type": "Felanmälningstjänst",
            "reportName": "Kontakt Sundsvall",
            "reportDescription": "Felanmälan av motionsspår, elljusspår, leder och andra friluftsanläggningar",
            "reportLink": "https://sundsvall.se/kommun-och-politik/politik-och-demokrati/dialog-och-synpunkter/felanmalan",
            "reportPhone": "060-19 10 00",
            "reportEmail": "kontakt@sundsvall.se"
          },
          {
            "id": 77,
            "name": "Beskrivning",
            "type": "FREETEXT",
            "value": "Grillplats av natursten"
          },
          {
            "id": 87,
            "name": "Grillgaller",
            "type": "FREETEXT",
            "value": "Ja"
          }
        ],
        "centerPoint": [
          17.22177219368471,
          62.30418853326882
        ]
      },
      "geometry": {
        "type": "Point",
        "coordinates": [
          17.22177219368471,
          62.30418853326882
        ]
      }
    },
    {
      "id": 1742,
      "type": "Feature",
      "properties": {
        "name": "Grill Viforsen",
        "type": "Grill",
        "created": "2020-12-17 12:11:35",
        "updated": "2025-07-16 13:43:01",
        "published": true,
        "parentObjects": [
          4140
        ],
        "owner": {
          "organizationID": 36,
          "name": "Sundsvalls kommun Friluftsenheten"
        },
        "manager": {
          "organizationID": 36,
          "name": "Sundsvalls kommun Friluftsenheten"
        },
        "fields": [
          {
            "id": 73,
            "name": "Status",
            "type": "DROPDOWN",
            "value": "Trasig"
          },
          {
            "id": 86,
            "name": "Värmekälla",
            "type": "DROPDOWN",
            "value": "Ved"
          },
          {
            "id": 74,
            "name": "Statusdatum",
            "type": "DATE",
            "value": "2020-01-01"
          },
          {
            "id": 72,
            "name": "Handikappanpassad",
            "type": "TOGGLE",
            "value": "Nej"
          },
          {
            "id": 288,
            "name": "Felanmälan",
            "type": "Felanmälningstjänst",
            "reportName": "Kontakt Sundsvall",
            "reportDescription": "Felanmälan av motionsspår, elljusspår, leder och andra friluftsanläggningar",
            "reportLink": "https://sundsvall.se/kommun-och-politik/politik-och-demokrati/dialog-och-synpunkter/felanmalan",
            "reportPhone": "060-19 10 00",
            "reportEmail": "kontakt@sundsvall.se"
          },
          {
            "id": 77,
            "name": "Beskrivning",
            "type": "FREETEXT",
            "value": "Grill"
          }
        ],
        "centerPoint": [
          17.1810013753644,
          62.30641445787718
        ]
      },
      "geometry": {
        "type": "Point",
        "coordinates": [
          17.1810013753644,
          62.30641445787718
        ]
      }
    },
    {
      "id": 1751,
      "type": "Feature",
      "properties": {
        "name": "Grill Västloning",
        "type": "Grill",
        "created": "2020-12-17 15:53:43",
        "published": true,
        "owner": {
          "organizationID": 36,
          "name": "Sundsvalls kommun Friluftsenheten"
        },
        "manager": {
          "organizationID": 36,
          "name": "Sundsvalls kommun Friluftsenheten"
        },
        "fields": [
          {
            "id": 86,
            "name": "Värmekälla",
            "type": "DROPDOWN",
            "value": "Ved"
          },
          {
            "id": 79,
            "name": "Tillhörande filer",
            "type": "FILES",
            "value": [
              {
                "id": 2036,
                "filename": "20160808_081748.jpg",
                "description": "Grillplats",
                "alttext": "Grillplats",
                "sourcetext": "",
                "validForWinter": true,
                "validForSummer": true,
                "sortIndex": 1,
                "type": "image/jpeg",
                "size": 5031602,
                "url": "https://api.sundsvall.se/facilities/2.2/field/filesfield/2036",
                "license": "CC0",
                "licenseDescription": "Creative commons. \"No rights reserved\" https://creativecommons.org/share-your-work/public-domain/cc0/"
              }
            ]
          },
          {
            "id": 72,
            "name": "Handikappanpassad",
            "type": "TOGGLE",
            "value": "Nej"
          },
          {
            "id": 288,
            "name": "Felanmälan",
            "type": "Felanmälningstjänst",
            "reportName": "Kontakt Sundsvall",
            "reportDescription": "Felanmälan av motionsspår, elljusspår, leder och andra friluftsanläggningar",
            "reportLink": "https://sundsvall.se/kommun-och-politik/politik-och-demokrati/dialog-och-synpunkter/felanmalan",
            "reportPhone": "060-19 10 00",
            "reportEmail": "kontakt@sundsvall.se"
          },
          {
            "id": 77,
            "name": "Beskrivning",
            "type": "FREETEXT",
            "value": "GRillplats på utsidan av raststugan"
          }
        ],
        "centerPoint": [
          16.987314253509652,
          62.61804279545748
        ]
      },
      "geometry": {
        "type": "Point",
        "coordinates": [
          16.987314253509652,
          62.61804279545748
        ]
      }
    },
    {
      "id": 1757,
      "type": "Feature",
      "properties": {
        "name": "Grill Skönsbergsspåret",
        "type": "Grill",
        "created": "2020-12-22 15:40:19",
        "published": true,
        "owner": {
          "organizationID": 36,
          "name": "Sundsvalls kommun Friluftsenheten"
        },
        "manager": {
          "organizationID": 36,
          "name": "Sundsvalls kommun Friluftsenheten"
        },
        "fields": [
          {
            "id": 86,
            "name": "Värmekälla",
            "type": "DROPDOWN",
            "value": "Ved"
          },
          {
            "id": 72,
            "name": "Handikappanpassad",
            "type": "TOGGLE",
            "value": "Nej"
          },
          {
            "id": 288,
            "name": "Felanmälan",
            "type": "Felanmälningstjänst",
            "reportName": "Kontakt Sundsvall",
            "reportDescription": "Felanmälan av motionsspår, elljusspår, leder och andra friluftsanläggningar",
            "reportLink": "https://sundsvall.se/kommun-och-politik/politik-och-demokrati/dialog-och-synpunkter/felanmalan",
            "reportPhone": "060-19 10 00",
            "reportEmail": "kontakt@sundsvall.se"
          },
          {
            "id": 77,
            "name": "Beskrivning",
            "type": "FREETEXT",
            "value": "Grillplats med ett par fasta bänkbord"
          }
        ],
        "centerPoint": [
          17.34782304858754,
          62.403595867928615
        ]
      },
      "geometry": {
        "type": "Point",
        "coordinates": [
          17.34782304858754,
          62.403595867928615
        ]
      }
    },
    {
      "id": 1765,
      "type": "Feature",
      "properties": {
        "name": "Grill Sandriset",
        "type": "Grill",
        "created": "2021-02-18 15:53:51",
        "updated": "2026-04-01 22:17:39",
        "published": true,
        "parentObjects": [
          4451
        ],
        "owner": {
          "organizationID": 36,
          "name": "Sundsvalls kommun Friluftsenheten"
        },
        "manager": {
          "organizationID": 136,
          "name": "sillre byförening"
        },
        "fields": [
          {
            "id": 73,
            "name": "Status",
            "type": "DROPDOWN",
            "value": "Fin"
          },
          {
            "id": 85,
            "name": "Typ av grill",
            "type": "DROPDOWN",
            "value": "Bosses trä och metall"
          },
          {
            "id": 86,
            "name": "Värmekälla",
            "type": "DROPDOWN",
            "value": "Ved"
          },
          {
            "id": 70,
            "name": "Byggnadsår",
            "type": "INTEGER",
            "value": 2018
          },
          {
            "id": 74,
            "name": "Statusdatum",
            "type": "DATE",
            "value": "2020-10-01"
          },
          {
            "id": 79,
            "name": "Tillhörande filer",
            "type": "FILES",
            "value": [
              {
                "id": 2049,
                "filename": "20200922_160826.jpg",
                "description": "Grill med grillgaller",
                "alttext": "Grill med grillgaller",
                "sourcetext": "",
                "validForWinter": true,
                "validForSummer": true,
                "sortIndex": 1,
                "type": "image/jpeg",
                "size": 7752730,
                "url": "https://api.sundsvall.se/facilities/2.2/field/filesfield/2049",
                "license": "CC0",
                "licenseDescription": "Creative commons. \"No rights reserved\" https://creativecommons.org/share-your-work/public-domain/cc0/"
              }
            ]
          },
          {
            "id": 72,
            "name": "Handikappanpassad",
            "type": "TOGGLE",
            "value": "Nej"
          },
          {
            "id": 77,
            "name": "Beskrivning",
            "type": "FREETEXT",
            "value": "Grill med grillgaller"
          },
          {
            "id": 87,
            "name": "Grillgaller",
            "type": "FREETEXT",
            "value": "Ja"
          }
        ],
        "centerPoint": [
          16.72681290412035,
          62.75127172689286
        ]
      },
      "geometry": {
        "type": "Point",
        "coordinates": [
          16.72681290412035,
          62.75127172689286
        ]
      }
    },
    {
      "id": 1769,
      "type": "Feature",
      "properties": {
        "name": "Grill Midskogsberget",
        "type": "Grill",
        "created": "2021-03-21 06:59:22",
        "updated": "2026-01-13 13:08:43",
        "published": true,
        "fields": [
          {
            "id": 85,
            "name": "Typ av grill",
            "type": "DROPDOWN",
            "value": "Cementring"
          },
          {
            "id": 86,
            "name": "Värmekälla",
            "type": "DROPDOWN",
            "value": "Ved"
          },
          {
            "id": 79,
            "name": "Tillhörande filer",
            "type": "FILES",
            "value": [
              {
                "id": 2134,
                "filename": "20210321_065450.jpg",
                "description": "Grillplats med utsikt över Ljungandalen",
                "alttext": "Grillplats med utsikt över Ljungandalen",
                "sourcetext": "Anders Erlandsson, Friluftsenheten",
                "validForWinter": true,
                "validForSummer": true,
                "sortIndex": 1,
                "type": "image/jpeg",
                "size": 4821562,
                "url": "https://api.sundsvall.se/facilities/2.2/field/filesfield/2134",
                "license": "CC0",
                "licenseDescription": "Creative commons. \"No rights reserved\" https://creativecommons.org/share-your-work/public-domain/cc0/"
              }
            ]
          },
          {
            "id": 72,
            "name": "Handikappanpassad",
            "type": "TOGGLE",
            "value": "Nej"
          }
        ],
        "centerPoint": [
          17.27436334934285,
          62.3157961543178
        ]
      },
      "geometry": {
        "type": "Point",
        "coordinates": [
          17.27436334934285,
          62.3157961543178
        ]
      }
    },
    {
      "id": 1774,
      "type": "Feature",
      "properties": {
        "name": "Grill Klampennorg norra udden",
        "type": "Grill",
        "created": "2021-05-01 01:06:09",
        "updated": "2026-01-13 10:59:29",
        "published": true,
        "parentObjects": [
          4218
        ],
        "owner": {
          "organizationID": 174,
          "name": "Sundsvalls kommun Stadsbyggnadskontoret"
        },
        "manager": {
          "organizationID": 285,
          "name": "Klampenborgföreningen"
        },
        "fields": [
          {
            "id": 73,
            "name": "Status",
            "type": "DROPDOWN",
            "value": "Fin"
          },
          {
            "id": 86,
            "name": "Värmekälla",
            "type": "DROPDOWN",
            "value": "Kol"
          },
          {
            "id": 85,
            "name": "Typ av grill",
            "type": "DROPDOWN",
            "value": "Rund metall"
          },
          {
            "id": 74,
            "name": "Statusdatum",
            "type": "DATE",
            "value": "2021-04-30"
          },
          {
            "id": 79,
            "name": "Tillhörande filer",
            "type": "FILES",
            "value": [
              {
                "id": 2058,
                "filename": "received_559727835009054.jpeg",
                "description": "Grill",
                "alttext": "Grill",
                "sourcetext": "",
                "validForWinter": true,
                "validForSummer": true,
                "sortIndex": 1,
                "type": "image/jpeg",
                "size": 1529454,
                "url": "https://api.sundsvall.se/facilities/2.2/field/filesfield/2058",
                "license": "CC0",
                "licenseDescription": "Creative commons. \"No rights reserved\" https://creativecommons.org/share-your-work/public-domain/cc0/"
              },
              {
                "id": 2064,
                "filename": "received_214522623445205.jpeg",
                "description": "Grillplats med sittbänkar",
                "alttext": "Grillplats med sittbänkar",
                "sourcetext": "",
                "validForWinter": true,
                "validForSummer": true,
                "sortIndex": 2,
                "type": "image/jpeg",
                "size": 1586081,
                "url": "https://api.sundsvall.se/facilities/2.2/field/filesfield/2064",
                "license": "CC0",
                "licenseDescription": "Creative commons. \"No rights reserved\" https://creativecommons.org/share-your-work/public-domain/cc0/"
              }
            ]
          },
          {
            "id": 72,
            "name": "Handikappanpassad",
            "type": "TOGGLE",
            "value": "Nej"
          },
          {
            "id": 77,
            "name": "Beskrivning",
            "type": "FREETEXT",
            "value": "Grill på norra udden med härlig utsikt över Sundsvallsfjärden"
          },
          {
            "id": 87,
            "name": "Grillgaller",
            "type": "FREETEXT",
            "value": "Ja"
          }
        ],
        "centerPoint": [
          17.39314032886638,
          62.335445974235775
        ]
      },
      "geometry": {
        "type": "Point",
        "coordinates": [
          17.39314032886638,
          62.335445974235775
        ]
      }
    },
    {
      "id": 1827,
      "type": "Feature",
      "properties": {
        "name": "Grill Fulberget längs Mittnordenleden",
        "type": "Grill",
        "created": "2021-05-24 10:00:37",
        "updated": "2026-04-08 15:14:19",
        "published": true,
        "parentObjects": [
          696,
          4142
        ],
        "owner": {
          "organizationID": 36,
          "name": "Sundsvalls kommun Friluftsenheten"
        },
        "manager": {
          "organizationID": 36,
          "name": "Sundsvalls kommun Friluftsenheten"
        },
        "fields": [
          {
            "id": 72,
            "name": "Handikappanpassad",
            "type": "TOGGLE",
            "value": "Nej"
          },
          {
            "id": 288,
            "name": "Felanmälan",
            "type": "Felanmälningstjänst",
            "reportName": "Kontakt Sundsvall",
            "reportDescription": "Felanmälan av motionsspår, elljusspår, leder och andra friluftsanläggningar",
            "reportLink": "https://sundsvall.se/kommun-och-politik/politik-och-demokrati/dialog-och-synpunkter/felanmalan",
            "reportPhone": "060-19 10 00",
            "reportEmail": "kontakt@sundsvall.se"
          }
        ],
        "centerPoint": [
          17.116196226239808,
          62.341577785943834
        ]
      },
      "geometry": {
        "type": "Point",
        "coordinates": [
          17.116196226239808,
          62.341577785943834
        ]
      }
    },
    {
      "id": 1840,
      "type": "Feature",
      "properties": {
        "name": "Långmyrberget grill",
        "type": "Grill",
        "created": "2021-06-01 20:19:30",
        "updated": "2021-06-08 10:47:29",
        "published": true,
        "owner": {
          "organizationID": 272,
          "name": "SK Vidar"
        },
        "manager": {
          "organizationID": 272,
          "name": "SK Vidar"
        },
        "fields": [
          {
            "id": 85,
            "name": "Typ av grill",
            "type": "DROPDOWN",
            "value": "Natursten"
          },
          {
            "id": 86,
            "name": "Värmekälla",
            "type": "DROPDOWN",
            "value": "Ved"
          },
          {
            "id": 79,
            "name": "Tillhörande filer",
            "type": "FILES",
            "value": [
              {
                "id": 2139,
                "filename": "20210601_201021.jpg",
                "description": "",
                "alttext": "",
                "sourcetext": "",
                "validForWinter": false,
                "validForSummer": false,
                "sortIndex": null,
                "type": "image/jpeg",
                "size": 5958841,
                "url": "https://api.sundsvall.se/facilities/2.2/field/filesfield/2139",
                "license": "CC0",
                "licenseDescription": "Creative commons. \"No rights reserved\" https://creativecommons.org/share-your-work/public-domain/cc0/"
              }
            ]
          },
          {
            "id": 72,
            "name": "Handikappanpassad",
            "type": "TOGGLE",
            "value": "Nej"
          },
          {
            "id": 87,
            "name": "Grillgaller",
            "type": "FREETEXT",
            "value": "Nej"
          }
        ],
        "centerPoint": [
          17.19795120642033,
          62.43993579297375
        ]
      },
      "geometry": {
        "type": "Point",
        "coordinates": [
          17.19795120642033,
          62.43993579297375
        ]
      }
    },
    {
      "id": 1841,
      "type": "Feature",
      "properties": {
        "name": "Grill Klippstugan",
        "type": "Grill",
        "created": "2021-06-01 23:14:04",
        "updated": "2026-01-13 14:04:59",
        "published": true,
        "parentObjects": [
          1848
        ],
        "owner": {
          "organizationID": 71,
          "name": "kovlands skoterklubb"
        },
        "manager": {
          "organizationID": 71,
          "name": "kovlands skoterklubb"
        },
        "fields": [
          {
            "id": 85,
            "name": "Typ av grill",
            "type": "DROPDOWN",
            "value": "Cementring"
          },
          {
            "id": 86,
            "name": "Värmekälla",
            "type": "DROPDOWN",
            "value": "Ved"
          },
          {
            "id": 79,
            "name": "Tillhörande filer",
            "type": "FILES",
            "value": [
              {
                "id": 2146,
                "filename": "20210601_204247.jpg",
                "description": "",
                "alttext": "",
                "sourcetext": "Anders Erlandsson Friluftsenheten",
                "validForWinter": true,
                "validForSummer": true,
                "sortIndex": 1,
                "type": "image/jpeg",
                "size": 5030976,
                "url": "https://api.sundsvall.se/facilities/2.2/field/filesfield/2146",
                "license": "CC0",
                "licenseDescription": "Creative commons. \"No rights reserved\" https://creativecommons.org/share-your-work/public-domain/cc0/"
              }
            ]
          },
          {
            "id": 72,
            "name": "Handikappanpassad",
            "type": "TOGGLE",
            "value": "Nej"
          },
          {
            "id": 77,
            "name": "Beskrivning",
            "type": "FREETEXT",
            "value": "Grill"
          },
          {
            "id": 87,
            "name": "Grillgaller",
            "type": "FREETEXT",
            "value": "Ja"
          }
        ],
        "centerPoint": [
          17.207065912896752,
          62.45300838970213
        ]
      },
      "geometry": {
        "type": "Point",
        "coordinates": [
          17.207065912896752,
          62.45300838970213
        ]
      }
    },
    {
      "id": 3092,
      "type": "Feature",
      "properties": {
        "name": "Grillplats vid Nilsböle kanotrastplats",
        "type": "Grill",
        "created": "2021-11-11 09:32:46",
        "updated": "2026-04-01 22:35:48",
        "published": true,
        "parentObjects": [
          4455
        ],
        "owner": {
          "organizationID": 36,
          "name": "Sundsvalls kommun Friluftsenheten"
        },
        "manager": {
          "organizationID": 36,
          "name": "Sundsvalls kommun Friluftsenheten"
        },
        "fields": [
          {
            "id": 73,
            "name": "Status",
            "type": "DROPDOWN",
            "value": "Fin"
          },
          {
            "id": 85,
            "name": "Typ av grill",
            "type": "DROPDOWN",
            "value": "Murad natursten"
          },
          {
            "id": 86,
            "name": "Värmekälla",
            "type": "DROPDOWN",
            "value": "Ved"
          },
          {
            "id": 70,
            "name": "Byggnadsår",
            "type": "INTEGER",
            "value": 2021
          },
          {
            "id": 74,
            "name": "Statusdatum",
            "type": "DATE",
            "value": "2021-11-11"
          },
          {
            "id": 79,
            "name": "Tillhörande filer",
            "type": "FILES",
            "value": [
              {
                "id": 2264,
                "filename": "Bänkar grillplats Nilsböle.jpg",
                "description": "Grillplats med sittbänkar vid Nilsböle kanotrastplats",
                "alttext": "Grillplats med sittbänkar vid Nilsböle kanotrastplats",
                "sourcetext": "Joachim Söderlind, Friluftsenheten",
                "validForWinter": true,
                "validForSummer": true,
                "sortIndex": 1,
                "type": "image/jpeg",
                "size": 5855035,
                "url": "https://api.sundsvall.se/facilities/2.2/field/filesfield/2264",
                "license": "CC0",
                "licenseDescription": "Creative commons. \"No rights reserved\" https://creativecommons.org/share-your-work/public-domain/cc0/"
              }
            ]
          },
          {
            "id": 72,
            "name": "Handikappanpassad",
            "type": "TOGGLE",
            "value": "Nej"
          },
          {
            "id": 288,
            "name": "Felanmälan",
            "type": "Felanmälningstjänst",
            "reportName": "Kontakt Sundsvall",
            "reportDescription": "Felanmälan av motionsspår, elljusspår, leder och andra friluftsanläggningar",
            "reportLink": "https://sundsvall.se/kommun-och-politik/politik-och-demokrati/dialog-och-synpunkter/felanmalan",
            "reportPhone": "060-19 10 00",
            "reportEmail": "kontakt@sundsvall.se"
          },
          {
            "id": 87,
            "name": "Grillgaller",
            "type": "FREETEXT",
            "value": "Ja"
          }
        ],
        "centerPoint": [
          16.887766572454712,
          62.65053078151646
        ]
      },
      "geometry": {
        "type": "Point",
        "coordinates": [
          16.887766572454712,
          62.65053078151646
        ]
      }
    },
    {
      "id": 3276,
      "type": "Feature",
      "properties": {
        "name": "Grill Klampenborg västra",
        "type": "Grill",
        "created": "2022-08-31 09:25:17",
        "updated": "2026-01-13 11:00:25",
        "published": true,
        "parentObjects": [
          4217
        ],
        "owner": {
          "organizationID": 172,
          "name": "Sundsvalls kommun Parkavdelningen"
        },
        "manager": {
          "organizationID": 285,
          "name": "Klampenborgföreningen"
        },
        "fields": [
          {
            "id": 86,
            "name": "Värmekälla",
            "type": "DROPDOWN",
            "value": "Kol"
          },
          {
            "id": 85,
            "name": "Typ av grill",
            "type": "DROPDOWN",
            "value": "Rund metall"
          },
          {
            "id": 79,
            "name": "Tillhörande filer",
            "type": "FILES",
            "value": [
              {
                "id": 2340,
                "filename": "20210516_132224.jpg",
                "description": "Grillplats",
                "alttext": "Grillplats",
                "sourcetext": "Friluftsenheten",
                "validForWinter": true,
                "validForSummer": true,
                "sortIndex": 1,
                "type": "image/jpeg",
                "size": 4718870,
                "url": "https://api.sundsvall.se/facilities/2.2/field/filesfield/2340",
                "license": "CC0",
                "licenseDescription": "Creative commons. \"No rights reserved\" https://creativecommons.org/share-your-work/public-domain/cc0/"
              }
            ]
          },
          {
            "id": 72,
            "name": "Handikappanpassad",
            "type": "TOGGLE",
            "value": "Nej"
          },
          {
            "id": 87,
            "name": "Grillgaller",
            "type": "FREETEXT",
            "value": "Ja"
          }
        ],
        "centerPoint": [
          17.389839702869956,
          62.333171528463545
        ]
      },
      "geometry": {
        "type": "Point",
        "coordinates": [
          17.389839702869956,
          62.333171528463545
        ]
      }
    },
    {
      "id": 3278,
      "type": "Feature",
      "properties": {
        "name": "Grill Hotellslingans vindskydd",
        "type": "Grill",
        "created": "2022-08-31 09:44:11",
        "published": true,
        "owner": {
          "organizationID": 36,
          "name": "Sundsvalls kommun Friluftsenheten"
        },
        "manager": {
          "organizationID": 36,
          "name": "Sundsvalls kommun Friluftsenheten"
        },
        "fields": [
          {
            "id": 85,
            "name": "Typ av grill",
            "type": "DROPDOWN",
            "value": "Cementring"
          },
          {
            "id": 86,
            "name": "Värmekälla",
            "type": "DROPDOWN",
            "value": "Ved"
          },
          {
            "id": 79,
            "name": "Tillhörande filer",
            "type": "FILES",
            "value": [
              {
                "id": 2347,
                "filename": "20210426_101001.jpg",
                "description": "Eldstad",
                "alttext": "Eldstad",
                "sourcetext": "Friluftsenheten",
                "validForWinter": true,
                "validForSummer": true,
                "sortIndex": 1,
                "type": "image/jpeg",
                "size": 8479906,
                "url": "https://api.sundsvall.se/facilities/2.2/field/filesfield/2347",
                "license": "CC0",
                "licenseDescription": "Creative commons. \"No rights reserved\" https://creativecommons.org/share-your-work/public-domain/cc0/"
              }
            ]
          },
          {
            "id": 72,
            "name": "Handikappanpassad",
            "type": "TOGGLE",
            "value": "Nej"
          },
          {
            "id": 288,
            "name": "Felanmälan",
            "type": "Felanmälningstjänst",
            "reportName": "Kontakt Sundsvall",
            "reportDescription": "Felanmälan av motionsspår, elljusspår, leder och andra friluftsanläggningar",
            "reportLink": "https://sundsvall.se/kommun-och-politik/politik-och-demokrati/dialog-och-synpunkter/felanmalan",
            "reportPhone": "060-19 10 00",
            "reportEmail": "kontakt@sundsvall.se"
          },
          {
            "id": 87,
            "name": "Grillgaller",
            "type": "FREETEXT",
            "value": "Ja"
          }
        ],
        "centerPoint": [
          17.322849290777793,
          62.366494779260684
        ]
      },
      "geometry": {
        "type": "Point",
        "coordinates": [
          17.322849290777793,
          62.366494779260684
        ]
      }
    },
    {
      "id": 3336,
      "type": "Feature",
      "properties": {
        "name": "Grill Stocken",
        "type": "Grill",
        "created": "2022-09-20 09:59:59",
        "updated": "2025-07-16 13:44:05",
        "published": true,
        "parentObjects": [
          4137
        ],
        "owner": {
          "organizationID": 36,
          "name": "Sundsvalls kommun Friluftsenheten"
        },
        "manager": {
          "organizationID": 36,
          "name": "Sundsvalls kommun Friluftsenheten"
        },
        "fields": [
          {
            "id": 85,
            "name": "Typ av grill",
            "type": "DROPDOWN",
            "value": "Natursten"
          },
          {
            "id": 86,
            "name": "Värmekälla",
            "type": "DROPDOWN",
            "value": "Ved"
          },
          {
            "id": 79,
            "name": "Tillhörande filer",
            "type": "FILES",
            "value": [
              {
                "id": 2388,
                "filename": "1663660690717316218999140297788.jpg",
                "description": "Eldstad",
                "alttext": "Eldstad ",
                "sourcetext": "Friluftsenheten",
                "validForWinter": true,
                "validForSummer": true,
                "sortIndex": 1,
                "type": "image/jpeg",
                "size": 6262266,
                "url": "https://api.sundsvall.se/facilities/2.2/field/filesfield/2388",
                "license": "CC0",
                "licenseDescription": "Creative commons. \"No rights reserved\" https://creativecommons.org/share-your-work/public-domain/cc0/"
              }
            ]
          },
          {
            "id": 72,
            "name": "Handikappanpassad",
            "type": "TOGGLE",
            "value": "Nej"
          },
          {
            "id": 288,
            "name": "Felanmälan",
            "type": "Felanmälningstjänst",
            "reportName": "Kontakt Sundsvall",
            "reportDescription": "Felanmälan av motionsspår, elljusspår, leder och andra friluftsanläggningar",
            "reportLink": "https://sundsvall.se/kommun-och-politik/politik-och-demokrati/dialog-och-synpunkter/felanmalan",
            "reportPhone": "060-19 10 00",
            "reportEmail": "kontakt@sundsvall.se"
          },
          {
            "id": 87,
            "name": "Grillgaller",
            "type": "FREETEXT",
            "value": "Ja"
          }
        ],
        "centerPoint": [
          17.244889430795237,
          62.306463020399086
        ]
      },
      "geometry": {
        "type": "Point",
        "coordinates": [
          17.244889430795237,
          62.306463020399086
        ]
      }
    },
    {
      "id": 3494,
      "type": "Feature",
      "properties": {
        "name": "Grill Bjässjön",
        "type": "Grill",
        "created": "2023-02-01 11:39:01",
        "published": true,
        "owner": {
          "organizationID": 36,
          "name": "Sundsvalls kommun Friluftsenheten"
        },
        "manager": {
          "organizationID": 36,
          "name": "Sundsvalls kommun Friluftsenheten"
        },
        "fields": [
          {
            "id": 85,
            "name": "Typ av grill",
            "type": "DROPDOWN",
            "value": "Svetsad fyrkantsmetall"
          },
          {
            "id": 86,
            "name": "Värmekälla",
            "type": "DROPDOWN",
            "value": "Ved"
          },
          {
            "id": 70,
            "name": "Byggnadsår",
            "type": "INTEGER",
            "value": 2022
          },
          {
            "id": 72,
            "name": "Handikappanpassad",
            "type": "TOGGLE",
            "value": "Nej"
          },
          {
            "id": 288,
            "name": "Felanmälan",
            "type": "Felanmälningstjänst",
            "reportName": "Kontakt Sundsvall",
            "reportDescription": "Felanmälan av motionsspår, elljusspår, leder och andra friluftsanläggningar",
            "reportLink": "https://sundsvall.se/kommun-och-politik/politik-och-demokrati/dialog-och-synpunkter/felanmalan",
            "reportPhone": "060-19 10 00",
            "reportEmail": "kontakt@sundsvall.se"
          },
          {
            "id": 77,
            "name": "Beskrivning",
            "type": "FREETEXT",
            "value": "Metallgrill med galler"
          },
          {
            "id": 87,
            "name": "Grillgaller",
            "type": "FREETEXT",
            "value": "Ja"
          }
        ],
        "centerPoint": [
          17.097135210448176,
          62.63101833566001
        ]
      },
      "geometry": {
        "type": "Point",
        "coordinates": [
          17.097135210448176,
          62.63101833566001
        ]
      }
    },
    {
      "id": 3623,
      "type": "Feature",
      "properties": {
        "name": "Grill Långliden",
        "type": "Grill",
        "created": "2023-05-11 14:24:30",
        "updated": "2026-04-01 22:24:53",
        "published": true,
        "parentObjects": [
          4454
        ],
        "owner": {
          "organizationID": 36,
          "name": "Sundsvalls kommun Friluftsenheten"
        },
        "manager": {
          "organizationID": 36,
          "name": "Sundsvalls kommun Friluftsenheten"
        },
        "fields": [
          {
            "id": 85,
            "name": "Typ av grill",
            "type": "DROPDOWN",
            "value": "Cementring"
          },
          {
            "id": 86,
            "name": "Värmekälla",
            "type": "DROPDOWN",
            "value": "Ved"
          },
          {
            "id": 70,
            "name": "Byggnadsår",
            "type": "INTEGER",
            "value": 2021
          },
          {
            "id": 79,
            "name": "Tillhörande filer",
            "type": "FILES",
            "value": [
              {
                "id": 2505,
                "filename": "långliden nya bänkar grill.jpg",
                "description": "Grill",
                "alttext": "Grill med bänkar",
                "sourcetext": "Frilufstenheten",
                "validForWinter": true,
                "validForSummer": true,
                "sortIndex": 1,
                "type": "image/jpeg",
                "size": 265726,
                "url": "https://api.sundsvall.se/facilities/2.2/field/filesfield/2505",
                "license": "CC0",
                "licenseDescription": "Creative commons. \"No rights reserved\" https://creativecommons.org/share-your-work/public-domain/cc0/"
              }
            ]
          },
          {
            "id": 72,
            "name": "Handikappanpassad",
            "type": "TOGGLE",
            "value": "Nej"
          },
          {
            "id": 288,
            "name": "Felanmälan",
            "type": "Felanmälningstjänst",
            "reportName": "Kontakt Sundsvall",
            "reportDescription": "Felanmälan av motionsspår, elljusspår, leder och andra friluftsanläggningar",
            "reportLink": "https://sundsvall.se/kommun-och-politik/politik-och-demokrati/dialog-och-synpunkter/felanmalan",
            "reportPhone": "060-19 10 00",
            "reportEmail": "kontakt@sundsvall.se"
          },
          {
            "id": 87,
            "name": "Grillgaller",
            "type": "FREETEXT",
            "value": "Ja"
          }
        ],
        "centerPoint": [
          16.671997245205574,
          62.911808931309686
        ]
      },
      "geometry": {
        "type": "Point",
        "coordinates": [
          16.671997245205574,
          62.911808931309686
        ]
      }
    },
    {
      "id": 3627,
      "type": "Feature",
      "properties": {
        "name": "Boda såg grill",
        "type": "Grill",
        "created": "2023-05-11 14:34:21",
        "updated": "2026-04-01 22:29:18",
        "published": true,
        "parentObjects": [
          4453
        ],
        "owner": {
          "organizationID": 36,
          "name": "Sundsvalls kommun Friluftsenheten"
        },
        "manager": {
          "organizationID": 36,
          "name": "Sundsvalls kommun Friluftsenheten"
        },
        "fields": [
          {
            "id": 85,
            "name": "Typ av grill",
            "type": "DROPDOWN",
            "value": "Murad natursten"
          },
          {
            "id": 86,
            "name": "Värmekälla",
            "type": "DROPDOWN",
            "value": "Ved"
          },
          {
            "id": 79,
            "name": "Tillhörande filer",
            "type": "FILES",
            "value": [
              {
                "id": 2509,
                "filename": "20160808_095247.jpg",
                "description": "Grill",
                "alttext": "Grill med bänkar",
                "sourcetext": "Friluftsenheten",
                "validForWinter": false,
                "validForSummer": true,
                "sortIndex": 1,
                "type": "image/jpeg",
                "size": 8848040,
                "url": "https://api.sundsvall.se/facilities/2.2/field/filesfield/2509",
                "license": "CC0",
                "licenseDescription": "Creative commons. \"No rights reserved\" https://creativecommons.org/share-your-work/public-domain/cc0/"
              }
            ]
          },
          {
            "id": 72,
            "name": "Handikappanpassad",
            "type": "TOGGLE",
            "value": "Nej"
          },
          {
            "id": 87,
            "name": "Grillgaller",
            "type": "FREETEXT",
            "value": "Ja"
          }
        ],
        "centerPoint": [
          16.640351390442053,
          62.87721166486512
        ]
      },
      "geometry": {
        "type": "Point",
        "coordinates": [
          16.640351390442053,
          62.87721166486512
        ]
      }
    },
    {
      "id": 3637,
      "type": "Feature",
      "properties": {
        "name": "Järkvissle Grill",
        "type": "Grill",
        "created": "2023-05-11 14:50:52",
        "updated": "2026-04-01 22:10:13",
        "published": true,
        "parentObjects": [
          4450
        ],
        "owner": {
          "organizationID": 36,
          "name": "Sundsvalls kommun Friluftsenheten"
        },
        "manager": {
          "organizationID": 36,
          "name": "Sundsvalls kommun Friluftsenheten"
        },
        "fields": [
          {
            "id": 85,
            "name": "Typ av grill",
            "type": "DROPDOWN",
            "value": "Murad natursten"
          },
          {
            "id": 86,
            "name": "Värmekälla",
            "type": "DROPDOWN",
            "value": "Ved"
          },
          {
            "id": 72,
            "name": "Handikappanpassad",
            "type": "TOGGLE",
            "value": "Nej"
          },
          {
            "id": 288,
            "name": "Felanmälan",
            "type": "Felanmälningstjänst",
            "reportName": "Kontakt Sundsvall",
            "reportDescription": "Felanmälan av motionsspår, elljusspår, leder och andra friluftsanläggningar",
            "reportLink": "https://sundsvall.se/kommun-och-politik/politik-och-demokrati/dialog-och-synpunkter/felanmalan",
            "reportPhone": "060-19 10 00",
            "reportEmail": "kontakt@sundsvall.se"
          },
          {
            "id": 87,
            "name": "Grillgaller",
            "type": "FREETEXT",
            "value": "Ja"
          }
        ],
        "centerPoint": [
          16.664375739248413,
          62.792443929752956
        ]
      },
      "geometry": {
        "type": "Point",
        "coordinates": [
          16.664375739248413,
          62.792443929752956
        ]
      }
    },
    {
      "id": 3643,
      "type": "Feature",
      "properties": {
        "name": "Åsen Grill",
        "type": "Grill",
        "created": "2023-05-11 15:00:58",
        "updated": "2026-04-01 22:19:33",
        "published": true,
        "parentObjects": [
          4452
        ],
        "owner": {
          "organizationID": 36,
          "name": "Sundsvalls kommun Friluftsenheten"
        },
        "manager": {
          "organizationID": 36,
          "name": "Sundsvalls kommun Friluftsenheten"
        },
        "fields": [
          {
            "id": 85,
            "name": "Typ av grill",
            "type": "DROPDOWN",
            "value": "Murad natursten"
          },
          {
            "id": 86,
            "name": "Värmekälla",
            "type": "DROPDOWN",
            "value": "Ved"
          },
          {
            "id": 72,
            "name": "Handikappanpassad",
            "type": "TOGGLE",
            "value": "Nej"
          },
          {
            "id": 288,
            "name": "Felanmälan",
            "type": "Felanmälningstjänst",
            "reportName": "Kontakt Sundsvall",
            "reportDescription": "Felanmälan av motionsspår, elljusspår, leder och andra friluftsanläggningar",
            "reportLink": "https://sundsvall.se/kommun-och-politik/politik-och-demokrati/dialog-och-synpunkter/felanmalan",
            "reportPhone": "060-19 10 00",
            "reportEmail": "kontakt@sundsvall.se"
          },
          {
            "id": 87,
            "name": "Grillgaller",
            "type": "FREETEXT",
            "value": "Ja"
          }
        ],
        "centerPoint": [
          16.78681080482739,
          62.69703338070885
        ]
      },
      "geometry": {
        "type": "Point",
        "coordinates": [
          16.78681080482739,
          62.69703338070885
        ]
      }
    },
    {
      "id": 3646,
      "type": "Feature",
      "properties": {
        "name": "Loning Grill",
        "type": "Grill",
        "created": "2023-05-11 15:06:39",
        "updated": "2026-04-01 22:32:42",
        "published": true,
        "owner": {
          "organizationID": 36,
          "name": "Sundsvalls kommun Friluftsenheten"
        },
        "manager": {
          "organizationID": 36,
          "name": "Sundsvalls kommun Friluftsenheten"
        },
        "fields": [
          {
            "id": 72,
            "name": "Handikappanpassad",
            "type": "TOGGLE",
            "value": "Nej"
          },
          {
            "id": 288,
            "name": "Felanmälan",
            "type": "Felanmälningstjänst",
            "reportName": "Kontakt Sundsvall",
            "reportDescription": "Felanmälan av motionsspår, elljusspår, leder och andra friluftsanläggningar",
            "reportLink": "https://sundsvall.se/kommun-och-politik/politik-och-demokrati/dialog-och-synpunkter/felanmalan",
            "reportPhone": "060-19 10 00",
            "reportEmail": "kontakt@sundsvall.se"
          }
        ],
        "centerPoint": [
          17.009479368240303,
          62.60737715553205
        ]
      },
      "geometry": {
        "type": "Point",
        "coordinates": [
          17.009479368240303,
          62.60737715553205
        ]
      }
    },
    {
      "id": 3694,
      "type": "Feature",
      "properties": {
        "name": "Grill Prästhusberget",
        "type": "Grill",
        "created": "2023-08-31 08:31:15",
        "updated": "2026-04-08 15:14:19",
        "published": true,
        "parentObjects": [
          696,
          4142
        ],
        "owner": {
          "organizationID": 36,
          "name": "Sundsvalls kommun Friluftsenheten"
        },
        "manager": {
          "organizationID": 36,
          "name": "Sundsvalls kommun Friluftsenheten"
        },
        "fields": [
          {
            "id": 73,
            "name": "Status",
            "type": "DROPDOWN",
            "value": "Sliten"
          },
          {
            "id": 85,
            "name": "Typ av grill",
            "type": "DROPDOWN",
            "value": "Natursten"
          },
          {
            "id": 86,
            "name": "Värmekälla",
            "type": "DROPDOWN",
            "value": "Ved"
          },
          {
            "id": 79,
            "name": "Tillhörande filer",
            "type": "FILES",
            "value": [
              {
                "id": 2798,
                "filename": "20170809_071341.jpg",
                "description": "Grill",
                "alttext": "Eldstad och bänkbord",
                "sourcetext": "Sundsvalls kommun",
                "validForWinter": false,
                "validForSummer": true,
                "sortIndex": 1,
                "type": "image/jpeg",
                "size": 8436499,
                "url": "https://api.sundsvall.se/facilities/2.2/field/filesfield/2798",
                "license": "CC0",
                "licenseDescription": "Creative commons. \"No rights reserved\" https://creativecommons.org/share-your-work/public-domain/cc0/"
              }
            ]
          },
          {
            "id": 72,
            "name": "Handikappanpassad",
            "type": "TOGGLE",
            "value": "Nej"
          },
          {
            "id": 288,
            "name": "Felanmälan",
            "type": "Felanmälningstjänst",
            "reportName": "Kontakt Sundsvall",
            "reportDescription": "Felanmälan av motionsspår, elljusspår, leder och andra friluftsanläggningar",
            "reportLink": "https://sundsvall.se/kommun-och-politik/politik-och-demokrati/dialog-och-synpunkter/felanmalan",
            "reportPhone": "060-19 10 00",
            "reportEmail": "kontakt@sundsvall.se"
          },
          {
            "id": 87,
            "name": "Grillgaller",
            "type": "FREETEXT",
            "value": "Ja"
          }
        ],
        "centerPoint": [
          17.20535348453546,
          62.32872244832921
        ]
      },
      "geometry": {
        "type": "Point",
        "coordinates": [
          17.20535348453546,
          62.32872244832921
        ]
      }
    },
    {
      "id": 3739,
      "type": "Feature",
      "properties": {
        "name": "Grill Bosvedjan",
        "type": "Grill",
        "created": "2023-10-02 10:29:53",
        "updated": "2026-04-07 09:51:45",
        "published": true,
        "owner": {
          "organizationID": 36,
          "name": "Sundsvalls kommun Friluftsenheten"
        },
        "manager": {
          "organizationID": 36,
          "name": "Sundsvalls kommun Friluftsenheten"
        },
        "fields": [
          {
            "id": 73,
            "name": "Status",
            "type": "DROPDOWN",
            "value": "Trasig"
          },
          {
            "id": 85,
            "name": "Typ av grill",
            "type": "DROPDOWN",
            "value": "Cementring"
          },
          {
            "id": 86,
            "name": "Värmekälla",
            "type": "DROPDOWN",
            "value": "Ved"
          },
          {
            "id": 79,
            "name": "Tillhörande filer",
            "type": "FILES",
            "value": [
              {
                "id": 2565,
                "filename": "16962353388323234207049252964671.jpg",
                "description": "Grill",
                "alttext": "Grill",
                "sourcetext": "Friluftsenheten",
                "validForWinter": true,
                "validForSummer": true,
                "sortIndex": 1,
                "type": "image/jpeg",
                "size": 7183584,
                "url": "https://api.sundsvall.se/facilities/2.2/field/filesfield/2565",
                "license": "CC0",
                "licenseDescription": "Creative commons. \"No rights reserved\" https://creativecommons.org/share-your-work/public-domain/cc0/"
              }
            ]
          },
          {
            "id": 72,
            "name": "Handikappanpassad",
            "type": "TOGGLE",
            "value": "Nej"
          },
          {
            "id": 288,
            "name": "Felanmälan",
            "type": "Felanmälningstjänst",
            "reportName": "Kontakt Sundsvall",
            "reportDescription": "Felanmälan av motionsspår, elljusspår, leder och andra friluftsanläggningar",
            "reportLink": "https://sundsvall.se/kommun-och-politik/politik-och-demokrati/dialog-och-synpunkter/felanmalan",
            "reportPhone": "060-19 10 00",
            "reportEmail": "kontakt@sundsvall.se"
          },
          {
            "id": 87,
            "name": "Grillgaller",
            "type": "FREETEXT",
            "value": "Saknas "
          }
        ],
        "centerPoint": [
          17.323900226134057,
          62.42366846106101
        ]
      },
      "geometry": {
        "type": "Point",
        "coordinates": [
          17.323900226134057,
          62.42366846106101
        ]
      }
    },
    {
      "id": 3977,
      "type": "Feature",
      "properties": {
        "name": "Grill Gubben",
        "type": "Grill",
        "created": "2024-09-19 12:10:06",
        "published": true,
        "owner": {
          "organizationID": 36,
          "name": "Sundsvalls kommun Friluftsenheten"
        },
        "manager": {
          "organizationID": 36,
          "name": "Sundsvalls kommun Friluftsenheten"
        },
        "fields": [
          {
            "id": 73,
            "name": "Status",
            "type": "DROPDOWN",
            "value": "Fin"
          },
          {
            "id": 85,
            "name": "Typ av grill",
            "type": "DROPDOWN",
            "value": "Svetsad fyrkantsmetall"
          },
          {
            "id": 86,
            "name": "Värmekälla",
            "type": "DROPDOWN",
            "value": "Ved"
          },
          {
            "id": 70,
            "name": "Byggnadsår",
            "type": "INTEGER",
            "value": 2024
          },
          {
            "id": 74,
            "name": "Statusdatum",
            "type": "DATE",
            "value": "2024-09-19"
          },
          {
            "id": 72,
            "name": "Handikappanpassad",
            "type": "TOGGLE",
            "value": "Nej"
          },
          {
            "id": 288,
            "name": "Felanmälan",
            "type": "Felanmälningstjänst",
            "reportName": "Kontakt Sundsvall",
            "reportDescription": "Felanmälan av motionsspår, elljusspår, leder och andra friluftsanläggningar",
            "reportLink": "https://sundsvall.se/kommun-och-politik/politik-och-demokrati/dialog-och-synpunkter/felanmalan",
            "reportPhone": "060-19 10 00",
            "reportEmail": "kontakt@sundsvall.se"
          },
          {
            "id": 77,
            "name": "Beskrivning",
            "type": "FREETEXT",
            "value": "Grill vid Gubbens halvö"
          },
          {
            "id": 87,
            "name": "Grillgaller",
            "type": "FREETEXT",
            "value": "Ja"
          }
        ],
        "centerPoint": [
          17.382783424177354,
          62.44662056561183
        ]
      },
      "geometry": {
        "type": "Point",
        "coordinates": [
          17.382783424177354,
          62.44662056561183
        ]
      }
    },
    {
      "id": 4124,
      "type": "Feature",
      "properties": {
        "name": "Grill pulkabacke Ortviksberget",
        "type": "Grill",
        "created": "2025-03-27 13:12:55",
        "updated": "2026-01-13 14:49:33",
        "published": true,
        "parentObjects": [
          4236
        ],
        "owner": {
          "organizationID": 36,
          "name": "Sundsvalls kommun Friluftsenheten"
        },
        "manager": {
          "organizationID": 291,
          "name": "Skönsbergsspårets ekonomiska förening"
        },
        "fields": [
          {
            "id": 73,
            "name": "Status",
            "type": "DROPDOWN",
            "value": "Fin"
          },
          {
            "id": 85,
            "name": "Typ av grill",
            "type": "DROPDOWN",
            "value": "Svetsad fyrkantsmetall"
          },
          {
            "id": 86,
            "name": "Värmekälla",
            "type": "DROPDOWN",
            "value": "Ved"
          },
          {
            "id": 70,
            "name": "Byggnadsår",
            "type": "INTEGER",
            "value": 2024
          },
          {
            "id": 74,
            "name": "Statusdatum",
            "type": "DATE",
            "value": "2025-03-27"
          },
          {
            "id": 79,
            "name": "Tillhörande filer",
            "type": "FILES",
            "value": [
              {
                "id": 2709,
                "filename": "20250327_140810.jpg",
                "description": "Grill",
                "alttext": "Grill",
                "sourcetext": "Anders Erlandsson Friluftsenheten ",
                "validForWinter": true,
                "validForSummer": true,
                "sortIndex": 1,
                "type": "image/jpeg",
                "size": 6217707,
                "url": "https://api.sundsvall.se/facilities/2.2/field/filesfield/2709",
                "license": "CC0",
                "licenseDescription": "Creative commons. \"No rights reserved\" https://creativecommons.org/share-your-work/public-domain/cc0/"
              }
            ]
          },
          {
            "id": 72,
            "name": "Handikappanpassad",
            "type": "TOGGLE",
            "value": "Nej"
          },
          {
            "id": 288,
            "name": "Felanmälan",
            "type": "Felanmälningstjänst",
            "reportName": "Kontakt Sundsvall",
            "reportDescription": "Felanmälan av motionsspår, elljusspår, leder och andra friluftsanläggningar",
            "reportLink": "https://sundsvall.se/kommun-och-politik/politik-och-demokrati/dialog-och-synpunkter/felanmalan",
            "reportPhone": "060-19 10 00",
            "reportEmail": "kontakt@sundsvall.se"
          },
          {
            "id": 87,
            "name": "Grillgaller",
            "type": "FREETEXT",
            "value": "Ja"
          }
        ],
        "centerPoint": [
          17.354613080088757,
          62.403421710669704
        ]
      },
      "geometry": {
        "type": "Point",
        "coordinates": [
          17.354613080088757,
          62.403421710669704
        ]
      }
    },
    {
      "id": 4155,
      "type": "Feature",
      "properties": {
        "name": "Eldplats Skiftestjärn",
        "type": "Grill",
        "created": "2025-10-17 22:28:00",
        "updated": "2025-10-17 22:38:44",
        "published": true,
        "parentObjects": [
          4158
        ],
        "owner": {
          "organizationID": 36,
          "name": "Sundsvalls kommun Friluftsenheten"
        },
        "manager": {
          "organizationID": 36,
          "name": "Sundsvalls kommun Friluftsenheten"
        },
        "fields": [
          {
            "id": 85,
            "name": "Typ av grill",
            "type": "DROPDOWN",
            "value": "Natursten"
          },
          {
            "id": 86,
            "name": "Värmekälla",
            "type": "DROPDOWN",
            "value": "Ved"
          },
          {
            "id": 72,
            "name": "Handikappanpassad",
            "type": "TOGGLE",
            "value": "Nej"
          }
        ],
        "centerPoint": [
          16.75373372277704,
          62.34410294814265
        ]
      },
      "geometry": {
        "type": "Point",
        "coordinates": [
          16.75373372277704,
          62.34410294814265
        ]
      }
    },
    {
      "id": 4156,
      "type": "Feature",
      "properties": {
        "name": "EldplatsTallåstjärn",
        "type": "Grill",
        "created": "2025-10-17 22:31:00",
        "updated": "2025-10-17 22:44:05",
        "published": true,
        "owner": {
          "organizationID": 36,
          "name": "Sundsvalls kommun Friluftsenheten"
        },
        "manager": {
          "organizationID": 36,
          "name": "Sundsvalls kommun Friluftsenheten"
        },
        "fields": [
          {
            "id": 85,
            "name": "Typ av grill",
            "type": "DROPDOWN",
            "value": "Natursten"
          },
          {
            "id": 86,
            "name": "Värmekälla",
            "type": "DROPDOWN",
            "value": "Ved"
          },
          {
            "id": 72,
            "name": "Handikappanpassad",
            "type": "TOGGLE",
            "value": "Nej"
          }
        ],
        "centerPoint": [
          16.77295447673015,
          62.33555319949671
        ]
      },
      "geometry": {
        "type": "Point",
        "coordinates": [
          16.77295447673015,
          62.33555319949671
        ]
      }
    },
    {
      "id": 4161,
      "type": "Feature",
      "properties": {
        "name": "Grill vid Dubbla vindskyddet",
        "type": "Grill",
        "created": "2025-10-17 22:51:42",
        "updated": "2026-06-22 08:53:27",
        "published": true,
        "parentObjects": [
          4487
        ],
        "owner": {
          "organizationID": 36,
          "name": "Sundsvalls kommun Friluftsenheten"
        },
        "manager": {
          "organizationID": 36,
          "name": "Sundsvalls kommun Friluftsenheten"
        },
        "fields": [
          {
            "id": 73,
            "name": "Status",
            "type": "DROPDOWN",
            "value": "Fin"
          },
          {
            "id": 85,
            "name": "Typ av grill",
            "type": "DROPDOWN",
            "value": "Natursten"
          },
          {
            "id": 86,
            "name": "Värmekälla",
            "type": "DROPDOWN",
            "value": "Ved"
          },
          {
            "id": 74,
            "name": "Statusdatum",
            "type": "DATE",
            "value": "2026-03-10"
          },
          {
            "id": 79,
            "name": "Tillhörande filer",
            "type": "FILES",
            "value": [
              {
                "id": 2843,
                "filename": "image.jpg",
                "description": "Grill dubbla vindskyddet ",
                "alttext": "En svart fyrkantig grill",
                "sourcetext": "Sundsvalls kommun ",
                "validForWinter": true,
                "validForSummer": true,
                "sortIndex": 1,
                "type": "image/jpeg",
                "size": 3126877,
                "url": "https://api.sundsvall.se/facilities/2.2/field/filesfield/2843",
                "license": "CC0",
                "licenseDescription": "Creative commons. \"No rights reserved\" https://creativecommons.org/share-your-work/public-domain/cc0/"
              }
            ]
          },
          {
            "id": 72,
            "name": "Handikappanpassad",
            "type": "TOGGLE",
            "value": "Nej"
          },
          {
            "id": 288,
            "name": "Felanmälan",
            "type": "Felanmälningstjänst",
            "reportName": "Kontakt Sundsvall",
            "reportDescription": "Felanmälan av motionsspår, elljusspår, leder och andra friluftsanläggningar",
            "reportLink": "https://sundsvall.se/kommun-och-politik/politik-och-demokrati/dialog-och-synpunkter/felanmalan",
            "reportPhone": "060-19 10 00",
            "reportEmail": "kontakt@sundsvall.se"
          },
          {
            "id": 87,
            "name": "Grillgaller",
            "type": "FREETEXT",
            "value": "Ja"
          }
        ],
        "centerPoint": [
          17.30504287531553,
          62.354554575051516
        ]
      },
      "geometry": {
        "type": "Point",
        "coordinates": [
          17.30504287531553,
          62.354554575051516
        ]
      }
    },
    {
      "id": 4162,
      "type": "Feature",
      "properties": {
        "name": "Grill vid Torget",
        "type": "Grill",
        "created": "2025-10-17 22:52:58",
        "updated": "2026-03-10 12:19:20",
        "published": true,
        "owner": {
          "organizationID": 36,
          "name": "Sundsvalls kommun Friluftsenheten"
        },
        "manager": {
          "organizationID": 36,
          "name": "Sundsvalls kommun Friluftsenheten"
        },
        "fields": [
          {
            "id": 73,
            "name": "Status",
            "type": "DROPDOWN",
            "value": "Fin"
          },
          {
            "id": 85,
            "name": "Typ av grill",
            "type": "DROPDOWN",
            "value": "Svetsad fyrkantsmetall"
          },
          {
            "id": 86,
            "name": "Värmekälla",
            "type": "DROPDOWN",
            "value": "Ved"
          },
          {
            "id": 74,
            "name": "Statusdatum",
            "type": "DATE",
            "value": "2026-03-09"
          },
          {
            "id": 79,
            "name": "Tillhörande filer",
            "type": "FILES",
            "value": [
              {
                "id": 2830,
                "filename": "image.jpg",
                "description": "Grill",
                "alttext": "Svart plåtgrill i snön",
                "sourcetext": "Sundsvalls kommun",
                "validForWinter": true,
                "validForSummer": true,
                "sortIndex": 1,
                "type": "image/jpeg",
                "size": 4724973,
                "url": "https://api.sundsvall.se/facilities/2.2/field/filesfield/2830",
                "license": "CC0",
                "licenseDescription": "Creative commons. \"No rights reserved\" https://creativecommons.org/share-your-work/public-domain/cc0/"
              }
            ]
          },
          {
            "id": 72,
            "name": "Handikappanpassad",
            "type": "TOGGLE",
            "value": "Nej"
          },
          {
            "id": 288,
            "name": "Felanmälan",
            "type": "Felanmälningstjänst",
            "reportName": "Kontakt Sundsvall",
            "reportDescription": "Felanmälan av motionsspår, elljusspår, leder och andra friluftsanläggningar",
            "reportLink": "https://sundsvall.se/kommun-och-politik/politik-och-demokrati/dialog-och-synpunkter/felanmalan",
            "reportPhone": "060-19 10 00",
            "reportEmail": "kontakt@sundsvall.se"
          },
          {
            "id": 87,
            "name": "Grillgaller",
            "type": "FREETEXT",
            "value": "Ja"
          }
        ],
        "centerPoint": [
          17.30406804589474,
          62.36334729276416
        ]
      },
      "geometry": {
        "type": "Point",
        "coordinates": [
          17.30406804589474,
          62.36334729276416
        ]
      }
    },
    {
      "id": 4182,
      "type": "Feature",
      "properties": {
        "name": "Grill Långörens naturreservat",
        "type": "Grill",
        "created": "2025-12-12 10:25:53",
        "published": true,
        "owner": {
          "organizationID": 83,
          "name": "länsstyrelsen västernorrland"
        },
        "manager": {
          "organizationID": 83,
          "name": "länsstyrelsen västernorrland"
        },
        "fields": [
          {
            "id": 86,
            "name": "Värmekälla",
            "type": "DROPDOWN",
            "value": "Ved"
          },
          {
            "id": 72,
            "name": "Handikappanpassad",
            "type": "TOGGLE",
            "value": "Nej"
          }
        ],
        "centerPoint": [
          17.505161221444702,
          62.14601611547867
        ]
      },
      "geometry": {
        "type": "Point",
        "coordinates": [
          17.505161221444702,
          62.14601611547867
        ]
      }
    },
    {
      "id": 4215,
      "type": "Feature",
      "properties": {
        "name": "Grillplats vid Fiskdammen",
        "type": "Grill",
        "created": "2026-01-13 10:52:20",
        "updated": "2026-06-22 08:41:22",
        "published": true,
        "parentObjects": [
          4484
        ],
        "owner": {
          "organizationID": 39,
          "name": "friluftsfrämjandet njurunda"
        },
        "manager": {
          "organizationID": 39,
          "name": "friluftsfrämjandet njurunda"
        },
        "fields": [
          {
            "id": 85,
            "name": "Typ av grill",
            "type": "DROPDOWN",
            "value": "Cementring"
          },
          {
            "id": 86,
            "name": "Värmekälla",
            "type": "DROPDOWN",
            "value": "Ved"
          },
          {
            "id": 79,
            "name": "Tillhörande filer",
            "type": "FILES",
            "value": [
              {
                "id": 2775,
                "filename": "20211113_131717.jpg",
                "description": "Grillplats i skogen väster om Fiskdammen",
                "alttext": "Grillplats i skogen väster om Fiskdammen",
                "sourcetext": "Sundsvalls kommun",
                "validForWinter": true,
                "validForSummer": true,
                "sortIndex": 1,
                "type": "image/jpeg",
                "size": 7097966,
                "url": "https://api.sundsvall.se/facilities/2.2/field/filesfield/2775",
                "license": "CC0",
                "licenseDescription": "Creative commons. \"No rights reserved\" https://creativecommons.org/share-your-work/public-domain/cc0/"
              },
              {
                "id": 2776,
                "filename": "20211113_131523.jpg",
                "description": "Grillplats och vindskydd",
                "alttext": "Grillplats och vindskydd i skogen",
                "sourcetext": "Sundsvalls kommun",
                "validForWinter": true,
                "validForSummer": true,
                "sortIndex": 2,
                "type": "image/jpeg",
                "size": 6493347,
                "url": "https://api.sundsvall.se/facilities/2.2/field/filesfield/2776",
                "license": "CC0",
                "licenseDescription": "Creative commons. \"No rights reserved\" https://creativecommons.org/share-your-work/public-domain/cc0/"
              }
            ]
          },
          {
            "id": 72,
            "name": "Handikappanpassad",
            "type": "TOGGLE",
            "value": "Nej"
          },
          {
            "id": 288,
            "name": "Felanmälan",
            "type": "Felanmälningstjänst",
            "reportName": "Friluftsfrämjandet Njurunda",
            "reportDescription": "Kontaktperson L Nord",
            "reportLink": "https://www.friluftsframjandet.se/njurunda",
            "reportPhone": "0702848084",
            "reportEmail": null
          },
          {
            "id": 87,
            "name": "Grillgaller",
            "type": "FREETEXT",
            "value": "Ja"
          },
          {
            "id": 293,
            "name": "Tillgänglighetsbeskrivning",
            "type": "FREETEXT",
            "value": "Vindskydd i skogen, strax bredvid elljusspåret. Eventuellt möjligt att ta sig dit med rullstol."
          }
        ],
        "centerPoint": [
          17.35504484620654,
          62.297943666379325
        ]
      },
      "geometry": {
        "type": "Point",
        "coordinates": [
          17.35504484620654,
          62.297943666379325
        ]
      }
    },
    {
      "id": 4224,
      "type": "Feature",
      "properties": {
        "name": "Grillplats Lill-Lubban",
        "type": "Grill",
        "created": "2026-01-13 11:32:52",
        "updated": "2026-01-13 11:37:38",
        "published": true,
        "parentObjects": [
          666
        ],
        "owner": {
          "organizationID": 307,
          "name": "Svenska kryssarklubben"
        },
        "manager": {
          "organizationID": 307,
          "name": "Svenska kryssarklubben"
        },
        "fields": [
          {
            "id": 86,
            "name": "Värmekälla",
            "type": "DROPDOWN",
            "value": "Ved"
          },
          {
            "id": 79,
            "name": "Tillhörande filer",
            "type": "FILES",
            "value": [
              {
                "id": 2781,
                "filename": "20250630_202633.jpg",
                "description": "Grillplats med sittplats",
                "alttext": "Grillplats med sittplats och utsikt över havet",
                "sourcetext": "Sundsvalls kommun",
                "validForWinter": false,
                "validForSummer": true,
                "sortIndex": null,
                "type": "image/jpeg",
                "size": 5833502,
                "url": "https://api.sundsvall.se/facilities/2.2/field/filesfield/2781",
                "license": "CC0",
                "licenseDescription": "Creative commons. \"No rights reserved\" https://creativecommons.org/share-your-work/public-domain/cc0/"
              }
            ]
          },
          {
            "id": 72,
            "name": "Handikappanpassad",
            "type": "TOGGLE",
            "value": "Nej"
          },
          {
            "id": 77,
            "name": "Beskrivning",
            "type": "FREETEXT",
            "value": "Grillplats med bänkar runt"
          },
          {
            "id": 87,
            "name": "Grillgaller",
            "type": "FREETEXT",
            "value": "Ja"
          }
        ],
        "centerPoint": [
          17.51752238365403,
          62.172690128727965
        ]
      },
      "geometry": {
        "type": "Point",
        "coordinates": [
          17.51752238365403,
          62.172690128727965
        ]
      }
    },
    {
      "id": 4225,
      "type": "Feature",
      "properties": {
        "name": "Grillplats Lill-Lubban för kol",
        "type": "Grill",
        "created": "2026-01-13 11:35:09",
        "updated": "2026-01-13 11:37:38",
        "published": true,
        "parentObjects": [
          666
        ],
        "owner": {
          "organizationID": 307,
          "name": "Svenska kryssarklubben"
        },
        "manager": {
          "organizationID": 307,
          "name": "Svenska kryssarklubben"
        },
        "fields": [
          {
            "id": 86,
            "name": "Värmekälla",
            "type": "DROPDOWN",
            "value": "Kol"
          },
          {
            "id": 79,
            "name": "Tillhörande filer",
            "type": "FILES",
            "value": [
              {
                "id": 2782,
                "filename": "20250630_203618.jpg",
                "description": "Grill",
                "alttext": "Grill med skorsten och utsikt över havet",
                "sourcetext": "Sundsvalls kommun",
                "validForWinter": false,
                "validForSummer": true,
                "sortIndex": 1,
                "type": "image/jpeg",
                "size": 6868610,
                "url": "https://api.sundsvall.se/facilities/2.2/field/filesfield/2782",
                "license": "CC0",
                "licenseDescription": "Creative commons. \"No rights reserved\" https://creativecommons.org/share-your-work/public-domain/cc0/"
              }
            ]
          },
          {
            "id": 72,
            "name": "Handikappanpassad",
            "type": "TOGGLE",
            "value": "Nej"
          },
          {
            "id": 77,
            "name": "Beskrivning",
            "type": "FREETEXT",
            "value": "Grillplats för grillning med kol"
          },
          {
            "id": 87,
            "name": "Grillgaller",
            "type": "FREETEXT",
            "value": "Ja"
          }
        ],
        "centerPoint": [
          17.5183387255731,
          62.17238357625484
        ]
      },
      "geometry": {
        "type": "Point",
        "coordinates": [
          17.5183387255731,
          62.17238357625484
        ]
      }
    },
    {
      "id": 4226,
      "type": "Feature",
      "properties": {
        "name": "Grillplats Dingersjö",
        "type": "Grill",
        "created": "2026-01-13 11:42:30",
        "updated": "2026-01-13 11:53:07",
        "published": true,
        "parentObjects": [
          4230
        ],
        "owner": {
          "organizationID": 36,
          "name": "Sundsvalls kommun Friluftsenheten"
        },
        "manager": {
          "organizationID": 36,
          "name": "Sundsvalls kommun Friluftsenheten"
        },
        "fields": [
          {
            "id": 73,
            "name": "Status",
            "type": "DROPDOWN",
            "value": "Sliten"
          },
          {
            "id": 85,
            "name": "Typ av grill",
            "type": "DROPDOWN",
            "value": "Natursten"
          },
          {
            "id": 86,
            "name": "Värmekälla",
            "type": "DROPDOWN",
            "value": "Ved"
          },
          {
            "id": 79,
            "name": "Tillhörande filer",
            "type": "FILES",
            "value": [
              {
                "id": 2783,
                "filename": "20170511_091325.jpg",
                "description": "Grillplats",
                "alttext": "Grillplats med natursten och grillgaller",
                "sourcetext": "Sundsvalls kommun",
                "validForWinter": false,
                "validForSummer": true,
                "sortIndex": 1,
                "type": "image/jpeg",
                "size": 10267802,
                "url": "https://api.sundsvall.se/facilities/2.2/field/filesfield/2783",
                "license": "CC0",
                "licenseDescription": "Creative commons. \"No rights reserved\" https://creativecommons.org/share-your-work/public-domain/cc0/"
              }
            ]
          },
          {
            "id": 72,
            "name": "Handikappanpassad",
            "type": "TOGGLE",
            "value": "Nej"
          },
          {
            "id": 288,
            "name": "Felanmälan",
            "type": "Felanmälningstjänst",
            "reportName": "Kontakt Sundsvall",
            "reportDescription": "Felanmälan av motionsspår, elljusspår, leder och andra friluftsanläggningar",
            "reportLink": "https://sundsvall.se/kommun-och-politik/politik-och-demokrati/dialog-och-synpunkter/felanmalan",
            "reportPhone": "060-19 10 00",
            "reportEmail": "kontakt@sundsvall.se"
          },
          {
            "id": 87,
            "name": "Grillgaller",
            "type": "FREETEXT",
            "value": "Ja"
          }
        ],
        "centerPoint": [
          17.381547900522936,
          62.271840216666924
        ]
      },
      "geometry": {
        "type": "Point",
        "coordinates": [
          17.381547900522936,
          62.271840216666924
        ]
      }
    },
    {
      "id": 4241,
      "type": "Feature",
      "properties": {
        "name": "Grill Nackstaspåret",
        "type": "Grill",
        "created": "2026-01-13 15:17:54",
        "published": true,
        "owner": {
          "organizationID": 36,
          "name": "Sundsvalls kommun Friluftsenheten"
        },
        "manager": {
          "organizationID": 36,
          "name": "Sundsvalls kommun Friluftsenheten"
        },
        "fields": [
          {
            "id": 85,
            "name": "Typ av grill",
            "type": "DROPDOWN",
            "value": "Svetsad fyrkantsmetall"
          },
          {
            "id": 86,
            "name": "Värmekälla",
            "type": "DROPDOWN",
            "value": "Ved"
          },
          {
            "id": 72,
            "name": "Handikappanpassad",
            "type": "TOGGLE",
            "value": "Nej"
          },
          {
            "id": 87,
            "name": "Grillgaller",
            "type": "FREETEXT",
            "value": "Ja"
          }
        ],
        "centerPoint": [
          17.26747684139516,
          62.3850181277927
        ]
      },
      "geometry": {
        "type": "Point",
        "coordinates": [
          17.26747684139516,
          62.3850181277927
        ]
      }
    },
    {
      "id": 4242,
      "type": "Feature",
      "properties": {
        "name": "Grill Grodtjärn",
        "type": "Grill",
        "created": "2026-01-13 15:19:01",
        "updated": "2026-04-07 09:49:28",
        "published": true,
        "owner": {
          "organizationID": 36,
          "name": "Sundsvalls kommun Friluftsenheten"
        },
        "manager": {
          "organizationID": 36,
          "name": "Sundsvalls kommun Friluftsenheten"
        },
        "fields": [
          {
            "id": 73,
            "name": "Status",
            "type": "DROPDOWN",
            "value": "Sliten"
          },
          {
            "id": 85,
            "name": "Typ av grill",
            "type": "DROPDOWN",
            "value": "Svetsad fyrkantsmetall"
          },
          {
            "id": 86,
            "name": "Värmekälla",
            "type": "DROPDOWN",
            "value": "Ved"
          },
          {
            "id": 74,
            "name": "Statusdatum",
            "type": "DATE",
            "value": "2026-03-13"
          },
          {
            "id": 79,
            "name": "Tillhörande filer",
            "type": "FILES",
            "value": [
              {
                "id": 2880,
                "filename": "image.jpg",
                "description": "Grill",
                "alttext": "Svart fyrkantig plåtgrill",
                "sourcetext": "Sundsvalls kommun ",
                "validForWinter": true,
                "validForSummer": true,
                "sortIndex": 1,
                "type": "image/jpeg",
                "size": 3054230,
                "url": "https://api.sundsvall.se/facilities/2.2/field/filesfield/2880",
                "license": "CC0",
                "licenseDescription": "Creative commons. \"No rights reserved\" https://creativecommons.org/share-your-work/public-domain/cc0/"
              }
            ]
          },
          {
            "id": 72,
            "name": "Handikappanpassad",
            "type": "TOGGLE",
            "value": "Nej"
          },
          {
            "id": 288,
            "name": "Felanmälan",
            "type": "Felanmälningstjänst",
            "reportName": "Kontakt Sundsvall",
            "reportDescription": "Felanmälan av motionsspår, elljusspår, leder och andra friluftsanläggningar",
            "reportLink": "https://sundsvall.se/kommun-och-politik/politik-och-demokrati/dialog-och-synpunkter/felanmalan",
            "reportPhone": "060-19 10 00",
            "reportEmail": "kontakt@sundsvall.se"
          },
          {
            "id": 87,
            "name": "Grillgaller",
            "type": "FREETEXT",
            "value": "Ja"
          }
        ],
        "centerPoint": [
          17.261024575898826,
          62.37946555503296
        ]
      },
      "geometry": {
        "type": "Point",
        "coordinates": [
          17.261024575898826,
          62.37946555503296
        ]
      }
    },
    {
      "id": 4267,
      "type": "Feature",
      "properties": {
        "name": "Grill Friluftsmuseum Norra Berget",
        "type": "Grill",
        "created": "2026-01-19 09:28:11",
        "published": true,
        "owner": {
          "organizationID": 175,
          "name": "Sundsvalls kommun Sundsvalls museum"
        },
        "manager": {
          "organizationID": 175,
          "name": "Sundsvalls kommun Sundsvalls museum"
        },
        "fields": [
          {
            "id": 86,
            "name": "Värmekälla",
            "type": "DROPDOWN",
            "value": "Ved"
          },
          {
            "id": 72,
            "name": "Handikappanpassad",
            "type": "TOGGLE",
            "value": "Nej"
          },
          {
            "id": 87,
            "name": "Grillgaller",
            "type": "FREETEXT",
            "value": "Ja"
          }
        ],
        "centerPoint": [
          17.300691991384234,
          62.39912235685863
        ]
      },
      "geometry": {
        "type": "Point",
        "coordinates": [
          17.300691991384234,
          62.39912235685863
        ]
      }
    },
    {
      "id": 4485,
      "type": "Feature",
      "properties": {
        "name": "Grill Tallstugan",
        "type": "Grill",
        "created": "2026-06-22 08:43:39",
        "updated": "2026-06-22 09:38:52",
        "published": true,
        "parentObjects": [
          779
        ],
        "owner": {
          "organizationID": 39,
          "name": "friluftsfrämjandet njurunda"
        },
        "manager": {
          "organizationID": 39,
          "name": "friluftsfrämjandet njurunda"
        },
        "fields": [
          {
            "id": 85,
            "name": "Typ av grill",
            "type": "DROPDOWN",
            "value": "Natursten"
          },
          {
            "id": 86,
            "name": "Värmekälla",
            "type": "DROPDOWN",
            "value": "Ved"
          },
          {
            "id": 72,
            "name": "Handikappanpassad",
            "type": "TOGGLE",
            "value": "Nej"
          },
          {
            "id": 288,
            "name": "Felanmälan",
            "type": "Felanmälningstjänst",
            "reportName": "Friluftsfrämjandet Njurunda",
            "reportDescription": "Kontaktperson L Nord",
            "reportLink": "https://www.friluftsframjandet.se/njurunda",
            "reportPhone": "0702848084",
            "reportEmail": null
          }
        ],
        "centerPoint": [
          17.30284828779634,
          62.316347092755215
        ]
      },
      "geometry": {
        "type": "Point",
        "coordinates": [
          17.30284828779634,
          62.316347092755215
        ]
      }
    },
    {
      "id": 130,
      "type": "Feature",
      "properties": {
        "name": "Södra berget skidstadion",
        "type": "Grill",
        "created": "2018-06-18 10:42:07",
        "deleted": "2021-05-28 08:09:59"
      },
      "geometry": null
    },
    {
      "id": 189,
      "type": "Feature",
      "properties": {
        "name": "Sidsjö pulkabacke",
        "type": "Grill",
        "created": "2018-06-19 13:57:24",
        "updated": "2020-07-09 10:47:37",
        "deleted": "2021-12-14 09:53:09"
      },
      "geometry": null
    },
    {
      "id": 217,
      "type": "Feature",
      "properties": {
        "name": "Sidsjö skidlek",
        "type": "Grill",
        "created": "2018-06-20 08:45:57",
        "deleted": "2018-06-20 08:46:58"
      },
      "geometry": null
    },
    {
      "id": 4336,
      "type": "Feature",
      "properties": {
        "name": "Grill Apelsinlunden",
        "type": "Grill",
        "created": "2026-03-09 08:25:44",
        "deleted": "2026-03-09 08:26:05"
      },
      "geometry": null
    },
    {
      "id": 354,
      "type": "Feature",
      "properties": {
        "name": "Badplats Sodom",
        "type": "Grill",
        "created": "2018-06-26 15:54:53",
        "deleted": "2018-06-26 16:03:18"
      },
      "geometry": null
    },
    {
      "id": 510,
      "type": "Feature",
      "properties": {
        "name": "Stöde Grill Bodsjön",
        "type": "Grill",
        "created": "2018-07-06 12:52:10",
        "deleted": "2020-07-06 16:56:10"
      },
      "geometry": null
    }
  ]
}