{
  "type": "FeatureCollection",
  "features": [
    {
      "id": 104,
      "type": "Feature",
      "properties": {
        "name": "Södra Berget informationstavla Huvudentré",
        "type": "Informationstavla",
        "created": "2018-06-18 08:56:53",
        "updated": "2023-05-09 16:57:11",
        "published": true,
        "owner": {
          "organizationID": 36,
          "name": "Sundsvalls kommun Friluftsenheten"
        },
        "manager": {
          "organizationID": 36,
          "name": "Sundsvalls kommun Friluftsenheten"
        },
        "fields": [
          {
            "id": 73,
            "name": "Status",
            "type": "DROPDOWN",
            "value": "Fin"
          },
          {
            "id": 89,
            "name": "Fundament",
            "type": "DROPDOWN",
            "value": "Betongplintar"
          },
          {
            "id": 88,
            "name": "Typ av infotavla",
            "type": "DROPDOWN",
            "value": "Ribba 1320 bred A0 liggande"
          },
          {
            "id": 70,
            "name": "Byggnadsår",
            "type": "INTEGER",
            "value": 2017
          },
          {
            "id": 74,
            "name": "Statusdatum",
            "type": "DATE",
            "value": "2018-06-18"
          },
          {
            "id": 79,
            "name": "Tillhörande filer",
            "type": "FILES",
            "value": [
              {
                "id": 5,
                "filename": "image.jpg",
                "description": "Informationstavla",
                "alttext": "Informationstavla",
                "sourcetext": "Friluftsenheten",
                "validForWinter": true,
                "validForSummer": true,
                "sortIndex": 1,
                "type": "image/jpeg",
                "size": 3462508,
                "url": "https://api.sundsvall.se/facilities/2.2/field/filesfield/5",
                "license": "CC0",
                "licenseDescription": "Creative commons. \"No rights reserved\" https://creativecommons.org/share-your-work/public-domain/cc0/"
              },
              {
                "id": 16,
                "filename": "image.jpg",
                "description": "",
                "alttext": "",
                "sourcetext": "Friluftsenheten",
                "validForWinter": true,
                "validForSummer": true,
                "sortIndex": 2,
                "type": "image/jpeg",
                "size": 3019831,
                "url": "https://api.sundsvall.se/facilities/2.2/field/filesfield/16",
                "license": "CC0",
                "licenseDescription": "Creative commons. \"No rights reserved\" https://creativecommons.org/share-your-work/public-domain/cc0/"
              }
            ]
          },
          {
            "id": 72,
            "name": "Handikappanpassad",
            "type": "TOGGLE",
            "value": "Nej"
          },
          {
            "id": 288,
            "name": "Felanmälan",
            "type": "Felanmälningstjänst",
            "reportName": "Kontakt Sundsvall",
            "reportDescription": "Felanmälan av motionsspår, elljusspår, leder och andra friluftsanläggningar",
            "reportLink": "https://sundsvall.se/kommun-och-politik/politik-och-demokrati/dialog-och-synpunkter/felanmalan",
            "reportPhone": "060-19 10 00",
            "reportEmail": "kontakt@sundsvall.se"
          }
        ],
        "centerPoint": [
          17.312585042480652,
          62.36705545435019
        ]
      },
      "geometry": {
        "type": "Point",
        "coordinates": [
          17.312585042480652,
          62.36705545435019
        ]
      }
    },
    {
      "id": 105,
      "type": "Feature",
      "properties": {
        "name": "Södra Berget huvudentré",
        "type": "Informationstavla",
        "created": "2018-06-18 08:56:55",
        "updated": "2021-12-14 08:39:49",
        "published": true,
        "owner": {
          "organizationID": 36,
          "name": "Sundsvalls kommun Friluftsenheten"
        },
        "manager": {
          "organizationID": 36,
          "name": "Sundsvalls kommun Friluftsenheten"
        },
        "fields": [
          {
            "id": 73,
            "name": "Status",
            "type": "DROPDOWN",
            "value": "Fin"
          },
          {
            "id": 89,
            "name": "Fundament",
            "type": "DROPDOWN",
            "value": "Betongplintar"
          },
          {
            "id": 88,
            "name": "Typ av infotavla",
            "type": "DROPDOWN",
            "value": "Ribba 1320 bred A0 liggande"
          },
          {
            "id": 70,
            "name": "Byggnadsår",
            "type": "INTEGER",
            "value": 2017
          },
          {
            "id": 74,
            "name": "Statusdatum",
            "type": "DATE",
            "value": "2018-06-18"
          },
          {
            "id": 79,
            "name": "Tillhörande filer",
            "type": "FILES",
            "value": [
              {
                "id": 6,
                "filename": "image.jpg",
                "description": "Informationstavla",
                "alttext": "Informationstavla",
                "sourcetext": "Anders Erlandsson, Friluftsenheten",
                "validForWinter": true,
                "validForSummer": true,
                "sortIndex": 1,
                "type": "image/jpeg",
                "size": 3462508,
                "url": "https://api.sundsvall.se/facilities/2.2/field/filesfield/6",
                "license": "CC0",
                "licenseDescription": "Creative commons. \"No rights reserved\" https://creativecommons.org/share-your-work/public-domain/cc0/"
              }
            ]
          },
          {
            "id": 72,
            "name": "Handikappanpassad",
            "type": "TOGGLE",
            "value": "Nej"
          },
          {
            "id": 288,
            "name": "Felanmälan",
            "type": "Felanmälningstjänst",
            "reportName": "Kontakt Sundsvall",
            "reportDescription": "Felanmälan av motionsspår, elljusspår, leder och andra friluftsanläggningar",
            "reportLink": "https://sundsvall.se/kommun-och-politik/politik-och-demokrati/dialog-och-synpunkter/felanmalan",
            "reportPhone": "060-19 10 00",
            "reportEmail": "kontakt@sundsvall.se"
          }
        ],
        "centerPoint": [
          17.312585042480652,
          62.36705545435019
        ]
      },
      "geometry": {
        "type": "Point",
        "coordinates": [
          17.312585042480652,
          62.36705545435019
        ]
      }
    },
    {
      "id": 118,
      "type": "Feature",
      "properties": {
        "name": "Informationstavla vinter Södra berget Ängen",
        "type": "Informationstavla",
        "created": "2018-06-18 10:17:38",
        "updated": "2026-03-09 13:54:50",
        "published": true,
        "owner": {
          "organizationID": 36,
          "name": "Sundsvalls kommun Friluftsenheten"
        },
        "manager": {
          "organizationID": 36,
          "name": "Sundsvalls kommun Friluftsenheten"
        },
        "fields": [
          {
            "id": 73,
            "name": "Status",
            "type": "DROPDOWN",
            "value": "Fin"
          },
          {
            "id": 89,
            "name": "Fundament",
            "type": "DROPDOWN",
            "value": "Betongplintar"
          },
          {
            "id": 88,
            "name": "Typ av infotavla",
            "type": "DROPDOWN",
            "value": "Ribba 1320 bred A0 liggande"
          },
          {
            "id": 70,
            "name": "Byggnadsår",
            "type": "INTEGER",
            "value": 2017
          },
          {
            "id": 74,
            "name": "Statusdatum",
            "type": "DATE",
            "value": "2018-06-18"
          },
          {
            "id": 79,
            "name": "Tillhörande filer",
            "type": "FILES",
            "value": [
              {
                "id": 2225,
                "filename": "20210929_110212.jpg",
                "description": "Informationstavla över Friluftscentrum Södra bergets närområde",
                "alttext": "Informationstavla över Friluftscentrum Södra bergets närområde",
                "sourcetext": "Anders Erlandsson, Friluftsenheten",
                "validForWinter": false,
                "validForSummer": true,
                "sortIndex": 1,
                "type": "image/jpeg",
                "size": 5140265,
                "url": "https://api.sundsvall.se/facilities/2.2/field/filesfield/2225",
                "license": "CC0",
                "licenseDescription": "Creative commons. \"No rights reserved\" https://creativecommons.org/share-your-work/public-domain/cc0/"
              },
              {
                "id": 2226,
                "filename": "Illsutration sommar.png",
                "description": "Illustrationskarta Sommar",
                "alttext": "Illustrationskarta Sommar",
                "sourcetext": "Friluftsenheten",
                "validForWinter": false,
                "validForSummer": true,
                "sortIndex": 2,
                "type": "image/png",
                "size": 3323576,
                "url": "https://api.sundsvall.se/facilities/2.2/field/filesfield/2226",
                "license": "CC0",
                "licenseDescription": "Creative commons. \"No rights reserved\" https://creativecommons.org/share-your-work/public-domain/cc0/"
              },
              {
                "id": 2227,
                "filename": "Illustration vinter.png",
                "description": "Illustrationskarta Vinter",
                "alttext": "Illustrationskarta Vinter",
                "sourcetext": "Friluftsenheten",
                "validForWinter": true,
                "validForSummer": false,
                "sortIndex": 2,
                "type": "image/png",
                "size": 2970734,
                "url": "https://api.sundsvall.se/facilities/2.2/field/filesfield/2227",
                "license": "CC0",
                "licenseDescription": "Creative commons. \"No rights reserved\" https://creativecommons.org/share-your-work/public-domain/cc0/"
              }
            ]
          },
          {
            "id": 72,
            "name": "Handikappanpassad",
            "type": "TOGGLE",
            "value": "Nej"
          },
          {
            "id": 288,
            "name": "Felanmälan",
            "type": "Felanmälningstjänst",
            "reportName": "Kontakt Sundsvall",
            "reportDescription": "Felanmälan av motionsspår, elljusspår, leder och andra friluftsanläggningar",
            "reportLink": "https://sundsvall.se/kommun-och-politik/politik-och-demokrati/dialog-och-synpunkter/felanmalan",
            "reportPhone": "060-19 10 00",
            "reportEmail": "kontakt@sundsvall.se"
          },
          {
            "id": 247,
            "name": "Belysning",
            "type": "FREETEXT",
            "value": "Ja"
          }
        ],
        "centerPoint": [
          17.308906905588355,
          62.366445185998
        ]
      },
      "geometry": {
        "type": "Point",
        "coordinates": [
          17.308906905588355,
          62.366445185998
        ]
      }
    },
    {
      "id": 145,
      "type": "Feature",
      "properties": {
        "name": "Södra Berget entré Hotellet",
        "type": "Informationstavla",
        "created": "2018-06-18 12:58:36",
        "updated": "2026-03-11 12:51:07",
        "published": true,
        "owner": {
          "organizationID": 36,
          "name": "Sundsvalls kommun Friluftsenheten"
        },
        "manager": {
          "organizationID": 36,
          "name": "Sundsvalls kommun Friluftsenheten"
        },
        "fields": [
          {
            "id": 73,
            "name": "Status",
            "type": "DROPDOWN",
            "value": "Fin"
          },
          {
            "id": 89,
            "name": "Fundament",
            "type": "DROPDOWN",
            "value": "Betongplintar"
          },
          {
            "id": 88,
            "name": "Typ av infotavla",
            "type": "DROPDOWN",
            "value": "Ribba 1320 bred A0 liggande"
          },
          {
            "id": 70,
            "name": "Byggnadsår",
            "type": "INTEGER",
            "value": 2010
          },
          {
            "id": 74,
            "name": "Statusdatum",
            "type": "DATE",
            "value": "2026-03-11"
          },
          {
            "id": 79,
            "name": "Tillhörande filer",
            "type": "FILES",
            "value": [
              {
                "id": 2854,
                "filename": "image.jpg",
                "description": "Informationstavlor med kartor",
                "alttext": "Två informationstavlor i trä med kartor över cykelleder och skidspår.",
                "sourcetext": "Sundsvalls kommun ",
                "validForWinter": true,
                "validForSummer": true,
                "sortIndex": 1,
                "type": "image/jpeg",
                "size": 4479674,
                "url": "https://api.sundsvall.se/facilities/2.2/field/filesfield/2854",
                "license": "CC0",
                "licenseDescription": "Creative commons. \"No rights reserved\" https://creativecommons.org/share-your-work/public-domain/cc0/"
              }
            ]
          },
          {
            "id": 72,
            "name": "Handikappanpassad",
            "type": "TOGGLE",
            "value": "Nej"
          },
          {
            "id": 288,
            "name": "Felanmälan",
            "type": "Felanmälningstjänst",
            "reportName": "Kontakt Sundsvall",
            "reportDescription": "Felanmälan av motionsspår, elljusspår, leder och andra friluftsanläggningar",
            "reportLink": "https://sundsvall.se/kommun-och-politik/politik-och-demokrati/dialog-och-synpunkter/felanmalan",
            "reportPhone": "060-19 10 00",
            "reportEmail": "kontakt@sundsvall.se"
          },
          {
            "id": 77,
            "name": "Beskrivning",
            "type": "FREETEXT",
            "value": "Informationstavlor med kartor över cykelleder och skidspår."
          },
          {
            "id": 297,
            "name": "Externt id",
            "type": "FREETEXT",
            "value": "54"
          }
        ],
        "centerPoint": [
          17.319020661454342,
          62.368608439771435
        ]
      },
      "geometry": {
        "type": "Point",
        "coordinates": [
          17.319020661454342,
          62.368608439771435
        ]
      }
    },
    {
      "id": 146,
      "type": "Feature",
      "properties": {
        "name": "Informationstavla Tarzanstigen",
        "type": "Informationstavla",
        "created": "2018-06-18 13:11:41",
        "updated": "2021-05-28 08:44:34",
        "published": true,
        "owner": {
          "organizationID": 36,
          "name": "Sundsvalls kommun Friluftsenheten"
        },
        "manager": {
          "organizationID": 36,
          "name": "Sundsvalls kommun Friluftsenheten"
        },
        "fields": [
          {
            "id": 73,
            "name": "Status",
            "type": "DROPDOWN",
            "value": "Fin"
          },
          {
            "id": 89,
            "name": "Fundament",
            "type": "DROPDOWN",
            "value": "Betongplintar"
          },
          {
            "id": 88,
            "name": "Typ av infotavla",
            "type": "DROPDOWN",
            "value": "Ribba 1320 bred A0 liggande"
          },
          {
            "id": 70,
            "name": "Byggnadsår",
            "type": "INTEGER",
            "value": 2017
          },
          {
            "id": 74,
            "name": "Statusdatum",
            "type": "DATE",
            "value": "2018-06-18"
          },
          {
            "id": 79,
            "name": "Tillhörande filer",
            "type": "FILES",
            "value": [
              {
                "id": 51,
                "filename": "image.jpg",
                "description": "Informationstavla",
                "alttext": "Informationstavla",
                "sourcetext": "Anders Erlandsson, Friluftsenheten",
                "validForWinter": true,
                "validForSummer": true,
                "sortIndex": 1,
                "type": "image/jpeg",
                "size": 3183996,
                "url": "https://api.sundsvall.se/facilities/2.2/field/filesfield/51",
                "license": "CC0",
                "licenseDescription": "Creative commons. \"No rights reserved\" https://creativecommons.org/share-your-work/public-domain/cc0/"
              }
            ]
          },
          {
            "id": 72,
            "name": "Handikappanpassad",
            "type": "TOGGLE",
            "value": "Nej"
          },
          {
            "id": 288,
            "name": "Felanmälan",
            "type": "Felanmälningstjänst",
            "reportName": "Kontakt Sundsvall",
            "reportDescription": "Felanmälan av motionsspår, elljusspår, leder och andra friluftsanläggningar",
            "reportLink": "https://sundsvall.se/kommun-och-politik/politik-och-demokrati/dialog-och-synpunkter/felanmalan",
            "reportPhone": "060-19 10 00",
            "reportEmail": "kontakt@sundsvall.se"
          }
        ],
        "centerPoint": [
          17.322797928181163,
          62.36814554143593
        ]
      },
      "geometry": {
        "type": "Point",
        "coordinates": [
          17.322797928181163,
          62.36814554143593
        ]
      }
    },
    {
      "id": 225,
      "type": "Feature",
      "properties": {
        "name": "Informationstavla Sprinsgtigar Sidsjön",
        "type": "Informationstavla",
        "created": "2018-06-20 09:01:48",
        "updated": "2021-12-17 16:01:38",
        "published": true,
        "owner": {
          "organizationID": 36,
          "name": "Sundsvalls kommun Friluftsenheten"
        },
        "manager": {
          "organizationID": 36,
          "name": "Sundsvalls kommun Friluftsenheten"
        },
        "fields": [
          {
            "id": 73,
            "name": "Status",
            "type": "DROPDOWN",
            "value": "Fin"
          },
          {
            "id": 89,
            "name": "Fundament",
            "type": "DROPDOWN",
            "value": "Betongplintar"
          },
          {
            "id": 88,
            "name": "Typ av infotavla",
            "type": "DROPDOWN",
            "value": "Rundstolp ryggåstak råsponttavla"
          },
          {
            "id": 70,
            "name": "Byggnadsår",
            "type": "INTEGER",
            "value": 2018
          },
          {
            "id": 71,
            "name": "Renoveringsår",
            "type": "INTEGER",
            "value": 2018
          },
          {
            "id": 74,
            "name": "Statusdatum",
            "type": "DATE",
            "value": "2018-06-20"
          },
          {
            "id": 79,
            "name": "Tillhörande filer",
            "type": "FILES",
            "value": [
              {
                "id": 119,
                "filename": "image.jpg",
                "description": "Informationstavla",
                "alttext": "Informationstavla",
                "sourcetext": "Feriearbetare, Friluftsenheten",
                "validForWinter": true,
                "validForSummer": true,
                "sortIndex": 1,
                "type": "image/jpeg",
                "size": 2982319,
                "url": "https://api.sundsvall.se/facilities/2.2/field/filesfield/119",
                "license": "CC0",
                "licenseDescription": "Creative commons. \"No rights reserved\" https://creativecommons.org/share-your-work/public-domain/cc0/"
              }
            ]
          },
          {
            "id": 72,
            "name": "Handikappanpassad",
            "type": "TOGGLE",
            "value": "Nej"
          },
          {
            "id": 288,
            "name": "Felanmälan",
            "type": "Felanmälningstjänst",
            "reportName": "Kontakt Sundsvall",
            "reportDescription": "Felanmälan av motionsspår, elljusspår, leder och andra friluftsanläggningar",
            "reportLink": "https://sundsvall.se/kommun-och-politik/politik-och-demokrati/dialog-och-synpunkter/felanmalan",
            "reportPhone": "060-19 10 00",
            "reportEmail": "kontakt@sundsvall.se"
          },
          {
            "id": 77,
            "name": "Beskrivning",
            "type": "FREETEXT",
            "value": "Informationstavla om springstigar"
          }
        ],
        "centerPoint": [
          17.273162419974565,
          62.36763517172835
        ]
      },
      "geometry": {
        "type": "Point",
        "coordinates": [
          17.273162419974565,
          62.36763517172835
        ]
      }
    },
    {
      "id": 226,
      "type": "Feature",
      "properties": {
        "name": "Informationstavla Fagerdalsparken",
        "type": "Informationstavla",
        "created": "2018-06-20 09:17:19",
        "updated": "2026-03-08 16:49:28",
        "published": true,
        "owner": {
          "organizationID": 36,
          "name": "Sundsvalls kommun Friluftsenheten"
        },
        "manager": {
          "organizationID": 172,
          "name": "Sundsvalls kommun Parkavdelningen"
        },
        "fields": [
          {
            "id": 73,
            "name": "Status",
            "type": "DROPDOWN",
            "value": "Fin"
          },
          {
            "id": 89,
            "name": "Fundament",
            "type": "DROPDOWN",
            "value": "Betongplintar"
          },
          {
            "id": 88,
            "name": "Typ av infotavla",
            "type": "DROPDOWN",
            "value": "Övrigt"
          },
          {
            "id": 70,
            "name": "Byggnadsår",
            "type": "INTEGER",
            "value": 2013
          },
          {
            "id": 74,
            "name": "Statusdatum",
            "type": "DATE",
            "value": "2023-08-28"
          },
          {
            "id": 79,
            "name": "Tillhörande filer",
            "type": "FILES",
            "value": [
              {
                "id": 2542,
                "filename": "20230828_073551.jpg",
                "description": "Informationsskylt ",
                "alttext": "Informationsskylt ",
                "sourcetext": "Friluftsenheten",
                "validForWinter": true,
                "validForSummer": true,
                "sortIndex": 1,
                "type": "image/jpeg",
                "size": 3664668,
                "url": "https://api.sundsvall.se/facilities/2.2/field/filesfield/2542",
                "license": "CC0",
                "licenseDescription": "Creative commons. \"No rights reserved\" https://creativecommons.org/share-your-work/public-domain/cc0/"
              }
            ]
          },
          {
            "id": 72,
            "name": "Handikappanpassad",
            "type": "TOGGLE",
            "value": "Nej"
          },
          {
            "id": 288,
            "name": "Felanmälan",
            "type": "Felanmälningstjänst",
            "reportName": "Sundsvalls kommun parker och lekparker",
            "reportDescription": "Felanmälan av parker",
            "reportLink": "https://isycase.isy.se/Sundsvall/publicform/create",
            "reportPhone": "060-19 15 65",
            "reportEmail": "servicecenter.kundtjanst@sundsvall.se"
          }
        ],
        "centerPoint": [
          17.283486650392703,
          62.38187535451811
        ]
      },
      "geometry": {
        "type": "Point",
        "coordinates": [
          17.283486650392703,
          62.38187535451811
        ]
      }
    },
    {
      "id": 227,
      "type": "Feature",
      "properties": {
        "name": "Informationstavla Fagerdalsparken Djur i bäcken",
        "type": "Informationstavla",
        "created": "2018-06-20 09:18:49",
        "updated": "2023-08-28 08:18:12",
        "published": true,
        "owner": {
          "organizationID": 36,
          "name": "Sundsvalls kommun Friluftsenheten"
        },
        "manager": {
          "organizationID": 172,
          "name": "Sundsvalls kommun Parkavdelningen"
        },
        "fields": [
          {
            "id": 73,
            "name": "Status",
            "type": "DROPDOWN",
            "value": "Sliten"
          },
          {
            "id": 89,
            "name": "Fundament",
            "type": "DROPDOWN",
            "value": "Betongplintar"
          },
          {
            "id": 88,
            "name": "Typ av infotavla",
            "type": "DROPDOWN",
            "value": "Övrigt"
          },
          {
            "id": 70,
            "name": "Byggnadsår",
            "type": "INTEGER",
            "value": 2013
          },
          {
            "id": 74,
            "name": "Statusdatum",
            "type": "DATE",
            "value": "2023-08-28"
          },
          {
            "id": 79,
            "name": "Tillhörande filer",
            "type": "FILES",
            "value": [
              {
                "id": 121,
                "filename": "image.jpg",
                "description": "Informationstavla",
                "alttext": "Informationstavla",
                "sourcetext": "Feriearbetare, Friluftsenheten",
                "validForWinter": true,
                "validForSummer": true,
                "sortIndex": 1,
                "type": "image/jpeg",
                "size": 3613570,
                "url": "https://api.sundsvall.se/facilities/2.2/field/filesfield/121",
                "license": "CC0",
                "licenseDescription": "Creative commons. \"No rights reserved\" https://creativecommons.org/share-your-work/public-domain/cc0/"
              },
              {
                "id": 2545,
                "filename": "20230828_081211.jpg",
                "description": "Informationstavla Fagerdalsparken Djur I Sidsjöbacken ",
                "alttext": "Informationstavla",
                "sourcetext": "Friluftsenheten",
                "validForWinter": true,
                "validForSummer": true,
                "sortIndex": 2,
                "type": "image/jpeg",
                "size": 4551524,
                "url": "https://api.sundsvall.se/facilities/2.2/field/filesfield/2545",
                "license": "CC0",
                "licenseDescription": "Creative commons. \"No rights reserved\" https://creativecommons.org/share-your-work/public-domain/cc0/"
              }
            ]
          },
          {
            "id": 72,
            "name": "Handikappanpassad",
            "type": "TOGGLE",
            "value": "Nej"
          },
          {
            "id": 288,
            "name": "Felanmälan",
            "type": "Felanmälningstjänst",
            "reportName": "Sundsvalls kommun parker och lekparker",
            "reportDescription": "Felanmälan av parker",
            "reportLink": "https://isycase.isy.se/Sundsvall/publicform/create",
            "reportPhone": "060-19 15 65",
            "reportEmail": "servicecenter.kundtjanst@sundsvall.se"
          },
          {
            "id": 77,
            "name": "Beskrivning",
            "type": "FREETEXT",
            "value": "Djur i Sidsjöbäcken"
          }
        ],
        "centerPoint": [
          17.283492098632134,
          62.382448444529075
        ]
      },
      "geometry": {
        "type": "Point",
        "coordinates": [
          17.283492098632134,
          62.382448444529075
        ]
      }
    },
    {
      "id": 228,
      "type": "Feature",
      "properties": {
        "name": "Informationstavla Springstigar väst",
        "type": "Informationstavla",
        "created": "2018-06-20 09:58:16",
        "updated": "2021-12-17 16:04:43",
        "published": true,
        "owner": {
          "organizationID": 36,
          "name": "Sundsvalls kommun Friluftsenheten"
        },
        "manager": {
          "organizationID": 36,
          "name": "Sundsvalls kommun Friluftsenheten"
        },
        "fields": [
          {
            "id": 73,
            "name": "Status",
            "type": "DROPDOWN",
            "value": "Fin"
          },
          {
            "id": 89,
            "name": "Fundament",
            "type": "DROPDOWN",
            "value": "Betongplintar"
          },
          {
            "id": 88,
            "name": "Typ av infotavla",
            "type": "DROPDOWN",
            "value": "Rundstolp ryggåstak råsponttavla"
          },
          {
            "id": 70,
            "name": "Byggnadsår",
            "type": "INTEGER",
            "value": 2013
          },
          {
            "id": 74,
            "name": "Statusdatum",
            "type": "DATE",
            "value": "2018-06-20"
          },
          {
            "id": 79,
            "name": "Tillhörande filer",
            "type": "FILES",
            "value": [
              {
                "id": 122,
                "filename": "image.jpg",
                "description": "Informationstavla",
                "alttext": "Informationstavla",
                "sourcetext": "Feriearbetare, Friluftsenheten",
                "validForWinter": true,
                "validForSummer": true,
                "sortIndex": 1,
                "type": "image/jpeg",
                "size": 4237362,
                "url": "https://api.sundsvall.se/facilities/2.2/field/filesfield/122",
                "license": "CC0",
                "licenseDescription": "Creative commons. \"No rights reserved\" https://creativecommons.org/share-your-work/public-domain/cc0/"
              }
            ]
          },
          {
            "id": 72,
            "name": "Handikappanpassad",
            "type": "TOGGLE",
            "value": "Nej"
          },
          {
            "id": 288,
            "name": "Felanmälan",
            "type": "Felanmälningstjänst",
            "reportName": "Kontakt Sundsvall",
            "reportDescription": "Felanmälan av motionsspår, elljusspår, leder och andra friluftsanläggningar",
            "reportLink": "https://sundsvall.se/kommun-och-politik/politik-och-demokrati/dialog-och-synpunkter/felanmalan",
            "reportPhone": "060-19 10 00",
            "reportEmail": "kontakt@sundsvall.se"
          },
          {
            "id": 77,
            "name": "Beskrivning",
            "type": "FREETEXT",
            "value": "Informationstavla för springstigar upp mot Klissberget"
          }
        ],
        "centerPoint": [
          17.26128373848653,
          62.37942916308174
        ]
      },
      "geometry": {
        "type": "Point",
        "coordinates": [
          17.26128373848653,
          62.37942916308174
        ]
      }
    },
    {
      "id": 230,
      "type": "Feature",
      "properties": {
        "name": "Granlo",
        "type": "Informationstavla",
        "created": "2018-06-20 10:24:09",
        "updated": "2023-05-09 17:09:10",
        "published": true,
        "owner": {
          "organizationID": 36,
          "name": "Sundsvalls kommun Friluftsenheten"
        },
        "manager": {
          "organizationID": 36,
          "name": "Sundsvalls kommun Friluftsenheten"
        },
        "fields": [
          {
            "id": 73,
            "name": "Status",
            "type": "DROPDOWN",
            "value": "Sliten"
          },
          {
            "id": 89,
            "name": "Fundament",
            "type": "DROPDOWN",
            "value": "Betongplintar"
          },
          {
            "id": 88,
            "name": "Typ av infotavla",
            "type": "DROPDOWN",
            "value": "Ribba 1320 bred A0 liggande"
          },
          {
            "id": 70,
            "name": "Byggnadsår",
            "type": "INTEGER",
            "value": 2010
          },
          {
            "id": 74,
            "name": "Statusdatum",
            "type": "DATE",
            "value": "2018-06-20"
          },
          {
            "id": 79,
            "name": "Tillhörande filer",
            "type": "FILES",
            "value": [
              {
                "id": 123,
                "filename": "image.jpg",
                "description": "",
                "alttext": "",
                "sourcetext": "Friluftsenheten",
                "validForWinter": false,
                "validForSummer": false,
                "sortIndex": null,
                "type": "image/jpeg",
                "size": 4250451,
                "url": "https://api.sundsvall.se/facilities/2.2/field/filesfield/123",
                "license": "CC0",
                "licenseDescription": "Creative commons. \"No rights reserved\" https://creativecommons.org/share-your-work/public-domain/cc0/"
              }
            ]
          },
          {
            "id": 72,
            "name": "Handikappanpassad",
            "type": "TOGGLE",
            "value": "Nej"
          },
          {
            "id": 288,
            "name": "Felanmälan",
            "type": "Felanmälningstjänst",
            "reportName": "Kontakt Sundsvall",
            "reportDescription": "Felanmälan av motionsspår, elljusspår, leder och andra friluftsanläggningar",
            "reportLink": "https://sundsvall.se/kommun-och-politik/politik-och-demokrati/dialog-och-synpunkter/felanmalan",
            "reportPhone": "060-19 10 00",
            "reportEmail": "kontakt@sundsvall.se"
          },
          {
            "id": 77,
            "name": "Beskrivning",
            "type": "FREETEXT",
            "value": "Är inte ens en info tavla och den används inte"
          }
        ],
        "centerPoint": [
          17.247229358844262,
          62.407279902459635
        ]
      },
      "geometry": {
        "type": "Point",
        "coordinates": [
          17.247229358844262,
          62.407279902459635
        ]
      }
    },
    {
      "id": 232,
      "type": "Feature",
      "properties": {
        "name": "Spårkarta Norra spårområdet Hulistugan",
        "type": "Informationstavla",
        "created": "2018-06-20 10:47:22",
        "updated": "2023-08-18 07:51:44",
        "published": true,
        "owner": {
          "organizationID": 36,
          "name": "Sundsvalls kommun Friluftsenheten"
        },
        "manager": {
          "organizationID": 36,
          "name": "Sundsvalls kommun Friluftsenheten"
        },
        "fields": [
          {
            "id": 73,
            "name": "Status",
            "type": "DROPDOWN",
            "value": "Fin"
          },
          {
            "id": 89,
            "name": "Fundament",
            "type": "DROPDOWN",
            "value": "Betongplintar"
          },
          {
            "id": 88,
            "name": "Typ av infotavla",
            "type": "DROPDOWN",
            "value": "Ribba 1320 bred A0 liggande"
          },
          {
            "id": 70,
            "name": "Byggnadsår",
            "type": "INTEGER",
            "value": 2020
          },
          {
            "id": 79,
            "name": "Tillhörande filer",
            "type": "FILES",
            "value": [
              {
                "id": 2348,
                "filename": "20210701_124538.jpg",
                "description": "Spårtavla",
                "alttext": "Spårtavla",
                "sourcetext": "Friluftsenheten",
                "validForWinter": true,
                "validForSummer": true,
                "sortIndex": 1,
                "type": "image/jpeg",
                "size": 7383259,
                "url": "https://api.sundsvall.se/facilities/2.2/field/filesfield/2348",
                "license": "CC0",
                "licenseDescription": "Creative commons. \"No rights reserved\" https://creativecommons.org/share-your-work/public-domain/cc0/"
              }
            ]
          },
          {
            "id": 72,
            "name": "Handikappanpassad",
            "type": "TOGGLE",
            "value": "Nej"
          },
          {
            "id": 288,
            "name": "Felanmälan",
            "type": "Felanmälningstjänst",
            "reportName": "Kontakt Sundsvall",
            "reportDescription": "Felanmälan av motionsspår, elljusspår, leder och andra friluftsanläggningar",
            "reportLink": "https://sundsvall.se/kommun-och-politik/politik-och-demokrati/dialog-och-synpunkter/felanmalan",
            "reportPhone": "060-19 10 00",
            "reportEmail": "kontakt@sundsvall.se"
          },
          {
            "id": 247,
            "name": "Belysning",
            "type": "FREETEXT",
            "value": "Nej"
          },
          {
            "id": 297,
            "name": "Externt id",
            "type": "FREETEXT",
            "value": "213"
          }
        ],
        "centerPoint": [
          17.26103053653628,
          62.4191891769521
        ]
      },
      "geometry": {
        "type": "Point",
        "coordinates": [
          17.26103053653628,
          62.4191891769521
        ]
      }
    },
    {
      "id": 234,
      "type": "Feature",
      "properties": {
        "name": "Informationstavla springstigar Norr",
        "type": "Informationstavla",
        "created": "2018-06-20 11:23:20",
        "updated": "2021-12-17 16:05:14",
        "published": true,
        "owner": {
          "organizationID": 36,
          "name": "Sundsvalls kommun Friluftsenheten"
        },
        "manager": {
          "organizationID": 36,
          "name": "Sundsvalls kommun Friluftsenheten"
        },
        "fields": [
          {
            "id": 73,
            "name": "Status",
            "type": "DROPDOWN",
            "value": "Fin"
          },
          {
            "id": 89,
            "name": "Fundament",
            "type": "DROPDOWN",
            "value": "Betongplintar"
          },
          {
            "id": 88,
            "name": "Typ av infotavla",
            "type": "DROPDOWN",
            "value": "Rundstolp ryggåstak råsponttavla"
          },
          {
            "id": 70,
            "name": "Byggnadsår",
            "type": "INTEGER",
            "value": 2014
          },
          {
            "id": 74,
            "name": "Statusdatum",
            "type": "DATE",
            "value": "2018-06-20"
          },
          {
            "id": 79,
            "name": "Tillhörande filer",
            "type": "FILES",
            "value": [
              {
                "id": 125,
                "filename": "image.jpg",
                "description": "Informationstavla",
                "alttext": "Informationstavla",
                "sourcetext": "Feriearbetare, Friluftsenheten",
                "validForWinter": true,
                "validForSummer": true,
                "sortIndex": 1,
                "type": "image/jpeg",
                "size": 2809491,
                "url": "https://api.sundsvall.se/facilities/2.2/field/filesfield/125",
                "license": "CC0",
                "licenseDescription": "Creative commons. \"No rights reserved\" https://creativecommons.org/share-your-work/public-domain/cc0/"
              }
            ]
          },
          {
            "id": 72,
            "name": "Handikappanpassad",
            "type": "TOGGLE",
            "value": "Nej"
          },
          {
            "id": 288,
            "name": "Felanmälan",
            "type": "Felanmälningstjänst",
            "reportName": "Kontakt Sundsvall",
            "reportDescription": "Felanmälan av motionsspår, elljusspår, leder och andra friluftsanläggningar",
            "reportLink": "https://sundsvall.se/kommun-och-politik/politik-och-demokrati/dialog-och-synpunkter/felanmalan",
            "reportPhone": "060-19 10 00",
            "reportEmail": "kontakt@sundsvall.se"
          },
          {
            "id": 77,
            "name": "Beskrivning",
            "type": "FREETEXT",
            "value": "Informationstavla för springstigar norr vid Skogsduvevägen"
          }
        ],
        "centerPoint": [
          17.317901978863983,
          62.415715110433055
        ]
      },
      "geometry": {
        "type": "Point",
        "coordinates": [
          17.317901978863983,
          62.415715110433055
        ]
      }
    },
    {
      "id": 296,
      "type": "Feature",
      "properties": {
        "name": "Informationstavla Hornsjön",
        "type": "Informationstavla",
        "created": "2018-06-26 13:59:47",
        "updated": "2021-12-17 16:37:02",
        "published": true,
        "owner": {
          "organizationID": 36,
          "name": "Sundsvalls kommun Friluftsenheten"
        },
        "manager": {
          "organizationID": 36,
          "name": "Sundsvalls kommun Friluftsenheten"
        },
        "fields": [
          {
            "id": 73,
            "name": "Status",
            "type": "DROPDOWN",
            "value": "Trasig"
          },
          {
            "id": 89,
            "name": "Fundament",
            "type": "DROPDOWN",
            "value": "Betongplintar"
          },
          {
            "id": 88,
            "name": "Typ av infotavla",
            "type": "DROPDOWN",
            "value": "Övrigt"
          },
          {
            "id": 70,
            "name": "Byggnadsår",
            "type": "INTEGER",
            "value": 2010
          },
          {
            "id": 74,
            "name": "Statusdatum",
            "type": "DATE",
            "value": "2018-06-26"
          },
          {
            "id": 79,
            "name": "Tillhörande filer",
            "type": "FILES",
            "value": [
              {
                "id": 179,
                "filename": "IMG_1820.JPG",
                "description": "Informationstavla",
                "alttext": "Informationstavla",
                "sourcetext": "Sundsvalls kommun",
                "validForWinter": true,
                "validForSummer": true,
                "sortIndex": 1,
                "type": "image/jpeg",
                "size": 2564293,
                "url": "https://api.sundsvall.se/facilities/2.2/field/filesfield/179",
                "license": "CC0",
                "licenseDescription": "Creative commons. \"No rights reserved\" https://creativecommons.org/share-your-work/public-domain/cc0/"
              }
            ]
          },
          {
            "id": 72,
            "name": "Handikappanpassad",
            "type": "TOGGLE",
            "value": "Nej"
          },
          {
            "id": 288,
            "name": "Felanmälan",
            "type": "Felanmälningstjänst",
            "reportName": "Kontakt Sundsvall",
            "reportDescription": "Felanmälan av motionsspår, elljusspår, leder och andra friluftsanläggningar",
            "reportLink": "https://sundsvall.se/kommun-och-politik/politik-och-demokrati/dialog-och-synpunkter/felanmalan",
            "reportPhone": "060-19 10 00",
            "reportEmail": "kontakt@sundsvall.se"
          }
        ],
        "centerPoint": [
          17.211453650143028,
          62.17469028222419
        ]
      },
      "geometry": {
        "type": "Point",
        "coordinates": [
          17.211453650143028,
          62.17469028222419
        ]
      }
    },
    {
      "id": 329,
      "type": "Feature",
      "properties": {
        "name": "Bänkåsviken informationstavla",
        "type": "Informationstavla",
        "created": "2018-06-26 15:07:25",
        "updated": "2023-07-03 10:54:39",
        "published": true,
        "owner": {
          "organizationID": 36,
          "name": "Sundsvalls kommun Friluftsenheten"
        },
        "manager": {
          "organizationID": 36,
          "name": "Sundsvalls kommun Friluftsenheten"
        },
        "fields": [
          {
            "id": 73,
            "name": "Status",
            "type": "DROPDOWN",
            "value": "Sliten"
          },
          {
            "id": 89,
            "name": "Fundament",
            "type": "DROPDOWN",
            "value": "Trä i jord"
          },
          {
            "id": 88,
            "name": "Typ av infotavla",
            "type": "DROPDOWN",
            "value": "Fyrkantstolp röd badinfo"
          },
          {
            "id": 70,
            "name": "Byggnadsår",
            "type": "INTEGER",
            "value": 2013
          },
          {
            "id": 74,
            "name": "Statusdatum",
            "type": "DATE",
            "value": "2018-06-26"
          },
          {
            "id": 79,
            "name": "Tillhörande filer",
            "type": "FILES",
            "value": [
              {
                "id": 212,
                "filename": "88FEB492-D14C-4665-B62E-F2F3AF9621CD.jpeg",
                "description": "",
                "alttext": "",
                "sourcetext": "Friluftsenheten",
                "validForWinter": false,
                "validForSummer": true,
                "sortIndex": 1,
                "type": "image/jpeg",
                "size": 2619080,
                "url": "https://api.sundsvall.se/facilities/2.2/field/filesfield/212",
                "license": "CC0",
                "licenseDescription": "Creative commons. \"No rights reserved\" https://creativecommons.org/share-your-work/public-domain/cc0/"
              }
            ]
          },
          {
            "id": 72,
            "name": "Handikappanpassad",
            "type": "TOGGLE",
            "value": "Nej"
          },
          {
            "id": 288,
            "name": "Felanmälan",
            "type": "Felanmälningstjänst",
            "reportName": "Kontakt Sundsvall",
            "reportDescription": "Felanmälan av motionsspår, elljusspår, leder och andra friluftsanläggningar",
            "reportLink": "https://sundsvall.se/kommun-och-politik/politik-och-demokrati/dialog-och-synpunkter/felanmalan",
            "reportPhone": "060-19 10 00",
            "reportEmail": "kontakt@sundsvall.se"
          }
        ],
        "centerPoint": [
          17.452971747505,
          62.366671592650775
        ]
      },
      "geometry": {
        "type": "Point",
        "coordinates": [
          17.452971747505,
          62.366671592650775
        ]
      }
    },
    {
      "id": 330,
      "type": "Feature",
      "properties": {
        "name": "Informationstavla Dyket",
        "type": "Informationstavla",
        "created": "2018-06-26 15:08:46",
        "updated": "2026-06-22 08:30:57",
        "published": true,
        "parentObjects": [
          1380
        ],
        "owner": {
          "organizationID": 27,
          "name": "dykets intresseförening"
        },
        "manager": {
          "organizationID": 27,
          "name": "dykets intresseförening"
        },
        "fields": [
          {
            "id": 73,
            "name": "Status",
            "type": "DROPDOWN",
            "value": "Fin"
          },
          {
            "id": 89,
            "name": "Fundament",
            "type": "DROPDOWN",
            "value": "Trä i jord"
          },
          {
            "id": 88,
            "name": "Typ av infotavla",
            "type": "DROPDOWN",
            "value": "Ribba 1320 bred A0 liggande"
          },
          {
            "id": 70,
            "name": "Byggnadsår",
            "type": "INTEGER",
            "value": 2014
          },
          {
            "id": 74,
            "name": "Statusdatum",
            "type": "DATE",
            "value": "2018-06-26"
          },
          {
            "id": 79,
            "name": "Tillhörande filer",
            "type": "FILES",
            "value": [
              {
                "id": 213,
                "filename": "IMG_1799.JPG",
                "description": "Informationstavla",
                "alttext": "Informationstavla",
                "sourcetext": "Sundsvalls kommun",
                "validForWinter": true,
                "validForSummer": true,
                "sortIndex": 1,
                "type": "image/jpeg",
                "size": 2615653,
                "url": "https://api.sundsvall.se/facilities/2.2/field/filesfield/213",
                "license": "CC0",
                "licenseDescription": "Creative commons. \"No rights reserved\" https://creativecommons.org/share-your-work/public-domain/cc0/"
              }
            ]
          },
          {
            "id": 72,
            "name": "Handikappanpassad",
            "type": "TOGGLE",
            "value": "Nej"
          }
        ],
        "centerPoint": [
          17.39314692861704,
          62.29706370319777
        ]
      },
      "geometry": {
        "type": "Point",
        "coordinates": [
          17.39314692861704,
          62.29706370319777
        ]
      }
    },
    {
      "id": 370,
      "type": "Feature",
      "properties": {
        "name": "Norra Berget informationstavla huvudentré",
        "type": "Informationstavla",
        "created": "2018-06-27 09:02:38",
        "updated": "2026-01-13 13:57:50",
        "published": true,
        "owner": {
          "organizationID": 175,
          "name": "Sundsvalls kommun Sundsvalls museum"
        },
        "manager": {
          "organizationID": 175,
          "name": "Sundsvalls kommun Sundsvalls museum"
        },
        "fields": [
          {
            "id": 73,
            "name": "Status",
            "type": "DROPDOWN",
            "value": "Fin"
          },
          {
            "id": 89,
            "name": "Fundament",
            "type": "DROPDOWN",
            "value": "Betongplintar"
          },
          {
            "id": 88,
            "name": "Typ av infotavla",
            "type": "DROPDOWN",
            "value": "Övrigt"
          },
          {
            "id": 70,
            "name": "Byggnadsår",
            "type": "INTEGER",
            "value": 2015
          },
          {
            "id": 74,
            "name": "Statusdatum",
            "type": "DATE",
            "value": "2018-06-27"
          },
          {
            "id": 79,
            "name": "Tillhörande filer",
            "type": "FILES",
            "value": [
              {
                "id": 261,
                "filename": "image.jpg",
                "description": "Informationstavla om friluftsmuséet",
                "alttext": "Informationstavla om friluftsmuséet",
                "sourcetext": "Sundsvalls kommun",
                "validForWinter": false,
                "validForSummer": true,
                "sortIndex": 1,
                "type": "image/jpeg",
                "size": 3304675,
                "url": "https://api.sundsvall.se/facilities/2.2/field/filesfield/261",
                "license": "CC0",
                "licenseDescription": "Creative commons. \"No rights reserved\" https://creativecommons.org/share-your-work/public-domain/cc0/"
              }
            ]
          },
          {
            "id": 72,
            "name": "Handikappanpassad",
            "type": "TOGGLE",
            "value": "Nej"
          },
          {
            "id": 288,
            "name": "Felanmälan",
            "type": "Felanmälningstjänst",
            "reportName": "Kontakt Sundsvall",
            "reportDescription": "Felanmälan av motionsspår, elljusspår, leder och andra friluftsanläggningar",
            "reportLink": "https://sundsvall.se/kommun-och-politik/politik-och-demokrati/dialog-och-synpunkter/felanmalan",
            "reportPhone": "060-19 10 00",
            "reportEmail": "kontakt@sundsvall.se"
          }
        ],
        "centerPoint": [
          17.301967085856592,
          62.399551772204674
        ]
      },
      "geometry": {
        "type": "Point",
        "coordinates": [
          17.301967085856592,
          62.399551772204674
        ]
      }
    },
    {
      "id": 371,
      "type": "Feature",
      "properties": {
        "name": "Norra Berget informationstavla Vännagården",
        "type": "Informationstavla",
        "created": "2018-06-27 09:19:43",
        "updated": "2020-03-25 10:17:32",
        "published": false
      },
      "geometry": null
    },
    {
      "id": 372,
      "type": "Feature",
      "properties": {
        "name": "Norra Berget entré Grankotten",
        "type": "Informationstavla",
        "created": "2018-06-27 09:25:44",
        "updated": "2026-01-13 13:53:55",
        "published": true,
        "owner": {
          "organizationID": 175,
          "name": "Sundsvalls kommun Sundsvalls museum"
        },
        "manager": {
          "organizationID": 175,
          "name": "Sundsvalls kommun Sundsvalls museum"
        },
        "fields": [
          {
            "id": 73,
            "name": "Status",
            "type": "DROPDOWN",
            "value": "Fin"
          },
          {
            "id": 89,
            "name": "Fundament",
            "type": "DROPDOWN",
            "value": "Betongplintar"
          },
          {
            "id": 88,
            "name": "Typ av infotavla",
            "type": "DROPDOWN",
            "value": "Ribba 1320 bred A0 liggande"
          },
          {
            "id": 70,
            "name": "Byggnadsår",
            "type": "INTEGER",
            "value": 2015
          },
          {
            "id": 74,
            "name": "Statusdatum",
            "type": "DATE",
            "value": "2018-06-27"
          },
          {
            "id": 79,
            "name": "Tillhörande filer",
            "type": "FILES",
            "value": [
              {
                "id": 263,
                "filename": "image.jpg",
                "description": "Informatiuonstavla",
                "alttext": "Informatiuonstavla",
                "sourcetext": "Sundsvalls kommun",
                "validForWinter": false,
                "validForSummer": true,
                "sortIndex": 1,
                "type": "image/jpeg",
                "size": 3496963,
                "url": "https://api.sundsvall.se/facilities/2.2/field/filesfield/263",
                "license": "CC0",
                "licenseDescription": "Creative commons. \"No rights reserved\" https://creativecommons.org/share-your-work/public-domain/cc0/"
              },
              {
                "id": 1364,
                "filename": "Långskylt Webb.pdf",
                "description": "Naturreservatsskylt",
                "alttext": "Naturreservatsskylt",
                "sourcetext": "Sundsvalls kommun",
                "validForWinter": false,
                "validForSummer": true,
                "sortIndex": 2,
                "type": "application/pdf",
                "size": 1554044,
                "url": "https://api.sundsvall.se/facilities/2.2/field/filesfield/1364",
                "license": "CC0",
                "licenseDescription": "Creative commons. \"No rights reserved\" https://creativecommons.org/share-your-work/public-domain/cc0/"
              }
            ]
          },
          {
            "id": 72,
            "name": "Handikappanpassad",
            "type": "TOGGLE",
            "value": "Nej"
          },
          {
            "id": 288,
            "name": "Felanmälan",
            "type": "Felanmälningstjänst",
            "reportName": "Kontakt Sundsvall",
            "reportDescription": "Felanmälan av motionsspår, elljusspår, leder och andra friluftsanläggningar",
            "reportLink": "https://sundsvall.se/kommun-och-politik/politik-och-demokrati/dialog-och-synpunkter/felanmalan",
            "reportPhone": "060-19 10 00",
            "reportEmail": "kontakt@sundsvall.se"
          }
        ],
        "centerPoint": [
          17.29373681377397,
          62.39886259116309
        ]
      },
      "geometry": {
        "type": "Point",
        "coordinates": [
          17.29373681377397,
          62.39886259116309
        ]
      }
    },
    {
      "id": 375,
      "type": "Feature",
      "properties": {
        "name": "Norra Berget Hällmarkstallskog",
        "type": "Informationstavla",
        "created": "2018-06-27 10:02:37",
        "updated": "2026-01-13 13:50:43",
        "published": true,
        "owner": {
          "organizationID": 175,
          "name": "Sundsvalls kommun Sundsvalls museum"
        },
        "manager": {
          "organizationID": 175,
          "name": "Sundsvalls kommun Sundsvalls museum"
        },
        "fields": [
          {
            "id": 73,
            "name": "Status",
            "type": "DROPDOWN",
            "value": "Fin"
          },
          {
            "id": 89,
            "name": "Fundament",
            "type": "DROPDOWN",
            "value": "Betongplintar"
          },
          {
            "id": 88,
            "name": "Typ av infotavla",
            "type": "DROPDOWN",
            "value": "Ribba 1320 bred A0 liggande"
          },
          {
            "id": 70,
            "name": "Byggnadsår",
            "type": "INTEGER",
            "value": 2017
          },
          {
            "id": 74,
            "name": "Statusdatum",
            "type": "DATE",
            "value": "2018-06-27"
          },
          {
            "id": 79,
            "name": "Tillhörande filer",
            "type": "FILES",
            "value": [
              {
                "id": 1339,
                "filename": "N_Tallskog.pdf",
                "description": "Skylt om hällmarkstallskog",
                "alttext": "Skylt om hällmarkstallskog",
                "sourcetext": "Sundsvalls kommun",
                "validForWinter": false,
                "validForSummer": true,
                "sortIndex": 1,
                "type": "application/pdf",
                "size": 1655575,
                "url": "https://api.sundsvall.se/facilities/2.2/field/filesfield/1339",
                "license": "CC0",
                "licenseDescription": "Creative commons. \"No rights reserved\" https://creativecommons.org/share-your-work/public-domain/cc0/"
              }
            ]
          },
          {
            "id": 72,
            "name": "Handikappanpassad",
            "type": "TOGGLE",
            "value": "Nej"
          },
          {
            "id": 288,
            "name": "Felanmälan",
            "type": "Felanmälningstjänst",
            "reportName": "Kontakt Sundsvall",
            "reportDescription": "Felanmälan av motionsspår, elljusspår, leder och andra friluftsanläggningar",
            "reportLink": "https://sundsvall.se/kommun-och-politik/politik-och-demokrati/dialog-och-synpunkter/felanmalan",
            "reportPhone": "060-19 10 00",
            "reportEmail": "kontakt@sundsvall.se"
          }
        ],
        "centerPoint": [
          17.291192973671727,
          62.39922622315007
        ]
      },
      "geometry": {
        "type": "Point",
        "coordinates": [
          17.291192973671727,
          62.39922622315007
        ]
      }
    },
    {
      "id": 376,
      "type": "Feature",
      "properties": {
        "name": "Norra Berget Stenmur",
        "type": "Informationstavla",
        "created": "2018-06-27 10:09:16",
        "updated": "2026-01-13 13:48:43",
        "published": true,
        "owner": {
          "organizationID": 175,
          "name": "Sundsvalls kommun Sundsvalls museum"
        },
        "manager": {
          "organizationID": 175,
          "name": "Sundsvalls kommun Sundsvalls museum"
        },
        "fields": [
          {
            "id": 73,
            "name": "Status",
            "type": "DROPDOWN",
            "value": "Fin"
          },
          {
            "id": 89,
            "name": "Fundament",
            "type": "DROPDOWN",
            "value": "Betongplintar"
          },
          {
            "id": 88,
            "name": "Typ av infotavla",
            "type": "DROPDOWN",
            "value": "Ribba 420 bred A2 stående"
          },
          {
            "id": 70,
            "name": "Byggnadsår",
            "type": "INTEGER",
            "value": 2017
          },
          {
            "id": 74,
            "name": "Statusdatum",
            "type": "DATE",
            "value": "2018-06-27"
          },
          {
            "id": 79,
            "name": "Tillhörande filer",
            "type": "FILES",
            "value": [
              {
                "id": 265,
                "filename": "image.jpg",
                "description": "Informationstavla",
                "alttext": "Informationstavla",
                "sourcetext": "Sundsvalls kommun",
                "validForWinter": false,
                "validForSummer": true,
                "sortIndex": 1,
                "type": "image/jpeg",
                "size": 3394974,
                "url": "https://api.sundsvall.se/facilities/2.2/field/filesfield/265",
                "license": "CC0",
                "licenseDescription": "Creative commons. \"No rights reserved\" https://creativecommons.org/share-your-work/public-domain/cc0/"
              },
              {
                "id": 1338,
                "filename": "K_Stengårdesgärd och pistolskyttebana_180328_KORR3.pdf",
                "description": "Skylt om stendgärdesgård och pistolskyttebana",
                "alttext": "Skylt om stendgärdesgård och pistolskyttebana",
                "sourcetext": "Sundsvalls kommun",
                "validForWinter": false,
                "validForSummer": true,
                "sortIndex": 2,
                "type": "application/pdf",
                "size": 283991,
                "url": "https://api.sundsvall.se/facilities/2.2/field/filesfield/1338",
                "license": "CC0",
                "licenseDescription": "Creative commons. \"No rights reserved\" https://creativecommons.org/share-your-work/public-domain/cc0/"
              }
            ]
          },
          {
            "id": 72,
            "name": "Handikappanpassad",
            "type": "TOGGLE",
            "value": "Nej"
          },
          {
            "id": 288,
            "name": "Felanmälan",
            "type": "Felanmälningstjänst",
            "reportName": "Kontakt Sundsvall",
            "reportDescription": "Felanmälan av motionsspår, elljusspår, leder och andra friluftsanläggningar",
            "reportLink": "https://sundsvall.se/kommun-och-politik/politik-och-demokrati/dialog-och-synpunkter/felanmalan",
            "reportPhone": "060-19 10 00",
            "reportEmail": "kontakt@sundsvall.se"
          }
        ],
        "centerPoint": [
          17.2881214203958,
          62.399934246363394
        ]
      },
      "geometry": {
        "type": "Point",
        "coordinates": [
          17.2881214203958,
          62.399934246363394
        ]
      }
    },
    {
      "id": 377,
      "type": "Feature",
      "properties": {
        "name": "Norra Berget Granskog",
        "type": "Informationstavla",
        "created": "2018-06-27 10:16:19",
        "updated": "2026-01-13 13:46:30",
        "published": true,
        "owner": {
          "organizationID": 175,
          "name": "Sundsvalls kommun Sundsvalls museum"
        },
        "manager": {
          "organizationID": 175,
          "name": "Sundsvalls kommun Sundsvalls museum"
        },
        "fields": [
          {
            "id": 73,
            "name": "Status",
            "type": "DROPDOWN",
            "value": "Fin"
          },
          {
            "id": 89,
            "name": "Fundament",
            "type": "DROPDOWN",
            "value": "Betongplintar"
          },
          {
            "id": 88,
            "name": "Typ av infotavla",
            "type": "DROPDOWN",
            "value": "Ribba 420 bred A2 stående"
          },
          {
            "id": 70,
            "name": "Byggnadsår",
            "type": "INTEGER",
            "value": 2017
          },
          {
            "id": 74,
            "name": "Statusdatum",
            "type": "DATE",
            "value": "2018-06-27"
          },
          {
            "id": 79,
            "name": "Tillhörande filer",
            "type": "FILES",
            "value": [
              {
                "id": 266,
                "filename": "image.jpg",
                "description": "Informationstavla",
                "alttext": "Informationstavla",
                "sourcetext": "Sundsvalls kommun",
                "validForWinter": false,
                "validForSummer": true,
                "sortIndex": 1,
                "type": "image/jpeg",
                "size": 3039420,
                "url": "https://api.sundsvall.se/facilities/2.2/field/filesfield/266",
                "license": "CC0",
                "licenseDescription": "Creative commons. \"No rights reserved\" https://creativecommons.org/share-your-work/public-domain/cc0/"
              },
              {
                "id": 1335,
                "filename": "N_Granskog.pdf",
                "description": "Skylt om granskog",
                "alttext": "Skylt om granskog",
                "sourcetext": "Sundsvalls kommun",
                "validForWinter": false,
                "validForSummer": true,
                "sortIndex": 2,
                "type": "application/pdf",
                "size": 304281,
                "url": "https://api.sundsvall.se/facilities/2.2/field/filesfield/1335",
                "license": "CC0",
                "licenseDescription": "Creative commons. \"No rights reserved\" https://creativecommons.org/share-your-work/public-domain/cc0/"
              }
            ]
          },
          {
            "id": 72,
            "name": "Handikappanpassad",
            "type": "TOGGLE",
            "value": "Nej"
          },
          {
            "id": 288,
            "name": "Felanmälan",
            "type": "Felanmälningstjänst",
            "reportName": "Kontakt Sundsvall",
            "reportDescription": "Felanmälan av motionsspår, elljusspår, leder och andra friluftsanläggningar",
            "reportLink": "https://sundsvall.se/kommun-och-politik/politik-och-demokrati/dialog-och-synpunkter/felanmalan",
            "reportPhone": "060-19 10 00",
            "reportEmail": "kontakt@sundsvall.se"
          }
        ],
        "centerPoint": [
          17.28311923138192,
          62.40111029579527
        ]
      },
      "geometry": {
        "type": "Point",
        "coordinates": [
          17.28311923138192,
          62.40111029579527
        ]
      }
    },
    {
      "id": 378,
      "type": "Feature",
      "properties": {
        "name": "Norra Berget Skärpning",
        "type": "Informationstavla",
        "created": "2018-06-27 10:16:25",
        "updated": "2026-01-13 13:47:30",
        "published": true,
        "owner": {
          "organizationID": 175,
          "name": "Sundsvalls kommun Sundsvalls museum"
        },
        "manager": {
          "organizationID": 175,
          "name": "Sundsvalls kommun Sundsvalls museum"
        },
        "fields": [
          {
            "id": 73,
            "name": "Status",
            "type": "DROPDOWN",
            "value": "Fin"
          },
          {
            "id": 89,
            "name": "Fundament",
            "type": "DROPDOWN",
            "value": "Betongplintar"
          },
          {
            "id": 88,
            "name": "Typ av infotavla",
            "type": "DROPDOWN",
            "value": "Ribba 420 bred A2 stående"
          },
          {
            "id": 70,
            "name": "Byggnadsår",
            "type": "INTEGER",
            "value": 2017
          },
          {
            "id": 74,
            "name": "Statusdatum",
            "type": "DATE",
            "value": "2018-06-27"
          },
          {
            "id": 79,
            "name": "Tillhörande filer",
            "type": "FILES",
            "value": [
              {
                "id": 267,
                "filename": "image.jpg",
                "description": "Informationstavla",
                "alttext": "Informationstavla",
                "sourcetext": "Sundsvalls kommun",
                "validForWinter": false,
                "validForSummer": true,
                "sortIndex": 1,
                "type": "image/jpeg",
                "size": 5237190,
                "url": "https://api.sundsvall.se/facilities/2.2/field/filesfield/267",
                "license": "CC0",
                "licenseDescription": "Creative commons. \"No rights reserved\" https://creativecommons.org/share-your-work/public-domain/cc0/"
              },
              {
                "id": 1334,
                "filename": "K_Skärpning.pdf",
                "description": "Skylt om skärpning i berget",
                "alttext": "Skylt om skärpning i berget",
                "sourcetext": "Sundsvalls kommun",
                "validForWinter": false,
                "validForSummer": true,
                "sortIndex": 2,
                "type": "application/pdf",
                "size": 278012,
                "url": "https://api.sundsvall.se/facilities/2.2/field/filesfield/1334",
                "license": "CC0",
                "licenseDescription": "Creative commons. \"No rights reserved\" https://creativecommons.org/share-your-work/public-domain/cc0/"
              }
            ]
          },
          {
            "id": 72,
            "name": "Handikappanpassad",
            "type": "TOGGLE",
            "value": "Nej"
          },
          {
            "id": 288,
            "name": "Felanmälan",
            "type": "Felanmälningstjänst",
            "reportName": "Kontakt Sundsvall",
            "reportDescription": "Felanmälan av motionsspår, elljusspår, leder och andra friluftsanläggningar",
            "reportLink": "https://sundsvall.se/kommun-och-politik/politik-och-demokrati/dialog-och-synpunkter/felanmalan",
            "reportPhone": "060-19 10 00",
            "reportEmail": "kontakt@sundsvall.se"
          }
        ],
        "centerPoint": [
          17.28254745047843,
          62.40078273325648
        ]
      },
      "geometry": {
        "type": "Point",
        "coordinates": [
          17.28254745047843,
          62.40078273325648
        ]
      }
    },
    {
      "id": 379,
      "type": "Feature",
      "properties": {
        "name": "Norra Berget informationstavla Bureplatsen",
        "type": "Informationstavla",
        "created": "2018-06-27 10:43:21",
        "updated": "2026-01-13 13:45:38",
        "published": true,
        "owner": {
          "organizationID": 175,
          "name": "Sundsvalls kommun Sundsvalls museum"
        },
        "manager": {
          "organizationID": 175,
          "name": "Sundsvalls kommun Sundsvalls museum"
        },
        "fields": [
          {
            "id": 73,
            "name": "Status",
            "type": "DROPDOWN",
            "value": "Fin"
          },
          {
            "id": 89,
            "name": "Fundament",
            "type": "DROPDOWN",
            "value": "Betongplintar"
          },
          {
            "id": 88,
            "name": "Typ av infotavla",
            "type": "DROPDOWN",
            "value": "Ribba 1320 bred A0 liggande"
          },
          {
            "id": 70,
            "name": "Byggnadsår",
            "type": "INTEGER",
            "value": 2017
          },
          {
            "id": 74,
            "name": "Statusdatum",
            "type": "DATE",
            "value": "2018-06-27"
          },
          {
            "id": 79,
            "name": "Tillhörande filer",
            "type": "FILES",
            "value": [
              {
                "id": 268,
                "filename": "image.jpg",
                "description": "Informationstavla",
                "alttext": "Informationstavla",
                "sourcetext": "Sundsvalls kommun",
                "validForWinter": false,
                "validForSummer": true,
                "sortIndex": 1,
                "type": "image/jpeg",
                "size": 3824333,
                "url": "https://api.sundsvall.se/facilities/2.2/field/filesfield/268",
                "license": "CC0",
                "licenseDescription": "Creative commons. \"No rights reserved\" https://creativecommons.org/share-your-work/public-domain/cc0/"
              },
              {
                "id": 1336,
                "filename": "A0-Skylt Webb.pdf",
                "description": "Naturreservatsskylt",
                "alttext": "Naturreservatsskylt",
                "sourcetext": "Sundsvalls kommun",
                "validForWinter": false,
                "validForSummer": true,
                "sortIndex": 2,
                "type": "application/pdf",
                "size": 1004442,
                "url": "https://api.sundsvall.se/facilities/2.2/field/filesfield/1336",
                "license": "CC0",
                "licenseDescription": "Creative commons. \"No rights reserved\" https://creativecommons.org/share-your-work/public-domain/cc0/"
              }
            ]
          },
          {
            "id": 72,
            "name": "Handikappanpassad",
            "type": "TOGGLE",
            "value": "Nej"
          },
          {
            "id": 288,
            "name": "Felanmälan",
            "type": "Felanmälningstjänst",
            "reportName": "Kontakt Sundsvall",
            "reportDescription": "Felanmälan av motionsspår, elljusspår, leder och andra friluftsanläggningar",
            "reportLink": "https://sundsvall.se/kommun-och-politik/politik-och-demokrati/dialog-och-synpunkter/felanmalan",
            "reportPhone": "060-19 10 00",
            "reportEmail": "kontakt@sundsvall.se"
          }
        ],
        "centerPoint": [
          17.28357958243167,
          62.40213779820331
        ]
      },
      "geometry": {
        "type": "Point",
        "coordinates": [
          17.28357958243167,
          62.40213779820331
        ]
      }
    },
    {
      "id": 380,
      "type": "Feature",
      "properties": {
        "name": "Norra Berget landskapsgestaltning Bure",
        "type": "Informationstavla",
        "created": "2018-06-27 10:49:53",
        "updated": "2026-01-13 13:44:47",
        "published": true,
        "owner": {
          "organizationID": 175,
          "name": "Sundsvalls kommun Sundsvalls museum"
        },
        "manager": {
          "organizationID": 175,
          "name": "Sundsvalls kommun Sundsvalls museum"
        },
        "fields": [
          {
            "id": 73,
            "name": "Status",
            "type": "DROPDOWN",
            "value": "Fin"
          },
          {
            "id": 89,
            "name": "Fundament",
            "type": "DROPDOWN",
            "value": "Betongplintar"
          },
          {
            "id": 88,
            "name": "Typ av infotavla",
            "type": "DROPDOWN",
            "value": "Ribba 420 bred A2 stående"
          },
          {
            "id": 70,
            "name": "Byggnadsår",
            "type": "INTEGER",
            "value": 2017
          },
          {
            "id": 71,
            "name": "Renoveringsår",
            "type": "INTEGER",
            "value": 2018
          },
          {
            "id": 74,
            "name": "Statusdatum",
            "type": "DATE",
            "value": "2018-06-27"
          },
          {
            "id": 79,
            "name": "Tillhörande filer",
            "type": "FILES",
            "value": [
              {
                "id": 269,
                "filename": "image.jpg",
                "description": "Informationstavla",
                "alttext": "Informationstavla",
                "sourcetext": "Sundsvalls kommun",
                "validForWinter": false,
                "validForSummer": true,
                "sortIndex": 1,
                "type": "image/jpeg",
                "size": 3916446,
                "url": "https://api.sundsvall.se/facilities/2.2/field/filesfield/269",
                "license": "CC0",
                "licenseDescription": "Creative commons. \"No rights reserved\" https://creativecommons.org/share-your-work/public-domain/cc0/"
              },
              {
                "id": 1353,
                "filename": "K_Landskapsgestaltningen Bure.pdf",
                "description": "Skylt landskapsgestaltning",
                "alttext": "Skylt landskapsgestaltning",
                "sourcetext": "Sundsvalls kommun",
                "validForWinter": false,
                "validForSummer": true,
                "sortIndex": 2,
                "type": "application/pdf",
                "size": 214600,
                "url": "https://api.sundsvall.se/facilities/2.2/field/filesfield/1353",
                "license": "CC0",
                "licenseDescription": "Creative commons. \"No rights reserved\" https://creativecommons.org/share-your-work/public-domain/cc0/"
              }
            ]
          },
          {
            "id": 72,
            "name": "Handikappanpassad",
            "type": "TOGGLE",
            "value": "Nej"
          },
          {
            "id": 288,
            "name": "Felanmälan",
            "type": "Felanmälningstjänst",
            "reportName": "Kontakt Sundsvall",
            "reportDescription": "Felanmälan av motionsspår, elljusspår, leder och andra friluftsanläggningar",
            "reportLink": "https://sundsvall.se/kommun-och-politik/politik-och-demokrati/dialog-och-synpunkter/felanmalan",
            "reportPhone": "060-19 10 00",
            "reportEmail": "kontakt@sundsvall.se"
          }
        ],
        "centerPoint": [
          17.287720916212393,
          62.4024011332618
        ]
      },
      "geometry": {
        "type": "Point",
        "coordinates": [
          17.287720916212393,
          62.4024011332618
        ]
      }
    },
    {
      "id": 383,
      "type": "Feature",
      "properties": {
        "name": "Norra Berget informationstavla Bureplatsen",
        "type": "Informationstavla",
        "created": "2018-06-27 11:00:35",
        "updated": "2026-01-13 14:40:18",
        "published": true,
        "owner": {
          "organizationID": 175,
          "name": "Sundsvalls kommun Sundsvalls museum"
        },
        "manager": {
          "organizationID": 175,
          "name": "Sundsvalls kommun Sundsvalls museum"
        },
        "fields": [
          {
            "id": 73,
            "name": "Status",
            "type": "DROPDOWN",
            "value": "Fin"
          },
          {
            "id": 89,
            "name": "Fundament",
            "type": "DROPDOWN",
            "value": "Betongplintar"
          },
          {
            "id": 88,
            "name": "Typ av infotavla",
            "type": "DROPDOWN",
            "value": "Ribba 1320 bred A0 liggande"
          },
          {
            "id": 70,
            "name": "Byggnadsår",
            "type": "INTEGER",
            "value": 2017
          },
          {
            "id": 74,
            "name": "Statusdatum",
            "type": "DATE",
            "value": "2018-06-27"
          },
          {
            "id": 79,
            "name": "Tillhörande filer",
            "type": "FILES",
            "value": [
              {
                "id": 272,
                "filename": "image.jpg",
                "description": "Informationstavla",
                "alttext": "Informationstavla",
                "sourcetext": "Sundsvalls kommun",
                "validForWinter": false,
                "validForSummer": true,
                "sortIndex": 1,
                "type": "image/jpeg",
                "size": 3583247,
                "url": "https://api.sundsvall.se/facilities/2.2/field/filesfield/272",
                "license": "CC0",
                "licenseDescription": "Creative commons. \"No rights reserved\" https://creativecommons.org/share-your-work/public-domain/cc0/"
              },
              {
                "id": 1352,
                "filename": "A0-Skylt Webb.pdf",
                "description": "Naturreservatsskylt",
                "alttext": "Naturreservatsskylt",
                "sourcetext": "Sundsvalls kommun",
                "validForWinter": false,
                "validForSummer": true,
                "sortIndex": 2,
                "type": "application/pdf",
                "size": 1004442,
                "url": "https://api.sundsvall.se/facilities/2.2/field/filesfield/1352",
                "license": "CC0",
                "licenseDescription": "Creative commons. \"No rights reserved\" https://creativecommons.org/share-your-work/public-domain/cc0/"
              }
            ]
          },
          {
            "id": 72,
            "name": "Handikappanpassad",
            "type": "TOGGLE",
            "value": "Nej"
          },
          {
            "id": 288,
            "name": "Felanmälan",
            "type": "Felanmälningstjänst",
            "reportName": "Kontakt Sundsvall",
            "reportDescription": "Felanmälan av motionsspår, elljusspår, leder och andra friluftsanläggningar",
            "reportLink": "https://sundsvall.se/kommun-och-politik/politik-och-demokrati/dialog-och-synpunkter/felanmalan",
            "reportPhone": "060-19 10 00",
            "reportEmail": "kontakt@sundsvall.se"
          }
        ],
        "centerPoint": [
          17.289644198490567,
          62.40264744757215
        ]
      },
      "geometry": {
        "type": "Point",
        "coordinates": [
          17.289644198490567,
          62.40264744757215
        ]
      }
    },
    {
      "id": 384,
      "type": "Feature",
      "properties": {
        "name": "Norra Berget Rösen",
        "type": "Informationstavla",
        "created": "2018-06-27 11:01:57",
        "updated": "2022-08-31 10:24:35",
        "published": true,
        "owner": {
          "organizationID": 175,
          "name": "Sundsvalls kommun Sundsvalls museum"
        },
        "manager": {
          "organizationID": 175,
          "name": "Sundsvalls kommun Sundsvalls museum"
        },
        "fields": [
          {
            "id": 73,
            "name": "Status",
            "type": "DROPDOWN",
            "value": "Fin"
          },
          {
            "id": 89,
            "name": "Fundament",
            "type": "DROPDOWN",
            "value": "Betongplintar"
          },
          {
            "id": 88,
            "name": "Typ av infotavla",
            "type": "DROPDOWN",
            "value": "Ribba 420 bred A2 stående"
          },
          {
            "id": 70,
            "name": "Byggnadsår",
            "type": "INTEGER",
            "value": 2017
          },
          {
            "id": 74,
            "name": "Statusdatum",
            "type": "DATE",
            "value": "2018-06-27"
          },
          {
            "id": 79,
            "name": "Tillhörande filer",
            "type": "FILES",
            "value": [
              {
                "id": 2355,
                "filename": "20210707_191253.jpg",
                "description": "Informationstavla om Rösen och stensättningar",
                "alttext": "Informationstavla om Rösen och stensättningar",
                "sourcetext": "Friluftsenheten",
                "validForWinter": true,
                "validForSummer": true,
                "sortIndex": 1,
                "type": "image/jpeg",
                "size": 5045199,
                "url": "https://api.sundsvall.se/facilities/2.2/field/filesfield/2355",
                "license": "CC0",
                "licenseDescription": "Creative commons. \"No rights reserved\" https://creativecommons.org/share-your-work/public-domain/cc0/"
              },
              {
                "id": 1354,
                "filename": "K_Rösen_Stensättningar.pdf",
                "description": "Informationstavla om Rösen och stensättningar",
                "alttext": "Informationstavla om Rösen och stensättningar",
                "sourcetext": "Miljökontoret Sundsvalls kommun",
                "validForWinter": true,
                "validForSummer": true,
                "sortIndex": 2,
                "type": "application/pdf",
                "size": 277003,
                "url": "https://api.sundsvall.se/facilities/2.2/field/filesfield/1354",
                "license": "CC0",
                "licenseDescription": "Creative commons. \"No rights reserved\" https://creativecommons.org/share-your-work/public-domain/cc0/"
              }
            ]
          },
          {
            "id": 72,
            "name": "Handikappanpassad",
            "type": "TOGGLE",
            "value": "Nej"
          },
          {
            "id": 288,
            "name": "Felanmälan",
            "type": "Felanmälningstjänst",
            "reportName": "Kontakt Sundsvall",
            "reportDescription": "Felanmälan av motionsspår, elljusspår, leder och andra friluftsanläggningar",
            "reportLink": "https://sundsvall.se/kommun-och-politik/politik-och-demokrati/dialog-och-synpunkter/felanmalan",
            "reportPhone": "060-19 10 00",
            "reportEmail": "kontakt@sundsvall.se"
          }
        ],
        "centerPoint": [
          17.28832975986966,
          62.403457505599526
        ]
      },
      "geometry": {
        "type": "Point",
        "coordinates": [
          17.28832975986966,
          62.403457505599526
        ]
      }
    },
    {
      "id": 385,
      "type": "Feature",
      "properties": {
        "name": "Norra Berget Lövskog",
        "type": "Informationstavla",
        "created": "2018-06-27 11:13:35",
        "updated": "2026-01-13 13:36:31",
        "published": true,
        "owner": {
          "organizationID": 175,
          "name": "Sundsvalls kommun Sundsvalls museum"
        },
        "manager": {
          "organizationID": 175,
          "name": "Sundsvalls kommun Sundsvalls museum"
        },
        "fields": [
          {
            "id": 73,
            "name": "Status",
            "type": "DROPDOWN",
            "value": "Fin"
          },
          {
            "id": 89,
            "name": "Fundament",
            "type": "DROPDOWN",
            "value": "Betongplintar"
          },
          {
            "id": 88,
            "name": "Typ av infotavla",
            "type": "DROPDOWN",
            "value": "Ribba 420 bred A2 stående"
          },
          {
            "id": 70,
            "name": "Byggnadsår",
            "type": "INTEGER",
            "value": 2017
          },
          {
            "id": 74,
            "name": "Statusdatum",
            "type": "DATE",
            "value": "2018-06-27"
          },
          {
            "id": 79,
            "name": "Tillhörande filer",
            "type": "FILES",
            "value": [
              {
                "id": 274,
                "filename": "image.jpg",
                "description": "Informationstavla",
                "alttext": "Informationstavla",
                "sourcetext": "Sundsvalls kommun",
                "validForWinter": false,
                "validForSummer": true,
                "sortIndex": 1,
                "type": "image/jpeg",
                "size": 3249498,
                "url": "https://api.sundsvall.se/facilities/2.2/field/filesfield/274",
                "license": "CC0",
                "licenseDescription": "Creative commons. \"No rights reserved\" https://creativecommons.org/share-your-work/public-domain/cc0/"
              },
              {
                "id": 1355,
                "filename": "N_Lövskog.pdf",
                "description": "Informationsskylt om lövskog",
                "alttext": "Informationsskylt om lövskog",
                "sourcetext": "Sundsvalls kommun",
                "validForWinter": false,
                "validForSummer": true,
                "sortIndex": 2,
                "type": "application/pdf",
                "size": 783781,
                "url": "https://api.sundsvall.se/facilities/2.2/field/filesfield/1355",
                "license": "CC0",
                "licenseDescription": "Creative commons. \"No rights reserved\" https://creativecommons.org/share-your-work/public-domain/cc0/"
              }
            ]
          },
          {
            "id": 72,
            "name": "Handikappanpassad",
            "type": "TOGGLE",
            "value": "Nej"
          },
          {
            "id": 288,
            "name": "Felanmälan",
            "type": "Felanmälningstjänst",
            "reportName": "Kontakt Sundsvall",
            "reportDescription": "Felanmälan av motionsspår, elljusspår, leder och andra friluftsanläggningar",
            "reportLink": "https://sundsvall.se/kommun-och-politik/politik-och-demokrati/dialog-och-synpunkter/felanmalan",
            "reportPhone": "060-19 10 00",
            "reportEmail": "kontakt@sundsvall.se"
          }
        ],
        "centerPoint": [
          17.29067185850477,
          62.405193305543925
        ]
      },
      "geometry": {
        "type": "Point",
        "coordinates": [
          17.29067185850477,
          62.405193305543925
        ]
      }
    },
    {
      "id": 386,
      "type": "Feature",
      "properties": {
        "name": "Norra Berget entré Sjukhuset",
        "type": "Informationstavla",
        "created": "2018-06-27 11:23:53",
        "updated": "2026-01-13 13:38:35",
        "published": true,
        "owner": {
          "organizationID": 175,
          "name": "Sundsvalls kommun Sundsvalls museum"
        },
        "manager": {
          "organizationID": 175,
          "name": "Sundsvalls kommun Sundsvalls museum"
        },
        "fields": [
          {
            "id": 73,
            "name": "Status",
            "type": "DROPDOWN",
            "value": "Fin"
          },
          {
            "id": 89,
            "name": "Fundament",
            "type": "DROPDOWN",
            "value": "Betongplintar"
          },
          {
            "id": 88,
            "name": "Typ av infotavla",
            "type": "DROPDOWN",
            "value": "Ribba 1320 bred A0 liggande"
          },
          {
            "id": 70,
            "name": "Byggnadsår",
            "type": "INTEGER",
            "value": 2017
          },
          {
            "id": 74,
            "name": "Statusdatum",
            "type": "DATE",
            "value": "2018-06-27"
          },
          {
            "id": 79,
            "name": "Tillhörande filer",
            "type": "FILES",
            "value": [
              {
                "id": 275,
                "filename": "image.jpg",
                "description": "Informationstavla",
                "alttext": "Informationstavla",
                "sourcetext": "Sundsvalls kommun",
                "validForWinter": false,
                "validForSummer": true,
                "sortIndex": 1,
                "type": "image/jpeg",
                "size": 3214821,
                "url": "https://api.sundsvall.se/facilities/2.2/field/filesfield/275",
                "license": "CC0",
                "licenseDescription": "Creative commons. \"No rights reserved\" https://creativecommons.org/share-your-work/public-domain/cc0/"
              },
              {
                "id": 1357,
                "filename": "A0-Skylt Webb.pdf",
                "description": "Naturreservatsskylt",
                "alttext": "Naturreservatsskylt",
                "sourcetext": "Sundsvalls kommun",
                "validForWinter": false,
                "validForSummer": true,
                "sortIndex": 2,
                "type": "application/pdf",
                "size": 1004442,
                "url": "https://api.sundsvall.se/facilities/2.2/field/filesfield/1357",
                "license": "CC0",
                "licenseDescription": "Creative commons. \"No rights reserved\" https://creativecommons.org/share-your-work/public-domain/cc0/"
              }
            ]
          },
          {
            "id": 72,
            "name": "Handikappanpassad",
            "type": "TOGGLE",
            "value": "Nej"
          },
          {
            "id": 288,
            "name": "Felanmälan",
            "type": "Felanmälningstjänst",
            "reportName": "Kontakt Sundsvall",
            "reportDescription": "Felanmälan av motionsspår, elljusspår, leder och andra friluftsanläggningar",
            "reportLink": "https://sundsvall.se/kommun-och-politik/politik-och-demokrati/dialog-och-synpunkter/felanmalan",
            "reportPhone": "060-19 10 00",
            "reportEmail": "kontakt@sundsvall.se"
          }
        ],
        "centerPoint": [
          17.30143225110445,
          62.40545704001157
        ]
      },
      "geometry": {
        "type": "Point",
        "coordinates": [
          17.30143225110445,
          62.40545704001157
        ]
      }
    },
    {
      "id": 387,
      "type": "Feature",
      "properties": {
        "name": "Norra Berget entré Burevägen",
        "type": "Informationstavla",
        "created": "2018-06-27 11:32:17",
        "updated": "2026-01-13 13:39:32",
        "published": true,
        "owner": {
          "organizationID": 175,
          "name": "Sundsvalls kommun Sundsvalls museum"
        },
        "manager": {
          "organizationID": 175,
          "name": "Sundsvalls kommun Sundsvalls museum"
        },
        "fields": [
          {
            "id": 73,
            "name": "Status",
            "type": "DROPDOWN",
            "value": "Fin"
          },
          {
            "id": 89,
            "name": "Fundament",
            "type": "DROPDOWN",
            "value": "Betongplintar"
          },
          {
            "id": 88,
            "name": "Typ av infotavla",
            "type": "DROPDOWN",
            "value": "Ribba 1320 bred A0 liggande"
          },
          {
            "id": 70,
            "name": "Byggnadsår",
            "type": "INTEGER",
            "value": 2018
          },
          {
            "id": 71,
            "name": "Renoveringsår",
            "type": "INTEGER",
            "value": 2018
          },
          {
            "id": 74,
            "name": "Statusdatum",
            "type": "DATE",
            "value": "2018-06-27"
          },
          {
            "id": 79,
            "name": "Tillhörande filer",
            "type": "FILES",
            "value": [
              {
                "id": 1349,
                "filename": "A0-Skylt Webb.pdf",
                "description": "Naturreservatsskylt",
                "alttext": "Naturreservatsskylt",
                "sourcetext": "Sundsvalls kommun",
                "validForWinter": false,
                "validForSummer": true,
                "sortIndex": null,
                "type": "application/pdf",
                "size": 1004442,
                "url": "https://api.sundsvall.se/facilities/2.2/field/filesfield/1349",
                "license": "CC0",
                "licenseDescription": "Creative commons. \"No rights reserved\" https://creativecommons.org/share-your-work/public-domain/cc0/"
              },
              {
                "id": 276,
                "filename": "image.jpg",
                "description": "Informationstavla",
                "alttext": "Informationstavla",
                "sourcetext": "Sundsvalls kommun",
                "validForWinter": false,
                "validForSummer": true,
                "sortIndex": 1,
                "type": "image/jpeg",
                "size": 3145541,
                "url": "https://api.sundsvall.se/facilities/2.2/field/filesfield/276",
                "license": "CC0",
                "licenseDescription": "Creative commons. \"No rights reserved\" https://creativecommons.org/share-your-work/public-domain/cc0/"
              }
            ]
          },
          {
            "id": 72,
            "name": "Handikappanpassad",
            "type": "TOGGLE",
            "value": "Nej"
          },
          {
            "id": 288,
            "name": "Felanmälan",
            "type": "Felanmälningstjänst",
            "reportName": "Kontakt Sundsvall",
            "reportDescription": "Felanmälan av motionsspår, elljusspår, leder och andra friluftsanläggningar",
            "reportLink": "https://sundsvall.se/kommun-och-politik/politik-och-demokrati/dialog-och-synpunkter/felanmalan",
            "reportPhone": "060-19 10 00",
            "reportEmail": "kontakt@sundsvall.se"
          },
          {
            "id": 77,
            "name": "Beskrivning",
            "type": "FREETEXT",
            "value": "Nerklottrad"
          }
        ],
        "centerPoint": [
          17.305864047020904,
          62.4030133310029
        ]
      },
      "geometry": {
        "type": "Point",
        "coordinates": [
          17.305864047020904,
          62.4030133310029
        ]
      }
    },
    {
      "id": 388,
      "type": "Feature",
      "properties": {
        "name": "Norra berget entré Gaffelbyvägen",
        "type": "Informationstavla",
        "created": "2018-06-27 11:37:49",
        "updated": "2026-01-13 14:02:46",
        "published": true,
        "owner": {
          "organizationID": 175,
          "name": "Sundsvalls kommun Sundsvalls museum"
        },
        "manager": {
          "organizationID": 175,
          "name": "Sundsvalls kommun Sundsvalls museum"
        },
        "fields": [
          {
            "id": 73,
            "name": "Status",
            "type": "DROPDOWN",
            "value": "Fin"
          },
          {
            "id": 89,
            "name": "Fundament",
            "type": "DROPDOWN",
            "value": "Betongplintar"
          },
          {
            "id": 88,
            "name": "Typ av infotavla",
            "type": "DROPDOWN",
            "value": "Ribba 1320 bred A0 liggande"
          },
          {
            "id": 70,
            "name": "Byggnadsår",
            "type": "INTEGER",
            "value": 2017
          },
          {
            "id": 74,
            "name": "Statusdatum",
            "type": "DATE",
            "value": "2018-06-27"
          },
          {
            "id": 79,
            "name": "Tillhörande filer",
            "type": "FILES",
            "value": [
              {
                "id": 277,
                "filename": "image.jpg",
                "description": "Informationstavla",
                "alttext": "Informationstavla",
                "sourcetext": "Sundsvalls kommun",
                "validForWinter": false,
                "validForSummer": true,
                "sortIndex": 1,
                "type": "image/jpeg",
                "size": 4904895,
                "url": "https://api.sundsvall.se/facilities/2.2/field/filesfield/277",
                "license": "CC0",
                "licenseDescription": "Creative commons. \"No rights reserved\" https://creativecommons.org/share-your-work/public-domain/cc0/"
              },
              {
                "id": 1346,
                "filename": "A0-Skylt Webb.pdf",
                "description": "Naturreservatsskylt",
                "alttext": "Naturreservatsskylt",
                "sourcetext": "Sundsvalls kommun",
                "validForWinter": false,
                "validForSummer": true,
                "sortIndex": 2,
                "type": "application/pdf",
                "size": 1004442,
                "url": "https://api.sundsvall.se/facilities/2.2/field/filesfield/1346",
                "license": "CC0",
                "licenseDescription": "Creative commons. \"No rights reserved\" https://creativecommons.org/share-your-work/public-domain/cc0/"
              }
            ]
          },
          {
            "id": 72,
            "name": "Handikappanpassad",
            "type": "TOGGLE",
            "value": "Nej"
          },
          {
            "id": 288,
            "name": "Felanmälan",
            "type": "Felanmälningstjänst",
            "reportName": "Kontakt Sundsvall",
            "reportDescription": "Felanmälan av motionsspår, elljusspår, leder och andra friluftsanläggningar",
            "reportLink": "https://sundsvall.se/kommun-och-politik/politik-och-demokrati/dialog-och-synpunkter/felanmalan",
            "reportPhone": "060-19 10 00",
            "reportEmail": "kontakt@sundsvall.se"
          }
        ],
        "centerPoint": [
          17.308705859590937,
          62.4004668811811
        ]
      },
      "geometry": {
        "type": "Point",
        "coordinates": [
          17.308705859590937,
          62.4004668811811
        ]
      }
    },
    {
      "id": 389,
      "type": "Feature",
      "properties": {
        "name": "Norra Berget Barrblandsskogen",
        "type": "Informationstavla",
        "created": "2018-06-27 11:38:54",
        "updated": "2026-01-13 13:56:12",
        "published": true,
        "owner": {
          "organizationID": 175,
          "name": "Sundsvalls kommun Sundsvalls museum"
        },
        "manager": {
          "organizationID": 175,
          "name": "Sundsvalls kommun Sundsvalls museum"
        },
        "fields": [
          {
            "id": 73,
            "name": "Status",
            "type": "DROPDOWN",
            "value": "Fin"
          },
          {
            "id": 89,
            "name": "Fundament",
            "type": "DROPDOWN",
            "value": "Betongplintar"
          },
          {
            "id": 88,
            "name": "Typ av infotavla",
            "type": "DROPDOWN",
            "value": "Ribba 420 bred A2 stående"
          },
          {
            "id": 70,
            "name": "Byggnadsår",
            "type": "INTEGER",
            "value": 2017
          },
          {
            "id": 74,
            "name": "Statusdatum",
            "type": "DATE",
            "value": "2018-06-27"
          },
          {
            "id": 79,
            "name": "Tillhörande filer",
            "type": "FILES",
            "value": [
              {
                "id": 278,
                "filename": "image.jpg",
                "description": "Informationstavla",
                "alttext": "Informationstavla",
                "sourcetext": "Sundsvalls kommun",
                "validForWinter": false,
                "validForSummer": true,
                "sortIndex": 1,
                "type": "image/jpeg",
                "size": 3798346,
                "url": "https://api.sundsvall.se/facilities/2.2/field/filesfield/278",
                "license": "CC0",
                "licenseDescription": "Creative commons. \"No rights reserved\" https://creativecommons.org/share-your-work/public-domain/cc0/"
              },
              {
                "id": 1347,
                "filename": "N_Barrblandskog.pdf",
                "description": "Skylt om barrblandskog",
                "alttext": "Skylt om barrblandskog",
                "sourcetext": "Sundsvalls kommun",
                "validForWinter": false,
                "validForSummer": true,
                "sortIndex": 2,
                "type": "application/pdf",
                "size": 1518349,
                "url": "https://api.sundsvall.se/facilities/2.2/field/filesfield/1347",
                "license": "CC0",
                "licenseDescription": "Creative commons. \"No rights reserved\" https://creativecommons.org/share-your-work/public-domain/cc0/"
              }
            ]
          },
          {
            "id": 72,
            "name": "Handikappanpassad",
            "type": "TOGGLE",
            "value": "Nej"
          },
          {
            "id": 288,
            "name": "Felanmälan",
            "type": "Felanmälningstjänst",
            "reportName": "Kontakt Sundsvall",
            "reportDescription": "Felanmälan av motionsspår, elljusspår, leder och andra friluftsanläggningar",
            "reportLink": "https://sundsvall.se/kommun-och-politik/politik-och-demokrati/dialog-och-synpunkter/felanmalan",
            "reportPhone": "060-19 10 00",
            "reportEmail": "kontakt@sundsvall.se"
          }
        ],
        "centerPoint": [
          17.307775087431864,
          62.40079679426226
        ]
      },
      "geometry": {
        "type": "Point",
        "coordinates": [
          17.307775087431864,
          62.40079679426226
        ]
      }
    },
    {
      "id": 391,
      "type": "Feature",
      "properties": {
        "name": "Norra Berget Huggormar",
        "type": "Informationstavla",
        "created": "2018-06-27 15:03:19",
        "updated": "2026-01-13 13:51:51",
        "published": true,
        "owner": {
          "organizationID": 175,
          "name": "Sundsvalls kommun Sundsvalls museum"
        },
        "manager": {
          "organizationID": 175,
          "name": "Sundsvalls kommun Sundsvalls museum"
        },
        "fields": [
          {
            "id": 73,
            "name": "Status",
            "type": "DROPDOWN",
            "value": "Fin"
          },
          {
            "id": 89,
            "name": "Fundament",
            "type": "DROPDOWN",
            "value": "Betongplintar"
          },
          {
            "id": 88,
            "name": "Typ av infotavla",
            "type": "DROPDOWN",
            "value": "Ribba 420 bred A2 stående"
          },
          {
            "id": 70,
            "name": "Byggnadsår",
            "type": "INTEGER",
            "value": 2017
          },
          {
            "id": 74,
            "name": "Statusdatum",
            "type": "DATE",
            "value": "2018-06-27"
          },
          {
            "id": 79,
            "name": "Tillhörande filer",
            "type": "FILES",
            "value": [
              {
                "id": 280,
                "filename": "image.jpg",
                "description": "Informationstavla",
                "alttext": "Informationstavla",
                "sourcetext": "Sundsvalls kommun",
                "validForWinter": false,
                "validForSummer": true,
                "sortIndex": 1,
                "type": "image/jpeg",
                "size": 4272866,
                "url": "https://api.sundsvall.se/facilities/2.2/field/filesfield/280",
                "license": "CC0",
                "licenseDescription": "Creative commons. \"No rights reserved\" https://creativecommons.org/share-your-work/public-domain/cc0/"
              },
              {
                "id": 1361,
                "filename": "N_Huggormar.pdf",
                "description": "Skylt om huggormar",
                "alttext": "Skylt om huggormar",
                "sourcetext": "Sundsvalls kommun",
                "validForWinter": false,
                "validForSummer": true,
                "sortIndex": 2,
                "type": "application/pdf",
                "size": 552295,
                "url": "https://api.sundsvall.se/facilities/2.2/field/filesfield/1361",
                "license": "CC0",
                "licenseDescription": "Creative commons. \"No rights reserved\" https://creativecommons.org/share-your-work/public-domain/cc0/"
              }
            ]
          },
          {
            "id": 72,
            "name": "Handikappanpassad",
            "type": "TOGGLE",
            "value": "Nej"
          },
          {
            "id": 288,
            "name": "Felanmälan",
            "type": "Felanmälningstjänst",
            "reportName": "Kontakt Sundsvall",
            "reportDescription": "Felanmälan av motionsspår, elljusspår, leder och andra friluftsanläggningar",
            "reportLink": "https://sundsvall.se/kommun-och-politik/politik-och-demokrati/dialog-och-synpunkter/felanmalan",
            "reportPhone": "060-19 10 00",
            "reportEmail": "kontakt@sundsvall.se"
          }
        ],
        "centerPoint": [
          17.29215770479618,
          62.40021882072987
        ]
      },
      "geometry": {
        "type": "Point",
        "coordinates": [
          17.29215770479618,
          62.40021882072987
        ]
      }
    },
    {
      "id": 392,
      "type": "Feature",
      "properties": {
        "name": "Norra Berget Stenformationer",
        "type": "Informationstavla",
        "created": "2018-06-27 15:17:39",
        "updated": "2026-01-13 13:50:00",
        "published": true,
        "owner": {
          "organizationID": 175,
          "name": "Sundsvalls kommun Sundsvalls museum"
        },
        "manager": {
          "organizationID": 175,
          "name": "Sundsvalls kommun Sundsvalls museum"
        },
        "fields": [
          {
            "id": 73,
            "name": "Status",
            "type": "DROPDOWN",
            "value": "Fin"
          },
          {
            "id": 89,
            "name": "Fundament",
            "type": "DROPDOWN",
            "value": "Betongplintar"
          },
          {
            "id": 88,
            "name": "Typ av infotavla",
            "type": "DROPDOWN",
            "value": "Ribba 420 bred A2 stående"
          },
          {
            "id": 70,
            "name": "Byggnadsår",
            "type": "INTEGER",
            "value": 2017
          },
          {
            "id": 74,
            "name": "Statusdatum",
            "type": "DATE",
            "value": "2018-06-27"
          },
          {
            "id": 79,
            "name": "Tillhörande filer",
            "type": "FILES",
            "value": [
              {
                "id": 281,
                "filename": "image.jpg",
                "description": "Informationstavla",
                "alttext": "Informationstavla",
                "sourcetext": "Sundsvalls kommun",
                "validForWinter": false,
                "validForSummer": true,
                "sortIndex": 1,
                "type": "image/jpeg",
                "size": 3435443,
                "url": "https://api.sundsvall.se/facilities/2.2/field/filesfield/281",
                "license": "CC0",
                "licenseDescription": "Creative commons. \"No rights reserved\" https://creativecommons.org/share-your-work/public-domain/cc0/"
              },
              {
                "id": 1351,
                "filename": "K_Stenformationer och stensättningar.pdf",
                "description": "Skylt om stenformationer och stensättningar",
                "alttext": "Skylt om stenformationer och stensättningar",
                "sourcetext": "Sundsvalls kommun",
                "validForWinter": false,
                "validForSummer": true,
                "sortIndex": 2,
                "type": "application/pdf",
                "size": 745426,
                "url": "https://api.sundsvall.se/facilities/2.2/field/filesfield/1351",
                "license": "CC0",
                "licenseDescription": "Creative commons. \"No rights reserved\" https://creativecommons.org/share-your-work/public-domain/cc0/"
              }
            ]
          },
          {
            "id": 72,
            "name": "Handikappanpassad",
            "type": "TOGGLE",
            "value": "Nej"
          },
          {
            "id": 288,
            "name": "Felanmälan",
            "type": "Felanmälningstjänst",
            "reportName": "Kontakt Sundsvall",
            "reportDescription": "Felanmälan av motionsspår, elljusspår, leder och andra friluftsanläggningar",
            "reportLink": "https://sundsvall.se/kommun-och-politik/politik-och-demokrati/dialog-och-synpunkter/felanmalan",
            "reportPhone": "060-19 10 00",
            "reportEmail": "kontakt@sundsvall.se"
          }
        ],
        "centerPoint": [
          17.291571425872895,
          62.40163831687375
        ]
      },
      "geometry": {
        "type": "Point",
        "coordinates": [
          17.291571425872895,
          62.40163831687375
        ]
      }
    },
    {
      "id": 393,
      "type": "Feature",
      "properties": {
        "name": "Norra Berget Granskog",
        "type": "Informationstavla",
        "created": "2018-06-27 15:33:40",
        "updated": "2026-01-13 13:53:01",
        "published": true,
        "owner": {
          "organizationID": 175,
          "name": "Sundsvalls kommun Sundsvalls museum"
        },
        "manager": {
          "organizationID": 175,
          "name": "Sundsvalls kommun Sundsvalls museum"
        },
        "fields": [
          {
            "id": 73,
            "name": "Status",
            "type": "DROPDOWN",
            "value": "Fin"
          },
          {
            "id": 89,
            "name": "Fundament",
            "type": "DROPDOWN",
            "value": "Betongplintar"
          },
          {
            "id": 88,
            "name": "Typ av infotavla",
            "type": "DROPDOWN",
            "value": "Ribba 420 bred A2 stående"
          },
          {
            "id": 70,
            "name": "Byggnadsår",
            "type": "INTEGER",
            "value": 2017
          },
          {
            "id": 74,
            "name": "Statusdatum",
            "type": "DATE",
            "value": "2018-06-27"
          },
          {
            "id": 79,
            "name": "Tillhörande filer",
            "type": "FILES",
            "value": [
              {
                "id": 282,
                "filename": "image.jpg",
                "description": "Informationstavla",
                "alttext": "Informationstavla",
                "sourcetext": "Sundsvalls kommun",
                "validForWinter": false,
                "validForSummer": true,
                "sortIndex": 1,
                "type": "image/jpeg",
                "size": 3407078,
                "url": "https://api.sundsvall.se/facilities/2.2/field/filesfield/282",
                "license": "CC0",
                "licenseDescription": "Creative commons. \"No rights reserved\" https://creativecommons.org/share-your-work/public-domain/cc0/"
              },
              {
                "id": 1360,
                "filename": "N_Granskog.pdf",
                "description": "Skylt om granskog",
                "alttext": "Skylt om granskog",
                "sourcetext": "Sundsvalls kommun",
                "validForWinter": false,
                "validForSummer": true,
                "sortIndex": 2,
                "type": "application/pdf",
                "size": 304281,
                "url": "https://api.sundsvall.se/facilities/2.2/field/filesfield/1360",
                "license": "CC0",
                "licenseDescription": "Creative commons. \"No rights reserved\" https://creativecommons.org/share-your-work/public-domain/cc0/"
              }
            ]
          },
          {
            "id": 72,
            "name": "Handikappanpassad",
            "type": "TOGGLE",
            "value": "Nej"
          },
          {
            "id": 288,
            "name": "Felanmälan",
            "type": "Felanmälningstjänst",
            "reportName": "Kontakt Sundsvall",
            "reportDescription": "Felanmälan av motionsspår, elljusspår, leder och andra friluftsanläggningar",
            "reportLink": "https://sundsvall.se/kommun-och-politik/politik-och-demokrati/dialog-och-synpunkter/felanmalan",
            "reportPhone": "060-19 10 00",
            "reportEmail": "kontakt@sundsvall.se"
          }
        ],
        "centerPoint": [
          17.297714428235544,
          62.4005960236451
        ]
      },
      "geometry": {
        "type": "Point",
        "coordinates": [
          17.297714428235544,
          62.4005960236451
        ]
      }
    },
    {
      "id": 394,
      "type": "Feature",
      "properties": {
        "name": "Norra Berget Barrblandsskkog",
        "type": "Informationstavla",
        "created": "2018-06-29 09:52:36",
        "updated": "2026-01-13 13:37:36",
        "published": true,
        "owner": {
          "organizationID": 175,
          "name": "Sundsvalls kommun Sundsvalls museum"
        },
        "manager": {
          "organizationID": 175,
          "name": "Sundsvalls kommun Sundsvalls museum"
        },
        "fields": [
          {
            "id": 73,
            "name": "Status",
            "type": "DROPDOWN",
            "value": "Trasig"
          },
          {
            "id": 89,
            "name": "Fundament",
            "type": "DROPDOWN",
            "value": "Betongplintar"
          },
          {
            "id": 88,
            "name": "Typ av infotavla",
            "type": "DROPDOWN",
            "value": "Ribba 420 bred A2 stående"
          },
          {
            "id": 70,
            "name": "Byggnadsår",
            "type": "INTEGER",
            "value": 2017
          },
          {
            "id": 74,
            "name": "Statusdatum",
            "type": "DATE",
            "value": "2018-06-29"
          },
          {
            "id": 79,
            "name": "Tillhörande filer",
            "type": "FILES",
            "value": [
              {
                "id": 283,
                "filename": "image.jpg",
                "description": "Informationstavla",
                "alttext": "Informationstavla",
                "sourcetext": "Sundsvalls kommun",
                "validForWinter": false,
                "validForSummer": true,
                "sortIndex": 1,
                "type": "image/jpeg",
                "size": 2768872,
                "url": "https://api.sundsvall.se/facilities/2.2/field/filesfield/283",
                "license": "CC0",
                "licenseDescription": "Creative commons. \"No rights reserved\" https://creativecommons.org/share-your-work/public-domain/cc0/"
              },
              {
                "id": 1356,
                "filename": "N_Barrblandskog.pdf",
                "description": "Skylt om barrblandskog",
                "alttext": "Skylt om barrblandskog",
                "sourcetext": "Sundsvalls kommun",
                "validForWinter": false,
                "validForSummer": true,
                "sortIndex": 2,
                "type": "application/pdf",
                "size": 1518349,
                "url": "https://api.sundsvall.se/facilities/2.2/field/filesfield/1356",
                "license": "CC0",
                "licenseDescription": "Creative commons. \"No rights reserved\" https://creativecommons.org/share-your-work/public-domain/cc0/"
              }
            ]
          },
          {
            "id": 72,
            "name": "Handikappanpassad",
            "type": "TOGGLE",
            "value": "Nej"
          },
          {
            "id": 288,
            "name": "Felanmälan",
            "type": "Felanmälningstjänst",
            "reportName": "Kontakt Sundsvall",
            "reportDescription": "Felanmälan av motionsspår, elljusspår, leder och andra friluftsanläggningar",
            "reportLink": "https://sundsvall.se/kommun-och-politik/politik-och-demokrati/dialog-och-synpunkter/felanmalan",
            "reportPhone": "060-19 10 00",
            "reportEmail": "kontakt@sundsvall.se"
          },
          {
            "id": 77,
            "name": "Beskrivning",
            "type": "FREETEXT",
            "value": "En planka sitter snett"
          }
        ],
        "centerPoint": [
          17.298904497238134,
          62.404701341611556
        ]
      },
      "geometry": {
        "type": "Point",
        "coordinates": [
          17.298904497238134,
          62.404701341611556
        ]
      }
    },
    {
      "id": 395,
      "type": "Feature",
      "properties": {
        "name": "Norra Berget geologi",
        "type": "Informationstavla",
        "created": "2018-06-29 10:02:28",
        "updated": "2026-01-13 13:40:46",
        "published": true,
        "owner": {
          "organizationID": 175,
          "name": "Sundsvalls kommun Sundsvalls museum"
        },
        "manager": {
          "organizationID": 175,
          "name": "Sundsvalls kommun Sundsvalls museum"
        },
        "fields": [
          {
            "id": 73,
            "name": "Status",
            "type": "DROPDOWN",
            "value": "Fin"
          },
          {
            "id": 89,
            "name": "Fundament",
            "type": "DROPDOWN",
            "value": "Betongplintar"
          },
          {
            "id": 88,
            "name": "Typ av infotavla",
            "type": "DROPDOWN",
            "value": "Ribba 420 bred A2 stående"
          },
          {
            "id": 70,
            "name": "Byggnadsår",
            "type": "INTEGER",
            "value": 2017
          },
          {
            "id": 74,
            "name": "Statusdatum",
            "type": "DATE",
            "value": "2018-06-29"
          },
          {
            "id": 79,
            "name": "Tillhörande filer",
            "type": "FILES",
            "value": [
              {
                "id": 284,
                "filename": "image.jpg",
                "description": "Informationstavla",
                "alttext": "Informationstavla",
                "sourcetext": "Sundsvalls kommun",
                "validForWinter": false,
                "validForSummer": true,
                "sortIndex": 1,
                "type": "image/jpeg",
                "size": 3787349,
                "url": "https://api.sundsvall.se/facilities/2.2/field/filesfield/284",
                "license": "CC0",
                "licenseDescription": "Creative commons. \"No rights reserved\" https://creativecommons.org/share-your-work/public-domain/cc0/"
              },
              {
                "id": 1350,
                "filename": "N_Geologi.pdf",
                "description": "Skylt om geologi",
                "alttext": "Skylt om geologi",
                "sourcetext": "Sundsvalls kommun",
                "validForWinter": false,
                "validForSummer": true,
                "sortIndex": 2,
                "type": "application/pdf",
                "size": 709747,
                "url": "https://api.sundsvall.se/facilities/2.2/field/filesfield/1350",
                "license": "CC0",
                "licenseDescription": "Creative commons. \"No rights reserved\" https://creativecommons.org/share-your-work/public-domain/cc0/"
              }
            ]
          },
          {
            "id": 72,
            "name": "Handikappanpassad",
            "type": "TOGGLE",
            "value": "Nej"
          },
          {
            "id": 288,
            "name": "Felanmälan",
            "type": "Felanmälningstjänst",
            "reportName": "Kontakt Sundsvall",
            "reportDescription": "Felanmälan av motionsspår, elljusspår, leder och andra friluftsanläggningar",
            "reportLink": "https://sundsvall.se/kommun-och-politik/politik-och-demokrati/dialog-och-synpunkter/felanmalan",
            "reportPhone": "060-19 10 00",
            "reportEmail": "kontakt@sundsvall.se"
          }
        ],
        "centerPoint": [
          17.300307738956644,
          62.4033007940569
        ]
      },
      "geometry": {
        "type": "Point",
        "coordinates": [
          17.300307738956644,
          62.4033007940569
        ]
      }
    },
    {
      "id": 396,
      "type": "Feature",
      "properties": {
        "name": "Norra Berget entré Baldersvägen",
        "type": "Informationstavla",
        "created": "2018-06-29 10:29:39",
        "updated": "2026-01-13 14:01:35",
        "published": true,
        "owner": {
          "organizationID": 175,
          "name": "Sundsvalls kommun Sundsvalls museum"
        },
        "manager": {
          "organizationID": 175,
          "name": "Sundsvalls kommun Sundsvalls museum"
        },
        "fields": [
          {
            "id": 73,
            "name": "Status",
            "type": "DROPDOWN",
            "value": "Fin"
          },
          {
            "id": 89,
            "name": "Fundament",
            "type": "DROPDOWN",
            "value": "Betongplintar"
          },
          {
            "id": 88,
            "name": "Typ av infotavla",
            "type": "DROPDOWN",
            "value": "Ribba 1320 bred A0 liggande"
          },
          {
            "id": 70,
            "name": "Byggnadsår",
            "type": "INTEGER",
            "value": 2017
          },
          {
            "id": 74,
            "name": "Statusdatum",
            "type": "DATE",
            "value": "2018-06-29"
          },
          {
            "id": 79,
            "name": "Tillhörande filer",
            "type": "FILES",
            "value": [
              {
                "id": 285,
                "filename": "image.jpg",
                "description": "Informationstavla",
                "alttext": "Informationstavla",
                "sourcetext": "Sundsvalls kommun",
                "validForWinter": false,
                "validForSummer": true,
                "sortIndex": 1,
                "type": "image/jpeg",
                "size": 3587258,
                "url": "https://api.sundsvall.se/facilities/2.2/field/filesfield/285",
                "license": "CC0",
                "licenseDescription": "Creative commons. \"No rights reserved\" https://creativecommons.org/share-your-work/public-domain/cc0/"
              },
              {
                "id": 1344,
                "filename": "A0-Skylt Webb.pdf",
                "description": "Naturreservatsskylt",
                "alttext": "Naturreservatsskylt",
                "sourcetext": "Sundsvalls kommun",
                "validForWinter": false,
                "validForSummer": true,
                "sortIndex": 2,
                "type": "application/pdf",
                "size": 1004442,
                "url": "https://api.sundsvall.se/facilities/2.2/field/filesfield/1344",
                "license": "CC0",
                "licenseDescription": "Creative commons. \"No rights reserved\" https://creativecommons.org/share-your-work/public-domain/cc0/"
              }
            ]
          },
          {
            "id": 72,
            "name": "Handikappanpassad",
            "type": "TOGGLE",
            "value": "Nej"
          },
          {
            "id": 288,
            "name": "Felanmälan",
            "type": "Felanmälningstjänst",
            "reportName": "Kontakt Sundsvall",
            "reportDescription": "Felanmälan av motionsspår, elljusspår, leder och andra friluftsanläggningar",
            "reportLink": "https://sundsvall.se/kommun-och-politik/politik-och-demokrati/dialog-och-synpunkter/felanmalan",
            "reportPhone": "060-19 10 00",
            "reportEmail": "kontakt@sundsvall.se"
          }
        ],
        "centerPoint": [
          17.311552041924017,
          62.39783264717185
        ]
      },
      "geometry": {
        "type": "Point",
        "coordinates": [
          17.311552041924017,
          62.39783264717185
        ]
      }
    },
    {
      "id": 397,
      "type": "Feature",
      "properties": {
        "name": "Norra Berget Lövskog",
        "type": "Informationstavla",
        "created": "2018-06-29 10:32:26",
        "updated": "2026-01-13 14:00:26",
        "published": true,
        "owner": {
          "organizationID": 175,
          "name": "Sundsvalls kommun Sundsvalls museum"
        },
        "manager": {
          "organizationID": 175,
          "name": "Sundsvalls kommun Sundsvalls museum"
        },
        "fields": [
          {
            "id": 73,
            "name": "Status",
            "type": "DROPDOWN",
            "value": "Fin"
          },
          {
            "id": 89,
            "name": "Fundament",
            "type": "DROPDOWN",
            "value": "Betongplintar"
          },
          {
            "id": 88,
            "name": "Typ av infotavla",
            "type": "DROPDOWN",
            "value": "Ribba 420 bred A2 stående"
          },
          {
            "id": 70,
            "name": "Byggnadsår",
            "type": "INTEGER",
            "value": 2017
          },
          {
            "id": 74,
            "name": "Statusdatum",
            "type": "DATE",
            "value": "2018-06-29"
          },
          {
            "id": 79,
            "name": "Tillhörande filer",
            "type": "FILES",
            "value": [
              {
                "id": 286,
                "filename": "image.jpg",
                "description": "Informationstavla",
                "alttext": "Informationstavla",
                "sourcetext": "Sundsvalls kommun",
                "validForWinter": false,
                "validForSummer": true,
                "sortIndex": 1,
                "type": "image/jpeg",
                "size": 3482541,
                "url": "https://api.sundsvall.se/facilities/2.2/field/filesfield/286",
                "license": "CC0",
                "licenseDescription": "Creative commons. \"No rights reserved\" https://creativecommons.org/share-your-work/public-domain/cc0/"
              },
              {
                "id": 1345,
                "filename": "N_Lövskog.pdf",
                "description": "Skylt om lövskog",
                "alttext": "Skylt om lövskog",
                "sourcetext": "Sundsvalls kommun",
                "validForWinter": false,
                "validForSummer": true,
                "sortIndex": 2,
                "type": "application/pdf",
                "size": 783781,
                "url": "https://api.sundsvall.se/facilities/2.2/field/filesfield/1345",
                "license": "CC0",
                "licenseDescription": "Creative commons. \"No rights reserved\" https://creativecommons.org/share-your-work/public-domain/cc0/"
              }
            ]
          },
          {
            "id": 72,
            "name": "Handikappanpassad",
            "type": "TOGGLE",
            "value": "Nej"
          },
          {
            "id": 288,
            "name": "Felanmälan",
            "type": "Felanmälningstjänst",
            "reportName": "Kontakt Sundsvall",
            "reportDescription": "Felanmälan av motionsspår, elljusspår, leder och andra friluftsanläggningar",
            "reportLink": "https://sundsvall.se/kommun-och-politik/politik-och-demokrati/dialog-och-synpunkter/felanmalan",
            "reportPhone": "060-19 10 00",
            "reportEmail": "kontakt@sundsvall.se"
          }
        ],
        "centerPoint": [
          17.30848718139569,
          62.398506711692804
        ]
      },
      "geometry": {
        "type": "Point",
        "coordinates": [
          17.30848718139569,
          62.398506711692804
        ]
      }
    },
    {
      "id": 398,
      "type": "Feature",
      "properties": {
        "name": "Informationstavla Norra Berget - entré Trappan",
        "type": "Informationstavla",
        "created": "2018-06-29 10:41:33",
        "updated": "2022-01-10 13:46:53",
        "published": true,
        "owner": {
          "organizationID": 175,
          "name": "Sundsvalls kommun Sundsvalls museum"
        },
        "manager": {
          "organizationID": 175,
          "name": "Sundsvalls kommun Sundsvalls museum"
        },
        "fields": [
          {
            "id": 73,
            "name": "Status",
            "type": "DROPDOWN",
            "value": "Sliten"
          },
          {
            "id": 89,
            "name": "Fundament",
            "type": "DROPDOWN",
            "value": "Trä i jord"
          },
          {
            "id": 88,
            "name": "Typ av infotavla",
            "type": "DROPDOWN",
            "value": "Rundstolp ryggåstak råsponttavla"
          },
          {
            "id": 70,
            "name": "Byggnadsår",
            "type": "INTEGER",
            "value": 2017
          },
          {
            "id": 74,
            "name": "Statusdatum",
            "type": "DATE",
            "value": "2018-06-29"
          },
          {
            "id": 79,
            "name": "Tillhörande filer",
            "type": "FILES",
            "value": [
              {
                "id": 287,
                "filename": "image.jpg",
                "description": "Informationstavla",
                "alttext": "Informationstavla",
                "sourcetext": "Anders Erlandsson Friluftsenheten",
                "validForWinter": true,
                "validForSummer": true,
                "sortIndex": 1,
                "type": "image/jpeg",
                "size": 2604141,
                "url": "https://api.sundsvall.se/facilities/2.2/field/filesfield/287",
                "license": "CC0",
                "licenseDescription": "Creative commons. \"No rights reserved\" https://creativecommons.org/share-your-work/public-domain/cc0/"
              },
              {
                "id": 1366,
                "filename": "Långskylt Webb.pdf",
                "description": "Informationsskylt",
                "alttext": "Informationsskylt",
                "sourcetext": "Miljökontoret",
                "validForWinter": true,
                "validForSummer": true,
                "sortIndex": 2,
                "type": "application/pdf",
                "size": 1554044,
                "url": "https://api.sundsvall.se/facilities/2.2/field/filesfield/1366",
                "license": "CC0",
                "licenseDescription": "Creative commons. \"No rights reserved\" https://creativecommons.org/share-your-work/public-domain/cc0/"
              }
            ]
          },
          {
            "id": 72,
            "name": "Handikappanpassad",
            "type": "TOGGLE",
            "value": "Nej"
          },
          {
            "id": 288,
            "name": "Felanmälan",
            "type": "Felanmälningstjänst",
            "reportName": "Kontakt Sundsvall",
            "reportDescription": "Felanmälan av motionsspår, elljusspår, leder och andra friluftsanläggningar",
            "reportLink": "https://sundsvall.se/kommun-och-politik/politik-och-demokrati/dialog-och-synpunkter/felanmalan",
            "reportPhone": "060-19 10 00",
            "reportEmail": "kontakt@sundsvall.se"
          },
          {
            "id": 77,
            "name": "Beskrivning",
            "type": "FREETEXT",
            "value": "Informationstavla för Norra Bergets naturreservat vid trappans start längs med Baldersvägen "
          }
        ],
        "centerPoint": [
          17.30520399409947,
          62.39641338769809
        ]
      },
      "geometry": {
        "type": "Point",
        "coordinates": [
          17.30520399409947,
          62.39641338769809
        ]
      }
    },
    {
      "id": 399,
      "type": "Feature",
      "properties": {
        "name": "Informationstavla Norra berget - Sydväxtberg",
        "type": "Informationstavla",
        "created": "2018-06-29 10:46:23",
        "updated": "2022-01-10 13:47:35",
        "published": true,
        "owner": {
          "organizationID": 175,
          "name": "Sundsvalls kommun Sundsvalls museum"
        },
        "manager": {
          "organizationID": 175,
          "name": "Sundsvalls kommun Sundsvalls museum"
        },
        "fields": [
          {
            "id": 73,
            "name": "Status",
            "type": "DROPDOWN",
            "value": "Fin"
          },
          {
            "id": 89,
            "name": "Fundament",
            "type": "DROPDOWN",
            "value": "Betongplintar"
          },
          {
            "id": 88,
            "name": "Typ av infotavla",
            "type": "DROPDOWN",
            "value": "Ribba 420 bred A2 stående"
          },
          {
            "id": 70,
            "name": "Byggnadsår",
            "type": "INTEGER",
            "value": 2017
          },
          {
            "id": 74,
            "name": "Statusdatum",
            "type": "DATE",
            "value": "2018-06-29"
          },
          {
            "id": 79,
            "name": "Tillhörande filer",
            "type": "FILES",
            "value": [
              {
                "id": 288,
                "filename": "image.jpg",
                "description": "Informationstavla",
                "alttext": "Informationstavla",
                "sourcetext": "Anders Erlandsson, Friluftsenheten",
                "validForWinter": true,
                "validForSummer": true,
                "sortIndex": 1,
                "type": "image/jpeg",
                "size": 3134513,
                "url": "https://api.sundsvall.se/facilities/2.2/field/filesfield/288",
                "license": "CC0",
                "licenseDescription": "Creative commons. \"No rights reserved\" https://creativecommons.org/share-your-work/public-domain/cc0/"
              },
              {
                "id": 1342,
                "filename": "N_Sydväxtberg.pdf",
                "description": "Informationsskylt",
                "alttext": "Informationsskylt",
                "sourcetext": "Miljökontoret",
                "validForWinter": true,
                "validForSummer": true,
                "sortIndex": 2,
                "type": "application/pdf",
                "size": 819654,
                "url": "https://api.sundsvall.se/facilities/2.2/field/filesfield/1342",
                "license": "CC0",
                "licenseDescription": "Creative commons. \"No rights reserved\" https://creativecommons.org/share-your-work/public-domain/cc0/"
              }
            ]
          },
          {
            "id": 72,
            "name": "Handikappanpassad",
            "type": "TOGGLE",
            "value": "Nej"
          },
          {
            "id": 288,
            "name": "Felanmälan",
            "type": "Felanmälningstjänst",
            "reportName": "Kontakt Sundsvall",
            "reportDescription": "Felanmälan av motionsspår, elljusspår, leder och andra friluftsanläggningar",
            "reportLink": "https://sundsvall.se/kommun-och-politik/politik-och-demokrati/dialog-och-synpunkter/felanmalan",
            "reportPhone": "060-19 10 00",
            "reportEmail": "kontakt@sundsvall.se"
          },
          {
            "id": 77,
            "name": "Beskrivning",
            "type": "FREETEXT",
            "value": "Informationstavla i Norra bergets naturreservat om sydväxtberg"
          }
        ],
        "centerPoint": [
          17.305817453330157,
          62.397222356360814
        ]
      },
      "geometry": {
        "type": "Point",
        "coordinates": [
          17.305817453330157,
          62.397222356360814
        ]
      }
    },
    {
      "id": 401,
      "type": "Feature",
      "properties": {
        "name": "Norra Berget informationstavla Krönvägen",
        "type": "Informationstavla",
        "created": "2018-06-29 10:56:49",
        "updated": "2026-01-13 13:59:20",
        "published": true,
        "owner": {
          "organizationID": 175,
          "name": "Sundsvalls kommun Sundsvalls museum"
        },
        "manager": {
          "organizationID": 175,
          "name": "Sundsvalls kommun Sundsvalls museum"
        },
        "fields": [
          {
            "id": 73,
            "name": "Status",
            "type": "DROPDOWN",
            "value": "Fin"
          },
          {
            "id": 89,
            "name": "Fundament",
            "type": "DROPDOWN",
            "value": "Betongplintar"
          },
          {
            "id": 88,
            "name": "Typ av infotavla",
            "type": "DROPDOWN",
            "value": "Ribba 420 bred A2 stående"
          },
          {
            "id": 70,
            "name": "Byggnadsår",
            "type": "INTEGER",
            "value": 2017
          },
          {
            "id": 74,
            "name": "Statusdatum",
            "type": "DATE",
            "value": "2018-06-29"
          },
          {
            "id": 79,
            "name": "Tillhörande filer",
            "type": "FILES",
            "value": [
              {
                "id": 289,
                "filename": "image.jpg",
                "description": "Informationstavla",
                "alttext": "Informationstavla",
                "sourcetext": "Sundsvalls kommun",
                "validForWinter": false,
                "validForSummer": true,
                "sortIndex": 1,
                "type": "image/jpeg",
                "size": 3552339,
                "url": "https://api.sundsvall.se/facilities/2.2/field/filesfield/289",
                "license": "CC0",
                "licenseDescription": "Creative commons. \"No rights reserved\" https://creativecommons.org/share-your-work/public-domain/cc0/"
              },
              {
                "id": 1341,
                "filename": "K_Krönvägen.pdf",
                "description": "Skylt om Krönvägen",
                "alttext": "Skylt om Krönvägen",
                "sourcetext": "Sundsvalls kommun",
                "validForWinter": false,
                "validForSummer": true,
                "sortIndex": 1,
                "type": "application/pdf",
                "size": 792112,
                "url": "https://api.sundsvall.se/facilities/2.2/field/filesfield/1341",
                "license": "CC0",
                "licenseDescription": "Creative commons. \"No rights reserved\" https://creativecommons.org/share-your-work/public-domain/cc0/"
              }
            ]
          },
          {
            "id": 72,
            "name": "Handikappanpassad",
            "type": "TOGGLE",
            "value": "Nej"
          },
          {
            "id": 288,
            "name": "Felanmälan",
            "type": "Felanmälningstjänst",
            "reportName": "Kontakt Sundsvall",
            "reportDescription": "Felanmälan av motionsspår, elljusspår, leder och andra friluftsanläggningar",
            "reportLink": "https://sundsvall.se/kommun-och-politik/politik-och-demokrati/dialog-och-synpunkter/felanmalan",
            "reportPhone": "060-19 10 00",
            "reportEmail": "kontakt@sundsvall.se"
          }
        ],
        "centerPoint": [
          17.300342518042918,
          62.39773613084473
        ]
      },
      "geometry": {
        "type": "Point",
        "coordinates": [
          17.300342518042918,
          62.39773613084473
        ]
      }
    },
    {
      "id": 403,
      "type": "Feature",
      "properties": {
        "name": "Informationstavla Norra Berget - Ludvigsbergsvägen",
        "type": "Informationstavla",
        "created": "2018-06-29 11:22:34",
        "updated": "2022-01-10 13:49:06",
        "published": true,
        "owner": {
          "organizationID": 36,
          "name": "Sundsvalls kommun Friluftsenheten"
        },
        "manager": {
          "organizationID": 36,
          "name": "Sundsvalls kommun Friluftsenheten"
        },
        "fields": [
          {
            "id": 73,
            "name": "Status",
            "type": "DROPDOWN",
            "value": "Fin"
          },
          {
            "id": 89,
            "name": "Fundament",
            "type": "DROPDOWN",
            "value": "Betongplintar"
          },
          {
            "id": 88,
            "name": "Typ av infotavla",
            "type": "DROPDOWN",
            "value": "Ribba 1320 bred A0 liggande"
          },
          {
            "id": 70,
            "name": "Byggnadsår",
            "type": "INTEGER",
            "value": 2017
          },
          {
            "id": 74,
            "name": "Statusdatum",
            "type": "DATE",
            "value": "2018-06-29"
          },
          {
            "id": 79,
            "name": "Tillhörande filer",
            "type": "FILES",
            "value": [
              {
                "id": 290,
                "filename": "image.jpg",
                "description": "Informationstavla",
                "alttext": "Informationstavla",
                "sourcetext": "Anders Erlandsson Friluftsenheten",
                "validForWinter": true,
                "validForSummer": true,
                "sortIndex": 1,
                "type": "image/jpeg",
                "size": 2811192,
                "url": "https://api.sundsvall.se/facilities/2.2/field/filesfield/290",
                "license": "CC0",
                "licenseDescription": "Creative commons. \"No rights reserved\" https://creativecommons.org/share-your-work/public-domain/cc0/"
              },
              {
                "id": 1328,
                "filename": "A0-Skylt Webb.pdf",
                "description": "Informationsskylt",
                "alttext": "Informationsskylt",
                "sourcetext": "Miljökontoret",
                "validForWinter": true,
                "validForSummer": true,
                "sortIndex": 2,
                "type": "application/pdf",
                "size": 1004442,
                "url": "https://api.sundsvall.se/facilities/2.2/field/filesfield/1328",
                "license": "CC0",
                "licenseDescription": "Creative commons. \"No rights reserved\" https://creativecommons.org/share-your-work/public-domain/cc0/"
              }
            ]
          },
          {
            "id": 72,
            "name": "Handikappanpassad",
            "type": "TOGGLE",
            "value": "Nej"
          },
          {
            "id": 288,
            "name": "Felanmälan",
            "type": "Felanmälningstjänst",
            "reportName": "Kontakt Sundsvall",
            "reportDescription": "Felanmälan av motionsspår, elljusspår, leder och andra friluftsanläggningar",
            "reportLink": "https://sundsvall.se/kommun-och-politik/politik-och-demokrati/dialog-och-synpunkter/felanmalan",
            "reportPhone": "060-19 10 00",
            "reportEmail": "kontakt@sundsvall.se"
          },
          {
            "id": 77,
            "name": "Beskrivning",
            "type": "FREETEXT",
            "value": "Informationstavla om Norra bergets naturreservat vid änden av Ludvigsbergsvägen"
          }
        ],
        "centerPoint": [
          17.291642710208418,
          62.39711854392569
        ]
      },
      "geometry": {
        "type": "Point",
        "coordinates": [
          17.291642710208418,
          62.39711854392569
        ]
      }
    },
    {
      "id": 404,
      "type": "Feature",
      "properties": {
        "name": "Informationstavla Norra Berget - entré Tonhallen",
        "type": "Informationstavla",
        "created": "2018-06-29 11:27:26",
        "updated": "2026-03-17 14:54:46",
        "published": true,
        "owner": {
          "organizationID": 36,
          "name": "Sundsvalls kommun Friluftsenheten"
        },
        "manager": {
          "organizationID": 36,
          "name": "Sundsvalls kommun Friluftsenheten"
        },
        "fields": [
          {
            "id": 73,
            "name": "Status",
            "type": "DROPDOWN",
            "value": "Fin"
          },
          {
            "id": 89,
            "name": "Fundament",
            "type": "DROPDOWN",
            "value": "Betongplintar"
          },
          {
            "id": 88,
            "name": "Typ av infotavla",
            "type": "DROPDOWN",
            "value": "Ribba 1320 bred A0 liggande"
          },
          {
            "id": 70,
            "name": "Byggnadsår",
            "type": "INTEGER",
            "value": 2017
          },
          {
            "id": 74,
            "name": "Statusdatum",
            "type": "DATE",
            "value": "2019-10-14"
          },
          {
            "id": 79,
            "name": "Tillhörande filer",
            "type": "FILES",
            "value": [
              {
                "id": 525,
                "filename": "20191014_180338.jpg",
                "description": "Informationstavla",
                "alttext": "Informationstavla",
                "sourcetext": "Anders Erlandsson Friluftsenheten",
                "validForWinter": true,
                "validForSummer": true,
                "sortIndex": 1,
                "type": "image/jpeg",
                "size": 5679511,
                "url": "https://api.sundsvall.se/facilities/2.2/field/filesfield/525",
                "license": "CC0",
                "licenseDescription": "Creative commons. \"No rights reserved\" https://creativecommons.org/share-your-work/public-domain/cc0/"
              },
              {
                "id": 1363,
                "filename": "Långskylt Webb.pdf",
                "description": "Informationsskylt",
                "alttext": "Informationsskylt",
                "sourcetext": "Miljökontoret",
                "validForWinter": true,
                "validForSummer": true,
                "sortIndex": 2,
                "type": "application/pdf",
                "size": 1554044,
                "url": "https://api.sundsvall.se/facilities/2.2/field/filesfield/1363",
                "license": "CC0",
                "licenseDescription": "Creative commons. \"No rights reserved\" https://creativecommons.org/share-your-work/public-domain/cc0/"
              }
            ]
          },
          {
            "id": 72,
            "name": "Handikappanpassad",
            "type": "TOGGLE",
            "value": "Nej"
          },
          {
            "id": 288,
            "name": "Felanmälan",
            "type": "Felanmälningstjänst",
            "reportName": "Kontakt Sundsvall",
            "reportDescription": "Felanmälan av motionsspår, elljusspår, leder och andra friluftsanläggningar",
            "reportLink": "https://sundsvall.se/kommun-och-politik/politik-och-demokrati/dialog-och-synpunkter/felanmalan",
            "reportPhone": "060-19 10 00",
            "reportEmail": "kontakt@sundsvall.se"
          },
          {
            "id": 77,
            "name": "Beskrivning",
            "type": "FREETEXT",
            "value": "Informationstavla för Norra bergets naturreservat vid Tonhallen"
          }
        ],
        "centerPoint": [
          17.287429324571267,
          62.396960992307875
        ]
      },
      "geometry": {
        "type": "Point",
        "coordinates": [
          17.287429324571267,
          62.396960992307875
        ]
      }
    },
    {
      "id": 405,
      "type": "Feature",
      "properties": {
        "name": "Informationstavla Norra Berget - Sydväxtberg",
        "type": "Informationstavla",
        "created": "2018-06-29 11:30:33",
        "updated": "2022-01-10 13:50:38",
        "published": true,
        "owner": {
          "organizationID": 175,
          "name": "Sundsvalls kommun Sundsvalls museum"
        },
        "manager": {
          "organizationID": 175,
          "name": "Sundsvalls kommun Sundsvalls museum"
        },
        "fields": [
          {
            "id": 73,
            "name": "Status",
            "type": "DROPDOWN",
            "value": "Fin"
          },
          {
            "id": 89,
            "name": "Fundament",
            "type": "DROPDOWN",
            "value": "Betongplintar"
          },
          {
            "id": 88,
            "name": "Typ av infotavla",
            "type": "DROPDOWN",
            "value": "Ribba 420 bred A2 stående"
          },
          {
            "id": 70,
            "name": "Byggnadsår",
            "type": "INTEGER",
            "value": 2017
          },
          {
            "id": 74,
            "name": "Statusdatum",
            "type": "DATE",
            "value": "2019-10-14"
          },
          {
            "id": 79,
            "name": "Tillhörande filer",
            "type": "FILES",
            "value": [
              {
                "id": 526,
                "filename": "15710692628092349743298827584570.jpg",
                "description": "Informationstavla",
                "alttext": "Informationstavla",
                "sourcetext": "Anders Erlandsson, Friluftsenheten",
                "validForWinter": true,
                "validForSummer": true,
                "sortIndex": 1,
                "type": "image/jpeg",
                "size": 4639052,
                "url": "https://api.sundsvall.se/facilities/2.2/field/filesfield/526",
                "license": "CC0",
                "licenseDescription": "Creative commons. \"No rights reserved\" https://creativecommons.org/share-your-work/public-domain/cc0/"
              },
              {
                "id": 1329,
                "filename": "N_Sydväxtberg.pdf",
                "description": "Informationstavla",
                "alttext": "Informationstavla",
                "sourcetext": "Miljökontoret",
                "validForWinter": true,
                "validForSummer": true,
                "sortIndex": 2,
                "type": "application/pdf",
                "size": 819654,
                "url": "https://api.sundsvall.se/facilities/2.2/field/filesfield/1329",
                "license": "CC0",
                "licenseDescription": "Creative commons. \"No rights reserved\" https://creativecommons.org/share-your-work/public-domain/cc0/"
              }
            ]
          },
          {
            "id": 72,
            "name": "Handikappanpassad",
            "type": "TOGGLE",
            "value": "Nej"
          },
          {
            "id": 288,
            "name": "Felanmälan",
            "type": "Felanmälningstjänst",
            "reportName": "Kontakt Sundsvall",
            "reportDescription": "Felanmälan av motionsspår, elljusspår, leder och andra friluftsanläggningar",
            "reportLink": "https://sundsvall.se/kommun-och-politik/politik-och-demokrati/dialog-och-synpunkter/felanmalan",
            "reportPhone": "060-19 10 00",
            "reportEmail": "kontakt@sundsvall.se"
          },
          {
            "id": 77,
            "name": "Beskrivning",
            "type": "FREETEXT",
            "value": "Informationstavla för sydväxtberg i Norra bergets naturreservat"
          }
        ],
        "centerPoint": [
          17.2863498272265,
          62.39748865759501
        ]
      },
      "geometry": {
        "type": "Point",
        "coordinates": [
          17.2863498272265,
          62.39748865759501
        ]
      }
    },
    {
      "id": 406,
      "type": "Feature",
      "properties": {
        "name": "Informationstavla Norra Berget - Slåtteräng",
        "type": "Informationstavla",
        "created": "2018-06-29 11:32:32",
        "updated": "2022-01-10 14:10:02",
        "published": true,
        "owner": {
          "organizationID": 175,
          "name": "Sundsvalls kommun Sundsvalls museum"
        },
        "manager": {
          "organizationID": 175,
          "name": "Sundsvalls kommun Sundsvalls museum"
        },
        "fields": [
          {
            "id": 73,
            "name": "Status",
            "type": "DROPDOWN",
            "value": "Fin"
          },
          {
            "id": 89,
            "name": "Fundament",
            "type": "DROPDOWN",
            "value": "Betongplintar"
          },
          {
            "id": 88,
            "name": "Typ av infotavla",
            "type": "DROPDOWN",
            "value": "Ribba 420 bred A2 stående"
          },
          {
            "id": 70,
            "name": "Byggnadsår",
            "type": "INTEGER",
            "value": 2017
          },
          {
            "id": 74,
            "name": "Statusdatum",
            "type": "DATE",
            "value": "2019-10-14"
          },
          {
            "id": 79,
            "name": "Tillhörande filer",
            "type": "FILES",
            "value": [
              {
                "id": 527,
                "filename": "1571069566942976573930947110909.jpg",
                "description": "Informationstavla",
                "alttext": "Informationstavla",
                "sourcetext": "Anders Erlandsson Friluftsenheten",
                "validForWinter": true,
                "validForSummer": true,
                "sortIndex": 1,
                "type": "image/jpeg",
                "size": 4994248,
                "url": "https://api.sundsvall.se/facilities/2.2/field/filesfield/527",
                "license": "CC0",
                "licenseDescription": "Creative commons. \"No rights reserved\" https://creativecommons.org/share-your-work/public-domain/cc0/"
              },
              {
                "id": 1330,
                "filename": "N_Slåtteräng.pdf",
                "description": "Informationsskylt",
                "alttext": "Informationsskylt",
                "sourcetext": "Miljökontoret",
                "validForWinter": true,
                "validForSummer": true,
                "sortIndex": 2,
                "type": "application/pdf",
                "size": 738670,
                "url": "https://api.sundsvall.se/facilities/2.2/field/filesfield/1330",
                "license": "CC0",
                "licenseDescription": "Creative commons. \"No rights reserved\" https://creativecommons.org/share-your-work/public-domain/cc0/"
              }
            ]
          },
          {
            "id": 72,
            "name": "Handikappanpassad",
            "type": "TOGGLE",
            "value": "Nej"
          },
          {
            "id": 288,
            "name": "Felanmälan",
            "type": "Felanmälningstjänst",
            "reportName": "Kontakt Sundsvall",
            "reportDescription": "Felanmälan av motionsspår, elljusspår, leder och andra friluftsanläggningar",
            "reportLink": "https://sundsvall.se/kommun-och-politik/politik-och-demokrati/dialog-och-synpunkter/felanmalan",
            "reportPhone": "060-19 10 00",
            "reportEmail": "kontakt@sundsvall.se"
          },
          {
            "id": 77,
            "name": "Beskrivning",
            "type": "FREETEXT",
            "value": "Informationstavla om slåtterängar i Norra bergets naturreservat"
          }
        ],
        "centerPoint": [
          17.28400709579102,
          62.39784062076728
        ]
      },
      "geometry": {
        "type": "Point",
        "coordinates": [
          17.28400709579102,
          62.39784062076728
        ]
      }
    },
    {
      "id": 407,
      "type": "Feature",
      "properties": {
        "name": "Informationstavla Rosenvägen",
        "type": "Informationstavla",
        "created": "2018-06-29 11:43:27",
        "updated": "2022-01-10 14:11:49",
        "published": true,
        "owner": {
          "organizationID": 175,
          "name": "Sundsvalls kommun Sundsvalls museum"
        },
        "manager": {
          "organizationID": 175,
          "name": "Sundsvalls kommun Sundsvalls museum"
        },
        "fields": [
          {
            "id": 73,
            "name": "Status",
            "type": "DROPDOWN",
            "value": "Fin"
          },
          {
            "id": 89,
            "name": "Fundament",
            "type": "DROPDOWN",
            "value": "Betongplintar"
          },
          {
            "id": 88,
            "name": "Typ av infotavla",
            "type": "DROPDOWN",
            "value": "Ribba 1320 bred A0 liggande"
          },
          {
            "id": 70,
            "name": "Byggnadsår",
            "type": "INTEGER",
            "value": 2017
          },
          {
            "id": 71,
            "name": "Renoveringsår",
            "type": "INTEGER",
            "value": 2018
          },
          {
            "id": 74,
            "name": "Statusdatum",
            "type": "DATE",
            "value": "2019-10-14"
          },
          {
            "id": 79,
            "name": "Tillhörande filer",
            "type": "FILES",
            "value": [
              {
                "id": 529,
                "filename": "15710702911277262465877512797177.jpg",
                "description": "Informationstavla",
                "alttext": "Informationstavla",
                "sourcetext": "Anders Erlandsson Friluftsenheten",
                "validForWinter": true,
                "validForSummer": true,
                "sortIndex": 1,
                "type": "image/jpeg",
                "size": 5699260,
                "url": "https://api.sundsvall.se/facilities/2.2/field/filesfield/529",
                "license": "CC0",
                "licenseDescription": "Creative commons. \"No rights reserved\" https://creativecommons.org/share-your-work/public-domain/cc0/"
              },
              {
                "id": 294,
                "filename": "image.jpg",
                "description": "Informationstavla",
                "alttext": "Informationstavla",
                "sourcetext": "Anders Erlandsson Friluftsenheten",
                "validForWinter": true,
                "validForSummer": true,
                "sortIndex": 2,
                "type": "image/jpeg",
                "size": 4675457,
                "url": "https://api.sundsvall.se/facilities/2.2/field/filesfield/294",
                "license": "CC0",
                "licenseDescription": "Creative commons. \"No rights reserved\" https://creativecommons.org/share-your-work/public-domain/cc0/"
              },
              {
                "id": 1332,
                "filename": "A0-Skylt Webb.pdf",
                "description": "Informationsskylt",
                "alttext": "Informationsskylt",
                "sourcetext": "Miljökontoret",
                "validForWinter": true,
                "validForSummer": true,
                "sortIndex": 3,
                "type": "application/pdf",
                "size": 1004442,
                "url": "https://api.sundsvall.se/facilities/2.2/field/filesfield/1332",
                "license": "CC0",
                "licenseDescription": "Creative commons. \"No rights reserved\" https://creativecommons.org/share-your-work/public-domain/cc0/"
              }
            ]
          },
          {
            "id": 72,
            "name": "Handikappanpassad",
            "type": "TOGGLE",
            "value": "Nej"
          },
          {
            "id": 288,
            "name": "Felanmälan",
            "type": "Felanmälningstjänst",
            "reportName": "Kontakt Sundsvall",
            "reportDescription": "Felanmälan av motionsspår, elljusspår, leder och andra friluftsanläggningar",
            "reportLink": "https://sundsvall.se/kommun-och-politik/politik-och-demokrati/dialog-och-synpunkter/felanmalan",
            "reportPhone": "060-19 10 00",
            "reportEmail": "kontakt@sundsvall.se"
          },
          {
            "id": 77,
            "name": "Beskrivning",
            "type": "FREETEXT",
            "value": "Informationstavla för Norra bergets naturreservat vid änden av Rosenvägen"
          }
        ],
        "centerPoint": [
          17.27828649293525,
          62.39926096584382
        ]
      },
      "geometry": {
        "type": "Point",
        "coordinates": [
          17.27828649293525,
          62.39926096584382
        ]
      }
    },
    {
      "id": 408,
      "type": "Feature",
      "properties": {
        "name": "Informationstavla Norra Berget - Stenmur",
        "type": "Informationstavla",
        "created": "2018-06-29 11:44:23",
        "updated": "2022-01-10 14:12:31",
        "published": true,
        "owner": {
          "organizationID": 175,
          "name": "Sundsvalls kommun Sundsvalls museum"
        },
        "manager": {
          "organizationID": 175,
          "name": "Sundsvalls kommun Sundsvalls museum"
        },
        "fields": [
          {
            "id": 73,
            "name": "Status",
            "type": "DROPDOWN",
            "value": "Fin"
          },
          {
            "id": 89,
            "name": "Fundament",
            "type": "DROPDOWN",
            "value": "Betongplintar"
          },
          {
            "id": 88,
            "name": "Typ av infotavla",
            "type": "DROPDOWN",
            "value": "Ribba 420 bred A2 stående"
          },
          {
            "id": 70,
            "name": "Byggnadsår",
            "type": "INTEGER",
            "value": 2017
          },
          {
            "id": 74,
            "name": "Statusdatum",
            "type": "DATE",
            "value": "2019-10-14"
          },
          {
            "id": 79,
            "name": "Tillhörande filer",
            "type": "FILES",
            "value": [
              {
                "id": 528,
                "filename": "15710699169338481411201951349360.jpg",
                "description": "Informationstavla",
                "alttext": "Informationstavla",
                "sourcetext": "Anders Erlandsson Friluftsenheten",
                "validForWinter": true,
                "validForSummer": true,
                "sortIndex": 1,
                "type": "image/jpeg",
                "size": 4658916,
                "url": "https://api.sundsvall.se/facilities/2.2/field/filesfield/528",
                "license": "CC0",
                "licenseDescription": "Creative commons. \"No rights reserved\" https://creativecommons.org/share-your-work/public-domain/cc0/"
              },
              {
                "id": 295,
                "filename": "image.jpg",
                "description": "Informationstavla",
                "alttext": "Informationstavla",
                "sourcetext": "Anders Erlandsson Friluftsenheten",
                "validForWinter": true,
                "validForSummer": true,
                "sortIndex": 2,
                "type": "image/jpeg",
                "size": 3888338,
                "url": "https://api.sundsvall.se/facilities/2.2/field/filesfield/295",
                "license": "CC0",
                "licenseDescription": "Creative commons. \"No rights reserved\" https://creativecommons.org/share-your-work/public-domain/cc0/"
              },
              {
                "id": 1331,
                "filename": "K_Stenmurar.pdf",
                "description": "Informationsskylt",
                "alttext": "Informationsskylt",
                "sourcetext": "Miljökontoret",
                "validForWinter": true,
                "validForSummer": true,
                "sortIndex": 3,
                "type": "application/pdf",
                "size": 740260,
                "url": "https://api.sundsvall.se/facilities/2.2/field/filesfield/1331",
                "license": "CC0",
                "licenseDescription": "Creative commons. \"No rights reserved\" https://creativecommons.org/share-your-work/public-domain/cc0/"
              }
            ]
          },
          {
            "id": 72,
            "name": "Handikappanpassad",
            "type": "TOGGLE",
            "value": "Nej"
          },
          {
            "id": 288,
            "name": "Felanmälan",
            "type": "Felanmälningstjänst",
            "reportName": "Kontakt Sundsvall",
            "reportDescription": "Felanmälan av motionsspår, elljusspår, leder och andra friluftsanläggningar",
            "reportLink": "https://sundsvall.se/kommun-och-politik/politik-och-demokrati/dialog-och-synpunkter/felanmalan",
            "reportPhone": "060-19 10 00",
            "reportEmail": "kontakt@sundsvall.se"
          },
          {
            "id": 77,
            "name": "Beskrivning",
            "type": "FREETEXT",
            "value": "Informationstavla om stenmurar i Norra bergets naturreservat"
          }
        ],
        "centerPoint": [
          17.281567732570004,
          62.39843896777843
        ]
      },
      "geometry": {
        "type": "Point",
        "coordinates": [
          17.281567732570004,
          62.39843896777843
        ]
      }
    },
    {
      "id": 409,
      "type": "Feature",
      "properties": {
        "name": "Informationstavla Norra Berget - entré Håkanstå",
        "type": "Informationstavla",
        "created": "2018-06-29 12:07:22",
        "updated": "2026-01-13 13:34:31",
        "published": true,
        "owner": {
          "organizationID": 175,
          "name": "Sundsvalls kommun Sundsvalls museum"
        },
        "manager": {
          "organizationID": 175,
          "name": "Sundsvalls kommun Sundsvalls museum"
        },
        "fields": [
          {
            "id": 73,
            "name": "Status",
            "type": "DROPDOWN",
            "value": "Fin"
          },
          {
            "id": 89,
            "name": "Fundament",
            "type": "DROPDOWN",
            "value": "Betongplintar"
          },
          {
            "id": 88,
            "name": "Typ av infotavla",
            "type": "DROPDOWN",
            "value": "Ribba 1320 bred A0 liggande"
          },
          {
            "id": 70,
            "name": "Byggnadsår",
            "type": "INTEGER",
            "value": 2017
          },
          {
            "id": 74,
            "name": "Statusdatum",
            "type": "DATE",
            "value": "2018-06-29"
          },
          {
            "id": 79,
            "name": "Tillhörande filer",
            "type": "FILES",
            "value": [
              {
                "id": 296,
                "filename": "image.jpg",
                "description": "Informationstavla",
                "alttext": "Informationstavla",
                "sourcetext": "Sundsvalls kommun",
                "validForWinter": false,
                "validForSummer": true,
                "sortIndex": 1,
                "type": "image/jpeg",
                "size": 3575808,
                "url": "https://api.sundsvall.se/facilities/2.2/field/filesfield/296",
                "license": "CC0",
                "licenseDescription": "Creative commons. \"No rights reserved\" https://creativecommons.org/share-your-work/public-domain/cc0/"
              },
              {
                "id": 1333,
                "filename": "A0-Skylt Webb.pdf",
                "description": "Naturreservatsskylt",
                "alttext": "Naturreservatsskylt",
                "sourcetext": "Sundsvalls kommun",
                "validForWinter": false,
                "validForSummer": false,
                "sortIndex": 2,
                "type": "application/pdf",
                "size": 1004442,
                "url": "https://api.sundsvall.se/facilities/2.2/field/filesfield/1333",
                "license": "CC0",
                "licenseDescription": "Creative commons. \"No rights reserved\" https://creativecommons.org/share-your-work/public-domain/cc0/"
              }
            ]
          },
          {
            "id": 72,
            "name": "Handikappanpassad",
            "type": "TOGGLE",
            "value": "Nej"
          },
          {
            "id": 288,
            "name": "Felanmälan",
            "type": "Felanmälningstjänst",
            "reportName": "Kontakt Sundsvall",
            "reportDescription": "Felanmälan av motionsspår, elljusspår, leder och andra friluftsanläggningar",
            "reportLink": "https://sundsvall.se/kommun-och-politik/politik-och-demokrati/dialog-och-synpunkter/felanmalan",
            "reportPhone": "060-19 10 00",
            "reportEmail": "kontakt@sundsvall.se"
          },
          {
            "id": 77,
            "name": "Beskrivning",
            "type": "FREETEXT",
            "value": "Informationstavla Norra Bergets naturreservat vid Håkanstå"
          }
        ],
        "centerPoint": [
          17.27606871857856,
          62.40251810828442
        ]
      },
      "geometry": {
        "type": "Point",
        "coordinates": [
          17.27606871857856,
          62.40251810828442
        ]
      }
    },
    {
      "id": 410,
      "type": "Feature",
      "properties": {
        "name": "Norra Berget entré Bureplatsen",
        "type": "Informationstavla",
        "created": "2018-06-29 12:11:52",
        "updated": "2026-01-13 13:35:22",
        "published": true,
        "owner": {
          "organizationID": 175,
          "name": "Sundsvalls kommun Sundsvalls museum"
        },
        "manager": {
          "organizationID": 175,
          "name": "Sundsvalls kommun Sundsvalls museum"
        },
        "fields": [
          {
            "id": 73,
            "name": "Status",
            "type": "DROPDOWN",
            "value": "Fin"
          },
          {
            "id": 89,
            "name": "Fundament",
            "type": "DROPDOWN",
            "value": "Betongplintar"
          },
          {
            "id": 88,
            "name": "Typ av infotavla",
            "type": "DROPDOWN",
            "value": "Ribba 1320 bred A0 liggande"
          },
          {
            "id": 70,
            "name": "Byggnadsår",
            "type": "INTEGER",
            "value": 2017
          },
          {
            "id": 74,
            "name": "Statusdatum",
            "type": "DATE",
            "value": "2018-06-29"
          },
          {
            "id": 79,
            "name": "Tillhörande filer",
            "type": "FILES",
            "value": [
              {
                "id": 1337,
                "filename": "A0-Skylt Webb.pdf",
                "description": "Natuureservatsskylt",
                "alttext": "Natuureservatsskylt",
                "sourcetext": "Sundsvalls kommun",
                "validForWinter": false,
                "validForSummer": false,
                "sortIndex": null,
                "type": "application/pdf",
                "size": 1004442,
                "url": "https://api.sundsvall.se/facilities/2.2/field/filesfield/1337",
                "license": "CC0",
                "licenseDescription": "Creative commons. \"No rights reserved\" https://creativecommons.org/share-your-work/public-domain/cc0/"
              },
              {
                "id": 297,
                "filename": "image.jpg",
                "description": "Informationstavla",
                "alttext": "Informationstavla",
                "sourcetext": "Sundsvalls kommun",
                "validForWinter": false,
                "validForSummer": true,
                "sortIndex": 1,
                "type": "image/jpeg",
                "size": 3227968,
                "url": "https://api.sundsvall.se/facilities/2.2/field/filesfield/297",
                "license": "CC0",
                "licenseDescription": "Creative commons. \"No rights reserved\" https://creativecommons.org/share-your-work/public-domain/cc0/"
              }
            ]
          },
          {
            "id": 72,
            "name": "Handikappanpassad",
            "type": "TOGGLE",
            "value": "Nej"
          },
          {
            "id": 288,
            "name": "Felanmälan",
            "type": "Felanmälningstjänst",
            "reportName": "Kontakt Sundsvall",
            "reportDescription": "Felanmälan av motionsspår, elljusspår, leder och andra friluftsanläggningar",
            "reportLink": "https://sundsvall.se/kommun-och-politik/politik-och-demokrati/dialog-och-synpunkter/felanmalan",
            "reportPhone": "060-19 10 00",
            "reportEmail": "kontakt@sundsvall.se"
          }
        ],
        "centerPoint": [
          17.281271128155236,
          62.40450848179108
        ]
      },
      "geometry": {
        "type": "Point",
        "coordinates": [
          17.281271128155236,
          62.40450848179108
        ]
      }
    },
    {
      "id": 446,
      "type": "Feature",
      "properties": {
        "name": "Informationstavla Viggesjöns strandbad",
        "type": "Informationstavla",
        "created": "2018-07-02 10:45:26",
        "updated": "2020-06-30 11:29:23",
        "published": true,
        "owner": {
          "organizationID": 36,
          "name": "Sundsvalls kommun Friluftsenheten"
        },
        "manager": {
          "organizationID": 36,
          "name": "Sundsvalls kommun Friluftsenheten"
        },
        "fields": [
          {
            "id": 73,
            "name": "Status",
            "type": "DROPDOWN",
            "value": "Fin"
          },
          {
            "id": 89,
            "name": "Fundament",
            "type": "DROPDOWN",
            "value": "Betongplintar"
          },
          {
            "id": 88,
            "name": "Typ av infotavla",
            "type": "DROPDOWN",
            "value": "Övrigt"
          },
          {
            "id": 70,
            "name": "Byggnadsår",
            "type": "INTEGER",
            "value": 2013
          },
          {
            "id": 74,
            "name": "Statusdatum",
            "type": "DATE",
            "value": "2018-07-02"
          },
          {
            "id": 79,
            "name": "Tillhörande filer",
            "type": "FILES",
            "value": [
              {
                "id": 332,
                "filename": "image.jpg",
                "validForWinter": false,
                "validForSummer": false,
                "sortIndex": null,
                "type": "image/jpeg",
                "size": 1521544,
                "url": "https://api.sundsvall.se/facilities/2.2/field/filesfield/332",
                "license": "CC0",
                "licenseDescription": "Creative commons. \"No rights reserved\" https://creativecommons.org/share-your-work/public-domain/cc0/"
              }
            ]
          },
          {
            "id": 72,
            "name": "Handikappanpassad",
            "type": "TOGGLE",
            "value": "Nej"
          },
          {
            "id": 288,
            "name": "Felanmälan",
            "type": "Felanmälningstjänst",
            "reportName": "Kontakt Sundsvall",
            "reportDescription": "Felanmälan av motionsspår, elljusspår, leder och andra friluftsanläggningar",
            "reportLink": "https://sundsvall.se/kommun-och-politik/politik-och-demokrati/dialog-och-synpunkter/felanmalan",
            "reportPhone": "060-19 10 00",
            "reportEmail": "kontakt@sundsvall.se"
          }
        ],
        "centerPoint": [
          16.687994122671775,
          62.303375413636665
        ]
      },
      "geometry": {
        "type": "Point",
        "coordinates": [
          16.687994122671775,
          62.303375413636665
        ]
      }
    },
    {
      "id": 508,
      "type": "Feature",
      "properties": {
        "name": "Ede badplats Informationstavla",
        "type": "Informationstavla",
        "created": "2018-07-06 12:51:19",
        "updated": "2020-09-09 11:37:36",
        "published": true,
        "owner": {
          "organizationID": 36,
          "name": "Sundsvalls kommun Friluftsenheten"
        },
        "manager": {
          "organizationID": 36,
          "name": "Sundsvalls kommun Friluftsenheten"
        },
        "fields": [
          {
            "id": 73,
            "name": "Status",
            "type": "DROPDOWN",
            "value": "Fin"
          },
          {
            "id": 89,
            "name": "Fundament",
            "type": "DROPDOWN",
            "value": "Trä i jord"
          },
          {
            "id": 88,
            "name": "Typ av infotavla",
            "type": "DROPDOWN",
            "value": "Övrigt"
          },
          {
            "id": 70,
            "name": "Byggnadsår",
            "type": "INTEGER",
            "value": 2010
          },
          {
            "id": 74,
            "name": "Statusdatum",
            "type": "DATE",
            "value": "2018-07-06"
          },
          {
            "id": 79,
            "name": "Tillhörande filer",
            "type": "FILES",
            "value": [
              {
                "id": 393,
                "filename": "IMG_1857.JPG",
                "validForWinter": false,
                "validForSummer": false,
                "sortIndex": null,
                "type": "image/jpeg",
                "size": 3656151,
                "url": "https://api.sundsvall.se/facilities/2.2/field/filesfield/393",
                "license": "CC0",
                "licenseDescription": "Creative commons. \"No rights reserved\" https://creativecommons.org/share-your-work/public-domain/cc0/"
              }
            ]
          },
          {
            "id": 72,
            "name": "Handikappanpassad",
            "type": "TOGGLE",
            "value": "Nej"
          },
          {
            "id": 288,
            "name": "Felanmälan",
            "type": "Felanmälningstjänst",
            "reportName": "Kontakt Sundsvall",
            "reportDescription": "Felanmälan av motionsspår, elljusspår, leder och andra friluftsanläggningar",
            "reportLink": "https://sundsvall.se/kommun-och-politik/politik-och-demokrati/dialog-och-synpunkter/felanmalan",
            "reportPhone": "060-19 10 00",
            "reportEmail": "kontakt@sundsvall.se"
          }
        ],
        "centerPoint": [
          16.491051661403915,
          62.41845901682792
        ]
      },
      "geometry": {
        "type": "Point",
        "coordinates": [
          16.491051661403915,
          62.41845901682792
        ]
      }
    },
    {
      "id": 515,
      "type": "Feature",
      "properties": {
        "name": "Badplats Pallviken",
        "type": "Informationstavla",
        "created": "2018-07-06 13:01:55",
        "updated": "2020-07-07 20:11:02",
        "published": true,
        "owner": {
          "organizationID": 36,
          "name": "Sundsvalls kommun Friluftsenheten"
        },
        "manager": {
          "organizationID": 36,
          "name": "Sundsvalls kommun Friluftsenheten"
        },
        "fields": [
          {
            "id": 73,
            "name": "Status",
            "type": "DROPDOWN",
            "value": "Sliten"
          },
          {
            "id": 89,
            "name": "Fundament",
            "type": "DROPDOWN",
            "value": "Betongplintar"
          },
          {
            "id": 88,
            "name": "Typ av infotavla",
            "type": "DROPDOWN",
            "value": "Övrigt"
          },
          {
            "id": 70,
            "name": "Byggnadsår",
            "type": "INTEGER",
            "value": 2010
          },
          {
            "id": 74,
            "name": "Statusdatum",
            "type": "DATE",
            "value": "2018-07-06"
          },
          {
            "id": 79,
            "name": "Tillhörande filer",
            "type": "FILES",
            "value": [
              {
                "id": 400,
                "filename": "IMG_1870.JPG",
                "validForWinter": false,
                "validForSummer": false,
                "sortIndex": null,
                "type": "image/jpeg",
                "size": 3035896,
                "url": "https://api.sundsvall.se/facilities/2.2/field/filesfield/400",
                "license": "CC0",
                "licenseDescription": "Creative commons. \"No rights reserved\" https://creativecommons.org/share-your-work/public-domain/cc0/"
              }
            ]
          },
          {
            "id": 72,
            "name": "Handikappanpassad",
            "type": "TOGGLE",
            "value": "Nej"
          },
          {
            "id": 288,
            "name": "Felanmälan",
            "type": "Felanmälningstjänst",
            "reportName": "Kontakt Sundsvall",
            "reportDescription": "Felanmälan av motionsspår, elljusspår, leder och andra friluftsanläggningar",
            "reportLink": "https://sundsvall.se/kommun-och-politik/politik-och-demokrati/dialog-och-synpunkter/felanmalan",
            "reportPhone": "060-19 10 00",
            "reportEmail": "kontakt@sundsvall.se"
          }
        ],
        "centerPoint": [
          17.148688343160135,
          62.309187296172716
        ]
      },
      "geometry": {
        "type": "Point",
        "coordinates": [
          17.148688343160135,
          62.309187296172716
        ]
      }
    },
    {
      "id": 525,
      "type": "Feature",
      "properties": {
        "name": "Informationstavla Södra spårområdet Medskogsbron",
        "type": "Informationstavla",
        "created": "2018-07-06 13:10:16",
        "updated": "2023-08-15 14:41:11",
        "published": true,
        "owner": {
          "organizationID": 36,
          "name": "Sundsvalls kommun Friluftsenheten"
        },
        "manager": {
          "organizationID": 36,
          "name": "Sundsvalls kommun Friluftsenheten"
        },
        "fields": [
          {
            "id": 73,
            "name": "Status",
            "type": "DROPDOWN",
            "value": "Fin"
          },
          {
            "id": 89,
            "name": "Fundament",
            "type": "DROPDOWN",
            "value": "Betongplintar"
          },
          {
            "id": 88,
            "name": "Typ av infotavla",
            "type": "DROPDOWN",
            "value": "Ribba 1320 bred A0 liggande"
          },
          {
            "id": 70,
            "name": "Byggnadsår",
            "type": "INTEGER",
            "value": 2019
          },
          {
            "id": 74,
            "name": "Statusdatum",
            "type": "DATE",
            "value": "2020-04-02"
          },
          {
            "id": 72,
            "name": "Handikappanpassad",
            "type": "TOGGLE",
            "value": "Nej"
          },
          {
            "id": 288,
            "name": "Felanmälan",
            "type": "Felanmälningstjänst",
            "reportName": "Kontakt Sundsvall",
            "reportDescription": "Felanmälan av motionsspår, elljusspår, leder och andra friluftsanläggningar",
            "reportLink": "https://sundsvall.se/kommun-och-politik/politik-och-demokrati/dialog-och-synpunkter/felanmalan",
            "reportPhone": "060-19 10 00",
            "reportEmail": "kontakt@sundsvall.se"
          },
          {
            "id": 77,
            "name": "Beskrivning",
            "type": "FREETEXT",
            "value": "Information om SÖdra spårområdet och Svanängsstugan"
          },
          {
            "id": 247,
            "name": "Belysning",
            "type": "FREETEXT",
            "value": "Nej"
          },
          {
            "id": 297,
            "name": "Externt id",
            "type": "FREETEXT",
            "value": "37"
          }
        ],
        "centerPoint": [
          17.2376801568721,
          62.35468518297393
        ]
      },
      "geometry": {
        "type": "Point",
        "coordinates": [
          17.2376801568721,
          62.35468518297393
        ]
      }
    },
    {
      "id": 527,
      "type": "Feature",
      "properties": {
        "name": "Badplats Östtjärn infotavla",
        "type": "Informationstavla",
        "created": "2018-07-06 13:12:57",
        "updated": "2026-06-22 08:44:21",
        "published": true,
        "parentObjects": [
          526
        ],
        "owner": {
          "organizationID": 36,
          "name": "Sundsvalls kommun Friluftsenheten"
        },
        "manager": {
          "organizationID": 36,
          "name": "Sundsvalls kommun Friluftsenheten"
        },
        "fields": [
          {
            "id": 73,
            "name": "Status",
            "type": "DROPDOWN",
            "value": "Sliten"
          },
          {
            "id": 89,
            "name": "Fundament",
            "type": "DROPDOWN",
            "value": "Betongplintar"
          },
          {
            "id": 88,
            "name": "Typ av infotavla",
            "type": "DROPDOWN",
            "value": "Övrigt"
          },
          {
            "id": 70,
            "name": "Byggnadsår",
            "type": "INTEGER",
            "value": 2012
          },
          {
            "id": 74,
            "name": "Statusdatum",
            "type": "DATE",
            "value": "2018-07-06"
          },
          {
            "id": 79,
            "name": "Tillhörande filer",
            "type": "FILES",
            "value": [
              {
                "id": 413,
                "filename": "34F24AF6-2D4A-46B0-8120-3A2EB40B3F5F.jpeg",
                "description": "Informationstavla",
                "alttext": "Informationstavla",
                "sourcetext": "",
                "validForWinter": true,
                "validForSummer": true,
                "sortIndex": 1,
                "type": "image/jpeg",
                "size": 2266518,
                "url": "https://api.sundsvall.se/facilities/2.2/field/filesfield/413",
                "license": "CC0",
                "licenseDescription": "Creative commons. \"No rights reserved\" https://creativecommons.org/share-your-work/public-domain/cc0/"
              }
            ]
          },
          {
            "id": 72,
            "name": "Handikappanpassad",
            "type": "TOGGLE",
            "value": "Nej"
          },
          {
            "id": 288,
            "name": "Felanmälan",
            "type": "Felanmälningstjänst",
            "reportName": "Kontakt Sundsvall",
            "reportDescription": "Felanmälan av motionsspår, elljusspår, leder och andra friluftsanläggningar",
            "reportLink": "https://sundsvall.se/kommun-och-politik/politik-och-demokrati/dialog-och-synpunkter/felanmalan",
            "reportPhone": "060-19 10 00",
            "reportEmail": "kontakt@sundsvall.se"
          }
        ],
        "centerPoint": [
          17.26979022335669,
          62.327806123519
        ]
      },
      "geometry": {
        "type": "Point",
        "coordinates": [
          17.26979022335669,
          62.327806123519
        ]
      }
    },
    {
      "id": 574,
      "type": "Feature",
      "properties": {
        "name": "Infotavla stornäset",
        "type": "Informationstavla",
        "created": "2018-08-07 09:53:08",
        "updated": "2020-09-25 09:43:03",
        "published": true,
        "owner": {
          "organizationID": 83,
          "name": "länsstyrelsen västernorrland"
        },
        "manager": {
          "organizationID": 83,
          "name": "länsstyrelsen västernorrland"
        },
        "fields": [
          {
            "id": 73,
            "name": "Status",
            "type": "DROPDOWN",
            "value": "Fin"
          },
          {
            "id": 89,
            "name": "Fundament",
            "type": "DROPDOWN",
            "value": "Trä i jord"
          },
          {
            "id": 88,
            "name": "Typ av infotavla",
            "type": "DROPDOWN",
            "value": "Rundstolp ryggåstak råsponttavla"
          },
          {
            "id": 70,
            "name": "Byggnadsår",
            "type": "INTEGER",
            "value": 2018
          },
          {
            "id": 71,
            "name": "Renoveringsår",
            "type": "INTEGER",
            "value": 2018
          },
          {
            "id": 74,
            "name": "Statusdatum",
            "type": "DATE",
            "value": "2018-08-07"
          },
          {
            "id": 79,
            "name": "Tillhörande filer",
            "type": "FILES",
            "value": [
              {
                "id": 440,
                "filename": "image.jpg",
                "validForWinter": false,
                "validForSummer": false,
                "sortIndex": null,
                "type": "image/jpeg",
                "size": 2639843,
                "url": "https://api.sundsvall.se/facilities/2.2/field/filesfield/440",
                "license": "CC0",
                "licenseDescription": "Creative commons. \"No rights reserved\" https://creativecommons.org/share-your-work/public-domain/cc0/"
              }
            ]
          },
          {
            "id": 72,
            "name": "Handikappanpassad",
            "type": "TOGGLE",
            "value": "Nej"
          }
        ],
        "centerPoint": [
          17.47577247866803,
          62.45418192726294
        ]
      },
      "geometry": {
        "type": "Point",
        "coordinates": [
          17.47577247866803,
          62.45418192726294
        ]
      }
    },
    {
      "id": 586,
      "type": "Feature",
      "properties": {
        "name": "infotavla kungsnäs",
        "type": "Informationstavla",
        "created": "2018-08-07 16:01:45",
        "updated": "2021-04-21 13:22:52",
        "published": true,
        "owner": {
          "organizationID": 259,
          "name": "S:t Olavsleden förvaltning ekonomisk förening"
        },
        "manager": {
          "organizationID": 259,
          "name": "S:t Olavsleden förvaltning ekonomisk förening"
        },
        "fields": [
          {
            "id": 73,
            "name": "Status",
            "type": "DROPDOWN",
            "value": "Fin"
          },
          {
            "id": 89,
            "name": "Fundament",
            "type": "DROPDOWN",
            "value": "Betongplintar"
          },
          {
            "id": 88,
            "name": "Typ av infotavla",
            "type": "DROPDOWN",
            "value": "Ribba 1320 bred A0 liggande"
          },
          {
            "id": 74,
            "name": "Statusdatum",
            "type": "DATE",
            "value": "2018-08-07"
          },
          {
            "id": 79,
            "name": "Tillhörande filer",
            "type": "FILES",
            "value": [
              {
                "id": 447,
                "filename": "image.jpg",
                "description": "Informationstavla",
                "alttext": "Informationstavla",
                "sourcetext": "",
                "validForWinter": true,
                "validForSummer": true,
                "sortIndex": 1,
                "type": "image/jpeg",
                "size": 2588814,
                "url": "https://api.sundsvall.se/facilities/2.2/field/filesfield/447",
                "license": "CC0",
                "licenseDescription": "Creative commons. \"No rights reserved\" https://creativecommons.org/share-your-work/public-domain/cc0/"
              }
            ]
          },
          {
            "id": 72,
            "name": "Handikappanpassad",
            "type": "TOGGLE",
            "value": "Nej"
          }
        ],
        "centerPoint": [
          17.20815655614451,
          62.40813534099989
        ]
      },
      "geometry": {
        "type": "Point",
        "coordinates": [
          17.20815655614451,
          62.40813534099989
        ]
      }
    },
    {
      "id": 598,
      "type": "Feature",
      "properties": {
        "name": "Infotavla nolbyströmmen",
        "type": "Informationstavla",
        "created": "2018-08-09 11:18:12",
        "updated": "2020-12-16 18:40:40",
        "published": true,
        "fields": [
          {
            "id": 73,
            "name": "Status",
            "type": "DROPDOWN",
            "value": "Fin"
          },
          {
            "id": 89,
            "name": "Fundament",
            "type": "DROPDOWN",
            "value": "Trä i jord"
          },
          {
            "id": 88,
            "name": "Typ av infotavla",
            "type": "DROPDOWN",
            "value": "Rundstolp ryggåstak råsponttavla"
          },
          {
            "id": 74,
            "name": "Statusdatum",
            "type": "DATE",
            "value": "2018-08-09"
          },
          {
            "id": 79,
            "name": "Tillhörande filer",
            "type": "FILES",
            "value": [
              {
                "id": 456,
                "filename": "image.jpg",
                "description": "",
                "alttext": "",
                "sourcetext": "",
                "validForWinter": true,
                "validForSummer": true,
                "sortIndex": 1,
                "type": "image/jpeg",
                "size": 2552294,
                "url": "https://api.sundsvall.se/facilities/2.2/field/filesfield/456",
                "license": "CC0",
                "licenseDescription": "Creative commons. \"No rights reserved\" https://creativecommons.org/share-your-work/public-domain/cc0/"
              }
            ]
          },
          {
            "id": 72,
            "name": "Handikappanpassad",
            "type": "TOGGLE",
            "value": "Nej"
          }
        ],
        "centerPoint": [
          17.314946849503585,
          62.297304531249935
        ]
      },
      "geometry": {
        "type": "Point",
        "coordinates": [
          17.314946849503585,
          62.297304531249935
        ]
      }
    },
    {
      "id": 601,
      "type": "Feature",
      "properties": {
        "name": "Infotavla Gisselåsen",
        "type": "Informationstavla",
        "created": "2018-08-09 14:20:57",
        "updated": "2020-07-08 18:29:53",
        "published": true,
        "owner": {
          "organizationID": 258,
          "name": "Kraftur islandshästförening"
        },
        "manager": {
          "organizationID": 258,
          "name": "Kraftur islandshästförening"
        },
        "fields": [
          {
            "id": 73,
            "name": "Status",
            "type": "DROPDOWN",
            "value": "Fin"
          },
          {
            "id": 89,
            "name": "Fundament",
            "type": "DROPDOWN",
            "value": "Betongplintar"
          },
          {
            "id": 88,
            "name": "Typ av infotavla",
            "type": "DROPDOWN",
            "value": "Övrigt"
          },
          {
            "id": 70,
            "name": "Byggnadsår",
            "type": "INTEGER",
            "value": 2018
          },
          {
            "id": 71,
            "name": "Renoveringsår",
            "type": "INTEGER",
            "value": 2018
          },
          {
            "id": 74,
            "name": "Statusdatum",
            "type": "DATE",
            "value": "2018-08-09"
          },
          {
            "id": 79,
            "name": "Tillhörande filer",
            "type": "FILES",
            "value": [
              {
                "id": 1562,
                "filename": "20200708_094031.jpg",
                "validForWinter": false,
                "validForSummer": false,
                "sortIndex": null,
                "type": "image/jpeg",
                "size": 7637518,
                "url": "https://api.sundsvall.se/facilities/2.2/field/filesfield/1562",
                "license": "CC0",
                "licenseDescription": "Creative commons. \"No rights reserved\" https://creativecommons.org/share-your-work/public-domain/cc0/"
              },
              {
                "id": 458,
                "filename": "image.jpg",
                "validForWinter": false,
                "validForSummer": false,
                "sortIndex": null,
                "type": "image/jpeg",
                "size": 2676838,
                "url": "https://api.sundsvall.se/facilities/2.2/field/filesfield/458",
                "license": "CC0",
                "licenseDescription": "Creative commons. \"No rights reserved\" https://creativecommons.org/share-your-work/public-domain/cc0/"
              }
            ]
          },
          {
            "id": 72,
            "name": "Handikappanpassad",
            "type": "TOGGLE",
            "value": "Nej"
          }
        ],
        "centerPoint": [
          17.074413375790186,
          62.37869829273747
        ]
      },
      "geometry": {
        "type": "Point",
        "coordinates": [
          17.074413375790186,
          62.37869829273747
        ]
      }
    },
    {
      "id": 614,
      "type": "Feature",
      "properties": {
        "name": "Infotavla Smedsgårdens naturreservat",
        "type": "Informationstavla",
        "created": "2018-08-10 15:29:13",
        "updated": "2020-09-25 10:04:36",
        "published": true,
        "owner": {
          "organizationID": 83,
          "name": "länsstyrelsen västernorrland"
        },
        "manager": {
          "organizationID": 83,
          "name": "länsstyrelsen västernorrland"
        },
        "fields": [
          {
            "id": 73,
            "name": "Status",
            "type": "DROPDOWN",
            "value": "Fin"
          },
          {
            "id": 89,
            "name": "Fundament",
            "type": "DROPDOWN",
            "value": "Trä i jord"
          },
          {
            "id": 88,
            "name": "Typ av infotavla",
            "type": "DROPDOWN",
            "value": "Övrigt"
          },
          {
            "id": 70,
            "name": "Byggnadsår",
            "type": "INTEGER",
            "value": 2018
          },
          {
            "id": 71,
            "name": "Renoveringsår",
            "type": "INTEGER",
            "value": 2018
          },
          {
            "id": 74,
            "name": "Statusdatum",
            "type": "DATE",
            "value": "2018-08-10"
          },
          {
            "id": 79,
            "name": "Tillhörande filer",
            "type": "FILES",
            "value": [
              {
                "id": 466,
                "filename": "image.jpg",
                "validForWinter": false,
                "validForSummer": false,
                "sortIndex": null,
                "type": "image/jpeg",
                "size": 2098068,
                "url": "https://api.sundsvall.se/facilities/2.2/field/filesfield/466",
                "license": "CC0",
                "licenseDescription": "Creative commons. \"No rights reserved\" https://creativecommons.org/share-your-work/public-domain/cc0/"
              }
            ]
          },
          {
            "id": 72,
            "name": "Handikappanpassad",
            "type": "TOGGLE",
            "value": "Nej"
          },
          {
            "id": 77,
            "name": "Beskrivning",
            "type": "FREETEXT",
            "value": "Informationstavla vid Smedsgårdens naturreservat med områdesinformation"
          }
        ],
        "centerPoint": [
          17.442953601182282,
          62.4433203717826
        ]
      },
      "geometry": {
        "type": "Point",
        "coordinates": [
          17.442953601182282,
          62.4433203717826
        ]
      }
    },
    {
      "id": 616,
      "type": "Feature",
      "properties": {
        "name": "infotavla åa",
        "type": "Informationstavla",
        "created": "2018-08-10 15:40:40",
        "published": false
      },
      "geometry": null
    },
    {
      "id": 617,
      "type": "Feature",
      "properties": {
        "name": "Infotavla högänge",
        "type": "Informationstavla",
        "created": "2018-08-13 09:26:45",
        "published": false
      },
      "geometry": null
    },
    {
      "id": 618,
      "type": "Feature",
      "properties": {
        "name": "Infotavla gräfte",
        "type": "Informationstavla",
        "created": "2018-08-13 11:02:41",
        "published": false
      },
      "geometry": null
    },
    {
      "id": 619,
      "type": "Feature",
      "properties": {
        "name": "Infotavla långören",
        "type": "Informationstavla",
        "created": "2018-08-13 14:25:29",
        "updated": "2025-12-12 10:19:41",
        "published": true,
        "owner": {
          "organizationID": 82,
          "name": "länsstyrelsen"
        },
        "manager": {
          "organizationID": 82,
          "name": "länsstyrelsen"
        },
        "fields": [
          {
            "id": 73,
            "name": "Status",
            "type": "DROPDOWN",
            "value": "Fin"
          },
          {
            "id": 89,
            "name": "Fundament",
            "type": "DROPDOWN",
            "value": "Trä i jord"
          },
          {
            "id": 88,
            "name": "Typ av infotavla",
            "type": "DROPDOWN",
            "value": "Ribba 1320 bred A0 liggande"
          },
          {
            "id": 70,
            "name": "Byggnadsår",
            "type": "INTEGER",
            "value": 2018
          },
          {
            "id": 71,
            "name": "Renoveringsår",
            "type": "INTEGER",
            "value": 2018
          },
          {
            "id": 74,
            "name": "Statusdatum",
            "type": "DATE",
            "value": "2018-08-13"
          },
          {
            "id": 79,
            "name": "Tillhörande filer",
            "type": "FILES",
            "value": [
              {
                "id": 470,
                "filename": "image.jpg",
                "description": "Informationstavla Långörens naturreservat",
                "alttext": "Informationstavla",
                "sourcetext": "Sundsvalls kommun",
                "validForWinter": true,
                "validForSummer": true,
                "sortIndex": 1,
                "type": "image/jpeg",
                "size": 2505029,
                "url": "https://api.sundsvall.se/facilities/2.2/field/filesfield/470",
                "license": "CC0",
                "licenseDescription": "Creative commons. \"No rights reserved\" https://creativecommons.org/share-your-work/public-domain/cc0/"
              }
            ]
          },
          {
            "id": 72,
            "name": "Handikappanpassad",
            "type": "TOGGLE",
            "value": "Nej"
          }
        ],
        "centerPoint": [
          17.501962320416194,
          62.14727853793676
        ]
      },
      "geometry": {
        "type": "Point",
        "coordinates": [
          17.501962320416194,
          62.14727853793676
        ]
      }
    },
    {
      "id": 623,
      "type": "Feature",
      "properties": {
        "name": "Infotavla salen",
        "type": "Informationstavla",
        "created": "2018-08-14 09:33:23",
        "updated": "2020-04-06 19:43:47",
        "published": false
      },
      "geometry": null
    },
    {
      "id": 630,
      "type": "Feature",
      "properties": {
        "name": "Infotavla hovid",
        "type": "Informationstavla",
        "created": "2018-08-14 15:26:36",
        "updated": "2020-09-25 09:31:18",
        "published": true,
        "fields": [
          {
            "id": 73,
            "name": "Status",
            "type": "DROPDOWN",
            "value": "Fin"
          },
          {
            "id": 89,
            "name": "Fundament",
            "type": "DROPDOWN",
            "value": "Betongplintar"
          },
          {
            "id": 88,
            "name": "Typ av infotavla",
            "type": "DROPDOWN",
            "value": "Ribba 1320 bred A0 liggande"
          },
          {
            "id": 74,
            "name": "Statusdatum",
            "type": "DATE",
            "value": "2018-08-14"
          },
          {
            "id": 79,
            "name": "Tillhörande filer",
            "type": "FILES",
            "value": [
              {
                "id": 481,
                "filename": "image.jpg",
                "validForWinter": false,
                "validForSummer": false,
                "sortIndex": null,
                "type": "image/jpeg",
                "size": 3545152,
                "url": "https://api.sundsvall.se/facilities/2.2/field/filesfield/481",
                "license": "CC0",
                "licenseDescription": "Creative commons. \"No rights reserved\" https://creativecommons.org/share-your-work/public-domain/cc0/"
              }
            ]
          },
          {
            "id": 72,
            "name": "Handikappanpassad",
            "type": "TOGGLE",
            "value": "Nej"
          },
          {
            "id": 77,
            "name": "Beskrivning",
            "type": "FREETEXT",
            "value": "Alnöitbreccia i Hovid (naturminne) - en 20 m bred gång av grönbrun alnöitbreccia i vägskärning."
          }
        ],
        "centerPoint": [
          17.377234859290514,
          62.472303361536135
        ]
      },
      "geometry": {
        "type": "Point",
        "coordinates": [
          17.377234859290514,
          62.472303361536135
        ]
      }
    },
    {
      "id": 634,
      "type": "Feature",
      "properties": {
        "name": "Infotavla stornäset",
        "type": "Informationstavla",
        "created": "2018-08-15 14:54:25",
        "updated": "2020-09-25 09:45:35",
        "published": true,
        "fields": [
          {
            "id": 73,
            "name": "Status",
            "type": "DROPDOWN",
            "value": "Fin"
          },
          {
            "id": 89,
            "name": "Fundament",
            "type": "DROPDOWN",
            "value": "Betongplintar"
          },
          {
            "id": 88,
            "name": "Typ av infotavla",
            "type": "DROPDOWN",
            "value": "Övrigt"
          },
          {
            "id": 70,
            "name": "Byggnadsår",
            "type": "INTEGER",
            "value": 2018
          },
          {
            "id": 71,
            "name": "Renoveringsår",
            "type": "INTEGER",
            "value": 2018
          },
          {
            "id": 74,
            "name": "Statusdatum",
            "type": "DATE",
            "value": "2018-08-15"
          },
          {
            "id": 79,
            "name": "Tillhörande filer",
            "type": "FILES",
            "value": [
              {
                "id": 484,
                "filename": "image.jpg",
                "validForWinter": false,
                "validForSummer": false,
                "sortIndex": null,
                "type": "image/jpeg",
                "size": 2685283,
                "url": "https://api.sundsvall.se/facilities/2.2/field/filesfield/484",
                "license": "CC0",
                "licenseDescription": "Creative commons. \"No rights reserved\" https://creativecommons.org/share-your-work/public-domain/cc0/"
              }
            ]
          },
          {
            "id": 72,
            "name": "Handikappanpassad",
            "type": "TOGGLE",
            "value": "Nej"
          },
          {
            "id": 77,
            "name": "Beskrivning",
            "type": "FREETEXT",
            "value": "Informationstavla vid norra entrén med områdesinformation"
          }
        ],
        "centerPoint": [
          17.48557006085003,
          62.45765619378287
        ]
      },
      "geometry": {
        "type": "Point",
        "coordinates": [
          17.48557006085003,
          62.45765619378287
        ]
      }
    },
    {
      "id": 636,
      "type": "Feature",
      "properties": {
        "name": "Infotavla stornäset",
        "type": "Informationstavla",
        "created": "2018-08-15 15:10:17",
        "updated": "2020-09-25 09:56:48",
        "published": true,
        "owner": {
          "organizationID": 83,
          "name": "länsstyrelsen västernorrland"
        },
        "manager": {
          "organizationID": 83,
          "name": "länsstyrelsen västernorrland"
        },
        "fields": [
          {
            "id": 73,
            "name": "Status",
            "type": "DROPDOWN",
            "value": "Fin"
          },
          {
            "id": 89,
            "name": "Fundament",
            "type": "DROPDOWN",
            "value": "Betongplintar"
          },
          {
            "id": 88,
            "name": "Typ av infotavla",
            "type": "DROPDOWN",
            "value": "Övrigt"
          },
          {
            "id": 74,
            "name": "Statusdatum",
            "type": "DATE",
            "value": "2018-08-15"
          },
          {
            "id": 79,
            "name": "Tillhörande filer",
            "type": "FILES",
            "value": [
              {
                "id": 486,
                "filename": "image.jpg",
                "validForWinter": false,
                "validForSummer": false,
                "sortIndex": null,
                "type": "image/jpeg",
                "size": 2990276,
                "url": "https://api.sundsvall.se/facilities/2.2/field/filesfield/486",
                "license": "CC0",
                "licenseDescription": "Creative commons. \"No rights reserved\" https://creativecommons.org/share-your-work/public-domain/cc0/"
              }
            ]
          },
          {
            "id": 72,
            "name": "Handikappanpassad",
            "type": "TOGGLE",
            "value": "Nej"
          },
          {
            "id": 77,
            "name": "Beskrivning",
            "type": "FREETEXT",
            "value": "Informationstavla vid Stornäskajen med områdesinformation."
          }
        ],
        "centerPoint": [
          17.483580855528235,
          62.46168301722841
        ]
      },
      "geometry": {
        "type": "Point",
        "coordinates": [
          17.483580855528235,
          62.46168301722841
        ]
      }
    },
    {
      "id": 969,
      "type": "Feature",
      "properties": {
        "name": "Start Södra Bergets naturstig 1 Start",
        "type": "Informationstavla",
        "created": "2019-10-29 15:11:48",
        "updated": "2026-04-08 15:14:19",
        "published": true,
        "parentObjects": [
          695,
          968,
          4142
        ],
        "owner": {
          "organizationID": 36,
          "name": "Sundsvalls kommun Friluftsenheten"
        },
        "manager": {
          "organizationID": 36,
          "name": "Sundsvalls kommun Friluftsenheten"
        },
        "fields": [
          {
            "id": 73,
            "name": "Status",
            "type": "DROPDOWN",
            "value": "Fin"
          },
          {
            "id": 89,
            "name": "Fundament",
            "type": "DROPDOWN",
            "value": "Betongplintar"
          },
          {
            "id": 88,
            "name": "Typ av infotavla",
            "type": "DROPDOWN",
            "value": "Ribba 1320 bred A0 liggande"
          },
          {
            "id": 70,
            "name": "Byggnadsår",
            "type": "INTEGER",
            "value": 2019
          },
          {
            "id": 74,
            "name": "Statusdatum",
            "type": "DATE",
            "value": "2019-10-29"
          },
          {
            "id": 79,
            "name": "Tillhörande filer",
            "type": "FILES",
            "value": [
              {
                "id": 774,
                "filename": "DSC_4679.jpg",
                "description": "Informationstavla start Naturstigen",
                "alttext": "Informationstavla start Naturstigen",
                "sourcetext": "Friluftsenheten",
                "validForWinter": false,
                "validForSummer": true,
                "sortIndex": 1,
                "type": "image/jpeg",
                "size": 1840421,
                "url": "https://api.sundsvall.se/facilities/2.2/field/filesfield/774",
                "license": "CC0",
                "licenseDescription": "Creative commons. \"No rights reserved\" https://creativecommons.org/share-your-work/public-domain/cc0/"
              },
              {
                "id": 780,
                "filename": "DSC_4678.jpg",
                "description": "Informationstavla start Naturstigen",
                "alttext": "Informationstavla start Naturstigen",
                "sourcetext": "Friluftsenheten",
                "validForWinter": false,
                "validForSummer": true,
                "sortIndex": 2,
                "type": "image/jpeg",
                "size": 3528617,
                "url": "https://api.sundsvall.se/facilities/2.2/field/filesfield/780",
                "license": "CC0",
                "licenseDescription": "Creative commons. \"No rights reserved\" https://creativecommons.org/share-your-work/public-domain/cc0/"
              },
              {
                "id": 775,
                "filename": "Naturstigen_1320x1400-skylt_190912_PRINT--.pdf",
                "description": "Informationstavla start Naturstigen",
                "alttext": "Informationstavla start Naturstigen",
                "sourcetext": "Friluftsenheten",
                "validForWinter": true,
                "validForSummer": true,
                "sortIndex": 3,
                "type": "application/pdf",
                "size": 889564,
                "url": "https://api.sundsvall.se/facilities/2.2/field/filesfield/775",
                "license": "CC0",
                "licenseDescription": "Creative commons. \"No rights reserved\" https://creativecommons.org/share-your-work/public-domain/cc0/"
              }
            ]
          },
          {
            "id": 72,
            "name": "Handikappanpassad",
            "type": "TOGGLE",
            "value": "Nej"
          },
          {
            "id": 288,
            "name": "Felanmälan",
            "type": "Felanmälningstjänst",
            "reportName": "Kontakt Sundsvall",
            "reportDescription": "Felanmälan av motionsspår, elljusspår, leder och andra friluftsanläggningar",
            "reportLink": "https://sundsvall.se/kommun-och-politik/politik-och-demokrati/dialog-och-synpunkter/felanmalan",
            "reportPhone": "060-19 10 00",
            "reportEmail": "kontakt@sundsvall.se"
          },
          {
            "id": 77,
            "name": "Beskrivning",
            "type": "FREETEXT",
            "value": "Informationstavla vid starten av Södra bergets naturstig"
          },
          {
            "id": 297,
            "name": "Externt id",
            "type": "FREETEXT",
            "value": "50"
          }
        ],
        "centerPoint": [
          17.312040977300136,
          62.36658046891434
        ]
      },
      "geometry": {
        "type": "Point",
        "coordinates": [
          17.312040977300136,
          62.36658046891434
        ]
      }
    },
    {
      "id": 971,
      "type": "Feature",
      "properties": {
        "name": "Södra Bergets naturstig 2 Skogens bär",
        "type": "Informationstavla",
        "created": "2019-10-29 15:22:12",
        "updated": "2026-06-22 09:42:43",
        "published": true,
        "parentObjects": [
          778,
          968
        ],
        "owner": {
          "organizationID": 36,
          "name": "Sundsvalls kommun Friluftsenheten"
        },
        "manager": {
          "organizationID": 36,
          "name": "Sundsvalls kommun Friluftsenheten"
        },
        "fields": [
          {
            "id": 73,
            "name": "Status",
            "type": "DROPDOWN",
            "value": "Fin"
          },
          {
            "id": 88,
            "name": "Typ av infotavla",
            "type": "DROPDOWN",
            "value": "Ribba 297 bred A3 stående"
          },
          {
            "id": 70,
            "name": "Byggnadsår",
            "type": "INTEGER",
            "value": 2019
          },
          {
            "id": 74,
            "name": "Statusdatum",
            "type": "DATE",
            "value": "2019-10-29"
          },
          {
            "id": 79,
            "name": "Tillhörande filer",
            "type": "FILES",
            "value": [
              {
                "id": 782,
                "filename": "DSC_4682.jpg",
                "description": "Informationstavla Skogens bär Naturstigen",
                "alttext": "Informationstavla Skogens bär Naturstigen",
                "sourcetext": "",
                "validForWinter": false,
                "validForSummer": true,
                "sortIndex": 1,
                "type": "image/jpeg",
                "size": 1976072,
                "url": "https://api.sundsvall.se/facilities/2.2/field/filesfield/782",
                "license": "CC0",
                "licenseDescription": "Creative commons. \"No rights reserved\" https://creativecommons.org/share-your-work/public-domain/cc0/"
              },
              {
                "id": 783,
                "filename": "Naturstigen_A3-skyltar_190913_2SkogensBär.pdf",
                "description": "Informationstavla Skogens bär Naturstigen",
                "alttext": "Informationstavla Skogens bär Naturstigen",
                "sourcetext": "",
                "validForWinter": true,
                "validForSummer": true,
                "sortIndex": 2,
                "type": "application/pdf",
                "size": 237483,
                "url": "https://api.sundsvall.se/facilities/2.2/field/filesfield/783",
                "license": "CC0",
                "licenseDescription": "Creative commons. \"No rights reserved\" https://creativecommons.org/share-your-work/public-domain/cc0/"
              }
            ]
          },
          {
            "id": 72,
            "name": "Handikappanpassad",
            "type": "TOGGLE",
            "value": "Nej"
          },
          {
            "id": 288,
            "name": "Felanmälan",
            "type": "Felanmälningstjänst",
            "reportName": "Kontakt Sundsvall",
            "reportDescription": "Felanmälan av motionsspår, elljusspår, leder och andra friluftsanläggningar",
            "reportLink": "https://sundsvall.se/kommun-och-politik/politik-och-demokrati/dialog-och-synpunkter/felanmalan",
            "reportPhone": "060-19 10 00",
            "reportEmail": "kontakt@sundsvall.se"
          },
          {
            "id": 77,
            "name": "Beskrivning",
            "type": "FREETEXT",
            "value": "Informationstavla om skogens bär längs Södra bergets naturstig"
          }
        ],
        "centerPoint": [
          17.312570901288247,
          62.365667699800305
        ]
      },
      "geometry": {
        "type": "Point",
        "coordinates": [
          17.312570901288247,
          62.365667699800305
        ]
      }
    },
    {
      "id": 972,
      "type": "Feature",
      "properties": {
        "name": "Södra Bergets Naturstig 3 Tallen",
        "type": "Informationstavla",
        "created": "2019-10-29 15:25:50",
        "updated": "2025-02-17 10:40:08",
        "published": true,
        "parentObjects": [
          968
        ],
        "owner": {
          "organizationID": 36,
          "name": "Sundsvalls kommun Friluftsenheten"
        },
        "manager": {
          "organizationID": 36,
          "name": "Sundsvalls kommun Friluftsenheten"
        },
        "fields": [
          {
            "id": 73,
            "name": "Status",
            "type": "DROPDOWN",
            "value": "Fin"
          },
          {
            "id": 88,
            "name": "Typ av infotavla",
            "type": "DROPDOWN",
            "value": "Ribba 297 bred A3 stående"
          },
          {
            "id": 70,
            "name": "Byggnadsår",
            "type": "INTEGER",
            "value": 2019
          },
          {
            "id": 74,
            "name": "Statusdatum",
            "type": "DATE",
            "value": "2019-10-29"
          },
          {
            "id": 79,
            "name": "Tillhörande filer",
            "type": "FILES",
            "value": [
              {
                "id": 786,
                "filename": "DSC_4683.jpg",
                "description": "Informationstavla Tallen Naturstigen",
                "alttext": "Informationstavla Tallen Naturstigen",
                "sourcetext": "",
                "validForWinter": false,
                "validForSummer": true,
                "sortIndex": 1,
                "type": "image/jpeg",
                "size": 2625444,
                "url": "https://api.sundsvall.se/facilities/2.2/field/filesfield/786",
                "license": "CC0",
                "licenseDescription": "Creative commons. \"No rights reserved\" https://creativecommons.org/share-your-work/public-domain/cc0/"
              },
              {
                "id": 785,
                "filename": "Naturstigen_A3-skyltar_190913_3Tallen.pdf",
                "description": "Informationstavla Tallen Naturstigen",
                "alttext": "Informationstavla Tallen Naturstigen",
                "sourcetext": "",
                "validForWinter": true,
                "validForSummer": true,
                "sortIndex": 2,
                "type": "application/pdf",
                "size": 1012218,
                "url": "https://api.sundsvall.se/facilities/2.2/field/filesfield/785",
                "license": "CC0",
                "licenseDescription": "Creative commons. \"No rights reserved\" https://creativecommons.org/share-your-work/public-domain/cc0/"
              }
            ]
          },
          {
            "id": 72,
            "name": "Handikappanpassad",
            "type": "TOGGLE",
            "value": "Nej"
          },
          {
            "id": 288,
            "name": "Felanmälan",
            "type": "Felanmälningstjänst",
            "reportName": "Kontakt Sundsvall",
            "reportDescription": "Felanmälan av motionsspår, elljusspår, leder och andra friluftsanläggningar",
            "reportLink": "https://sundsvall.se/kommun-och-politik/politik-och-demokrati/dialog-och-synpunkter/felanmalan",
            "reportPhone": "060-19 10 00",
            "reportEmail": "kontakt@sundsvall.se"
          }
        ],
        "centerPoint": [
          17.31274849342099,
          62.36533786651133
        ]
      },
      "geometry": {
        "type": "Point",
        "coordinates": [
          17.31274849342099,
          62.36533786651133
        ]
      }
    },
    {
      "id": 973,
      "type": "Feature",
      "properties": {
        "name": "Södra Bergets naturstig 4 Mossor och lavar",
        "type": "Informationstavla",
        "created": "2019-10-29 15:29:21",
        "updated": "2025-02-17 10:40:08",
        "published": true,
        "parentObjects": [
          968
        ],
        "owner": {
          "organizationID": 36,
          "name": "Sundsvalls kommun Friluftsenheten"
        },
        "manager": {
          "organizationID": 36,
          "name": "Sundsvalls kommun Friluftsenheten"
        },
        "fields": [
          {
            "id": 73,
            "name": "Status",
            "type": "DROPDOWN",
            "value": "Fin"
          },
          {
            "id": 88,
            "name": "Typ av infotavla",
            "type": "DROPDOWN",
            "value": "Ribba 297 bred A3 stående"
          },
          {
            "id": 70,
            "name": "Byggnadsår",
            "type": "INTEGER",
            "value": 2019
          },
          {
            "id": 74,
            "name": "Statusdatum",
            "type": "DATE",
            "value": "2019-10-29"
          },
          {
            "id": 79,
            "name": "Tillhörande filer",
            "type": "FILES",
            "value": [
              {
                "id": 788,
                "filename": "DSC_4687.jpg",
                "description": "Informationstavla Mossor och lavar Naturstigen",
                "alttext": "Informationstavla Mossor och lavar Naturstigen",
                "sourcetext": "",
                "validForWinter": false,
                "validForSummer": true,
                "sortIndex": 1,
                "type": "image/jpeg",
                "size": 2084518,
                "url": "https://api.sundsvall.se/facilities/2.2/field/filesfield/788",
                "license": "CC0",
                "licenseDescription": "Creative commons. \"No rights reserved\" https://creativecommons.org/share-your-work/public-domain/cc0/"
              },
              {
                "id": 787,
                "filename": "Naturstigen_A3-skyltar_190913_4MossorOchLavar.pdf",
                "description": "Informationstavla Mossor och lavar Naturstigen",
                "alttext": "Informationstavla Mossor och lavar Naturstigen",
                "sourcetext": "",
                "validForWinter": true,
                "validForSummer": true,
                "sortIndex": 2,
                "type": "application/pdf",
                "size": 442026,
                "url": "https://api.sundsvall.se/facilities/2.2/field/filesfield/787",
                "license": "CC0",
                "licenseDescription": "Creative commons. \"No rights reserved\" https://creativecommons.org/share-your-work/public-domain/cc0/"
              }
            ]
          },
          {
            "id": 72,
            "name": "Handikappanpassad",
            "type": "TOGGLE",
            "value": "Nej"
          },
          {
            "id": 288,
            "name": "Felanmälan",
            "type": "Felanmälningstjänst",
            "reportName": "Kontakt Sundsvall",
            "reportDescription": "Felanmälan av motionsspår, elljusspår, leder och andra friluftsanläggningar",
            "reportLink": "https://sundsvall.se/kommun-och-politik/politik-och-demokrati/dialog-och-synpunkter/felanmalan",
            "reportPhone": "060-19 10 00",
            "reportEmail": "kontakt@sundsvall.se"
          },
          {
            "id": 77,
            "name": "Beskrivning",
            "type": "FREETEXT",
            "value": "Informationstavla om mossor och lavar längs Södra bergets naturstig"
          }
        ],
        "centerPoint": [
          17.313748328462463,
          62.364790062481234
        ]
      },
      "geometry": {
        "type": "Point",
        "coordinates": [
          17.313748328462463,
          62.364790062481234
        ]
      }
    },
    {
      "id": 977,
      "type": "Feature",
      "properties": {
        "name": "Södra Bergets naturstig 5 Myren",
        "type": "Informationstavla",
        "created": "2019-10-29 15:50:44",
        "updated": "2025-02-17 10:40:08",
        "published": true,
        "parentObjects": [
          968
        ],
        "owner": {
          "organizationID": 36,
          "name": "Sundsvalls kommun Friluftsenheten"
        },
        "manager": {
          "organizationID": 36,
          "name": "Sundsvalls kommun Friluftsenheten"
        },
        "fields": [
          {
            "id": 73,
            "name": "Status",
            "type": "DROPDOWN",
            "value": "Fin"
          },
          {
            "id": 88,
            "name": "Typ av infotavla",
            "type": "DROPDOWN",
            "value": "Ribba 297 bred A3 stående"
          },
          {
            "id": 70,
            "name": "Byggnadsår",
            "type": "INTEGER",
            "value": 2019
          },
          {
            "id": 74,
            "name": "Statusdatum",
            "type": "DATE",
            "value": "2019-10-29"
          },
          {
            "id": 79,
            "name": "Tillhörande filer",
            "type": "FILES",
            "value": [
              {
                "id": 789,
                "filename": "DSC_4692.jpg",
                "description": "Informationstavla Myren Naturstigen",
                "alttext": "Informationstavla Myren Naturstigen",
                "sourcetext": "",
                "validForWinter": false,
                "validForSummer": true,
                "sortIndex": 1,
                "type": "image/jpeg",
                "size": 2728244,
                "url": "https://api.sundsvall.se/facilities/2.2/field/filesfield/789",
                "license": "CC0",
                "licenseDescription": "Creative commons. \"No rights reserved\" https://creativecommons.org/share-your-work/public-domain/cc0/"
              },
              {
                "id": 790,
                "filename": "Naturstigen_A3-skyltar_190913_5Myren.pdf",
                "description": "Informationstavla Myren Naturstigen",
                "alttext": "Informationstavla Myren Naturstigen",
                "sourcetext": "",
                "validForWinter": true,
                "validForSummer": true,
                "sortIndex": 2,
                "type": "application/pdf",
                "size": 250036,
                "url": "https://api.sundsvall.se/facilities/2.2/field/filesfield/790",
                "license": "CC0",
                "licenseDescription": "Creative commons. \"No rights reserved\" https://creativecommons.org/share-your-work/public-domain/cc0/"
              }
            ]
          },
          {
            "id": 72,
            "name": "Handikappanpassad",
            "type": "TOGGLE",
            "value": "Nej"
          },
          {
            "id": 288,
            "name": "Felanmälan",
            "type": "Felanmälningstjänst",
            "reportName": "Kontakt Sundsvall",
            "reportDescription": "Felanmälan av motionsspår, elljusspår, leder och andra friluftsanläggningar",
            "reportLink": "https://sundsvall.se/kommun-och-politik/politik-och-demokrati/dialog-och-synpunkter/felanmalan",
            "reportPhone": "060-19 10 00",
            "reportEmail": "kontakt@sundsvall.se"
          },
          {
            "id": 77,
            "name": "Beskrivning",
            "type": "FREETEXT",
            "value": "Informationstavla om myren längs Södra bergets naturstig"
          }
        ],
        "centerPoint": [
          17.314889815128485,
          62.364566260921706
        ]
      },
      "geometry": {
        "type": "Point",
        "coordinates": [
          17.314889815128485,
          62.364566260921706
        ]
      }
    },
    {
      "id": 978,
      "type": "Feature",
      "properties": {
        "name": "Södra Bergets naturstig 6 Granen",
        "type": "Informationstavla",
        "created": "2019-10-29 15:52:29",
        "updated": "2025-02-17 10:40:08",
        "published": true,
        "parentObjects": [
          968
        ],
        "owner": {
          "organizationID": 36,
          "name": "Sundsvalls kommun Friluftsenheten"
        },
        "manager": {
          "organizationID": 36,
          "name": "Sundsvalls kommun Friluftsenheten"
        },
        "fields": [
          {
            "id": 73,
            "name": "Status",
            "type": "DROPDOWN",
            "value": "Fin"
          },
          {
            "id": 88,
            "name": "Typ av infotavla",
            "type": "DROPDOWN",
            "value": "Ribba 297 bred A3 stående"
          },
          {
            "id": 70,
            "name": "Byggnadsår",
            "type": "INTEGER",
            "value": 2019
          },
          {
            "id": 74,
            "name": "Statusdatum",
            "type": "DATE",
            "value": "2019-10-29"
          },
          {
            "id": 79,
            "name": "Tillhörande filer",
            "type": "FILES",
            "value": [
              {
                "id": 792,
                "filename": "DSC_4695.jpg",
                "description": "Informationstavla Granen Naturstigen",
                "alttext": "Informationstavla Granen Naturstigen",
                "sourcetext": "",
                "validForWinter": false,
                "validForSummer": true,
                "sortIndex": 1,
                "type": "image/jpeg",
                "size": 3338816,
                "url": "https://api.sundsvall.se/facilities/2.2/field/filesfield/792",
                "license": "CC0",
                "licenseDescription": "Creative commons. \"No rights reserved\" https://creativecommons.org/share-your-work/public-domain/cc0/"
              },
              {
                "id": 791,
                "filename": "Naturstigen_A3-skyltar_190913_6Granen.pdf",
                "description": "Informationstavla Granen Naturstigen",
                "alttext": "Informationstavla Granen Naturstigen",
                "sourcetext": "",
                "validForWinter": true,
                "validForSummer": true,
                "sortIndex": 2,
                "type": "application/pdf",
                "size": 247982,
                "url": "https://api.sundsvall.se/facilities/2.2/field/filesfield/791",
                "license": "CC0",
                "licenseDescription": "Creative commons. \"No rights reserved\" https://creativecommons.org/share-your-work/public-domain/cc0/"
              }
            ]
          },
          {
            "id": 72,
            "name": "Handikappanpassad",
            "type": "TOGGLE",
            "value": "Nej"
          },
          {
            "id": 288,
            "name": "Felanmälan",
            "type": "Felanmälningstjänst",
            "reportName": "Kontakt Sundsvall",
            "reportDescription": "Felanmälan av motionsspår, elljusspår, leder och andra friluftsanläggningar",
            "reportLink": "https://sundsvall.se/kommun-och-politik/politik-och-demokrati/dialog-och-synpunkter/felanmalan",
            "reportPhone": "060-19 10 00",
            "reportEmail": "kontakt@sundsvall.se"
          },
          {
            "id": 77,
            "name": "Beskrivning",
            "type": "FREETEXT",
            "value": "Informationstavla om granen längs Södra bergets naturstig"
          }
        ],
        "centerPoint": [
          17.315751774244394,
          62.36479759642773
        ]
      },
      "geometry": {
        "type": "Point",
        "coordinates": [
          17.315751774244394,
          62.36479759642773
        ]
      }
    },
    {
      "id": 980,
      "type": "Feature",
      "properties": {
        "name": "Södra Bergets naturstig 7 Flyttblocket",
        "type": "Informationstavla",
        "created": "2019-10-29 15:54:01",
        "updated": "2025-02-17 10:40:08",
        "published": true,
        "parentObjects": [
          968
        ],
        "owner": {
          "organizationID": 36,
          "name": "Sundsvalls kommun Friluftsenheten"
        },
        "manager": {
          "organizationID": 36,
          "name": "Sundsvalls kommun Friluftsenheten"
        },
        "fields": [
          {
            "id": 73,
            "name": "Status",
            "type": "DROPDOWN",
            "value": "Fin"
          },
          {
            "id": 88,
            "name": "Typ av infotavla",
            "type": "DROPDOWN",
            "value": "Ribba 297 bred A3 stående"
          },
          {
            "id": 70,
            "name": "Byggnadsår",
            "type": "INTEGER",
            "value": 2019
          },
          {
            "id": 74,
            "name": "Statusdatum",
            "type": "DATE",
            "value": "2019-10-29"
          },
          {
            "id": 79,
            "name": "Tillhörande filer",
            "type": "FILES",
            "value": [
              {
                "id": 793,
                "filename": "DSC_4696.jpg",
                "description": "Informationstavla Flyttblocket Naturstigen",
                "alttext": "Informationstavla Flyttblocket Naturstigen",
                "sourcetext": "",
                "validForWinter": false,
                "validForSummer": true,
                "sortIndex": 1,
                "type": "image/jpeg",
                "size": 2377071,
                "url": "https://api.sundsvall.se/facilities/2.2/field/filesfield/793",
                "license": "CC0",
                "licenseDescription": "Creative commons. \"No rights reserved\" https://creativecommons.org/share-your-work/public-domain/cc0/"
              },
              {
                "id": 794,
                "filename": "Naturstigen_A3-skyltar_190913_7Flyttblocket.pdf",
                "description": "Informationstavla Flyttblocket Naturstigen",
                "alttext": "Informationstavla Flyttblocket Naturstigen",
                "sourcetext": "",
                "validForWinter": true,
                "validForSummer": true,
                "sortIndex": 2,
                "type": "application/pdf",
                "size": 223605,
                "url": "https://api.sundsvall.se/facilities/2.2/field/filesfield/794",
                "license": "CC0",
                "licenseDescription": "Creative commons. \"No rights reserved\" https://creativecommons.org/share-your-work/public-domain/cc0/"
              }
            ]
          },
          {
            "id": 72,
            "name": "Handikappanpassad",
            "type": "TOGGLE",
            "value": "Nej"
          },
          {
            "id": 288,
            "name": "Felanmälan",
            "type": "Felanmälningstjänst",
            "reportName": "Kontakt Sundsvall",
            "reportDescription": "Felanmälan av motionsspår, elljusspår, leder och andra friluftsanläggningar",
            "reportLink": "https://sundsvall.se/kommun-och-politik/politik-och-demokrati/dialog-och-synpunkter/felanmalan",
            "reportPhone": "060-19 10 00",
            "reportEmail": "kontakt@sundsvall.se"
          },
          {
            "id": 77,
            "name": "Beskrivning",
            "type": "FREETEXT",
            "value": "Informationstavla om flyttblock"
          }
        ],
        "centerPoint": [
          17.317009643338917,
          62.36549014143451
        ]
      },
      "geometry": {
        "type": "Point",
        "coordinates": [
          17.317009643338917,
          62.36549014143451
        ]
      }
    },
    {
      "id": 981,
      "type": "Feature",
      "properties": {
        "name": "Södra Bergets naturstig 8 Hällmarkstallskogen",
        "type": "Informationstavla",
        "created": "2019-10-29 15:55:43",
        "updated": "2025-02-17 10:40:08",
        "published": true,
        "parentObjects": [
          968
        ],
        "owner": {
          "organizationID": 36,
          "name": "Sundsvalls kommun Friluftsenheten"
        },
        "manager": {
          "organizationID": 36,
          "name": "Sundsvalls kommun Friluftsenheten"
        },
        "fields": [
          {
            "id": 73,
            "name": "Status",
            "type": "DROPDOWN",
            "value": "Fin"
          },
          {
            "id": 88,
            "name": "Typ av infotavla",
            "type": "DROPDOWN",
            "value": "Ribba 297 bred A3 stående"
          },
          {
            "id": 70,
            "name": "Byggnadsår",
            "type": "INTEGER",
            "value": 2019
          },
          {
            "id": 74,
            "name": "Statusdatum",
            "type": "DATE",
            "value": "2019-10-29"
          },
          {
            "id": 79,
            "name": "Tillhörande filer",
            "type": "FILES",
            "value": [
              {
                "id": 796,
                "filename": "DSC_4699.jpg",
                "description": "Informationstavla Hällmarkstallskogen Naturstigen",
                "alttext": "Informationstavla Hällmarkstallskogen Naturstigen",
                "sourcetext": "",
                "validForWinter": false,
                "validForSummer": true,
                "sortIndex": 1,
                "type": "image/jpeg",
                "size": 3066111,
                "url": "https://api.sundsvall.se/facilities/2.2/field/filesfield/796",
                "license": "CC0",
                "licenseDescription": "Creative commons. \"No rights reserved\" https://creativecommons.org/share-your-work/public-domain/cc0/"
              },
              {
                "id": 795,
                "filename": "Naturstigen_A3-skyltar_190913_8Hällmarksskogen.pdf",
                "description": "Informationstavla Hällmarkstallskogen Naturstigen",
                "alttext": "Informationstavla Hällmarkstallskogen Naturstigen",
                "sourcetext": "",
                "validForWinter": true,
                "validForSummer": true,
                "sortIndex": 2,
                "type": "application/pdf",
                "size": 873994,
                "url": "https://api.sundsvall.se/facilities/2.2/field/filesfield/795",
                "license": "CC0",
                "licenseDescription": "Creative commons. \"No rights reserved\" https://creativecommons.org/share-your-work/public-domain/cc0/"
              }
            ]
          },
          {
            "id": 72,
            "name": "Handikappanpassad",
            "type": "TOGGLE",
            "value": "Nej"
          },
          {
            "id": 288,
            "name": "Felanmälan",
            "type": "Felanmälningstjänst",
            "reportName": "Kontakt Sundsvall",
            "reportDescription": "Felanmälan av motionsspår, elljusspår, leder och andra friluftsanläggningar",
            "reportLink": "https://sundsvall.se/kommun-och-politik/politik-och-demokrati/dialog-och-synpunkter/felanmalan",
            "reportPhone": "060-19 10 00",
            "reportEmail": "kontakt@sundsvall.se"
          },
          {
            "id": 77,
            "name": "Beskrivning",
            "type": "FREETEXT",
            "value": "Informationstavla om hällmarkstallskogen längs Södra bergets naturstig"
          }
        ],
        "centerPoint": [
          17.316825801107026,
          62.3666152890262
        ]
      },
      "geometry": {
        "type": "Point",
        "coordinates": [
          17.316825801107026,
          62.3666152890262
        ]
      }
    },
    {
      "id": 982,
      "type": "Feature",
      "properties": {
        "name": "Södra Bergets naturstig 9 Torrakan",
        "type": "Informationstavla",
        "created": "2019-10-29 15:57:30",
        "updated": "2025-02-17 10:40:08",
        "published": true,
        "parentObjects": [
          968
        ],
        "owner": {
          "organizationID": 36,
          "name": "Sundsvalls kommun Friluftsenheten"
        },
        "manager": {
          "organizationID": 36,
          "name": "Sundsvalls kommun Friluftsenheten"
        },
        "fields": [
          {
            "id": 73,
            "name": "Status",
            "type": "DROPDOWN",
            "value": "Fin"
          },
          {
            "id": 89,
            "name": "Fundament",
            "type": "DROPDOWN",
            "value": "Dubb i berg"
          },
          {
            "id": 88,
            "name": "Typ av infotavla",
            "type": "DROPDOWN",
            "value": "Ribba 297 bred A3 stående"
          },
          {
            "id": 70,
            "name": "Byggnadsår",
            "type": "INTEGER",
            "value": 2019
          },
          {
            "id": 74,
            "name": "Statusdatum",
            "type": "DATE",
            "value": "2019-10-29"
          },
          {
            "id": 79,
            "name": "Tillhörande filer",
            "type": "FILES",
            "value": [
              {
                "id": 797,
                "filename": "DSC_4701.jpg",
                "description": "Informationstavla Torrakan Naturstigen",
                "alttext": "Informationstavla Torrakan Naturstigen",
                "sourcetext": "",
                "validForWinter": false,
                "validForSummer": true,
                "sortIndex": 1,
                "type": "image/jpeg",
                "size": 3783232,
                "url": "https://api.sundsvall.se/facilities/2.2/field/filesfield/797",
                "license": "CC0",
                "licenseDescription": "Creative commons. \"No rights reserved\" https://creativecommons.org/share-your-work/public-domain/cc0/"
              },
              {
                "id": 798,
                "filename": "Naturstigen_A3-skyltar_190913_9Torrakan.pdf",
                "description": "Informationstavla Torrakan Naturstigen",
                "alttext": "Informationstavla Torrakan Naturstigen",
                "sourcetext": "",
                "validForWinter": true,
                "validForSummer": true,
                "sortIndex": 2,
                "type": "application/pdf",
                "size": 237640,
                "url": "https://api.sundsvall.se/facilities/2.2/field/filesfield/798",
                "license": "CC0",
                "licenseDescription": "Creative commons. \"No rights reserved\" https://creativecommons.org/share-your-work/public-domain/cc0/"
              }
            ]
          },
          {
            "id": 72,
            "name": "Handikappanpassad",
            "type": "TOGGLE",
            "value": "Nej"
          },
          {
            "id": 288,
            "name": "Felanmälan",
            "type": "Felanmälningstjänst",
            "reportName": "Kontakt Sundsvall",
            "reportDescription": "Felanmälan av motionsspår, elljusspår, leder och andra friluftsanläggningar",
            "reportLink": "https://sundsvall.se/kommun-och-politik/politik-och-demokrati/dialog-och-synpunkter/felanmalan",
            "reportPhone": "060-19 10 00",
            "reportEmail": "kontakt@sundsvall.se"
          },
          {
            "id": 77,
            "name": "Beskrivning",
            "type": "FREETEXT",
            "value": "Informationstavla om torrakan längs Södra bergets naturstig"
          }
        ],
        "centerPoint": [
          17.316029107382374,
          62.366813993469876
        ]
      },
      "geometry": {
        "type": "Point",
        "coordinates": [
          17.316029107382374,
          62.366813993469876
        ]
      }
    },
    {
      "id": 983,
      "type": "Feature",
      "properties": {
        "name": "Södra Bergets naturstig 10 Bergsbranten",
        "type": "Informationstavla",
        "created": "2019-10-29 16:00:30",
        "updated": "2025-02-17 10:40:08",
        "published": true,
        "parentObjects": [
          968
        ],
        "owner": {
          "organizationID": 36,
          "name": "Sundsvalls kommun Friluftsenheten"
        },
        "manager": {
          "organizationID": 36,
          "name": "Sundsvalls kommun Friluftsenheten"
        },
        "fields": [
          {
            "id": 73,
            "name": "Status",
            "type": "DROPDOWN",
            "value": "Fin"
          },
          {
            "id": 88,
            "name": "Typ av infotavla",
            "type": "DROPDOWN",
            "value": "Ribba 297 bred A3 stående"
          },
          {
            "id": 89,
            "name": "Fundament",
            "type": "DROPDOWN",
            "value": "Metallfot"
          },
          {
            "id": 70,
            "name": "Byggnadsår",
            "type": "INTEGER",
            "value": 2019
          },
          {
            "id": 74,
            "name": "Statusdatum",
            "type": "DATE",
            "value": "2019-10-29"
          },
          {
            "id": 79,
            "name": "Tillhörande filer",
            "type": "FILES",
            "value": [
              {
                "id": 800,
                "filename": "DSC_4704.jpg",
                "description": "Informationstavla Bergbranten Naturstigen",
                "alttext": "Informationstavla Bergbranten Naturstigen",
                "sourcetext": "",
                "validForWinter": false,
                "validForSummer": true,
                "sortIndex": 1,
                "type": "image/jpeg",
                "size": 2609965,
                "url": "https://api.sundsvall.se/facilities/2.2/field/filesfield/800",
                "license": "CC0",
                "licenseDescription": "Creative commons. \"No rights reserved\" https://creativecommons.org/share-your-work/public-domain/cc0/"
              },
              {
                "id": 799,
                "filename": "Naturstigen_A3-skyltar_190913_10Bergbranten.pdf",
                "description": "Informationstavla Bergbranten Naturstigen",
                "alttext": "Informationstavla Bergbranten Naturstigen",
                "sourcetext": "",
                "validForWinter": true,
                "validForSummer": true,
                "sortIndex": 2,
                "type": "application/pdf",
                "size": 3190090,
                "url": "https://api.sundsvall.se/facilities/2.2/field/filesfield/799",
                "license": "CC0",
                "licenseDescription": "Creative commons. \"No rights reserved\" https://creativecommons.org/share-your-work/public-domain/cc0/"
              }
            ]
          },
          {
            "id": 72,
            "name": "Handikappanpassad",
            "type": "TOGGLE",
            "value": "Nej"
          },
          {
            "id": 288,
            "name": "Felanmälan",
            "type": "Felanmälningstjänst",
            "reportName": "Kontakt Sundsvall",
            "reportDescription": "Felanmälan av motionsspår, elljusspår, leder och andra friluftsanläggningar",
            "reportLink": "https://sundsvall.se/kommun-och-politik/politik-och-demokrati/dialog-och-synpunkter/felanmalan",
            "reportPhone": "060-19 10 00",
            "reportEmail": "kontakt@sundsvall.se"
          },
          {
            "id": 77,
            "name": "Beskrivning",
            "type": "FREETEXT",
            "value": "Informationstavla om bergsbranten längs Södra bergets naturstig"
          }
        ],
        "centerPoint": [
          17.31446294577901,
          62.36712607187672
        ]
      },
      "geometry": {
        "type": "Point",
        "coordinates": [
          17.31446294577901,
          62.36712607187672
        ]
      }
    },
    {
      "id": 985,
      "type": "Feature",
      "properties": {
        "name": "Södra Bergets naturstig 11 Aspen",
        "type": "Informationstavla",
        "created": "2019-10-29 16:03:05",
        "updated": "2025-02-17 10:40:08",
        "published": true,
        "parentObjects": [
          968
        ],
        "owner": {
          "organizationID": 36,
          "name": "Sundsvalls kommun Friluftsenheten"
        },
        "manager": {
          "organizationID": 36,
          "name": "Sundsvalls kommun Friluftsenheten"
        },
        "fields": [
          {
            "id": 73,
            "name": "Status",
            "type": "DROPDOWN",
            "value": "Fin"
          },
          {
            "id": 88,
            "name": "Typ av infotavla",
            "type": "DROPDOWN",
            "value": "Ribba 297 bred A3 stående"
          },
          {
            "id": 70,
            "name": "Byggnadsår",
            "type": "INTEGER",
            "value": 2019
          },
          {
            "id": 74,
            "name": "Statusdatum",
            "type": "DATE",
            "value": "2019-10-29"
          },
          {
            "id": 72,
            "name": "Handikappanpassad",
            "type": "TOGGLE",
            "value": "Nej"
          },
          {
            "id": 288,
            "name": "Felanmälan",
            "type": "Felanmälningstjänst",
            "reportName": "Kontakt Sundsvall",
            "reportDescription": "Felanmälan av motionsspår, elljusspår, leder och andra friluftsanläggningar",
            "reportLink": "https://sundsvall.se/kommun-och-politik/politik-och-demokrati/dialog-och-synpunkter/felanmalan",
            "reportPhone": "060-19 10 00",
            "reportEmail": "kontakt@sundsvall.se"
          },
          {
            "id": 77,
            "name": "Beskrivning",
            "type": "FREETEXT",
            "value": "Informationstavla om aspen längs Södra bergets naturstig"
          }
        ],
        "centerPoint": [
          17.31426856423711,
          62.36671127279065
        ]
      },
      "geometry": {
        "type": "Point",
        "coordinates": [
          17.31426856423711,
          62.36671127279065
        ]
      }
    },
    {
      "id": 986,
      "type": "Feature",
      "properties": {
        "name": "Södra Bergets naturstig 12 Vindskyddet",
        "type": "Informationstavla",
        "created": "2019-10-29 16:05:56",
        "updated": "2026-03-10 15:05:00",
        "published": true,
        "parentObjects": [
          968
        ],
        "owner": {
          "organizationID": 36,
          "name": "Sundsvalls kommun Friluftsenheten"
        },
        "manager": {
          "organizationID": 36,
          "name": "Sundsvalls kommun Friluftsenheten"
        },
        "fields": [
          {
            "id": 73,
            "name": "Status",
            "type": "DROPDOWN",
            "value": "Fin"
          },
          {
            "id": 88,
            "name": "Typ av infotavla",
            "type": "DROPDOWN",
            "value": "Ribba 297 bred A3 stående"
          },
          {
            "id": 70,
            "name": "Byggnadsår",
            "type": "INTEGER",
            "value": 2019
          },
          {
            "id": 74,
            "name": "Statusdatum",
            "type": "DATE",
            "value": "2019-10-29"
          },
          {
            "id": 79,
            "name": "Tillhörande filer",
            "type": "FILES",
            "value": [
              {
                "id": 802,
                "filename": "DSC_4707.jpg",
                "description": "Informationstavla Vindskyddet Naturstigen",
                "alttext": "Informationstavla Vindskyddet Naturstigen",
                "sourcetext": "Anders Erlandsson, Friluftsenheten",
                "validForWinter": false,
                "validForSummer": true,
                "sortIndex": 1,
                "type": "image/jpeg",
                "size": 2192852,
                "url": "https://api.sundsvall.se/facilities/2.2/field/filesfield/802",
                "license": "CC0",
                "licenseDescription": "Creative commons. \"No rights reserved\" https://creativecommons.org/share-your-work/public-domain/cc0/"
              },
              {
                "id": 801,
                "filename": "Naturstigen_A3-skyltar_190913_12Vindskyddet.pdf",
                "description": "Informationstavla Vindskyddet Naturstigen",
                "alttext": "Informationstavla Vindskyddet Naturstigen",
                "sourcetext": "Anders Erlandsson, Friluftsenheten",
                "validForWinter": false,
                "validForSummer": true,
                "sortIndex": 2,
                "type": "application/pdf",
                "size": 205227,
                "url": "https://api.sundsvall.se/facilities/2.2/field/filesfield/801",
                "license": "CC0",
                "licenseDescription": "Creative commons. \"No rights reserved\" https://creativecommons.org/share-your-work/public-domain/cc0/"
              }
            ]
          },
          {
            "id": 72,
            "name": "Handikappanpassad",
            "type": "TOGGLE",
            "value": "Nej"
          },
          {
            "id": 288,
            "name": "Felanmälan",
            "type": "Felanmälningstjänst",
            "reportName": "Kontakt Sundsvall",
            "reportDescription": "Felanmälan av motionsspår, elljusspår, leder och andra friluftsanläggningar",
            "reportLink": "https://sundsvall.se/kommun-och-politik/politik-och-demokrati/dialog-och-synpunkter/felanmalan",
            "reportPhone": "060-19 10 00",
            "reportEmail": "kontakt@sundsvall.se"
          },
          {
            "id": 77,
            "name": "Beskrivning",
            "type": "FREETEXT",
            "value": "Information om vindskyddet längs Södra bergets naturstig"
          }
        ],
        "centerPoint": [
          17.314160538550652,
          62.36633466326874
        ]
      },
      "geometry": {
        "type": "Point",
        "coordinates": [
          17.314160538550652,
          62.36633466326874
        ]
      }
    },
    {
      "id": 1481,
      "type": "Feature",
      "properties": {
        "name": "Norra Berget Fjärilsstigen",
        "type": "Informationstavla",
        "created": "2020-03-25 10:18:57",
        "updated": "2026-01-13 13:56:51",
        "published": true,
        "owner": {
          "organizationID": 175,
          "name": "Sundsvalls kommun Sundsvalls museum"
        },
        "manager": {
          "organizationID": 175,
          "name": "Sundsvalls kommun Sundsvalls museum"
        },
        "fields": [
          {
            "id": 73,
            "name": "Status",
            "type": "DROPDOWN",
            "value": "Fin"
          },
          {
            "id": 88,
            "name": "Typ av infotavla",
            "type": "DROPDOWN",
            "value": "Ribba 420 bred A2 stående"
          },
          {
            "id": 70,
            "name": "Byggnadsår",
            "type": "INTEGER",
            "value": 2017
          },
          {
            "id": 74,
            "name": "Statusdatum",
            "type": "DATE",
            "value": "2018-09-30"
          },
          {
            "id": 79,
            "name": "Tillhörande filer",
            "type": "FILES",
            "value": [
              {
                "id": 1359,
                "filename": "N_Fjärilar.pdf",
                "description": "Skylt om fjärilsstigen",
                "alttext": "Skylt om fjärilsstigen",
                "sourcetext": "Sundsvalls kommun",
                "validForWinter": false,
                "validForSummer": true,
                "sortIndex": 1,
                "type": "application/pdf",
                "size": 1020132,
                "url": "https://api.sundsvall.se/facilities/2.2/field/filesfield/1359",
                "license": "CC0",
                "licenseDescription": "Creative commons. \"No rights reserved\" https://creativecommons.org/share-your-work/public-domain/cc0/"
              }
            ]
          },
          {
            "id": 72,
            "name": "Handikappanpassad",
            "type": "TOGGLE",
            "value": "Nej"
          },
          {
            "id": 288,
            "name": "Felanmälan",
            "type": "Felanmälningstjänst",
            "reportName": "Kontakt Sundsvall",
            "reportDescription": "Felanmälan av motionsspår, elljusspår, leder och andra friluftsanläggningar",
            "reportLink": "https://sundsvall.se/kommun-och-politik/politik-och-demokrati/dialog-och-synpunkter/felanmalan",
            "reportPhone": "060-19 10 00",
            "reportEmail": "kontakt@sundsvall.se"
          }
        ],
        "centerPoint": [
          17.297318804032045,
          62.399788802127865
        ]
      },
      "geometry": {
        "type": "Point",
        "coordinates": [
          17.297318804032045,
          62.399788802127865
        ]
      }
    },
    {
      "id": 1482,
      "type": "Feature",
      "properties": {
        "name": "Norra Berget Tallskog",
        "type": "Informationstavla",
        "created": "2020-03-25 10:23:38",
        "updated": "2023-11-24 21:31:53",
        "published": true,
        "owner": {
          "organizationID": 175,
          "name": "Sundsvalls kommun Sundsvalls museum"
        },
        "manager": {
          "organizationID": 175,
          "name": "Sundsvalls kommun Sundsvalls museum"
        },
        "fields": [
          {
            "id": 73,
            "name": "Status",
            "type": "DROPDOWN",
            "value": "Fin"
          },
          {
            "id": 89,
            "name": "Fundament",
            "type": "DROPDOWN",
            "value": "Betongplintar"
          },
          {
            "id": 88,
            "name": "Typ av infotavla",
            "type": "DROPDOWN",
            "value": "Ribba 420 bred A2 stående"
          },
          {
            "id": 70,
            "name": "Byggnadsår",
            "type": "INTEGER",
            "value": 2017
          },
          {
            "id": 74,
            "name": "Statusdatum",
            "type": "DATE",
            "value": "2018-09-30"
          },
          {
            "id": 79,
            "name": "Tillhörande filer",
            "type": "FILES",
            "value": [
              {
                "id": 1362,
                "filename": "N_Tallskog.pdf",
                "description": "",
                "alttext": "",
                "sourcetext": "Friluftsenheten",
                "validForWinter": false,
                "validForSummer": false,
                "sortIndex": null,
                "type": "application/pdf",
                "size": 1655575,
                "url": "https://api.sundsvall.se/facilities/2.2/field/filesfield/1362",
                "license": "CC0",
                "licenseDescription": "Creative commons. \"No rights reserved\" https://creativecommons.org/share-your-work/public-domain/cc0/"
              }
            ]
          },
          {
            "id": 72,
            "name": "Handikappanpassad",
            "type": "TOGGLE",
            "value": "Nej"
          },
          {
            "id": 288,
            "name": "Felanmälan",
            "type": "Felanmälningstjänst",
            "reportName": "Kontakt Sundsvall",
            "reportDescription": "Felanmälan av motionsspår, elljusspår, leder och andra friluftsanläggningar",
            "reportLink": "https://sundsvall.se/kommun-och-politik/politik-och-demokrati/dialog-och-synpunkter/felanmalan",
            "reportPhone": "060-19 10 00",
            "reportEmail": "kontakt@sundsvall.se"
          }
        ],
        "centerPoint": [
          17.291985141519824,
          62.40307982917525
        ]
      },
      "geometry": {
        "type": "Point",
        "coordinates": [
          17.291985141519824,
          62.40307982917525
        ]
      }
    },
    {
      "id": 1519,
      "type": "Feature",
      "properties": {
        "name": "Allemansrätten Sidsjön entré syd",
        "type": "Informationstavla",
        "created": "2020-04-06 17:36:17",
        "published": true,
        "fields": [
          {
            "id": 73,
            "name": "Status",
            "type": "DROPDOWN",
            "value": "Fin"
          },
          {
            "id": 89,
            "name": "Fundament",
            "type": "DROPDOWN",
            "value": "Betongplintar"
          },
          {
            "id": 88,
            "name": "Typ av infotavla",
            "type": "DROPDOWN",
            "value": "Ribba 1320 bred A0 liggande"
          },
          {
            "id": 70,
            "name": "Byggnadsår",
            "type": "INTEGER",
            "value": 2019
          },
          {
            "id": 74,
            "name": "Statusdatum",
            "type": "DATE",
            "value": "2020-04-07"
          },
          {
            "id": 79,
            "name": "Tillhörande filer",
            "type": "FILES",
            "value": [
              {
                "id": 1395,
                "filename": "20200406_170225.jpg",
                "validForWinter": false,
                "validForSummer": false,
                "sortIndex": null,
                "type": "image/jpeg",
                "size": 8154407,
                "url": "https://api.sundsvall.se/facilities/2.2/field/filesfield/1395",
                "license": "CC0",
                "licenseDescription": "Creative commons. \"No rights reserved\" https://creativecommons.org/share-your-work/public-domain/cc0/"
              }
            ]
          },
          {
            "id": 72,
            "name": "Handikappanpassad",
            "type": "TOGGLE",
            "value": "Nej"
          }
        ],
        "centerPoint": [
          17.272339185496627,
          62.367461668259935
        ]
      },
      "geometry": {
        "type": "Point",
        "coordinates": [
          17.272339185496627,
          62.367461668259935
        ]
      }
    },
    {
      "id": 1694,
      "type": "Feature",
      "properties": {
        "name": "Informationstavla Grenforsens parkering",
        "type": "Informationstavla",
        "created": "2020-10-30 12:27:15",
        "updated": "2023-02-13 12:59:08",
        "published": true,
        "owner": {
          "organizationID": 172,
          "name": "Sundsvalls kommun Parkavdelningen"
        },
        "manager": {
          "organizationID": 172,
          "name": "Sundsvalls kommun Parkavdelningen"
        },
        "fields": [
          {
            "id": 73,
            "name": "Status",
            "type": "DROPDOWN",
            "value": "Fin"
          },
          {
            "id": 89,
            "name": "Fundament",
            "type": "DROPDOWN",
            "value": "Trä i jord"
          },
          {
            "id": 88,
            "name": "Typ av infotavla",
            "type": "DROPDOWN",
            "value": "Övrigt"
          },
          {
            "id": 74,
            "name": "Statusdatum",
            "type": "DATE",
            "value": "2020-10-30"
          },
          {
            "id": 79,
            "name": "Tillhörande filer",
            "type": "FILES",
            "value": [
              {
                "id": 1959,
                "filename": "20201030_122300.jpg",
                "description": "",
                "alttext": "",
                "sourcetext": "Friluftsenheten",
                "validForWinter": false,
                "validForSummer": false,
                "sortIndex": null,
                "type": "image/jpeg",
                "size": 5323322,
                "url": "https://api.sundsvall.se/facilities/2.2/field/filesfield/1959",
                "license": "CC0",
                "licenseDescription": "Creative commons. \"No rights reserved\" https://creativecommons.org/share-your-work/public-domain/cc0/"
              }
            ]
          },
          {
            "id": 72,
            "name": "Handikappanpassad",
            "type": "TOGGLE",
            "value": "Nej"
          },
          {
            "id": 288,
            "name": "Felanmälan",
            "type": "Felanmälningstjänst",
            "reportName": "Sundsvalls kommun parker och lekparker",
            "reportDescription": "Felanmälan av parker",
            "reportLink": "https://isycase.isy.se/Sundsvall/publicform/create",
            "reportPhone": "060-19 15 65",
            "reportEmail": "servicecenter.kundtjanst@sundsvall.se"
          }
        ],
        "centerPoint": [
          17.223103693351455,
          62.30980641324354
        ]
      },
      "geometry": {
        "type": "Point",
        "coordinates": [
          17.223103693351455,
          62.30980641324354
        ]
      }
    },
    {
      "id": 1779,
      "type": "Feature",
      "properties": {
        "name": "Informationstavla Klampenborgs naturreservat",
        "type": "Informationstavla",
        "created": "2021-05-01 01:28:40",
        "updated": "2021-05-01 01:33:53",
        "published": true,
        "owner": {
          "organizationID": 174,
          "name": "Sundsvalls kommun Stadsbyggnadskontoret"
        },
        "manager": {
          "organizationID": 285,
          "name": "Klampenborgföreningen"
        },
        "fields": [
          {
            "id": 73,
            "name": "Status",
            "type": "DROPDOWN",
            "value": "Fin"
          },
          {
            "id": 89,
            "name": "Fundament",
            "type": "DROPDOWN",
            "value": "Betongplintar"
          },
          {
            "id": 88,
            "name": "Typ av infotavla",
            "type": "DROPDOWN",
            "value": "Rundstolp ryggåstak råsponttavla"
          },
          {
            "id": 74,
            "name": "Statusdatum",
            "type": "DATE",
            "value": "2021-04-30"
          },
          {
            "id": 79,
            "name": "Tillhörande filer",
            "type": "FILES",
            "value": [
              {
                "id": 2067,
                "filename": "received_1421703568163174.jpeg",
                "description": "Informationstavla",
                "alttext": "Informationstavla",
                "sourcetext": "",
                "validForWinter": true,
                "validForSummer": true,
                "sortIndex": 1,
                "type": "image/jpeg",
                "size": 2218997,
                "url": "https://api.sundsvall.se/facilities/2.2/field/filesfield/2067",
                "license": "CC0",
                "licenseDescription": "Creative commons. \"No rights reserved\" https://creativecommons.org/share-your-work/public-domain/cc0/"
              },
              {
                "id": 2068,
                "filename": "received_798837920745819.jpeg",
                "description": "Informationsskylt ",
                "alttext": "Informationsskylt",
                "sourcetext": "",
                "validForWinter": true,
                "validForSummer": true,
                "sortIndex": 2,
                "type": "image/jpeg",
                "size": 945411,
                "url": "https://api.sundsvall.se/facilities/2.2/field/filesfield/2068",
                "license": "CC0",
                "licenseDescription": "Creative commons. \"No rights reserved\" https://creativecommons.org/share-your-work/public-domain/cc0/"
              },
              {
                "id": 2069,
                "filename": "received_479949320015686.jpeg",
                "description": "Karta",
                "alttext": "Karta",
                "sourcetext": "",
                "validForWinter": true,
                "validForSummer": true,
                "sortIndex": 3,
                "type": "image/jpeg",
                "size": 493116,
                "url": "https://api.sundsvall.se/facilities/2.2/field/filesfield/2069",
                "license": "CC0",
                "licenseDescription": "Creative commons. \"No rights reserved\" https://creativecommons.org/share-your-work/public-domain/cc0/"
              }
            ]
          },
          {
            "id": 72,
            "name": "Handikappanpassad",
            "type": "TOGGLE",
            "value": "Nej"
          },
          {
            "id": 77,
            "name": "Beskrivning",
            "type": "FREETEXT",
            "value": "Informationstavla Klampenborgs naturreservat "
          },
          {
            "id": 247,
            "name": "Belysning",
            "type": "FREETEXT",
            "value": "Nej"
          }
        ],
        "centerPoint": [
          17.394802211560116,
          62.32824278576141
        ]
      },
      "geometry": {
        "type": "Point",
        "coordinates": [
          17.394802211560116,
          62.32824278576141
        ]
      }
    },
    {
      "id": 1781,
      "type": "Feature",
      "properties": {
        "name": "Informationstavla klapperfält Lörudden",
        "type": "Informationstavla",
        "created": "2021-05-02 12:50:30",
        "updated": "2021-05-02 21:06:08",
        "published": true,
        "owner": {
          "organizationID": 127,
          "name": "sca"
        },
        "manager": {
          "organizationID": 127,
          "name": "sca"
        },
        "fields": [
          {
            "id": 88,
            "name": "Typ av infotavla",
            "type": "DROPDOWN",
            "value": "Övrigt"
          },
          {
            "id": 79,
            "name": "Tillhörande filer",
            "type": "FILES",
            "value": [
              {
                "id": 2083,
                "filename": "20210502_124807.jpg",
                "description": "Informationstavla om klapperstensfält",
                "alttext": "Informationstavla om klapperstensfält",
                "sourcetext": "",
                "validForWinter": true,
                "validForSummer": true,
                "sortIndex": 1,
                "type": "image/jpeg",
                "size": 4463038,
                "url": "https://api.sundsvall.se/facilities/2.2/field/filesfield/2083",
                "license": "CC0",
                "licenseDescription": "Creative commons. \"No rights reserved\" https://creativecommons.org/share-your-work/public-domain/cc0/"
              },
              {
                "id": 2084,
                "filename": "20210502_142154.jpg",
                "description": "Klapperstensfält ",
                "alttext": "Klapperstensfält",
                "sourcetext": "",
                "validForWinter": true,
                "validForSummer": true,
                "sortIndex": 2,
                "type": "image/jpeg",
                "size": 7432498,
                "url": "https://api.sundsvall.se/facilities/2.2/field/filesfield/2084",
                "license": "CC0",
                "licenseDescription": "Creative commons. \"No rights reserved\" https://creativecommons.org/share-your-work/public-domain/cc0/"
              }
            ]
          },
          {
            "id": 72,
            "name": "Handikappanpassad",
            "type": "TOGGLE",
            "value": "Nej"
          },
          {
            "id": 77,
            "name": "Beskrivning",
            "type": "FREETEXT",
            "value": "Informationstavla om klapperstensfält"
          }
        ],
        "centerPoint": [
          17.623554191227036,
          62.237219829666216
        ]
      },
      "geometry": {
        "type": "Point",
        "coordinates": [
          17.623554191227036,
          62.237219829666216
        ]
      }
    },
    {
      "id": 1807,
      "type": "Feature",
      "properties": {
        "name": "Spårkarta Sidsjöns södra parkering",
        "type": "Informationstavla",
        "created": "2021-05-21 12:28:59",
        "updated": "2021-10-06 12:23:03",
        "published": true,
        "owner": {
          "organizationID": 36,
          "name": "Sundsvalls kommun Friluftsenheten"
        },
        "manager": {
          "organizationID": 36,
          "name": "Sundsvalls kommun Friluftsenheten"
        },
        "fields": [
          {
            "id": 73,
            "name": "Status",
            "type": "DROPDOWN",
            "value": "Fin"
          },
          {
            "id": 89,
            "name": "Fundament",
            "type": "DROPDOWN",
            "value": "Betongplintar"
          },
          {
            "id": 88,
            "name": "Typ av infotavla",
            "type": "DROPDOWN",
            "value": "Ribba 1320 bred A0 liggande"
          },
          {
            "id": 70,
            "name": "Byggnadsår",
            "type": "INTEGER",
            "value": 2020
          },
          {
            "id": 74,
            "name": "Statusdatum",
            "type": "DATE",
            "value": "2021-05-21"
          },
          {
            "id": 79,
            "name": "Tillhörande filer",
            "type": "FILES",
            "value": [
              {
                "id": 2135,
                "filename": "20210325_162518.jpg",
                "description": "Informationstavlor med spårkarta och information om Sidsjöbacken",
                "alttext": "Informationstavlor med spårkarta och information om Sidsjöbacken",
                "sourcetext": "Anders Erlandsson, Friluftsenheten",
                "validForWinter": true,
                "validForSummer": true,
                "sortIndex": 1,
                "type": "image/jpeg",
                "size": 6007744,
                "url": "https://api.sundsvall.se/facilities/2.2/field/filesfield/2135",
                "license": "CC0",
                "licenseDescription": "Creative commons. \"No rights reserved\" https://creativecommons.org/share-your-work/public-domain/cc0/"
              }
            ]
          },
          {
            "id": 72,
            "name": "Handikappanpassad",
            "type": "TOGGLE",
            "value": "Nej"
          },
          {
            "id": 288,
            "name": "Felanmälan",
            "type": "Felanmälningstjänst",
            "reportName": "Kontakt Sundsvall",
            "reportDescription": "Felanmälan av motionsspår, elljusspår, leder och andra friluftsanläggningar",
            "reportLink": "https://sundsvall.se/kommun-och-politik/politik-och-demokrati/dialog-och-synpunkter/felanmalan",
            "reportPhone": "060-19 10 00",
            "reportEmail": "kontakt@sundsvall.se"
          },
          {
            "id": 77,
            "name": "Beskrivning",
            "type": "FREETEXT",
            "value": "Spårtavla över södra spårsystemet"
          },
          {
            "id": 247,
            "name": "Belysning",
            "type": "FREETEXT",
            "value": "Ja"
          }
        ],
        "centerPoint": [
          17.272355779862178,
          62.36745516958542
        ]
      },
      "geometry": {
        "type": "Point",
        "coordinates": [
          17.272355779862178,
          62.36745516958542
        ]
      }
    },
    {
      "id": 1808,
      "type": "Feature",
      "properties": {
        "name": "Informationstavla för Sidsjöbacken",
        "type": "Informationstavla",
        "created": "2021-05-21 12:30:48",
        "updated": "2023-08-18 07:35:46",
        "published": true,
        "owner": {
          "organizationID": 36,
          "name": "Sundsvalls kommun Friluftsenheten"
        },
        "manager": {
          "organizationID": 36,
          "name": "Sundsvalls kommun Friluftsenheten"
        },
        "fields": [
          {
            "id": 73,
            "name": "Status",
            "type": "DROPDOWN",
            "value": "Fin"
          },
          {
            "id": 89,
            "name": "Fundament",
            "type": "DROPDOWN",
            "value": "Betongplintar"
          },
          {
            "id": 88,
            "name": "Typ av infotavla",
            "type": "DROPDOWN",
            "value": "Ribba 1320 bred A0 liggande"
          },
          {
            "id": 70,
            "name": "Byggnadsår",
            "type": "INTEGER",
            "value": 2020
          },
          {
            "id": 74,
            "name": "Statusdatum",
            "type": "DATE",
            "value": "2021-05-21"
          },
          {
            "id": 79,
            "name": "Tillhörande filer",
            "type": "FILES",
            "value": [
              {
                "id": 2136,
                "filename": "20210325_162518.jpg",
                "description": "Informationstavlor med spårkarta och information om Sidsjöbacken",
                "alttext": "Informationstavlor med spårkarta och information om Sidsjöbacken",
                "sourcetext": "Anders Erlandsson, Friluftsenheten",
                "validForWinter": true,
                "validForSummer": true,
                "sortIndex": 1,
                "type": "image/jpeg",
                "size": 6007744,
                "url": "https://api.sundsvall.se/facilities/2.2/field/filesfield/2136",
                "license": "CC0",
                "licenseDescription": "Creative commons. \"No rights reserved\" https://creativecommons.org/share-your-work/public-domain/cc0/"
              }
            ]
          },
          {
            "id": 72,
            "name": "Handikappanpassad",
            "type": "TOGGLE",
            "value": "Nej"
          },
          {
            "id": 288,
            "name": "Felanmälan",
            "type": "Felanmälningstjänst",
            "reportName": "Kontakt Sundsvall",
            "reportDescription": "Felanmälan av motionsspår, elljusspår, leder och andra friluftsanläggningar",
            "reportLink": "https://sundsvall.se/kommun-och-politik/politik-och-demokrati/dialog-och-synpunkter/felanmalan",
            "reportPhone": "060-19 10 00",
            "reportEmail": "kontakt@sundsvall.se"
          },
          {
            "id": 77,
            "name": "Beskrivning",
            "type": "FREETEXT",
            "value": "Informationstavla med information om Sidsjöbacken"
          },
          {
            "id": 247,
            "name": "Belysning",
            "type": "FREETEXT",
            "value": "Ja"
          },
          {
            "id": 297,
            "name": "Externt id",
            "type": "FREETEXT",
            "value": "31"
          }
        ],
        "centerPoint": [
          17.27236754396487,
          62.36746754966979
        ]
      },
      "geometry": {
        "type": "Point",
        "coordinates": [
          17.27236754396487,
          62.36746754966979
        ]
      }
    },
    {
      "id": 1830,
      "type": "Feature",
      "properties": {
        "name": "Informationstavla Sidsjöns naturreservat ICA",
        "type": "Informationstavla",
        "created": "2021-05-24 16:52:02",
        "updated": "2026-04-07 09:44:17",
        "published": true,
        "owner": {
          "organizationID": 36,
          "name": "Sundsvalls kommun Friluftsenheten"
        },
        "manager": {
          "organizationID": 36,
          "name": "Sundsvalls kommun Friluftsenheten"
        },
        "fields": [
          {
            "id": 73,
            "name": "Status",
            "type": "DROPDOWN",
            "value": "Fin"
          },
          {
            "id": 89,
            "name": "Fundament",
            "type": "DROPDOWN",
            "value": "Betongplintar"
          },
          {
            "id": 88,
            "name": "Typ av infotavla",
            "type": "DROPDOWN",
            "value": "Ribba 1320 bred A0 liggande"
          },
          {
            "id": 70,
            "name": "Byggnadsår",
            "type": "INTEGER",
            "value": 2019
          },
          {
            "id": 74,
            "name": "Statusdatum",
            "type": "DATE",
            "value": "2026-03-13"
          },
          {
            "id": 79,
            "name": "Tillhörande filer",
            "type": "FILES",
            "value": [
              {
                "id": 2872,
                "filename": "image.jpg",
                "description": "Informationstavla naturreservat ",
                "alttext": "Informationstavla i trä med text om sidsjöns naturreservat",
                "sourcetext": "Sundsvalls kommun ",
                "validForWinter": true,
                "validForSummer": true,
                "sortIndex": 1,
                "type": "image/jpeg",
                "size": 4045109,
                "url": "https://api.sundsvall.se/facilities/2.2/field/filesfield/2872",
                "license": "CC0",
                "licenseDescription": "Creative commons. \"No rights reserved\" https://creativecommons.org/share-your-work/public-domain/cc0/"
              }
            ]
          },
          {
            "id": 72,
            "name": "Handikappanpassad",
            "type": "TOGGLE",
            "value": "Nej"
          },
          {
            "id": 288,
            "name": "Felanmälan",
            "type": "Felanmälningstjänst",
            "reportName": "Kontakt Sundsvall",
            "reportDescription": "Felanmälan av motionsspår, elljusspår, leder och andra friluftsanläggningar",
            "reportLink": "https://sundsvall.se/kommun-och-politik/politik-och-demokrati/dialog-och-synpunkter/felanmalan",
            "reportPhone": "060-19 10 00",
            "reportEmail": "kontakt@sundsvall.se"
          },
          {
            "id": 77,
            "name": "Beskrivning",
            "type": "FREETEXT",
            "value": "Informationstavla med information om Sidsjöns naturreservat"
          },
          {
            "id": 247,
            "name": "Belysning",
            "type": "FREETEXT",
            "value": "Nej"
          }
        ],
        "centerPoint": [
          17.274951378490886,
          62.377586296738144
        ]
      },
      "geometry": {
        "type": "Point",
        "coordinates": [
          17.274951378490886,
          62.377586296738144
        ]
      }
    },
    {
      "id": 1831,
      "type": "Feature",
      "properties": {
        "name": "Stor spårtavla Sidsjön Norra entrén",
        "type": "Informationstavla",
        "created": "2021-05-24 16:53:34",
        "updated": "2026-04-07 09:42:08",
        "published": true,
        "owner": {
          "organizationID": 36,
          "name": "Sundsvalls kommun Friluftsenheten"
        },
        "manager": {
          "organizationID": 36,
          "name": "Sundsvalls kommun Friluftsenheten"
        },
        "fields": [
          {
            "id": 73,
            "name": "Status",
            "type": "DROPDOWN",
            "value": "Fin"
          },
          {
            "id": 89,
            "name": "Fundament",
            "type": "DROPDOWN",
            "value": "Betongplintar"
          },
          {
            "id": 88,
            "name": "Typ av infotavla",
            "type": "DROPDOWN",
            "value": "Ribba 1320 bred A0 liggande"
          },
          {
            "id": 74,
            "name": "Statusdatum",
            "type": "DATE",
            "value": "2026-03-13"
          },
          {
            "id": 79,
            "name": "Tillhörande filer",
            "type": "FILES",
            "value": [
              {
                "id": 2869,
                "filename": "image.jpg",
                "description": "Informationstavla södra spårområdet ",
                "alttext": "Informationstavla i trä med karta över södra spårområdet ",
                "sourcetext": "Sundsvalls kommun ",
                "validForWinter": true,
                "validForSummer": true,
                "sortIndex": null,
                "type": "image/jpeg",
                "size": 4070045,
                "url": "https://api.sundsvall.se/facilities/2.2/field/filesfield/2869",
                "license": "CC0",
                "licenseDescription": "Creative commons. \"No rights reserved\" https://creativecommons.org/share-your-work/public-domain/cc0/"
              }
            ]
          },
          {
            "id": 72,
            "name": "Handikappanpassad",
            "type": "TOGGLE",
            "value": "Nej"
          },
          {
            "id": 288,
            "name": "Felanmälan",
            "type": "Felanmälningstjänst",
            "reportName": "Kontakt Sundsvall",
            "reportDescription": "Felanmälan av motionsspår, elljusspår, leder och andra friluftsanläggningar",
            "reportLink": "https://sundsvall.se/kommun-och-politik/politik-och-demokrati/dialog-och-synpunkter/felanmalan",
            "reportPhone": "060-19 10 00",
            "reportEmail": "kontakt@sundsvall.se"
          },
          {
            "id": 77,
            "name": "Beskrivning",
            "type": "FREETEXT",
            "value": "Informationstavla södra spårområdet "
          },
          {
            "id": 247,
            "name": "Belysning",
            "type": "FREETEXT",
            "value": "Ja"
          },
          {
            "id": 297,
            "name": "Externt id",
            "type": "FREETEXT",
            "value": "23"
          }
        ],
        "centerPoint": [
          17.278099161825033,
          62.37840795488438
        ]
      },
      "geometry": {
        "type": "Point",
        "coordinates": [
          17.278099161825033,
          62.37840795488438
        ]
      }
    },
    {
      "id": 1867,
      "type": "Feature",
      "properties": {
        "name": "Spårtavla Bydalen",
        "type": "Informationstavla",
        "created": "2021-07-07 21:08:06",
        "updated": "2023-08-18 07:50:31",
        "published": true,
        "owner": {
          "organizationID": 36,
          "name": "Sundsvalls kommun Friluftsenheten"
        },
        "manager": {
          "organizationID": 36,
          "name": "Sundsvalls kommun Friluftsenheten"
        },
        "fields": [
          {
            "id": 73,
            "name": "Status",
            "type": "DROPDOWN",
            "value": "Fin"
          },
          {
            "id": 89,
            "name": "Fundament",
            "type": "DROPDOWN",
            "value": "Betongplintar"
          },
          {
            "id": 88,
            "name": "Typ av infotavla",
            "type": "DROPDOWN",
            "value": "Ribba 1320 bred A0 liggande"
          },
          {
            "id": 70,
            "name": "Byggnadsår",
            "type": "INTEGER",
            "value": 2020
          },
          {
            "id": 74,
            "name": "Statusdatum",
            "type": "DATE",
            "value": "2021-07-07"
          },
          {
            "id": 79,
            "name": "Tillhörande filer",
            "type": "FILES",
            "value": [
              {
                "id": 2189,
                "filename": "16256847630669221297852323293230.jpg",
                "description": "Spårtavla Norra spårsystemet ",
                "alttext": "Spårtavla Norra spårsystemet Spårtavla ",
                "sourcetext": "Anders Erlandsson, Friluftsenheten ",
                "validForWinter": true,
                "validForSummer": true,
                "sortIndex": 1,
                "type": "image/jpeg",
                "size": 5839740,
                "url": "https://api.sundsvall.se/facilities/2.2/field/filesfield/2189",
                "license": "CC0",
                "licenseDescription": "Creative commons. \"No rights reserved\" https://creativecommons.org/share-your-work/public-domain/cc0/"
              }
            ]
          },
          {
            "id": 72,
            "name": "Handikappanpassad",
            "type": "TOGGLE",
            "value": "Nej"
          },
          {
            "id": 288,
            "name": "Felanmälan",
            "type": "Felanmälningstjänst",
            "reportName": "Kontakt Sundsvall",
            "reportDescription": "Felanmälan av motionsspår, elljusspår, leder och andra friluftsanläggningar",
            "reportLink": "https://sundsvall.se/kommun-och-politik/politik-och-demokrati/dialog-och-synpunkter/felanmalan",
            "reportPhone": "060-19 10 00",
            "reportEmail": "kontakt@sundsvall.se"
          },
          {
            "id": 77,
            "name": "Beskrivning",
            "type": "FREETEXT",
            "value": "Spårtavla Norra spårsystemet "
          },
          {
            "id": 247,
            "name": "Belysning",
            "type": "FREETEXT",
            "value": "Nej"
          },
          {
            "id": 297,
            "name": "Externt id",
            "type": "FREETEXT",
            "value": "204"
          }
        ],
        "centerPoint": [
          17.317971075659635,
          62.41565329154137
        ]
      },
      "geometry": {
        "type": "Point",
        "coordinates": [
          17.317971075659635,
          62.41565329154137
        ]
      }
    },
    {
      "id": 2809,
      "type": "Feature",
      "properties": {
        "name": "Informationstavla Apelsinlunden",
        "type": "Informationstavla",
        "created": "2021-09-20 10:53:48",
        "updated": "2023-08-18 07:42:46",
        "published": true,
        "owner": {
          "organizationID": 36,
          "name": "Sundsvalls kommun Friluftsenheten"
        },
        "manager": {
          "organizationID": 36,
          "name": "Sundsvalls kommun Friluftsenheten"
        },
        "fields": [
          {
            "id": 73,
            "name": "Status",
            "type": "DROPDOWN",
            "value": "Fin"
          },
          {
            "id": 89,
            "name": "Fundament",
            "type": "DROPDOWN",
            "value": "Betongplintar"
          },
          {
            "id": 88,
            "name": "Typ av infotavla",
            "type": "DROPDOWN",
            "value": "Ribba 1320 bred A0 liggande"
          },
          {
            "id": 70,
            "name": "Byggnadsår",
            "type": "INTEGER",
            "value": 2020
          },
          {
            "id": 74,
            "name": "Statusdatum",
            "type": "DATE",
            "value": "2021-09-20"
          },
          {
            "id": 79,
            "name": "Tillhörande filer",
            "type": "FILES",
            "value": [
              {
                "id": 2213,
                "filename": "20210920_075916_1_.jpg",
                "description": "Informationstavla",
                "alttext": "Informationstavla",
                "sourcetext": "Anders Erlandsson, Friluftsenheten",
                "validForWinter": true,
                "validForSummer": true,
                "sortIndex": 1,
                "type": "image/jpeg",
                "size": 6003967,
                "url": "https://api.sundsvall.se/facilities/2.2/field/filesfield/2213",
                "license": "CC0",
                "licenseDescription": "Creative commons. \"No rights reserved\" https://creativecommons.org/share-your-work/public-domain/cc0/"
              },
              {
                "id": 2214,
                "filename": "20210920_075929_1_.jpg",
                "description": "Spårkarta",
                "alttext": "Spårkarta",
                "sourcetext": "Anders Erlandsson, Friluftsenheten",
                "validForWinter": true,
                "validForSummer": true,
                "sortIndex": 2,
                "type": "image/jpeg",
                "size": 5156683,
                "url": "https://api.sundsvall.se/facilities/2.2/field/filesfield/2214",
                "license": "CC0",
                "licenseDescription": "Creative commons. \"No rights reserved\" https://creativecommons.org/share-your-work/public-domain/cc0/"
              }
            ]
          },
          {
            "id": 72,
            "name": "Handikappanpassad",
            "type": "TOGGLE",
            "value": "Nej"
          },
          {
            "id": 288,
            "name": "Felanmälan",
            "type": "Felanmälningstjänst",
            "reportName": "Kontakt Sundsvall",
            "reportDescription": "Felanmälan av motionsspår, elljusspår, leder och andra friluftsanläggningar",
            "reportLink": "https://sundsvall.se/kommun-och-politik/politik-och-demokrati/dialog-och-synpunkter/felanmalan",
            "reportPhone": "060-19 10 00",
            "reportEmail": "kontakt@sundsvall.se"
          },
          {
            "id": 77,
            "name": "Beskrivning",
            "type": "FREETEXT",
            "value": "Södra spårområdet"
          },
          {
            "id": 247,
            "name": "Belysning",
            "type": "FREETEXT",
            "value": "Nej"
          },
          {
            "id": 297,
            "name": "Externt id",
            "type": "FREETEXT",
            "value": "42"
          }
        ],
        "centerPoint": [
          17.293928697671706,
          62.36692221221916
        ]
      },
      "geometry": {
        "type": "Point",
        "coordinates": [
          17.293928697671706,
          62.36692221221916
        ]
      }
    },
    {
      "id": 2815,
      "type": "Feature",
      "properties": {
        "name": "Informationstavla Södra berget Ängen",
        "type": "Informationstavla",
        "created": "2021-09-30 09:40:04",
        "updated": "2022-01-10 16:57:05",
        "published": true,
        "owner": {
          "organizationID": 36,
          "name": "Sundsvalls kommun Friluftsenheten"
        },
        "manager": {
          "organizationID": 36,
          "name": "Sundsvalls kommun Friluftsenheten"
        },
        "fields": [
          {
            "id": 73,
            "name": "Status",
            "type": "DROPDOWN",
            "value": "Fin"
          },
          {
            "id": 89,
            "name": "Fundament",
            "type": "DROPDOWN",
            "value": "Betongplintar"
          },
          {
            "id": 88,
            "name": "Typ av infotavla",
            "type": "DROPDOWN",
            "value": "Ribba 1320 bred A0 liggande"
          },
          {
            "id": 70,
            "name": "Byggnadsår",
            "type": "INTEGER",
            "value": 2017
          },
          {
            "id": 74,
            "name": "Statusdatum",
            "type": "DATE",
            "value": "2018-06-18"
          },
          {
            "id": 79,
            "name": "Tillhörande filer",
            "type": "FILES",
            "value": [
              {
                "id": 2228,
                "filename": "20210929_110207.jpg",
                "description": "Informationsskylt om anläggningen",
                "alttext": "Informationsskylt om anläggningen",
                "sourcetext": "Anders Erlandsson, Friluftsenheten",
                "validForWinter": true,
                "validForSummer": true,
                "sortIndex": 1,
                "type": "image/jpeg",
                "size": 4810288,
                "url": "https://api.sundsvall.se/facilities/2.2/field/filesfield/2228",
                "license": "CC0",
                "licenseDescription": "Creative commons. \"No rights reserved\" https://creativecommons.org/share-your-work/public-domain/cc0/"
              }
            ]
          },
          {
            "id": 72,
            "name": "Handikappanpassad",
            "type": "TOGGLE",
            "value": "Nej"
          },
          {
            "id": 288,
            "name": "Felanmälan",
            "type": "Felanmälningstjänst",
            "reportName": "Kontakt Sundsvall",
            "reportDescription": "Felanmälan av motionsspår, elljusspår, leder och andra friluftsanläggningar",
            "reportLink": "https://sundsvall.se/kommun-och-politik/politik-och-demokrati/dialog-och-synpunkter/felanmalan",
            "reportPhone": "060-19 10 00",
            "reportEmail": "kontakt@sundsvall.se"
          },
          {
            "id": 77,
            "name": "Beskrivning",
            "type": "FREETEXT",
            "value": "Information om anläggningen"
          },
          {
            "id": 247,
            "name": "Belysning",
            "type": "FREETEXT",
            "value": "Ja"
          }
        ],
        "centerPoint": [
          17.308917563761465,
          62.36641483549751
        ]
      },
      "geometry": {
        "type": "Point",
        "coordinates": [
          17.308917563761465,
          62.36641483549751
        ]
      }
    },
    {
      "id": 2816,
      "type": "Feature",
      "properties": {
        "name": "Digital informationstavla Södra berget Ängen",
        "type": "Informationstavla",
        "created": "2021-09-30 09:41:15",
        "updated": "2022-01-10 16:56:58",
        "published": true,
        "owner": {
          "organizationID": 36,
          "name": "Sundsvalls kommun Friluftsenheten"
        },
        "manager": {
          "organizationID": 36,
          "name": "Sundsvalls kommun Friluftsenheten"
        },
        "fields": [
          {
            "id": 73,
            "name": "Status",
            "type": "DROPDOWN",
            "value": "Fin"
          },
          {
            "id": 89,
            "name": "Fundament",
            "type": "DROPDOWN",
            "value": "Betongplintar"
          },
          {
            "id": 88,
            "name": "Typ av infotavla",
            "type": "DROPDOWN",
            "value": "Ribba 1320 bred A0 liggande"
          },
          {
            "id": 70,
            "name": "Byggnadsår",
            "type": "INTEGER",
            "value": 2017
          },
          {
            "id": 74,
            "name": "Statusdatum",
            "type": "DATE",
            "value": "2018-06-18"
          },
          {
            "id": 79,
            "name": "Tillhörande filer",
            "type": "FILES",
            "value": [
              {
                "id": 2229,
                "filename": "20210929_110201.jpg",
                "description": "Digital informationstavla",
                "alttext": "Digital informationstavla",
                "sourcetext": "Anders Erlandsson, Friluftsenheten",
                "validForWinter": true,
                "validForSummer": true,
                "sortIndex": 1,
                "type": "image/jpeg",
                "size": 3256078,
                "url": "https://api.sundsvall.se/facilities/2.2/field/filesfield/2229",
                "license": "CC0",
                "licenseDescription": "Creative commons. \"No rights reserved\" https://creativecommons.org/share-your-work/public-domain/cc0/"
              }
            ]
          },
          {
            "id": 72,
            "name": "Handikappanpassad",
            "type": "TOGGLE",
            "value": "Nej"
          },
          {
            "id": 288,
            "name": "Felanmälan",
            "type": "Felanmälningstjänst",
            "reportName": "Kontakt Sundsvall",
            "reportDescription": "Felanmälan av motionsspår, elljusspår, leder och andra friluftsanläggningar",
            "reportLink": "https://sundsvall.se/kommun-och-politik/politik-och-demokrati/dialog-och-synpunkter/felanmalan",
            "reportPhone": "060-19 10 00",
            "reportEmail": "kontakt@sundsvall.se"
          },
          {
            "id": 77,
            "name": "Beskrivning",
            "type": "FREETEXT",
            "value": "Digital informationsskärm med bland annat spårstatus"
          },
          {
            "id": 247,
            "name": "Belysning",
            "type": "FREETEXT",
            "value": "Ja"
          }
        ],
        "centerPoint": [
          17.308941660659585,
          62.36636213466783
        ]
      },
      "geometry": {
        "type": "Point",
        "coordinates": [
          17.308941660659585,
          62.36636213466783
        ]
      }
    },
    {
      "id": 2817,
      "type": "Feature",
      "properties": {
        "name": "Informationstavla Motionsspår Södra berget Ängen",
        "type": "Informationstavla",
        "created": "2021-09-30 09:42:19",
        "updated": "2022-01-10 16:56:50",
        "published": true,
        "owner": {
          "organizationID": 36,
          "name": "Sundsvalls kommun Friluftsenheten"
        },
        "manager": {
          "organizationID": 36,
          "name": "Sundsvalls kommun Friluftsenheten"
        },
        "fields": [
          {
            "id": 73,
            "name": "Status",
            "type": "DROPDOWN",
            "value": "Fin"
          },
          {
            "id": 89,
            "name": "Fundament",
            "type": "DROPDOWN",
            "value": "Betongplintar"
          },
          {
            "id": 88,
            "name": "Typ av infotavla",
            "type": "DROPDOWN",
            "value": "Ribba 1320 bred A0 liggande"
          },
          {
            "id": 70,
            "name": "Byggnadsår",
            "type": "INTEGER",
            "value": 2017
          },
          {
            "id": 74,
            "name": "Statusdatum",
            "type": "DATE",
            "value": "2018-06-18"
          },
          {
            "id": 79,
            "name": "Tillhörande filer",
            "type": "FILES",
            "value": [
              {
                "id": 2230,
                "filename": "20210929_110155.jpg",
                "description": "Informationstavla för motionsspår",
                "alttext": "Informationstavla för motionsspår",
                "sourcetext": "Anders Erlandsson, Friluftsenheten",
                "validForWinter": true,
                "validForSummer": true,
                "sortIndex": 1,
                "type": "image/jpeg",
                "size": 4490057,
                "url": "https://api.sundsvall.se/facilities/2.2/field/filesfield/2230",
                "license": "CC0",
                "licenseDescription": "Creative commons. \"No rights reserved\" https://creativecommons.org/share-your-work/public-domain/cc0/"
              }
            ]
          },
          {
            "id": 72,
            "name": "Handikappanpassad",
            "type": "TOGGLE",
            "value": "Nej"
          },
          {
            "id": 288,
            "name": "Felanmälan",
            "type": "Felanmälningstjänst",
            "reportName": "Kontakt Sundsvall",
            "reportDescription": "Felanmälan av motionsspår, elljusspår, leder och andra friluftsanläggningar",
            "reportLink": "https://sundsvall.se/kommun-och-politik/politik-och-demokrati/dialog-och-synpunkter/felanmalan",
            "reportPhone": "060-19 10 00",
            "reportEmail": "kontakt@sundsvall.se"
          },
          {
            "id": 77,
            "name": "Beskrivning",
            "type": "FREETEXT",
            "value": "Informationstavla för motionsspår"
          },
          {
            "id": 247,
            "name": "Belysning",
            "type": "FREETEXT",
            "value": "Ja"
          }
        ],
        "centerPoint": [
          17.30894436360462,
          62.36634096825665
        ]
      },
      "geometry": {
        "type": "Point",
        "coordinates": [
          17.30894436360462,
          62.36634096825665
        ]
      }
    },
    {
      "id": 2818,
      "type": "Feature",
      "properties": {
        "name": "Informationstavla Elitspår Södra berget Ängen",
        "type": "Informationstavla",
        "created": "2021-09-30 09:44:24",
        "updated": "2022-01-10 16:56:42",
        "published": true,
        "owner": {
          "organizationID": 36,
          "name": "Sundsvalls kommun Friluftsenheten"
        },
        "manager": {
          "organizationID": 36,
          "name": "Sundsvalls kommun Friluftsenheten"
        },
        "fields": [
          {
            "id": 73,
            "name": "Status",
            "type": "DROPDOWN",
            "value": "Fin"
          },
          {
            "id": 89,
            "name": "Fundament",
            "type": "DROPDOWN",
            "value": "Betongplintar"
          },
          {
            "id": 88,
            "name": "Typ av infotavla",
            "type": "DROPDOWN",
            "value": "Ribba 1320 bred A0 liggande"
          },
          {
            "id": 70,
            "name": "Byggnadsår",
            "type": "INTEGER",
            "value": 2017
          },
          {
            "id": 74,
            "name": "Statusdatum",
            "type": "DATE",
            "value": "2018-06-18"
          },
          {
            "id": 79,
            "name": "Tillhörande filer",
            "type": "FILES",
            "value": [
              {
                "id": 2231,
                "filename": "20210929_110142.jpg",
                "description": "Informationstavla för motionsspår av elitkaraktär",
                "alttext": "Informationstavla för motionsspår av elitkaraktär",
                "sourcetext": "Anders Erlandsson, Friluftsenheten",
                "validForWinter": true,
                "validForSummer": true,
                "sortIndex": 1,
                "type": "image/jpeg",
                "size": 4742716,
                "url": "https://api.sundsvall.se/facilities/2.2/field/filesfield/2231",
                "license": "CC0",
                "licenseDescription": "Creative commons. \"No rights reserved\" https://creativecommons.org/share-your-work/public-domain/cc0/"
              }
            ]
          },
          {
            "id": 72,
            "name": "Handikappanpassad",
            "type": "TOGGLE",
            "value": "Nej"
          },
          {
            "id": 288,
            "name": "Felanmälan",
            "type": "Felanmälningstjänst",
            "reportName": "Kontakt Sundsvall",
            "reportDescription": "Felanmälan av motionsspår, elljusspår, leder och andra friluftsanläggningar",
            "reportLink": "https://sundsvall.se/kommun-och-politik/politik-och-demokrati/dialog-och-synpunkter/felanmalan",
            "reportPhone": "060-19 10 00",
            "reportEmail": "kontakt@sundsvall.se"
          },
          {
            "id": 77,
            "name": "Beskrivning",
            "type": "FREETEXT",
            "value": "Informationstavla för motionsspår av elitkaraktär"
          },
          {
            "id": 247,
            "name": "Belysning",
            "type": "FREETEXT",
            "value": "Ja"
          }
        ],
        "centerPoint": [
          17.308946834793304,
          62.3663167883244
        ]
      },
      "geometry": {
        "type": "Point",
        "coordinates": [
          17.308946834793304,
          62.3663167883244
        ]
      }
    },
    {
      "id": 3039,
      "type": "Feature",
      "properties": {
        "name": "Stor spårtavla Klissbergsstugan",
        "type": "Informationstavla",
        "created": "2021-10-06 09:56:33",
        "updated": "2023-08-18 07:46:12",
        "published": true,
        "owner": {
          "organizationID": 36,
          "name": "Sundsvalls kommun Friluftsenheten"
        },
        "manager": {
          "organizationID": 36,
          "name": "Sundsvalls kommun Friluftsenheten"
        },
        "fields": [
          {
            "id": 88,
            "name": "Typ av infotavla",
            "type": "DROPDOWN",
            "value": "Ribba 1320 bred A0 liggande"
          },
          {
            "id": 73,
            "name": "Status",
            "type": "DROPDOWN",
            "value": "Planerad"
          },
          {
            "id": 89,
            "name": "Fundament",
            "type": "DROPDOWN",
            "value": "Monterat på byggnad"
          },
          {
            "id": 72,
            "name": "Handikappanpassad",
            "type": "TOGGLE",
            "value": "Nej"
          },
          {
            "id": 288,
            "name": "Felanmälan",
            "type": "Felanmälningstjänst",
            "reportName": "Kontakt Sundsvall",
            "reportDescription": "Felanmälan av motionsspår, elljusspår, leder och andra friluftsanläggningar",
            "reportLink": "https://sundsvall.se/kommun-och-politik/politik-och-demokrati/dialog-och-synpunkter/felanmalan",
            "reportPhone": "060-19 10 00",
            "reportEmail": "kontakt@sundsvall.se"
          },
          {
            "id": 77,
            "name": "Beskrivning",
            "type": "FREETEXT",
            "value": "Södra spårområdet"
          },
          {
            "id": 247,
            "name": "Belysning",
            "type": "FREETEXT",
            "value": "Nej"
          },
          {
            "id": 297,
            "name": "Externt id",
            "type": "FREETEXT",
            "value": "3"
          }
        ],
        "centerPoint": [
          17.203711372682434,
          62.37846516468117
        ]
      },
      "geometry": {
        "type": "Point",
        "coordinates": [
          17.203711372682434,
          62.37846516468117
        ]
      }
    },
    {
      "id": 3040,
      "type": "Feature",
      "properties": {
        "name": "Stor spårtavla Fågelbergsstugan",
        "type": "Informationstavla",
        "created": "2021-10-06 09:58:15",
        "updated": "2026-06-22 08:54:38",
        "published": true,
        "parentObjects": [
          4486
        ],
        "owner": {
          "organizationID": 36,
          "name": "Sundsvalls kommun Friluftsenheten"
        },
        "manager": {
          "organizationID": 36,
          "name": "Sundsvalls kommun Friluftsenheten"
        },
        "fields": [
          {
            "id": 88,
            "name": "Typ av infotavla",
            "type": "DROPDOWN",
            "value": "Ribba 1320 bred A0 liggande"
          },
          {
            "id": 89,
            "name": "Fundament",
            "type": "DROPDOWN",
            "value": "Monterat på byggnad"
          },
          {
            "id": 72,
            "name": "Handikappanpassad",
            "type": "TOGGLE",
            "value": "Nej"
          },
          {
            "id": 288,
            "name": "Felanmälan",
            "type": "Felanmälningstjänst",
            "reportName": "Kontakt Sundsvall",
            "reportDescription": "Felanmälan av motionsspår, elljusspår, leder och andra friluftsanläggningar",
            "reportLink": "https://sundsvall.se/kommun-och-politik/politik-och-demokrati/dialog-och-synpunkter/felanmalan",
            "reportPhone": "060-19 10 00",
            "reportEmail": "kontakt@sundsvall.se"
          },
          {
            "id": 77,
            "name": "Beskrivning",
            "type": "FREETEXT",
            "value": "Södra spårområdet"
          },
          {
            "id": 247,
            "name": "Belysning",
            "type": "FREETEXT",
            "value": "Nej"
          },
          {
            "id": 297,
            "name": "Externt id",
            "type": "FREETEXT",
            "value": "72"
          }
        ],
        "centerPoint": [
          17.29263451402395,
          62.33973407064032
        ]
      },
      "geometry": {
        "type": "Point",
        "coordinates": [
          17.29263451402395,
          62.33973407064032
        ]
      }
    },
    {
      "id": 3041,
      "type": "Feature",
      "properties": {
        "name": "Liten spårtavla Klissbäcken",
        "type": "Informationstavla",
        "created": "2021-10-06 11:34:40",
        "updated": "2023-08-18 07:46:30",
        "published": true,
        "owner": {
          "organizationID": 36,
          "name": "Sundsvalls kommun Friluftsenheten"
        },
        "manager": {
          "organizationID": 36,
          "name": "Sundsvalls kommun Friluftsenheten"
        },
        "fields": [
          {
            "id": 89,
            "name": "Fundament",
            "type": "DROPDOWN",
            "value": "Betongplintar"
          },
          {
            "id": 88,
            "name": "Typ av infotavla",
            "type": "DROPDOWN",
            "value": "Ribba 420 bred A2 stående"
          },
          {
            "id": 73,
            "name": "Status",
            "type": "DROPDOWN",
            "value": "Planerad"
          },
          {
            "id": 72,
            "name": "Handikappanpassad",
            "type": "TOGGLE",
            "value": "Nej"
          },
          {
            "id": 288,
            "name": "Felanmälan",
            "type": "Felanmälningstjänst",
            "reportName": "Kontakt Sundsvall",
            "reportDescription": "Felanmälan av motionsspår, elljusspår, leder och andra friluftsanläggningar",
            "reportLink": "https://sundsvall.se/kommun-och-politik/politik-och-demokrati/dialog-och-synpunkter/felanmalan",
            "reportPhone": "060-19 10 00",
            "reportEmail": "kontakt@sundsvall.se"
          },
          {
            "id": 77,
            "name": "Beskrivning",
            "type": "FREETEXT",
            "value": "Södra spårområdet"
          },
          {
            "id": 247,
            "name": "Belysning",
            "type": "FREETEXT",
            "value": "Nej"
          },
          {
            "id": 297,
            "name": "Externt id",
            "type": "FREETEXT",
            "value": "8"
          }
        ],
        "centerPoint": [
          17.219013873459406,
          62.37407385220869
        ]
      },
      "geometry": {
        "type": "Point",
        "coordinates": [
          17.219013873459406,
          62.37407385220869
        ]
      }
    },
    {
      "id": 3042,
      "type": "Feature",
      "properties": {
        "name": "Liten spårtavla Nacksta väst",
        "type": "Informationstavla",
        "created": "2021-10-06 11:56:57",
        "updated": "2026-03-17 14:54:14",
        "published": true,
        "owner": {
          "organizationID": 36,
          "name": "Sundsvalls kommun Friluftsenheten"
        },
        "manager": {
          "organizationID": 36,
          "name": "Sundsvalls kommun Friluftsenheten"
        },
        "fields": [
          {
            "id": 89,
            "name": "Fundament",
            "type": "DROPDOWN",
            "value": "Betongplintar"
          },
          {
            "id": 88,
            "name": "Typ av infotavla",
            "type": "DROPDOWN",
            "value": "Ribba 420 bred A2 stående"
          },
          {
            "id": 73,
            "name": "Status",
            "type": "DROPDOWN",
            "value": "Planerad"
          },
          {
            "id": 72,
            "name": "Handikappanpassad",
            "type": "TOGGLE",
            "value": "Nej"
          },
          {
            "id": 288,
            "name": "Felanmälan",
            "type": "Felanmälningstjänst",
            "reportName": "Kontakt Sundsvall",
            "reportDescription": "Felanmälan av motionsspår, elljusspår, leder och andra friluftsanläggningar",
            "reportLink": "https://sundsvall.se/kommun-och-politik/politik-och-demokrati/dialog-och-synpunkter/felanmalan",
            "reportPhone": "060-19 10 00",
            "reportEmail": "kontakt@sundsvall.se"
          },
          {
            "id": 77,
            "name": "Beskrivning",
            "type": "FREETEXT",
            "value": "Södra spårområdet"
          },
          {
            "id": 247,
            "name": "Belysning",
            "type": "FREETEXT",
            "value": "Nej"
          },
          {
            "id": 297,
            "name": "Externt id",
            "type": "FREETEXT",
            "value": "14"
          }
        ],
        "centerPoint": [
          17.252694635435564,
          62.389129213445045
        ]
      },
      "geometry": {
        "type": "Point",
        "coordinates": [
          17.252694635435564,
          62.389129213445045
        ]
      }
    },
    {
      "id": 3043,
      "type": "Feature",
      "properties": {
        "name": "Liten spårtavla Hospice",
        "type": "Informationstavla",
        "created": "2021-10-06 11:57:51",
        "updated": "2023-08-18 07:39:50",
        "published": true,
        "owner": {
          "organizationID": 36,
          "name": "Sundsvalls kommun Friluftsenheten"
        },
        "manager": {
          "organizationID": 36,
          "name": "Sundsvalls kommun Friluftsenheten"
        },
        "fields": [
          {
            "id": 89,
            "name": "Fundament",
            "type": "DROPDOWN",
            "value": "Betongplintar"
          },
          {
            "id": 88,
            "name": "Typ av infotavla",
            "type": "DROPDOWN",
            "value": "Ribba 420 bred A2 stående"
          },
          {
            "id": 73,
            "name": "Status",
            "type": "DROPDOWN",
            "value": "Planerad"
          },
          {
            "id": 72,
            "name": "Handikappanpassad",
            "type": "TOGGLE",
            "value": "Nej"
          },
          {
            "id": 288,
            "name": "Felanmälan",
            "type": "Felanmälningstjänst",
            "reportName": "Kontakt Sundsvall",
            "reportDescription": "Felanmälan av motionsspår, elljusspår, leder och andra friluftsanläggningar",
            "reportLink": "https://sundsvall.se/kommun-och-politik/politik-och-demokrati/dialog-och-synpunkter/felanmalan",
            "reportPhone": "060-19 10 00",
            "reportEmail": "kontakt@sundsvall.se"
          },
          {
            "id": 77,
            "name": "Beskrivning",
            "type": "FREETEXT",
            "value": "Södra spårområdet"
          },
          {
            "id": 247,
            "name": "Belysning",
            "type": "FREETEXT",
            "value": "Nej"
          },
          {
            "id": 297,
            "name": "Externt id",
            "type": "FREETEXT",
            "value": "26"
          }
        ],
        "centerPoint": [
          17.28109686558238,
          62.37629475957986
        ]
      },
      "geometry": {
        "type": "Point",
        "coordinates": [
          17.28109686558238,
          62.37629475957986
        ]
      }
    },
    {
      "id": 3044,
      "type": "Feature",
      "properties": {
        "name": "Liten spårtavla Kolstabäcken",
        "type": "Informationstavla",
        "created": "2021-10-06 11:58:43",
        "updated": "2023-08-18 07:47:03",
        "published": true,
        "owner": {
          "organizationID": 36,
          "name": "Sundsvalls kommun Friluftsenheten"
        },
        "manager": {
          "organizationID": 36,
          "name": "Sundsvalls kommun Friluftsenheten"
        },
        "fields": [
          {
            "id": 89,
            "name": "Fundament",
            "type": "DROPDOWN",
            "value": "Betongplintar"
          },
          {
            "id": 88,
            "name": "Typ av infotavla",
            "type": "DROPDOWN",
            "value": "Ribba 420 bred A2 stående"
          },
          {
            "id": 73,
            "name": "Status",
            "type": "DROPDOWN",
            "value": "Planerad"
          },
          {
            "id": 72,
            "name": "Handikappanpassad",
            "type": "TOGGLE",
            "value": "Nej"
          },
          {
            "id": 288,
            "name": "Felanmälan",
            "type": "Felanmälningstjänst",
            "reportName": "Kontakt Sundsvall",
            "reportDescription": "Felanmälan av motionsspår, elljusspår, leder och andra friluftsanläggningar",
            "reportLink": "https://sundsvall.se/kommun-och-politik/politik-och-demokrati/dialog-och-synpunkter/felanmalan",
            "reportPhone": "060-19 10 00",
            "reportEmail": "kontakt@sundsvall.se"
          },
          {
            "id": 77,
            "name": "Beskrivning",
            "type": "FREETEXT",
            "value": "Södra spårområdet"
          },
          {
            "id": 247,
            "name": "Belysning",
            "type": "FREETEXT",
            "value": "Nej"
          },
          {
            "id": 297,
            "name": "Externt id",
            "type": "FREETEXT",
            "value": "35"
          }
        ],
        "centerPoint": [
          17.193905959670555,
          62.35913628330503
        ]
      },
      "geometry": {
        "type": "Point",
        "coordinates": [
          17.193905959670555,
          62.35913628330503
        ]
      }
    },
    {
      "id": 3045,
      "type": "Feature",
      "properties": {
        "name": "Stor spårtavla Svanängsstugan",
        "type": "Informationstavla",
        "created": "2021-10-06 11:59:29",
        "updated": "2023-08-18 07:47:15",
        "published": true,
        "owner": {
          "organizationID": 36,
          "name": "Sundsvalls kommun Friluftsenheten"
        },
        "manager": {
          "organizationID": 36,
          "name": "Sundsvalls kommun Friluftsenheten"
        },
        "fields": [
          {
            "id": 88,
            "name": "Typ av infotavla",
            "type": "DROPDOWN",
            "value": "Ribba 1320 bred A0 liggande"
          },
          {
            "id": 73,
            "name": "Status",
            "type": "DROPDOWN",
            "value": "Planerad"
          },
          {
            "id": 89,
            "name": "Fundament",
            "type": "DROPDOWN",
            "value": "Monterat på byggnad"
          },
          {
            "id": 72,
            "name": "Handikappanpassad",
            "type": "TOGGLE",
            "value": "Nej"
          },
          {
            "id": 288,
            "name": "Felanmälan",
            "type": "Felanmälningstjänst",
            "reportName": "Kontakt Sundsvall",
            "reportDescription": "Felanmälan av motionsspår, elljusspår, leder och andra friluftsanläggningar",
            "reportLink": "https://sundsvall.se/kommun-och-politik/politik-och-demokrati/dialog-och-synpunkter/felanmalan",
            "reportPhone": "060-19 10 00",
            "reportEmail": "kontakt@sundsvall.se"
          },
          {
            "id": 77,
            "name": "Beskrivning",
            "type": "FREETEXT",
            "value": "Södra spårområdet"
          },
          {
            "id": 247,
            "name": "Belysning",
            "type": "FREETEXT",
            "value": "Nej"
          },
          {
            "id": 297,
            "name": "Externt id",
            "type": "FREETEXT",
            "value": "36"
          }
        ],
        "centerPoint": [
          17.171335321849263,
          62.347806185574186
        ]
      },
      "geometry": {
        "type": "Point",
        "coordinates": [
          17.171335321849263,
          62.347806185574186
        ]
      }
    },
    {
      "id": 3046,
      "type": "Feature",
      "properties": {
        "name": "Liten spårtavla Blåkryss",
        "type": "Informationstavla",
        "created": "2021-10-06 12:00:16",
        "updated": "2026-06-22 09:18:29",
        "published": true,
        "owner": {
          "organizationID": 36,
          "name": "Sundsvalls kommun Friluftsenheten"
        },
        "manager": {
          "organizationID": 36,
          "name": "Sundsvalls kommun Friluftsenheten"
        },
        "fields": [
          {
            "id": 73,
            "name": "Status",
            "type": "DROPDOWN",
            "value": "Fin"
          },
          {
            "id": 89,
            "name": "Fundament",
            "type": "DROPDOWN",
            "value": "Betongplintar"
          },
          {
            "id": 88,
            "name": "Typ av infotavla",
            "type": "DROPDOWN",
            "value": "Ribba 420 bred A2 stående"
          },
          {
            "id": 79,
            "name": "Tillhörande filer",
            "type": "FILES",
            "value": [
              {
                "id": 2931,
                "filename": "image.jpg",
                "description": "Tavla med 4 olika skyltriktningar",
                "alttext": "",
                "sourcetext": "Sundsvalls kommun ",
                "validForWinter": true,
                "validForSummer": true,
                "sortIndex": null,
                "type": "image/jpeg",
                "size": 4945862,
                "url": "https://api.sundsvall.se/facilities/2.2/field/filesfield/2931",
                "license": "CC0",
                "licenseDescription": "Creative commons. \"No rights reserved\" https://creativecommons.org/share-your-work/public-domain/cc0/"
              }
            ]
          },
          {
            "id": 72,
            "name": "Handikappanpassad",
            "type": "TOGGLE",
            "value": "Nej"
          },
          {
            "id": 288,
            "name": "Felanmälan",
            "type": "Felanmälningstjänst",
            "reportName": "Kontakt Sundsvall",
            "reportDescription": "Felanmälan av motionsspår, elljusspår, leder och andra friluftsanläggningar",
            "reportLink": "https://sundsvall.se/kommun-och-politik/politik-och-demokrati/dialog-och-synpunkter/felanmalan",
            "reportPhone": "060-19 10 00",
            "reportEmail": "kontakt@sundsvall.se"
          },
          {
            "id": 77,
            "name": "Beskrivning",
            "type": "FREETEXT",
            "value": "Södra spårområdet"
          },
          {
            "id": 247,
            "name": "Belysning",
            "type": "FREETEXT",
            "value": "Nej"
          },
          {
            "id": 297,
            "name": "Externt id",
            "type": "FREETEXT",
            "value": "39"
          }
        ],
        "centerPoint": [
          17.283334809840735,
          62.356024066155825
        ]
      },
      "geometry": {
        "type": "Point",
        "coordinates": [
          17.283334809840735,
          62.356024066155825
        ]
      }
    },
    {
      "id": 3047,
      "type": "Feature",
      "properties": {
        "name": "Liten spårtavla Jaktkojan",
        "type": "Informationstavla",
        "created": "2021-10-06 12:00:58",
        "updated": "2026-06-22 09:29:21",
        "published": true,
        "parentObjects": [
          4488
        ],
        "owner": {
          "organizationID": 36,
          "name": "Sundsvalls kommun Friluftsenheten"
        },
        "manager": {
          "organizationID": 36,
          "name": "Sundsvalls kommun Friluftsenheten"
        },
        "fields": [
          {
            "id": 88,
            "name": "Typ av infotavla",
            "type": "DROPDOWN",
            "value": "Ribba 420 bred A2 stående"
          },
          {
            "id": 73,
            "name": "Status",
            "type": "DROPDOWN",
            "value": "Planerad"
          },
          {
            "id": 89,
            "name": "Fundament",
            "type": "DROPDOWN",
            "value": "Monterat på byggnad"
          },
          {
            "id": 72,
            "name": "Handikappanpassad",
            "type": "TOGGLE",
            "value": "Nej"
          },
          {
            "id": 288,
            "name": "Felanmälan",
            "type": "Felanmälningstjänst",
            "reportName": "Kontakt Sundsvall",
            "reportDescription": "Felanmälan av motionsspår, elljusspår, leder och andra friluftsanläggningar",
            "reportLink": "https://sundsvall.se/kommun-och-politik/politik-och-demokrati/dialog-och-synpunkter/felanmalan",
            "reportPhone": "060-19 10 00",
            "reportEmail": "kontakt@sundsvall.se"
          },
          {
            "id": 77,
            "name": "Beskrivning",
            "type": "FREETEXT",
            "value": "Södra spårområdet"
          },
          {
            "id": 247,
            "name": "Belysning",
            "type": "FREETEXT",
            "value": "Nej"
          },
          {
            "id": 297,
            "name": "Externt id",
            "type": "FREETEXT",
            "value": "63"
          }
        ],
        "centerPoint": [
          17.29767274607983,
          62.3587457748678
        ]
      },
      "geometry": {
        "type": "Point",
        "coordinates": [
          17.29767274607983,
          62.3587457748678
        ]
      }
    },
    {
      "id": 3048,
      "type": "Feature",
      "properties": {
        "name": "Liten spårtavla Hotellslingan",
        "type": "Informationstavla",
        "created": "2021-10-06 12:01:32",
        "updated": "2023-08-18 07:33:41",
        "published": true,
        "owner": {
          "organizationID": 36,
          "name": "Sundsvalls kommun Friluftsenheten"
        },
        "manager": {
          "organizationID": 36,
          "name": "Sundsvalls kommun Friluftsenheten"
        },
        "fields": [
          {
            "id": 89,
            "name": "Fundament",
            "type": "DROPDOWN",
            "value": "Betongplintar"
          },
          {
            "id": 88,
            "name": "Typ av infotavla",
            "type": "DROPDOWN",
            "value": "Ribba 420 bred A2 stående"
          },
          {
            "id": 73,
            "name": "Status",
            "type": "DROPDOWN",
            "value": "Planerad"
          },
          {
            "id": 72,
            "name": "Handikappanpassad",
            "type": "TOGGLE",
            "value": "Nej"
          },
          {
            "id": 288,
            "name": "Felanmälan",
            "type": "Felanmälningstjänst",
            "reportName": "Kontakt Sundsvall",
            "reportDescription": "Felanmälan av motionsspår, elljusspår, leder och andra friluftsanläggningar",
            "reportLink": "https://sundsvall.se/kommun-och-politik/politik-och-demokrati/dialog-och-synpunkter/felanmalan",
            "reportPhone": "060-19 10 00",
            "reportEmail": "kontakt@sundsvall.se"
          },
          {
            "id": 77,
            "name": "Beskrivning",
            "type": "FREETEXT",
            "value": "Södra spårområdet"
          },
          {
            "id": 247,
            "name": "Belysning",
            "type": "FREETEXT",
            "value": "Nej"
          },
          {
            "id": 297,
            "name": "Externt id",
            "type": "FREETEXT",
            "value": "66"
          }
        ],
        "centerPoint": [
          17.321849941662425,
          62.36093633914802
        ]
      },
      "geometry": {
        "type": "Point",
        "coordinates": [
          17.321849941662425,
          62.36093633914802
        ]
      }
    },
    {
      "id": 3049,
      "type": "Feature",
      "properties": {
        "name": "Liten spårtavla Dubbla vindskyddet",
        "type": "Informationstavla",
        "created": "2021-10-06 12:02:07",
        "updated": "2026-06-22 08:53:27",
        "published": true,
        "parentObjects": [
          4487
        ],
        "owner": {
          "organizationID": 36,
          "name": "Sundsvalls kommun Friluftsenheten"
        },
        "manager": {
          "organizationID": 36,
          "name": "Sundsvalls kommun Friluftsenheten"
        },
        "fields": [
          {
            "id": 88,
            "name": "Typ av infotavla",
            "type": "DROPDOWN",
            "value": "Ribba 420 bred A2 stående"
          },
          {
            "id": 73,
            "name": "Status",
            "type": "DROPDOWN",
            "value": "Planerad"
          },
          {
            "id": 89,
            "name": "Fundament",
            "type": "DROPDOWN",
            "value": "Monterat på byggnad"
          },
          {
            "id": 72,
            "name": "Handikappanpassad",
            "type": "TOGGLE",
            "value": "Nej"
          },
          {
            "id": 288,
            "name": "Felanmälan",
            "type": "Felanmälningstjänst",
            "reportName": "Kontakt Sundsvall",
            "reportDescription": "Felanmälan av motionsspår, elljusspår, leder och andra friluftsanläggningar",
            "reportLink": "https://sundsvall.se/kommun-och-politik/politik-och-demokrati/dialog-och-synpunkter/felanmalan",
            "reportPhone": "060-19 10 00",
            "reportEmail": "kontakt@sundsvall.se"
          },
          {
            "id": 77,
            "name": "Beskrivning",
            "type": "FREETEXT",
            "value": "Södra spårområdet"
          },
          {
            "id": 247,
            "name": "Belysning",
            "type": "FREETEXT",
            "value": "Nej"
          },
          {
            "id": 297,
            "name": "Externt id",
            "type": "FREETEXT",
            "value": "67"
          }
        ],
        "centerPoint": [
          17.305081844258172,
          62.3545892570505
        ]
      },
      "geometry": {
        "type": "Point",
        "coordinates": [
          17.305081844258172,
          62.3545892570505
        ]
      }
    },
    {
      "id": 3050,
      "type": "Feature",
      "properties": {
        "name": "Liten spårtavla Fågelbergsmyren",
        "type": "Informationstavla",
        "created": "2021-10-06 12:02:46",
        "updated": "2026-06-22 10:12:47",
        "published": true,
        "parentObjects": [
          778
        ],
        "owner": {
          "organizationID": 36,
          "name": "Sundsvalls kommun Friluftsenheten"
        },
        "manager": {
          "organizationID": 36,
          "name": "Sundsvalls kommun Friluftsenheten"
        },
        "fields": [
          {
            "id": 73,
            "name": "Status",
            "type": "DROPDOWN",
            "value": "Fin"
          },
          {
            "id": 89,
            "name": "Fundament",
            "type": "DROPDOWN",
            "value": "Betongplintar"
          },
          {
            "id": 88,
            "name": "Typ av infotavla",
            "type": "DROPDOWN",
            "value": "Ribba 420 bred A2 stående"
          },
          {
            "id": 79,
            "name": "Tillhörande filer",
            "type": "FILES",
            "value": [
              {
                "id": 2936,
                "filename": "image.jpg",
                "description": "Spårtavla olika stigar",
                "alttext": "",
                "sourcetext": "Sundsvalls kommun ",
                "validForWinter": false,
                "validForSummer": false,
                "sortIndex": null,
                "type": "image/jpeg",
                "size": 6319282,
                "url": "https://api.sundsvall.se/facilities/2.2/field/filesfield/2936",
                "license": "CC0",
                "licenseDescription": "Creative commons. \"No rights reserved\" https://creativecommons.org/share-your-work/public-domain/cc0/"
              }
            ]
          },
          {
            "id": 72,
            "name": "Handikappanpassad",
            "type": "TOGGLE",
            "value": "Nej"
          },
          {
            "id": 288,
            "name": "Felanmälan",
            "type": "Felanmälningstjänst",
            "reportName": "Kontakt Sundsvall",
            "reportDescription": "Felanmälan av motionsspår, elljusspår, leder och andra friluftsanläggningar",
            "reportLink": "https://sundsvall.se/kommun-och-politik/politik-och-demokrati/dialog-och-synpunkter/felanmalan",
            "reportPhone": "060-19 10 00",
            "reportEmail": "kontakt@sundsvall.se"
          },
          {
            "id": 77,
            "name": "Beskrivning",
            "type": "FREETEXT",
            "value": "Södra spårområdet"
          },
          {
            "id": 247,
            "name": "Belysning",
            "type": "FREETEXT",
            "value": "Nej"
          },
          {
            "id": 297,
            "name": "Externt id",
            "type": "FREETEXT",
            "value": "70"
          }
        ],
        "centerPoint": [
          17.290658184242705,
          62.341224019050856
        ]
      },
      "geometry": {
        "type": "Point",
        "coordinates": [
          17.290658184242705,
          62.341224019050856
        ]
      }
    },
    {
      "id": 3051,
      "type": "Feature",
      "properties": {
        "name": "Liten spårtavla Vaple",
        "type": "Informationstavla",
        "created": "2021-10-06 12:03:20",
        "updated": "2023-08-18 07:32:39",
        "published": true,
        "owner": {
          "organizationID": 36,
          "name": "Sundsvalls kommun Friluftsenheten"
        },
        "manager": {
          "organizationID": 36,
          "name": "Sundsvalls kommun Friluftsenheten"
        },
        "fields": [
          {
            "id": 89,
            "name": "Fundament",
            "type": "DROPDOWN",
            "value": "Betongplintar"
          },
          {
            "id": 88,
            "name": "Typ av infotavla",
            "type": "DROPDOWN",
            "value": "Ribba 420 bred A2 stående"
          },
          {
            "id": 73,
            "name": "Status",
            "type": "DROPDOWN",
            "value": "Planerad"
          },
          {
            "id": 72,
            "name": "Handikappanpassad",
            "type": "TOGGLE",
            "value": "Nej"
          },
          {
            "id": 288,
            "name": "Felanmälan",
            "type": "Felanmälningstjänst",
            "reportName": "Kontakt Sundsvall",
            "reportDescription": "Felanmälan av motionsspår, elljusspår, leder och andra friluftsanläggningar",
            "reportLink": "https://sundsvall.se/kommun-och-politik/politik-och-demokrati/dialog-och-synpunkter/felanmalan",
            "reportPhone": "060-19 10 00",
            "reportEmail": "kontakt@sundsvall.se"
          },
          {
            "id": 77,
            "name": "Beskrivning",
            "type": "FREETEXT",
            "value": "Södra spårområdet"
          },
          {
            "id": 247,
            "name": "Belysning",
            "type": "FREETEXT",
            "value": "Nej"
          },
          {
            "id": 297,
            "name": "Externt id",
            "type": "FREETEXT",
            "value": "74"
          }
        ],
        "centerPoint": [
          17.324865659109314,
          62.339242233247475
        ]
      },
      "geometry": {
        "type": "Point",
        "coordinates": [
          17.324865659109314,
          62.339242233247475
        ]
      }
    },
    {
      "id": 3052,
      "type": "Feature",
      "properties": {
        "name": "Liten spårtavla NTO-korset",
        "type": "Informationstavla",
        "created": "2021-10-06 12:03:42",
        "updated": "2023-08-18 07:32:58",
        "published": true,
        "owner": {
          "organizationID": 36,
          "name": "Sundsvalls kommun Friluftsenheten"
        },
        "manager": {
          "organizationID": 36,
          "name": "Sundsvalls kommun Friluftsenheten"
        },
        "fields": [
          {
            "id": 89,
            "name": "Fundament",
            "type": "DROPDOWN",
            "value": "Betongplintar"
          },
          {
            "id": 88,
            "name": "Typ av infotavla",
            "type": "DROPDOWN",
            "value": "Ribba 420 bred A2 stående"
          },
          {
            "id": 73,
            "name": "Status",
            "type": "DROPDOWN",
            "value": "Planerad"
          },
          {
            "id": 72,
            "name": "Handikappanpassad",
            "type": "TOGGLE",
            "value": "Nej"
          },
          {
            "id": 288,
            "name": "Felanmälan",
            "type": "Felanmälningstjänst",
            "reportName": "Kontakt Sundsvall",
            "reportDescription": "Felanmälan av motionsspår, elljusspår, leder och andra friluftsanläggningar",
            "reportLink": "https://sundsvall.se/kommun-och-politik/politik-och-demokrati/dialog-och-synpunkter/felanmalan",
            "reportPhone": "060-19 10 00",
            "reportEmail": "kontakt@sundsvall.se"
          },
          {
            "id": 77,
            "name": "Beskrivning",
            "type": "FREETEXT",
            "value": "Södra spårområdet"
          },
          {
            "id": 247,
            "name": "Belysning",
            "type": "FREETEXT",
            "value": "Nej"
          },
          {
            "id": 297,
            "name": "Externt id",
            "type": "FREETEXT",
            "value": "75"
          }
        ],
        "centerPoint": [
          17.329176975739436,
          62.35305263757869
        ]
      },
      "geometry": {
        "type": "Point",
        "coordinates": [
          17.329176975739436,
          62.35305263757869
        ]
      }
    },
    {
      "id": 3053,
      "type": "Feature",
      "properties": {
        "name": "Stor spårtavla Scoutstugan",
        "type": "Informationstavla",
        "created": "2021-10-06 12:04:15",
        "updated": "2023-08-18 07:33:09",
        "published": true,
        "owner": {
          "organizationID": 36,
          "name": "Sundsvalls kommun Friluftsenheten"
        },
        "manager": {
          "organizationID": 36,
          "name": "Sundsvalls kommun Friluftsenheten"
        },
        "fields": [
          {
            "id": 88,
            "name": "Typ av infotavla",
            "type": "DROPDOWN",
            "value": "Ribba 1320 bred A0 liggande"
          },
          {
            "id": 73,
            "name": "Status",
            "type": "DROPDOWN",
            "value": "Planerad"
          },
          {
            "id": 89,
            "name": "Fundament",
            "type": "DROPDOWN",
            "value": "Monterat på byggnad"
          },
          {
            "id": 72,
            "name": "Handikappanpassad",
            "type": "TOGGLE",
            "value": "Nej"
          },
          {
            "id": 288,
            "name": "Felanmälan",
            "type": "Felanmälningstjänst",
            "reportName": "Kontakt Sundsvall",
            "reportDescription": "Felanmälan av motionsspår, elljusspår, leder och andra friluftsanläggningar",
            "reportLink": "https://sundsvall.se/kommun-och-politik/politik-och-demokrati/dialog-och-synpunkter/felanmalan",
            "reportPhone": "060-19 10 00",
            "reportEmail": "kontakt@sundsvall.se"
          },
          {
            "id": 77,
            "name": "Beskrivning",
            "type": "FREETEXT",
            "value": "Södra spårområdet"
          },
          {
            "id": 247,
            "name": "Belysning",
            "type": "FREETEXT",
            "value": "Nej"
          },
          {
            "id": 297,
            "name": "Externt id",
            "type": "FREETEXT",
            "value": "76"
          }
        ],
        "centerPoint": [
          17.33812770703547,
          62.35544766848336
        ]
      },
      "geometry": {
        "type": "Point",
        "coordinates": [
          17.33812770703547,
          62.35544766848336
        ]
      }
    },
    {
      "id": 3054,
      "type": "Feature",
      "properties": {
        "name": "Liten spårtavla Östtjärn",
        "type": "Informationstavla",
        "created": "2021-10-06 12:04:52",
        "updated": "2026-06-22 09:42:43",
        "published": true,
        "parentObjects": [
          778,
          779
        ],
        "owner": {
          "organizationID": 36,
          "name": "Sundsvalls kommun Friluftsenheten"
        },
        "manager": {
          "organizationID": 36,
          "name": "Sundsvalls kommun Friluftsenheten"
        },
        "fields": [
          {
            "id": 89,
            "name": "Fundament",
            "type": "DROPDOWN",
            "value": "Betongplintar"
          },
          {
            "id": 88,
            "name": "Typ av infotavla",
            "type": "DROPDOWN",
            "value": "Ribba 420 bred A2 stående"
          },
          {
            "id": 73,
            "name": "Status",
            "type": "DROPDOWN",
            "value": "Planerad"
          },
          {
            "id": 72,
            "name": "Handikappanpassad",
            "type": "TOGGLE",
            "value": "Nej"
          },
          {
            "id": 288,
            "name": "Felanmälan",
            "type": "Felanmälningstjänst",
            "reportName": "Kontakt Sundsvall",
            "reportDescription": "Felanmälan av motionsspår, elljusspår, leder och andra friluftsanläggningar",
            "reportLink": "https://sundsvall.se/kommun-och-politik/politik-och-demokrati/dialog-och-synpunkter/felanmalan",
            "reportPhone": "060-19 10 00",
            "reportEmail": "kontakt@sundsvall.se"
          },
          {
            "id": 77,
            "name": "Beskrivning",
            "type": "FREETEXT",
            "value": "Södra spårområdet"
          },
          {
            "id": 247,
            "name": "Belysning",
            "type": "FREETEXT",
            "value": "Nej"
          },
          {
            "id": 297,
            "name": "Externt id",
            "type": "FREETEXT",
            "value": "81"
          }
        ],
        "centerPoint": [
          17.271689747638035,
          62.32810298324517
        ]
      },
      "geometry": {
        "type": "Point",
        "coordinates": [
          17.271689747638035,
          62.32810298324517
        ]
      }
    },
    {
      "id": 3055,
      "type": "Feature",
      "properties": {
        "name": "Liten spårtavla Tallstugan",
        "type": "Informationstavla",
        "created": "2021-10-06 12:05:25",
        "updated": "2026-06-22 09:38:52",
        "published": true,
        "parentObjects": [
          779
        ],
        "owner": {
          "organizationID": 36,
          "name": "Sundsvalls kommun Friluftsenheten"
        },
        "manager": {
          "organizationID": 36,
          "name": "Sundsvalls kommun Friluftsenheten"
        },
        "fields": [
          {
            "id": 89,
            "name": "Fundament",
            "type": "DROPDOWN",
            "value": "Betongplintar"
          },
          {
            "id": 88,
            "name": "Typ av infotavla",
            "type": "DROPDOWN",
            "value": "Ribba 420 bred A2 stående"
          },
          {
            "id": 73,
            "name": "Status",
            "type": "DROPDOWN",
            "value": "Planerad"
          },
          {
            "id": 72,
            "name": "Handikappanpassad",
            "type": "TOGGLE",
            "value": "Nej"
          },
          {
            "id": 288,
            "name": "Felanmälan",
            "type": "Felanmälningstjänst",
            "reportName": "Kontakt Sundsvall",
            "reportDescription": "Felanmälan av motionsspår, elljusspår, leder och andra friluftsanläggningar",
            "reportLink": "https://sundsvall.se/kommun-och-politik/politik-och-demokrati/dialog-och-synpunkter/felanmalan",
            "reportPhone": "060-19 10 00",
            "reportEmail": "kontakt@sundsvall.se"
          },
          {
            "id": 77,
            "name": "Beskrivning",
            "type": "FREETEXT",
            "value": "Södra spårområdet"
          },
          {
            "id": 247,
            "name": "Belysning",
            "type": "FREETEXT",
            "value": "Nej"
          },
          {
            "id": 297,
            "name": "Externt id",
            "type": "FREETEXT",
            "value": "82"
          }
        ],
        "centerPoint": [
          17.303024688881667,
          62.31626374815605
        ]
      },
      "geometry": {
        "type": "Point",
        "coordinates": [
          17.303024688881667,
          62.31626374815605
        ]
      }
    },
    {
      "id": 3056,
      "type": "Feature",
      "properties": {
        "name": "Liten spårtavla Klökanspåret vändplan",
        "type": "Informationstavla",
        "created": "2021-10-06 12:06:19",
        "updated": "2023-08-18 07:50:52",
        "published": true,
        "owner": {
          "organizationID": 36,
          "name": "Sundsvalls kommun Friluftsenheten"
        },
        "manager": {
          "organizationID": 36,
          "name": "Sundsvalls kommun Friluftsenheten"
        },
        "fields": [
          {
            "id": 89,
            "name": "Fundament",
            "type": "DROPDOWN",
            "value": "Betongplintar"
          },
          {
            "id": 88,
            "name": "Typ av infotavla",
            "type": "DROPDOWN",
            "value": "Ribba 420 bred A2 stående"
          },
          {
            "id": 73,
            "name": "Status",
            "type": "DROPDOWN",
            "value": "Planerad"
          },
          {
            "id": 72,
            "name": "Handikappanpassad",
            "type": "TOGGLE",
            "value": "Nej"
          },
          {
            "id": 288,
            "name": "Felanmälan",
            "type": "Felanmälningstjänst",
            "reportName": "Kontakt Sundsvall",
            "reportDescription": "Felanmälan av motionsspår, elljusspår, leder och andra friluftsanläggningar",
            "reportLink": "https://sundsvall.se/kommun-och-politik/politik-och-demokrati/dialog-och-synpunkter/felanmalan",
            "reportPhone": "060-19 10 00",
            "reportEmail": "kontakt@sundsvall.se"
          },
          {
            "id": 77,
            "name": "Beskrivning",
            "type": "FREETEXT",
            "value": "Södra spårområdet"
          },
          {
            "id": 247,
            "name": "Belysning",
            "type": "FREETEXT",
            "value": "Nej"
          },
          {
            "id": 297,
            "name": "Externt id",
            "type": "FREETEXT",
            "value": "205"
          }
        ],
        "centerPoint": [
          17.311236219857477,
          62.42818993479612
        ]
      },
      "geometry": {
        "type": "Point",
        "coordinates": [
          17.311236219857477,
          62.42818993479612
        ]
      }
    },
    {
      "id": 3057,
      "type": "Feature",
      "properties": {
        "name": "Liten spårtavla Åkerigrus syd",
        "type": "Informationstavla",
        "created": "2021-10-06 12:06:50",
        "updated": "2023-08-18 07:51:11",
        "published": true,
        "owner": {
          "organizationID": 36,
          "name": "Sundsvalls kommun Friluftsenheten"
        },
        "manager": {
          "organizationID": 36,
          "name": "Sundsvalls kommun Friluftsenheten"
        },
        "fields": [
          {
            "id": 89,
            "name": "Fundament",
            "type": "DROPDOWN",
            "value": "Betongplintar"
          },
          {
            "id": 88,
            "name": "Typ av infotavla",
            "type": "DROPDOWN",
            "value": "Ribba 420 bred A2 stående"
          },
          {
            "id": 73,
            "name": "Status",
            "type": "DROPDOWN",
            "value": "Planerad"
          },
          {
            "id": 72,
            "name": "Handikappanpassad",
            "type": "TOGGLE",
            "value": "Nej"
          },
          {
            "id": 288,
            "name": "Felanmälan",
            "type": "Felanmälningstjänst",
            "reportName": "Kontakt Sundsvall",
            "reportDescription": "Felanmälan av motionsspår, elljusspår, leder och andra friluftsanläggningar",
            "reportLink": "https://sundsvall.se/kommun-och-politik/politik-och-demokrati/dialog-och-synpunkter/felanmalan",
            "reportPhone": "060-19 10 00",
            "reportEmail": "kontakt@sundsvall.se"
          },
          {
            "id": 77,
            "name": "Beskrivning",
            "type": "FREETEXT",
            "value": "Södra spårområdet"
          },
          {
            "id": 247,
            "name": "Belysning",
            "type": "FREETEXT",
            "value": "Nej"
          },
          {
            "id": 297,
            "name": "Externt id",
            "type": "FREETEXT",
            "value": "210"
          }
        ],
        "centerPoint": [
          17.297960971378682,
          62.41602833182054
        ]
      },
      "geometry": {
        "type": "Point",
        "coordinates": [
          17.297960971378682,
          62.41602833182054
        ]
      }
    },
    {
      "id": 3058,
      "type": "Feature",
      "properties": {
        "name": "Liten spårtavla Österro",
        "type": "Informationstavla",
        "created": "2021-10-06 12:07:16",
        "updated": "2023-08-18 07:53:06",
        "published": true,
        "owner": {
          "organizationID": 36,
          "name": "Sundsvalls kommun Friluftsenheten"
        },
        "manager": {
          "organizationID": 36,
          "name": "Sundsvalls kommun Friluftsenheten"
        },
        "fields": [
          {
            "id": 89,
            "name": "Fundament",
            "type": "DROPDOWN",
            "value": "Betongplintar"
          },
          {
            "id": 88,
            "name": "Typ av infotavla",
            "type": "DROPDOWN",
            "value": "Ribba 420 bred A2 stående"
          },
          {
            "id": 73,
            "name": "Status",
            "type": "DROPDOWN",
            "value": "Planerad"
          },
          {
            "id": 72,
            "name": "Handikappanpassad",
            "type": "TOGGLE",
            "value": "Nej"
          },
          {
            "id": 288,
            "name": "Felanmälan",
            "type": "Felanmälningstjänst",
            "reportName": "Kontakt Sundsvall",
            "reportDescription": "Felanmälan av motionsspår, elljusspår, leder och andra friluftsanläggningar",
            "reportLink": "https://sundsvall.se/kommun-och-politik/politik-och-demokrati/dialog-och-synpunkter/felanmalan",
            "reportPhone": "060-19 10 00",
            "reportEmail": "kontakt@sundsvall.se"
          },
          {
            "id": 77,
            "name": "Beskrivning",
            "type": "FREETEXT",
            "value": "Södra spårområdet"
          },
          {
            "id": 247,
            "name": "Belysning",
            "type": "FREETEXT",
            "value": "Nej"
          },
          {
            "id": 297,
            "name": "Externt id",
            "type": "FREETEXT",
            "value": "221"
          }
        ],
        "centerPoint": [
          17.226302106304306,
          62.4259442804858
        ]
      },
      "geometry": {
        "type": "Point",
        "coordinates": [
          17.226302106304306,
          62.4259442804858
        ]
      }
    },
    {
      "id": 3059,
      "type": "Feature",
      "properties": {
        "name": "Liten spårtavla Slättrå",
        "type": "Informationstavla",
        "created": "2021-10-06 12:07:52",
        "updated": "2023-08-18 07:53:29",
        "published": true,
        "owner": {
          "organizationID": 36,
          "name": "Sundsvalls kommun Friluftsenheten"
        },
        "manager": {
          "organizationID": 36,
          "name": "Sundsvalls kommun Friluftsenheten"
        },
        "fields": [
          {
            "id": 89,
            "name": "Fundament",
            "type": "DROPDOWN",
            "value": "Betongplintar"
          },
          {
            "id": 88,
            "name": "Typ av infotavla",
            "type": "DROPDOWN",
            "value": "Ribba 420 bred A2 stående"
          },
          {
            "id": 73,
            "name": "Status",
            "type": "DROPDOWN",
            "value": "Planerad"
          },
          {
            "id": 72,
            "name": "Handikappanpassad",
            "type": "TOGGLE",
            "value": "Nej"
          },
          {
            "id": 288,
            "name": "Felanmälan",
            "type": "Felanmälningstjänst",
            "reportName": "Kontakt Sundsvall",
            "reportDescription": "Felanmälan av motionsspår, elljusspår, leder och andra friluftsanläggningar",
            "reportLink": "https://sundsvall.se/kommun-och-politik/politik-och-demokrati/dialog-och-synpunkter/felanmalan",
            "reportPhone": "060-19 10 00",
            "reportEmail": "kontakt@sundsvall.se"
          },
          {
            "id": 77,
            "name": "Beskrivning",
            "type": "FREETEXT",
            "value": "Södra spårområdet"
          },
          {
            "id": 247,
            "name": "Belysning",
            "type": "FREETEXT",
            "value": "Nej"
          },
          {
            "id": 297,
            "name": "Externt id",
            "type": "FREETEXT",
            "value": "224"
          }
        ],
        "centerPoint": [
          17.263558322871692,
          62.45439179574956
        ]
      },
      "geometry": {
        "type": "Point",
        "coordinates": [
          17.263558322871692,
          62.45439179574956
        ]
      }
    },
    {
      "id": 3060,
      "type": "Feature",
      "properties": {
        "name": "Stor spårtavla Klippstugan",
        "type": "Informationstavla",
        "created": "2021-10-06 12:08:29",
        "updated": "2026-01-13 14:04:59",
        "published": true,
        "parentObjects": [
          1848
        ],
        "owner": {
          "organizationID": 36,
          "name": "Sundsvalls kommun Friluftsenheten"
        },
        "manager": {
          "organizationID": 36,
          "name": "Sundsvalls kommun Friluftsenheten"
        },
        "fields": [
          {
            "id": 88,
            "name": "Typ av infotavla",
            "type": "DROPDOWN",
            "value": "Ribba 1320 bred A0 liggande"
          },
          {
            "id": 73,
            "name": "Status",
            "type": "DROPDOWN",
            "value": "Planerad"
          },
          {
            "id": 89,
            "name": "Fundament",
            "type": "DROPDOWN",
            "value": "Monterat på byggnad"
          },
          {
            "id": 72,
            "name": "Handikappanpassad",
            "type": "TOGGLE",
            "value": "Nej"
          },
          {
            "id": 288,
            "name": "Felanmälan",
            "type": "Felanmälningstjänst",
            "reportName": "Kontakt Sundsvall",
            "reportDescription": "Felanmälan av motionsspår, elljusspår, leder och andra friluftsanläggningar",
            "reportLink": "https://sundsvall.se/kommun-och-politik/politik-och-demokrati/dialog-och-synpunkter/felanmalan",
            "reportPhone": "060-19 10 00",
            "reportEmail": "kontakt@sundsvall.se"
          },
          {
            "id": 77,
            "name": "Beskrivning",
            "type": "FREETEXT",
            "value": "Södra spårområdet"
          },
          {
            "id": 247,
            "name": "Belysning",
            "type": "FREETEXT",
            "value": "Nej"
          },
          {
            "id": 297,
            "name": "Externt id",
            "type": "FREETEXT",
            "value": "225"
          }
        ],
        "centerPoint": [
          17.206932374797752,
          62.452959762557796
        ]
      },
      "geometry": {
        "type": "Point",
        "coordinates": [
          17.206932374797752,
          62.452959762557796
        ]
      }
    },
    {
      "id": 3061,
      "type": "Feature",
      "properties": {
        "name": "Stor spårtavla Klissvägen",
        "type": "Informationstavla",
        "created": "2021-10-06 12:11:04",
        "updated": "2023-08-18 07:46:43",
        "published": true,
        "owner": {
          "organizationID": 36,
          "name": "Sundsvalls kommun Friluftsenheten"
        },
        "manager": {
          "organizationID": 36,
          "name": "Sundsvalls kommun Friluftsenheten"
        },
        "fields": [
          {
            "id": 73,
            "name": "Status",
            "type": "DROPDOWN",
            "value": "Fin"
          },
          {
            "id": 89,
            "name": "Fundament",
            "type": "DROPDOWN",
            "value": "Betongplintar"
          },
          {
            "id": 88,
            "name": "Typ av infotavla",
            "type": "DROPDOWN",
            "value": "Ribba 1320 bred A0 liggande"
          },
          {
            "id": 70,
            "name": "Byggnadsår",
            "type": "INTEGER",
            "value": 2019
          },
          {
            "id": 74,
            "name": "Statusdatum",
            "type": "DATE",
            "value": "2019-09-30"
          },
          {
            "id": 72,
            "name": "Handikappanpassad",
            "type": "TOGGLE",
            "value": "Nej"
          },
          {
            "id": 288,
            "name": "Felanmälan",
            "type": "Felanmälningstjänst",
            "reportName": "Kontakt Sundsvall",
            "reportDescription": "Felanmälan av motionsspår, elljusspår, leder och andra friluftsanläggningar",
            "reportLink": "https://sundsvall.se/kommun-och-politik/politik-och-demokrati/dialog-och-synpunkter/felanmalan",
            "reportPhone": "060-19 10 00",
            "reportEmail": "kontakt@sundsvall.se"
          },
          {
            "id": 77,
            "name": "Beskrivning",
            "type": "FREETEXT",
            "value": "Södra spårområdet"
          },
          {
            "id": 247,
            "name": "Belysning",
            "type": "FREETEXT",
            "value": "Nej"
          },
          {
            "id": 297,
            "name": "Externt id",
            "type": "FREETEXT",
            "value": "9"
          }
        ],
        "centerPoint": [
          17.230200038223913,
          62.37047499363509
        ]
      },
      "geometry": {
        "type": "Point",
        "coordinates": [
          17.230200038223913,
          62.37047499363509
        ]
      }
    },
    {
      "id": 3062,
      "type": "Feature",
      "properties": {
        "name": "Stor spårtavla Nacksta värmeverk",
        "type": "Informationstavla",
        "created": "2021-10-06 12:11:35",
        "updated": "2023-08-18 07:45:36",
        "published": true,
        "owner": {
          "organizationID": 36,
          "name": "Sundsvalls kommun Friluftsenheten"
        },
        "manager": {
          "organizationID": 36,
          "name": "Sundsvalls kommun Friluftsenheten"
        },
        "fields": [
          {
            "id": 73,
            "name": "Status",
            "type": "DROPDOWN",
            "value": "Fin"
          },
          {
            "id": 89,
            "name": "Fundament",
            "type": "DROPDOWN",
            "value": "Betongplintar"
          },
          {
            "id": 88,
            "name": "Typ av infotavla",
            "type": "DROPDOWN",
            "value": "Ribba 1320 bred A0 liggande"
          },
          {
            "id": 70,
            "name": "Byggnadsår",
            "type": "INTEGER",
            "value": 2019
          },
          {
            "id": 74,
            "name": "Statusdatum",
            "type": "DATE",
            "value": "2019-09-30"
          },
          {
            "id": 72,
            "name": "Handikappanpassad",
            "type": "TOGGLE",
            "value": "Nej"
          },
          {
            "id": 288,
            "name": "Felanmälan",
            "type": "Felanmälningstjänst",
            "reportName": "Kontakt Sundsvall",
            "reportDescription": "Felanmälan av motionsspår, elljusspår, leder och andra friluftsanläggningar",
            "reportLink": "https://sundsvall.se/kommun-och-politik/politik-och-demokrati/dialog-och-synpunkter/felanmalan",
            "reportPhone": "060-19 10 00",
            "reportEmail": "kontakt@sundsvall.se"
          },
          {
            "id": 77,
            "name": "Beskrivning",
            "type": "FREETEXT",
            "value": "Södra spårområdet"
          },
          {
            "id": 247,
            "name": "Belysning",
            "type": "FREETEXT",
            "value": "Nej"
          },
          {
            "id": 297,
            "name": "Externt id",
            "type": "FREETEXT",
            "value": "16"
          }
        ],
        "centerPoint": [
          17.26669408750036,
          62.386960883450385
        ]
      },
      "geometry": {
        "type": "Point",
        "coordinates": [
          17.26669408750036,
          62.386960883450385
        ]
      }
    },
    {
      "id": 3063,
      "type": "Feature",
      "properties": {
        "name": "Stor spårtavla Sidsjön Nackstaspåret",
        "type": "Informationstavla",
        "created": "2021-10-06 12:12:14",
        "updated": "2026-04-07 09:47:55",
        "published": true,
        "owner": {
          "organizationID": 36,
          "name": "Sundsvalls kommun Friluftsenheten"
        },
        "manager": {
          "organizationID": 36,
          "name": "Sundsvalls kommun Friluftsenheten"
        },
        "fields": [
          {
            "id": 73,
            "name": "Status",
            "type": "DROPDOWN",
            "value": "Fin"
          },
          {
            "id": 89,
            "name": "Fundament",
            "type": "DROPDOWN",
            "value": "Betongplintar"
          },
          {
            "id": 88,
            "name": "Typ av infotavla",
            "type": "DROPDOWN",
            "value": "Ribba 1320 bred A0 liggande"
          },
          {
            "id": 70,
            "name": "Byggnadsår",
            "type": "INTEGER",
            "value": 2019
          },
          {
            "id": 74,
            "name": "Statusdatum",
            "type": "DATE",
            "value": "2026-03-13"
          },
          {
            "id": 79,
            "name": "Tillhörande filer",
            "type": "FILES",
            "value": [
              {
                "id": 2876,
                "filename": "image.jpg",
                "description": "Informationstavla sidsjöns naturreservat ",
                "alttext": "Informationstavla i trä med text om naturreservat",
                "sourcetext": "Sundsvalls kommun ",
                "validForWinter": true,
                "validForSummer": true,
                "sortIndex": 1,
                "type": "image/jpeg",
                "size": 3940549,
                "url": "https://api.sundsvall.se/facilities/2.2/field/filesfield/2876",
                "license": "CC0",
                "licenseDescription": "Creative commons. \"No rights reserved\" https://creativecommons.org/share-your-work/public-domain/cc0/"
              }
            ]
          },
          {
            "id": 72,
            "name": "Handikappanpassad",
            "type": "TOGGLE",
            "value": "Nej"
          },
          {
            "id": 288,
            "name": "Felanmälan",
            "type": "Felanmälningstjänst",
            "reportName": "Kontakt Sundsvall",
            "reportDescription": "Felanmälan av motionsspår, elljusspår, leder och andra friluftsanläggningar",
            "reportLink": "https://sundsvall.se/kommun-och-politik/politik-och-demokrati/dialog-och-synpunkter/felanmalan",
            "reportPhone": "060-19 10 00",
            "reportEmail": "kontakt@sundsvall.se"
          },
          {
            "id": 77,
            "name": "Beskrivning",
            "type": "FREETEXT",
            "value": "Informationstavla om Sidsjö Naturreservat "
          },
          {
            "id": 247,
            "name": "Belysning",
            "type": "FREETEXT",
            "value": "Nej"
          },
          {
            "id": 297,
            "name": "Externt id",
            "type": "FREETEXT",
            "value": "22"
          }
        ],
        "centerPoint": [
          17.273339875485554,
          62.37467463486704
        ]
      },
      "geometry": {
        "type": "Point",
        "coordinates": [
          17.273339875485554,
          62.37467463486704
        ]
      }
    },
    {
      "id": 3064,
      "type": "Feature",
      "properties": {
        "name": "Stor spårtavla Sidsjön Ankeborg",
        "type": "Informationstavla",
        "created": "2021-10-06 12:12:54",
        "updated": "2026-04-07 09:39:54",
        "published": true,
        "owner": {
          "organizationID": 36,
          "name": "Sundsvalls kommun Friluftsenheten"
        },
        "manager": {
          "organizationID": 36,
          "name": "Sundsvalls kommun Friluftsenheten"
        },
        "fields": [
          {
            "id": 73,
            "name": "Status",
            "type": "DROPDOWN",
            "value": "Fin"
          },
          {
            "id": 89,
            "name": "Fundament",
            "type": "DROPDOWN",
            "value": "Betongplintar"
          },
          {
            "id": 88,
            "name": "Typ av infotavla",
            "type": "DROPDOWN",
            "value": "Ribba 1320 bred A0 liggande"
          },
          {
            "id": 70,
            "name": "Byggnadsår",
            "type": "INTEGER",
            "value": 2019
          },
          {
            "id": 74,
            "name": "Statusdatum",
            "type": "DATE",
            "value": "2026-03-13"
          },
          {
            "id": 79,
            "name": "Tillhörande filer",
            "type": "FILES",
            "value": [
              {
                "id": 2864,
                "filename": "image.jpg",
                "description": "Informationstavla över södra spårområdet ",
                "alttext": "Stor trä informationstavla som visar karta över spår och leder",
                "sourcetext": "Sundsvalls kommun ",
                "validForWinter": true,
                "validForSummer": true,
                "sortIndex": null,
                "type": "image/jpeg",
                "size": 4072355,
                "url": "https://api.sundsvall.se/facilities/2.2/field/filesfield/2864",
                "license": "CC0",
                "licenseDescription": "Creative commons. \"No rights reserved\" https://creativecommons.org/share-your-work/public-domain/cc0/"
              }
            ]
          },
          {
            "id": 72,
            "name": "Handikappanpassad",
            "type": "TOGGLE",
            "value": "Nej"
          },
          {
            "id": 288,
            "name": "Felanmälan",
            "type": "Felanmälningstjänst",
            "reportName": "Kontakt Sundsvall",
            "reportDescription": "Felanmälan av motionsspår, elljusspår, leder och andra friluftsanläggningar",
            "reportLink": "https://sundsvall.se/kommun-och-politik/politik-och-demokrati/dialog-och-synpunkter/felanmalan",
            "reportPhone": "060-19 10 00",
            "reportEmail": "kontakt@sundsvall.se"
          },
          {
            "id": 77,
            "name": "Beskrivning",
            "type": "FREETEXT",
            "value": "Södra spårområdet"
          },
          {
            "id": 247,
            "name": "Belysning",
            "type": "FREETEXT",
            "value": "Nej"
          },
          {
            "id": 297,
            "name": "Externt id",
            "type": "FREETEXT",
            "value": "24"
          }
        ],
        "centerPoint": [
          17.281142245250955,
          62.377760940613044
        ]
      },
      "geometry": {
        "type": "Point",
        "coordinates": [
          17.281142245250955,
          62.377760940613044
        ]
      }
    },
    {
      "id": 3065,
      "type": "Feature",
      "properties": {
        "name": "Sidsjön Norra entrén",
        "type": "Informationstavla",
        "created": "2021-10-06 12:14:44",
        "updated": "2026-04-07 09:41:42",
        "published": true,
        "owner": {
          "organizationID": 36,
          "name": "Sundsvalls kommun Friluftsenheten"
        },
        "manager": {
          "organizationID": 36,
          "name": "Sundsvalls kommun Friluftsenheten"
        },
        "fields": [
          {
            "id": 73,
            "name": "Status",
            "type": "DROPDOWN",
            "value": "Fin"
          },
          {
            "id": 89,
            "name": "Fundament",
            "type": "DROPDOWN",
            "value": "Betongplintar"
          },
          {
            "id": 88,
            "name": "Typ av infotavla",
            "type": "DROPDOWN",
            "value": "Ribba 1320 bred A0 liggande"
          },
          {
            "id": 70,
            "name": "Byggnadsår",
            "type": "INTEGER",
            "value": 2019
          },
          {
            "id": 74,
            "name": "Statusdatum",
            "type": "DATE",
            "value": "2026-03-14"
          },
          {
            "id": 79,
            "name": "Tillhörande filer",
            "type": "FILES",
            "value": [
              {
                "id": 2870,
                "filename": "image.jpg",
                "description": "Anslagtavla",
                "alttext": "Anslagstavla i trä med affisher",
                "sourcetext": "Sundsvalls kommun ",
                "validForWinter": false,
                "validForSummer": false,
                "sortIndex": null,
                "type": "image/jpeg",
                "size": 3856892,
                "url": "https://api.sundsvall.se/facilities/2.2/field/filesfield/2870",
                "license": "CC0",
                "licenseDescription": "Creative commons. \"No rights reserved\" https://creativecommons.org/share-your-work/public-domain/cc0/"
              }
            ]
          },
          {
            "id": 72,
            "name": "Handikappanpassad",
            "type": "TOGGLE",
            "value": "Nej"
          },
          {
            "id": 288,
            "name": "Felanmälan",
            "type": "Felanmälningstjänst",
            "reportName": "Kontakt Sundsvall",
            "reportDescription": "Felanmälan av motionsspår, elljusspår, leder och andra friluftsanläggningar",
            "reportLink": "https://sundsvall.se/kommun-och-politik/politik-och-demokrati/dialog-och-synpunkter/felanmalan",
            "reportPhone": "060-19 10 00",
            "reportEmail": "kontakt@sundsvall.se"
          },
          {
            "id": 77,
            "name": "Beskrivning",
            "type": "FREETEXT",
            "value": "Södra spårområdet"
          },
          {
            "id": 247,
            "name": "Belysning",
            "type": "FREETEXT",
            "value": "Ja"
          },
          {
            "id": 297,
            "name": "Externt id",
            "type": "FREETEXT",
            "value": "23"
          }
        ],
        "centerPoint": [
          17.278095502041513,
          62.37841681530864
        ]
      },
      "geometry": {
        "type": "Point",
        "coordinates": [
          17.278095502041513,
          62.37841681530864
        ]
      }
    },
    {
      "id": 3066,
      "type": "Feature",
      "properties": {
        "name": "Allemansrätten Sidsjön Norra entrén",
        "type": "Informationstavla",
        "created": "2021-10-06 12:15:23",
        "updated": "2026-04-07 09:42:34",
        "published": true,
        "owner": {
          "organizationID": 36,
          "name": "Sundsvalls kommun Friluftsenheten"
        },
        "manager": {
          "organizationID": 36,
          "name": "Sundsvalls kommun Friluftsenheten"
        },
        "fields": [
          {
            "id": 73,
            "name": "Status",
            "type": "DROPDOWN",
            "value": "Fin"
          },
          {
            "id": 89,
            "name": "Fundament",
            "type": "DROPDOWN",
            "value": "Betongplintar"
          },
          {
            "id": 88,
            "name": "Typ av infotavla",
            "type": "DROPDOWN",
            "value": "Ribba 1320 bred A0 liggande"
          },
          {
            "id": 70,
            "name": "Byggnadsår",
            "type": "INTEGER",
            "value": 2019
          },
          {
            "id": 74,
            "name": "Statusdatum",
            "type": "DATE",
            "value": "2026-03-13"
          },
          {
            "id": 79,
            "name": "Tillhörande filer",
            "type": "FILES",
            "value": [
              {
                "id": 2868,
                "filename": "image.jpg",
                "description": "Informationstavla allemansrätten ",
                "alttext": "Informationstavla i trä med text om allemansrätten ",
                "sourcetext": "Sundsvalls kommun ",
                "validForWinter": true,
                "validForSummer": true,
                "sortIndex": 1,
                "type": "image/jpeg",
                "size": 3125697,
                "url": "https://api.sundsvall.se/facilities/2.2/field/filesfield/2868",
                "license": "CC0",
                "licenseDescription": "Creative commons. \"No rights reserved\" https://creativecommons.org/share-your-work/public-domain/cc0/"
              }
            ]
          },
          {
            "id": 72,
            "name": "Handikappanpassad",
            "type": "TOGGLE",
            "value": "Nej"
          },
          {
            "id": 288,
            "name": "Felanmälan",
            "type": "Felanmälningstjänst",
            "reportName": "Kontakt Sundsvall",
            "reportDescription": "Felanmälan av motionsspår, elljusspår, leder och andra friluftsanläggningar",
            "reportLink": "https://sundsvall.se/kommun-och-politik/politik-och-demokrati/dialog-och-synpunkter/felanmalan",
            "reportPhone": "060-19 10 00",
            "reportEmail": "kontakt@sundsvall.se"
          },
          {
            "id": 77,
            "name": "Beskrivning",
            "type": "FREETEXT",
            "value": "Allemansrätten "
          },
          {
            "id": 247,
            "name": "Belysning",
            "type": "FREETEXT",
            "value": "Ja"
          },
          {
            "id": 297,
            "name": "Externt id",
            "type": "FREETEXT",
            "value": "23"
          }
        ],
        "centerPoint": [
          17.278102118360746,
          62.37836842983424
        ]
      },
      "geometry": {
        "type": "Point",
        "coordinates": [
          17.278102118360746,
          62.37836842983424
        ]
      }
    },
    {
      "id": 3069,
      "type": "Feature",
      "properties": {
        "name": "Stor spårtavla Sidsjön östra viken",
        "type": "Informationstavla",
        "created": "2021-10-06 12:18:19",
        "updated": "2026-04-07 09:38:22",
        "published": true,
        "owner": {
          "organizationID": 36,
          "name": "Sundsvalls kommun Friluftsenheten"
        },
        "manager": {
          "organizationID": 36,
          "name": "Sundsvalls kommun Friluftsenheten"
        },
        "fields": [
          {
            "id": 73,
            "name": "Status",
            "type": "DROPDOWN",
            "value": "Fin"
          },
          {
            "id": 89,
            "name": "Fundament",
            "type": "DROPDOWN",
            "value": "Betongplintar"
          },
          {
            "id": 88,
            "name": "Typ av infotavla",
            "type": "DROPDOWN",
            "value": "Ribba 1320 bred A0 liggande"
          },
          {
            "id": 70,
            "name": "Byggnadsår",
            "type": "INTEGER",
            "value": 2019
          },
          {
            "id": 74,
            "name": "Statusdatum",
            "type": "DATE",
            "value": "2026-03-13"
          },
          {
            "id": 79,
            "name": "Tillhörande filer",
            "type": "FILES",
            "value": [
              {
                "id": 2861,
                "filename": "image.jpg",
                "description": "Informationstavla södra spårområdet ",
                "alttext": "Stor trä informationstavla med södra spårområdet ",
                "sourcetext": "Sundsvalls kommun ",
                "validForWinter": true,
                "validForSummer": false,
                "sortIndex": null,
                "type": "image/jpeg",
                "size": 3677914,
                "url": "https://api.sundsvall.se/facilities/2.2/field/filesfield/2861",
                "license": "CC0",
                "licenseDescription": "Creative commons. \"No rights reserved\" https://creativecommons.org/share-your-work/public-domain/cc0/"
              }
            ]
          },
          {
            "id": 72,
            "name": "Handikappanpassad",
            "type": "TOGGLE",
            "value": "Nej"
          },
          {
            "id": 288,
            "name": "Felanmälan",
            "type": "Felanmälningstjänst",
            "reportName": "Kontakt Sundsvall",
            "reportDescription": "Felanmälan av motionsspår, elljusspår, leder och andra friluftsanläggningar",
            "reportLink": "https://sundsvall.se/kommun-och-politik/politik-och-demokrati/dialog-och-synpunkter/felanmalan",
            "reportPhone": "060-19 10 00",
            "reportEmail": "kontakt@sundsvall.se"
          },
          {
            "id": 77,
            "name": "Beskrivning",
            "type": "FREETEXT",
            "value": "Södra spårområdet"
          },
          {
            "id": 247,
            "name": "Belysning",
            "type": "FREETEXT",
            "value": "Nej"
          },
          {
            "id": 297,
            "name": "Externt id",
            "type": "FREETEXT",
            "value": "25"
          }
        ],
        "centerPoint": [
          17.284428898179268,
          62.374403564582586
        ]
      },
      "geometry": {
        "type": "Point",
        "coordinates": [
          17.284428898179268,
          62.374403564582586
        ]
      }
    },
    {
      "id": 3070,
      "type": "Feature",
      "properties": {
        "name": "Stor spårtavla Sidsjön ICA",
        "type": "Informationstavla",
        "created": "2021-10-06 12:19:37",
        "updated": "2026-04-07 09:43:53",
        "published": true,
        "owner": {
          "organizationID": 36,
          "name": "Sundsvalls kommun Friluftsenheten"
        },
        "manager": {
          "organizationID": 36,
          "name": "Sundsvalls kommun Friluftsenheten"
        },
        "fields": [
          {
            "id": 73,
            "name": "Status",
            "type": "DROPDOWN",
            "value": "Sliten"
          },
          {
            "id": 89,
            "name": "Fundament",
            "type": "DROPDOWN",
            "value": "Betongplintar"
          },
          {
            "id": 88,
            "name": "Typ av infotavla",
            "type": "DROPDOWN",
            "value": "Ribba 1320 bred A0 liggande"
          },
          {
            "id": 70,
            "name": "Byggnadsår",
            "type": "INTEGER",
            "value": 2019
          },
          {
            "id": 74,
            "name": "Statusdatum",
            "type": "DATE",
            "value": "2026-03-13"
          },
          {
            "id": 79,
            "name": "Tillhörande filer",
            "type": "FILES",
            "value": [
              {
                "id": 2873,
                "filename": "image.jpg",
                "description": "Informationstavla södra spårområdet ",
                "alttext": "Informationstavla södra spårområdet ",
                "sourcetext": "Sundsvalls ",
                "validForWinter": true,
                "validForSummer": true,
                "sortIndex": 1,
                "type": "image/jpeg",
                "size": 4350629,
                "url": "https://api.sundsvall.se/facilities/2.2/field/filesfield/2873",
                "license": "CC0",
                "licenseDescription": "Creative commons. \"No rights reserved\" https://creativecommons.org/share-your-work/public-domain/cc0/"
              }
            ]
          },
          {
            "id": 72,
            "name": "Handikappanpassad",
            "type": "TOGGLE",
            "value": "Nej"
          },
          {
            "id": 288,
            "name": "Felanmälan",
            "type": "Felanmälningstjänst",
            "reportName": "Kontakt Sundsvall",
            "reportDescription": "Felanmälan av motionsspår, elljusspår, leder och andra friluftsanläggningar",
            "reportLink": "https://sundsvall.se/kommun-och-politik/politik-och-demokrati/dialog-och-synpunkter/felanmalan",
            "reportPhone": "060-19 10 00",
            "reportEmail": "kontakt@sundsvall.se"
          },
          {
            "id": 77,
            "name": "Beskrivning",
            "type": "FREETEXT",
            "value": "Södra spårområdet"
          },
          {
            "id": 247,
            "name": "Belysning",
            "type": "FREETEXT",
            "value": "Nej"
          },
          {
            "id": 297,
            "name": "Externt id",
            "type": "FREETEXT",
            "value": "27"
          }
        ],
        "centerPoint": [
          17.274993415994064,
          62.37757291181427
        ]
      },
      "geometry": {
        "type": "Point",
        "coordinates": [
          17.274993415994064,
          62.37757291181427
        ]
      }
    },
    {
      "id": 3071,
      "type": "Feature",
      "properties": {
        "name": "Spårkarta Arboretum",
        "type": "Informationstavla",
        "created": "2021-10-06 12:23:39",
        "updated": "2023-08-18 07:35:15",
        "published": true,
        "owner": {
          "organizationID": 36,
          "name": "Sundsvalls kommun Friluftsenheten"
        },
        "manager": {
          "organizationID": 36,
          "name": "Sundsvalls kommun Friluftsenheten"
        },
        "fields": [
          {
            "id": 73,
            "name": "Status",
            "type": "DROPDOWN",
            "value": "Fin"
          },
          {
            "id": 89,
            "name": "Fundament",
            "type": "DROPDOWN",
            "value": "Betongplintar"
          },
          {
            "id": 88,
            "name": "Typ av infotavla",
            "type": "DROPDOWN",
            "value": "Ribba 1320 bred A0 liggande"
          },
          {
            "id": 70,
            "name": "Byggnadsår",
            "type": "INTEGER",
            "value": 2020
          },
          {
            "id": 74,
            "name": "Statusdatum",
            "type": "DATE",
            "value": "2021-05-21"
          },
          {
            "id": 72,
            "name": "Handikappanpassad",
            "type": "TOGGLE",
            "value": "Nej"
          },
          {
            "id": 288,
            "name": "Felanmälan",
            "type": "Felanmälningstjänst",
            "reportName": "Kontakt Sundsvall",
            "reportDescription": "Felanmälan av motionsspår, elljusspår, leder och andra friluftsanläggningar",
            "reportLink": "https://sundsvall.se/kommun-och-politik/politik-och-demokrati/dialog-och-synpunkter/felanmalan",
            "reportPhone": "060-19 10 00",
            "reportEmail": "kontakt@sundsvall.se"
          },
          {
            "id": 77,
            "name": "Beskrivning",
            "type": "FREETEXT",
            "value": "Spårtavla över södra spårsystemet"
          },
          {
            "id": 247,
            "name": "Belysning",
            "type": "FREETEXT",
            "value": "Ja"
          },
          {
            "id": 297,
            "name": "Externt id",
            "type": "FREETEXT",
            "value": "38"
          }
        ],
        "centerPoint": [
          17.27402995505239,
          62.360990862587926
        ]
      },
      "geometry": {
        "type": "Point",
        "coordinates": [
          17.27402995505239,
          62.360990862587926
        ]
      }
    },
    {
      "id": 3072,
      "type": "Feature",
      "properties": {
        "name": "Spårkarta Lv5 BoKlok",
        "type": "Informationstavla",
        "created": "2021-10-06 12:24:44",
        "updated": "2023-08-18 07:42:03",
        "published": true,
        "owner": {
          "organizationID": 36,
          "name": "Sundsvalls kommun Friluftsenheten"
        },
        "manager": {
          "organizationID": 36,
          "name": "Sundsvalls kommun Friluftsenheten"
        },
        "fields": [
          {
            "id": 73,
            "name": "Status",
            "type": "DROPDOWN",
            "value": "Fin"
          },
          {
            "id": 89,
            "name": "Fundament",
            "type": "DROPDOWN",
            "value": "Betongplintar"
          },
          {
            "id": 88,
            "name": "Typ av infotavla",
            "type": "DROPDOWN",
            "value": "Ribba 1320 bred A0 liggande"
          },
          {
            "id": 70,
            "name": "Byggnadsår",
            "type": "INTEGER",
            "value": 2020
          },
          {
            "id": 74,
            "name": "Statusdatum",
            "type": "DATE",
            "value": "2021-05-21"
          },
          {
            "id": 72,
            "name": "Handikappanpassad",
            "type": "TOGGLE",
            "value": "Nej"
          },
          {
            "id": 288,
            "name": "Felanmälan",
            "type": "Felanmälningstjänst",
            "reportName": "Kontakt Sundsvall",
            "reportDescription": "Felanmälan av motionsspår, elljusspår, leder och andra friluftsanläggningar",
            "reportLink": "https://sundsvall.se/kommun-och-politik/politik-och-demokrati/dialog-och-synpunkter/felanmalan",
            "reportPhone": "060-19 10 00",
            "reportEmail": "kontakt@sundsvall.se"
          },
          {
            "id": 77,
            "name": "Beskrivning",
            "type": "FREETEXT",
            "value": "Spårtavla över södra spårsystemet"
          },
          {
            "id": 247,
            "name": "Belysning",
            "type": "FREETEXT",
            "value": "Nej"
          },
          {
            "id": 297,
            "name": "Externt id",
            "type": "FREETEXT",
            "value": "46"
          }
        ],
        "centerPoint": [
          17.311865653099876,
          62.37630509985408
        ]
      },
      "geometry": {
        "type": "Point",
        "coordinates": [
          17.311865653099876,
          62.37630509985408
        ]
      }
    },
    {
      "id": 3073,
      "type": "Feature",
      "properties": {
        "name": "Spårkarta Skjutbanan",
        "type": "Informationstavla",
        "created": "2021-10-06 12:25:53",
        "updated": "2023-08-18 07:42:24",
        "published": true,
        "owner": {
          "organizationID": 36,
          "name": "Sundsvalls kommun Friluftsenheten"
        },
        "manager": {
          "organizationID": 36,
          "name": "Sundsvalls kommun Friluftsenheten"
        },
        "fields": [
          {
            "id": 73,
            "name": "Status",
            "type": "DROPDOWN",
            "value": "Fin"
          },
          {
            "id": 89,
            "name": "Fundament",
            "type": "DROPDOWN",
            "value": "Betongplintar"
          },
          {
            "id": 88,
            "name": "Typ av infotavla",
            "type": "DROPDOWN",
            "value": "Ribba 1320 bred A0 liggande"
          },
          {
            "id": 70,
            "name": "Byggnadsår",
            "type": "INTEGER",
            "value": 2020
          },
          {
            "id": 74,
            "name": "Statusdatum",
            "type": "DATE",
            "value": "2021-05-21"
          },
          {
            "id": 72,
            "name": "Handikappanpassad",
            "type": "TOGGLE",
            "value": "Nej"
          },
          {
            "id": 288,
            "name": "Felanmälan",
            "type": "Felanmälningstjänst",
            "reportName": "Kontakt Sundsvall",
            "reportDescription": "Felanmälan av motionsspår, elljusspår, leder och andra friluftsanläggningar",
            "reportLink": "https://sundsvall.se/kommun-och-politik/politik-och-demokrati/dialog-och-synpunkter/felanmalan",
            "reportPhone": "060-19 10 00",
            "reportEmail": "kontakt@sundsvall.se"
          },
          {
            "id": 77,
            "name": "Beskrivning",
            "type": "FREETEXT",
            "value": "Spårtavla över södra spårsystemet"
          },
          {
            "id": 247,
            "name": "Belysning",
            "type": "FREETEXT",
            "value": "Nej"
          },
          {
            "id": 297,
            "name": "Externt id",
            "type": "FREETEXT",
            "value": "44"
          }
        ],
        "centerPoint": [
          17.29905327131353,
          62.3715157996838
        ]
      },
      "geometry": {
        "type": "Point",
        "coordinates": [
          17.29905327131353,
          62.3715157996838
        ]
      }
    },
    {
      "id": 3074,
      "type": "Feature",
      "properties": {
        "name": "Spårkarta Stockvik",
        "type": "Informationstavla",
        "created": "2021-10-06 12:27:31",
        "updated": "2023-08-18 07:33:21",
        "published": true,
        "owner": {
          "organizationID": 36,
          "name": "Sundsvalls kommun Friluftsenheten"
        },
        "manager": {
          "organizationID": 36,
          "name": "Sundsvalls kommun Friluftsenheten"
        },
        "fields": [
          {
            "id": 73,
            "name": "Status",
            "type": "DROPDOWN",
            "value": "Fin"
          },
          {
            "id": 89,
            "name": "Fundament",
            "type": "DROPDOWN",
            "value": "Betongplintar"
          },
          {
            "id": 88,
            "name": "Typ av infotavla",
            "type": "DROPDOWN",
            "value": "Ribba 1320 bred A0 liggande"
          },
          {
            "id": 70,
            "name": "Byggnadsår",
            "type": "INTEGER",
            "value": 2020
          },
          {
            "id": 74,
            "name": "Statusdatum",
            "type": "DATE",
            "value": "2021-05-21"
          },
          {
            "id": 72,
            "name": "Handikappanpassad",
            "type": "TOGGLE",
            "value": "Nej"
          },
          {
            "id": 288,
            "name": "Felanmälan",
            "type": "Felanmälningstjänst",
            "reportName": "Kontakt Sundsvall",
            "reportDescription": "Felanmälan av motionsspår, elljusspår, leder och andra friluftsanläggningar",
            "reportLink": "https://sundsvall.se/kommun-och-politik/politik-och-demokrati/dialog-och-synpunkter/felanmalan",
            "reportPhone": "060-19 10 00",
            "reportEmail": "kontakt@sundsvall.se"
          },
          {
            "id": 77,
            "name": "Beskrivning",
            "type": "FREETEXT",
            "value": "Spårtavla över södra spårsystemet"
          },
          {
            "id": 247,
            "name": "Belysning",
            "type": "FREETEXT",
            "value": "Nej"
          },
          {
            "id": 297,
            "name": "Externt id",
            "type": "FREETEXT",
            "value": "79"
          }
        ],
        "centerPoint": [
          17.35092685506716,
          62.350238638286235
        ]
      },
      "geometry": {
        "type": "Point",
        "coordinates": [
          17.35092685506716,
          62.350238638286235
        ]
      }
    },
    {
      "id": 3077,
      "type": "Feature",
      "properties": {
        "name": "Spårkarta Hillstamon",
        "type": "Informationstavla",
        "created": "2021-10-06 12:29:27",
        "updated": "2023-08-18 07:45:07",
        "published": true,
        "owner": {
          "organizationID": 36,
          "name": "Sundsvalls kommun Friluftsenheten"
        },
        "manager": {
          "organizationID": 36,
          "name": "Sundsvalls kommun Friluftsenheten"
        },
        "fields": [
          {
            "id": 73,
            "name": "Status",
            "type": "DROPDOWN",
            "value": "Fin"
          },
          {
            "id": 89,
            "name": "Fundament",
            "type": "DROPDOWN",
            "value": "Betongplintar"
          },
          {
            "id": 88,
            "name": "Typ av infotavla",
            "type": "DROPDOWN",
            "value": "Ribba 1320 bred A0 liggande"
          },
          {
            "id": 70,
            "name": "Byggnadsår",
            "type": "INTEGER",
            "value": 2020
          },
          {
            "id": 74,
            "name": "Statusdatum",
            "type": "DATE",
            "value": "2021-05-21"
          },
          {
            "id": 72,
            "name": "Handikappanpassad",
            "type": "TOGGLE",
            "value": "Nej"
          },
          {
            "id": 288,
            "name": "Felanmälan",
            "type": "Felanmälningstjänst",
            "reportName": "Kontakt Sundsvall",
            "reportDescription": "Felanmälan av motionsspår, elljusspår, leder och andra friluftsanläggningar",
            "reportLink": "https://sundsvall.se/kommun-och-politik/politik-och-demokrati/dialog-och-synpunkter/felanmalan",
            "reportPhone": "060-19 10 00",
            "reportEmail": "kontakt@sundsvall.se"
          },
          {
            "id": 77,
            "name": "Beskrivning",
            "type": "FREETEXT",
            "value": "Spårtavla över södra spårsystemet"
          },
          {
            "id": 247,
            "name": "Belysning",
            "type": "FREETEXT",
            "value": "Ja"
          },
          {
            "id": 297,
            "name": "Externt id",
            "type": "FREETEXT",
            "value": "80"
          }
        ],
        "centerPoint": [
          17.332318280783554,
          62.3715851556593
        ]
      },
      "geometry": {
        "type": "Point",
        "coordinates": [
          17.332318280783554,
          62.3715851556593
        ]
      }
    },
    {
      "id": 3078,
      "type": "Feature",
      "properties": {
        "name": "Informationstavla Hillstamons hinderbana",
        "type": "Informationstavla",
        "created": "2021-10-06 12:30:04",
        "updated": "2024-10-22 18:34:15",
        "published": true,
        "parentObjects": [
          1719
        ],
        "owner": {
          "organizationID": 36,
          "name": "Sundsvalls kommun Friluftsenheten"
        },
        "manager": {
          "organizationID": 36,
          "name": "Sundsvalls kommun Friluftsenheten"
        },
        "fields": [
          {
            "id": 73,
            "name": "Status",
            "type": "DROPDOWN",
            "value": "Fin"
          },
          {
            "id": 89,
            "name": "Fundament",
            "type": "DROPDOWN",
            "value": "Betongplintar"
          },
          {
            "id": 88,
            "name": "Typ av infotavla",
            "type": "DROPDOWN",
            "value": "Ribba 1320 bred A0 liggande"
          },
          {
            "id": 70,
            "name": "Byggnadsår",
            "type": "INTEGER",
            "value": 2020
          },
          {
            "id": 74,
            "name": "Statusdatum",
            "type": "DATE",
            "value": "2021-05-21"
          },
          {
            "id": 72,
            "name": "Handikappanpassad",
            "type": "TOGGLE",
            "value": "Nej"
          },
          {
            "id": 288,
            "name": "Felanmälan",
            "type": "Felanmälningstjänst",
            "reportName": "Kontakt Sundsvall",
            "reportDescription": "Felanmälan av motionsspår, elljusspår, leder och andra friluftsanläggningar",
            "reportLink": "https://sundsvall.se/kommun-och-politik/politik-och-demokrati/dialog-och-synpunkter/felanmalan",
            "reportPhone": "060-19 10 00",
            "reportEmail": "kontakt@sundsvall.se"
          },
          {
            "id": 77,
            "name": "Beskrivning",
            "type": "FREETEXT",
            "value": "Spårtavla över södra spårsystemet"
          },
          {
            "id": 247,
            "name": "Belysning",
            "type": "FREETEXT",
            "value": "Ja"
          }
        ],
        "centerPoint": [
          17.332678808456365,
          62.37163996418499
        ]
      },
      "geometry": {
        "type": "Point",
        "coordinates": [
          17.332678808456365,
          62.37163996418499
        ]
      }
    },
    {
      "id": 3079,
      "type": "Feature",
      "properties": {
        "name": "Informationstavla Hillstamons lilla hinderbana",
        "type": "Informationstavla",
        "created": "2021-10-06 12:30:24",
        "updated": "2024-10-22 18:34:15",
        "published": true,
        "parentObjects": [
          1719
        ],
        "owner": {
          "organizationID": 36,
          "name": "Sundsvalls kommun Friluftsenheten"
        },
        "manager": {
          "organizationID": 36,
          "name": "Sundsvalls kommun Friluftsenheten"
        },
        "fields": [
          {
            "id": 73,
            "name": "Status",
            "type": "DROPDOWN",
            "value": "Fin"
          },
          {
            "id": 89,
            "name": "Fundament",
            "type": "DROPDOWN",
            "value": "Betongplintar"
          },
          {
            "id": 88,
            "name": "Typ av infotavla",
            "type": "DROPDOWN",
            "value": "Ribba 1320 bred A0 liggande"
          },
          {
            "id": 70,
            "name": "Byggnadsår",
            "type": "INTEGER",
            "value": 2020
          },
          {
            "id": 74,
            "name": "Statusdatum",
            "type": "DATE",
            "value": "2021-05-21"
          },
          {
            "id": 72,
            "name": "Handikappanpassad",
            "type": "TOGGLE",
            "value": "Nej"
          },
          {
            "id": 288,
            "name": "Felanmälan",
            "type": "Felanmälningstjänst",
            "reportName": "Kontakt Sundsvall",
            "reportDescription": "Felanmälan av motionsspår, elljusspår, leder och andra friluftsanläggningar",
            "reportLink": "https://sundsvall.se/kommun-och-politik/politik-och-demokrati/dialog-och-synpunkter/felanmalan",
            "reportPhone": "060-19 10 00",
            "reportEmail": "kontakt@sundsvall.se"
          },
          {
            "id": 77,
            "name": "Beskrivning",
            "type": "FREETEXT",
            "value": "Spårtavla över södra spårsystemet"
          },
          {
            "id": 247,
            "name": "Belysning",
            "type": "FREETEXT",
            "value": "Ja"
          }
        ],
        "centerPoint": [
          17.332647066729248,
          62.371649548374364
        ]
      },
      "geometry": {
        "type": "Point",
        "coordinates": [
          17.332647066729248,
          62.371649548374364
        ]
      }
    },
    {
      "id": 3080,
      "type": "Feature",
      "properties": {
        "name": "Informationstavla Fiskdammen",
        "type": "Informationstavla",
        "created": "2021-10-06 12:31:07",
        "updated": "2026-06-22 09:38:52",
        "published": true,
        "parentObjects": [
          779
        ],
        "owner": {
          "organizationID": 36,
          "name": "Sundsvalls kommun Friluftsenheten"
        },
        "manager": {
          "organizationID": 36,
          "name": "Sundsvalls kommun Friluftsenheten"
        },
        "fields": [
          {
            "id": 73,
            "name": "Status",
            "type": "DROPDOWN",
            "value": "Fin"
          },
          {
            "id": 89,
            "name": "Fundament",
            "type": "DROPDOWN",
            "value": "Betongplintar"
          },
          {
            "id": 88,
            "name": "Typ av infotavla",
            "type": "DROPDOWN",
            "value": "Ribba 1320 bred A0 liggande"
          },
          {
            "id": 70,
            "name": "Byggnadsår",
            "type": "INTEGER",
            "value": 2020
          },
          {
            "id": 74,
            "name": "Statusdatum",
            "type": "DATE",
            "value": "2021-05-21"
          },
          {
            "id": 72,
            "name": "Handikappanpassad",
            "type": "TOGGLE",
            "value": "Nej"
          },
          {
            "id": 288,
            "name": "Felanmälan",
            "type": "Felanmälningstjänst",
            "reportName": "Kontakt Sundsvall",
            "reportDescription": "Felanmälan av motionsspår, elljusspår, leder och andra friluftsanläggningar",
            "reportLink": "https://sundsvall.se/kommun-och-politik/politik-och-demokrati/dialog-och-synpunkter/felanmalan",
            "reportPhone": "060-19 10 00",
            "reportEmail": "kontakt@sundsvall.se"
          },
          {
            "id": 77,
            "name": "Beskrivning",
            "type": "FREETEXT",
            "value": "Spårtavla över södra spårsystemet"
          },
          {
            "id": 247,
            "name": "Belysning",
            "type": "FREETEXT",
            "value": "Nej"
          }
        ],
        "centerPoint": [
          17.358865147374594,
          62.29688560786259
        ]
      },
      "geometry": {
        "type": "Point",
        "coordinates": [
          17.358865147374594,
          62.29688560786259
        ]
      }
    },
    {
      "id": 3081,
      "type": "Feature",
      "properties": {
        "name": "Spårtavla Ryggis östra",
        "type": "Informationstavla",
        "created": "2021-10-06 12:32:02",
        "updated": "2023-08-18 07:49:08",
        "published": true,
        "owner": {
          "organizationID": 36,
          "name": "Sundsvalls kommun Friluftsenheten"
        },
        "manager": {
          "organizationID": 36,
          "name": "Sundsvalls kommun Friluftsenheten"
        },
        "fields": [
          {
            "id": 73,
            "name": "Status",
            "type": "DROPDOWN",
            "value": "Fin"
          },
          {
            "id": 89,
            "name": "Fundament",
            "type": "DROPDOWN",
            "value": "Betongplintar"
          },
          {
            "id": 88,
            "name": "Typ av infotavla",
            "type": "DROPDOWN",
            "value": "Ribba 1320 bred A0 liggande"
          },
          {
            "id": 70,
            "name": "Byggnadsår",
            "type": "INTEGER",
            "value": 2020
          },
          {
            "id": 74,
            "name": "Statusdatum",
            "type": "DATE",
            "value": "2021-05-21"
          },
          {
            "id": 72,
            "name": "Handikappanpassad",
            "type": "TOGGLE",
            "value": "Nej"
          },
          {
            "id": 288,
            "name": "Felanmälan",
            "type": "Felanmälningstjänst",
            "reportName": "Kontakt Sundsvall",
            "reportDescription": "Felanmälan av motionsspår, elljusspår, leder och andra friluftsanläggningar",
            "reportLink": "https://sundsvall.se/kommun-och-politik/politik-och-demokrati/dialog-och-synpunkter/felanmalan",
            "reportPhone": "060-19 10 00",
            "reportEmail": "kontakt@sundsvall.se"
          },
          {
            "id": 77,
            "name": "Beskrivning",
            "type": "FREETEXT",
            "value": "Spårtavla över norra spårsystemet"
          },
          {
            "id": 247,
            "name": "Belysning",
            "type": "FREETEXT",
            "value": "Nej"
          },
          {
            "id": 297,
            "name": "Externt id",
            "type": "FREETEXT",
            "value": "201"
          }
        ],
        "centerPoint": [
          17.30754863808902,
          62.40353595496963
        ]
      },
      "geometry": {
        "type": "Point",
        "coordinates": [
          17.30754863808902,
          62.40353595496963
        ]
      }
    },
    {
      "id": 3082,
      "type": "Feature",
      "properties": {
        "name": "Spårtavla Bosvedjan",
        "type": "Informationstavla",
        "created": "2021-10-06 12:34:57",
        "updated": "2023-08-18 07:50:06",
        "published": true,
        "owner": {
          "organizationID": 36,
          "name": "Sundsvalls kommun Friluftsenheten"
        },
        "manager": {
          "organizationID": 36,
          "name": "Sundsvalls kommun Friluftsenheten"
        },
        "fields": [
          {
            "id": 73,
            "name": "Status",
            "type": "DROPDOWN",
            "value": "Fin"
          },
          {
            "id": 89,
            "name": "Fundament",
            "type": "DROPDOWN",
            "value": "Betongplintar"
          },
          {
            "id": 88,
            "name": "Typ av infotavla",
            "type": "DROPDOWN",
            "value": "Ribba 1320 bred A0 liggande"
          },
          {
            "id": 70,
            "name": "Byggnadsår",
            "type": "INTEGER",
            "value": 2020
          },
          {
            "id": 74,
            "name": "Statusdatum",
            "type": "DATE",
            "value": "2021-07-07"
          },
          {
            "id": 72,
            "name": "Handikappanpassad",
            "type": "TOGGLE",
            "value": "Nej"
          },
          {
            "id": 288,
            "name": "Felanmälan",
            "type": "Felanmälningstjänst",
            "reportName": "Kontakt Sundsvall",
            "reportDescription": "Felanmälan av motionsspår, elljusspår, leder och andra friluftsanläggningar",
            "reportLink": "https://sundsvall.se/kommun-och-politik/politik-och-demokrati/dialog-och-synpunkter/felanmalan",
            "reportPhone": "060-19 10 00",
            "reportEmail": "kontakt@sundsvall.se"
          },
          {
            "id": 77,
            "name": "Beskrivning",
            "type": "FREETEXT",
            "value": "Spårtavla Norra spårsystemet "
          },
          {
            "id": 247,
            "name": "Belysning",
            "type": "FREETEXT",
            "value": "Nej"
          },
          {
            "id": 297,
            "name": "Externt id",
            "type": "FREETEXT",
            "value": "203"
          }
        ],
        "centerPoint": [
          17.332784605640086,
          62.41890954521204
        ]
      },
      "geometry": {
        "type": "Point",
        "coordinates": [
          17.332784605640086,
          62.41890954521204
        ]
      }
    },
    {
      "id": 3083,
      "type": "Feature",
      "properties": {
        "name": "Spårtavla Hulispåret Granlo",
        "type": "Informationstavla",
        "created": "2021-10-06 12:35:35",
        "updated": "2023-08-18 07:52:25",
        "published": true,
        "owner": {
          "organizationID": 36,
          "name": "Sundsvalls kommun Friluftsenheten"
        },
        "manager": {
          "organizationID": 36,
          "name": "Sundsvalls kommun Friluftsenheten"
        },
        "fields": [
          {
            "id": 73,
            "name": "Status",
            "type": "DROPDOWN",
            "value": "Fin"
          },
          {
            "id": 89,
            "name": "Fundament",
            "type": "DROPDOWN",
            "value": "Betongplintar"
          },
          {
            "id": 88,
            "name": "Typ av infotavla",
            "type": "DROPDOWN",
            "value": "Ribba 1320 bred A0 liggande"
          },
          {
            "id": 70,
            "name": "Byggnadsår",
            "type": "INTEGER",
            "value": 2020
          },
          {
            "id": 74,
            "name": "Statusdatum",
            "type": "DATE",
            "value": "2021-07-07"
          },
          {
            "id": 72,
            "name": "Handikappanpassad",
            "type": "TOGGLE",
            "value": "Nej"
          },
          {
            "id": 288,
            "name": "Felanmälan",
            "type": "Felanmälningstjänst",
            "reportName": "Kontakt Sundsvall",
            "reportDescription": "Felanmälan av motionsspår, elljusspår, leder och andra friluftsanläggningar",
            "reportLink": "https://sundsvall.se/kommun-och-politik/politik-och-demokrati/dialog-och-synpunkter/felanmalan",
            "reportPhone": "060-19 10 00",
            "reportEmail": "kontakt@sundsvall.se"
          },
          {
            "id": 77,
            "name": "Beskrivning",
            "type": "FREETEXT",
            "value": "Spårtavla Norra spårsystemet "
          },
          {
            "id": 247,
            "name": "Belysning",
            "type": "FREETEXT",
            "value": "Nej"
          },
          {
            "id": 297,
            "name": "Externt id",
            "type": "FREETEXT",
            "value": "212"
          }
        ],
        "centerPoint": [
          17.246649664789967,
          62.40736576244323
        ]
      },
      "geometry": {
        "type": "Point",
        "coordinates": [
          17.246649664789967,
          62.40736576244323
        ]
      }
    },
    {
      "id": 3084,
      "type": "Feature",
      "properties": {
        "name": "Spårkarta Hulistugan Selånger SOK",
        "type": "Informationstavla",
        "created": "2021-10-06 12:38:17",
        "updated": "2023-08-18 07:52:03",
        "published": true,
        "owner": {
          "organizationID": 36,
          "name": "Sundsvalls kommun Friluftsenheten"
        },
        "manager": {
          "organizationID": 36,
          "name": "Sundsvalls kommun Friluftsenheten"
        },
        "fields": [
          {
            "id": 73,
            "name": "Status",
            "type": "DROPDOWN",
            "value": "Fin"
          },
          {
            "id": 89,
            "name": "Fundament",
            "type": "DROPDOWN",
            "value": "Betongplintar"
          },
          {
            "id": 88,
            "name": "Typ av infotavla",
            "type": "DROPDOWN",
            "value": "Ribba 1320 bred A0 liggande"
          },
          {
            "id": 70,
            "name": "Byggnadsår",
            "type": "INTEGER",
            "value": 2020
          },
          {
            "id": 72,
            "name": "Handikappanpassad",
            "type": "TOGGLE",
            "value": "Nej"
          },
          {
            "id": 288,
            "name": "Felanmälan",
            "type": "Felanmälningstjänst",
            "reportName": "Kontakt Sundsvall",
            "reportDescription": "Felanmälan av motionsspår, elljusspår, leder och andra friluftsanläggningar",
            "reportLink": "https://sundsvall.se/kommun-och-politik/politik-och-demokrati/dialog-och-synpunkter/felanmalan",
            "reportPhone": "060-19 10 00",
            "reportEmail": "kontakt@sundsvall.se"
          },
          {
            "id": 247,
            "name": "Belysning",
            "type": "FREETEXT",
            "value": "Nej"
          },
          {
            "id": 297,
            "name": "Externt id",
            "type": "FREETEXT",
            "value": "213"
          }
        ],
        "centerPoint": [
          17.26101912977311,
          62.41921048306939
        ]
      },
      "geometry": {
        "type": "Point",
        "coordinates": [
          17.26101912977311,
          62.41921048306939
        ]
      }
    },
    {
      "id": 3087,
      "type": "Feature",
      "properties": {
        "name": "Spårkarta Norra spårområdet Hulitorget",
        "type": "Informationstavla",
        "created": "2021-10-06 12:40:30",
        "updated": "2023-08-18 07:52:46",
        "published": true,
        "owner": {
          "organizationID": 36,
          "name": "Sundsvalls kommun Friluftsenheten"
        },
        "manager": {
          "organizationID": 36,
          "name": "Sundsvalls kommun Friluftsenheten"
        },
        "fields": [
          {
            "id": 73,
            "name": "Status",
            "type": "DROPDOWN",
            "value": "Fin"
          },
          {
            "id": 89,
            "name": "Fundament",
            "type": "DROPDOWN",
            "value": "Betongplintar"
          },
          {
            "id": 88,
            "name": "Typ av infotavla",
            "type": "DROPDOWN",
            "value": "Ribba 1320 bred A0 liggande"
          },
          {
            "id": 70,
            "name": "Byggnadsår",
            "type": "INTEGER",
            "value": 2020
          },
          {
            "id": 72,
            "name": "Handikappanpassad",
            "type": "TOGGLE",
            "value": "Nej"
          },
          {
            "id": 288,
            "name": "Felanmälan",
            "type": "Felanmälningstjänst",
            "reportName": "Kontakt Sundsvall",
            "reportDescription": "Felanmälan av motionsspår, elljusspår, leder och andra friluftsanläggningar",
            "reportLink": "https://sundsvall.se/kommun-och-politik/politik-och-demokrati/dialog-och-synpunkter/felanmalan",
            "reportPhone": "060-19 10 00",
            "reportEmail": "kontakt@sundsvall.se"
          },
          {
            "id": 247,
            "name": "Belysning",
            "type": "FREETEXT",
            "value": "Nej"
          },
          {
            "id": 297,
            "name": "Externt id",
            "type": "FREETEXT",
            "value": "216"
          }
        ],
        "centerPoint": [
          17.25604587645174,
          62.43377001686225
        ]
      },
      "geometry": {
        "type": "Point",
        "coordinates": [
          17.25604587645174,
          62.43377001686225
        ]
      }
    },
    {
      "id": 3625,
      "type": "Feature",
      "properties": {
        "name": "Långliden informationstavla",
        "type": "Informationstavla",
        "created": "2023-05-11 14:29:51",
        "updated": "2026-04-01 22:24:53",
        "published": true,
        "parentObjects": [
          4454
        ],
        "owner": {
          "organizationID": 36,
          "name": "Sundsvalls kommun Friluftsenheten"
        },
        "manager": {
          "organizationID": 36,
          "name": "Sundsvalls kommun Friluftsenheten"
        },
        "fields": [
          {
            "id": 89,
            "name": "Fundament",
            "type": "DROPDOWN",
            "value": "Trä i jord"
          },
          {
            "id": 88,
            "name": "Typ av infotavla",
            "type": "DROPDOWN",
            "value": "Övrigt"
          },
          {
            "id": 70,
            "name": "Byggnadsår",
            "type": "INTEGER",
            "value": 2016
          },
          {
            "id": 72,
            "name": "Handikappanpassad",
            "type": "TOGGLE",
            "value": "Nej"
          }
        ],
        "centerPoint": [
          16.67196150213764,
          62.911820163952555
        ]
      },
      "geometry": {
        "type": "Point",
        "coordinates": [
          16.67196150213764,
          62.911820163952555
        ]
      }
    },
    {
      "id": 3630,
      "type": "Feature",
      "properties": {
        "name": "Boda såg Informationstavla",
        "type": "Informationstavla",
        "created": "2023-05-11 14:38:38",
        "updated": "2026-04-01 22:29:18",
        "published": true,
        "parentObjects": [
          4453
        ],
        "owner": {
          "organizationID": 36,
          "name": "Sundsvalls kommun Friluftsenheten"
        },
        "manager": {
          "organizationID": 36,
          "name": "Sundsvalls kommun Friluftsenheten"
        },
        "fields": [
          {
            "id": 89,
            "name": "Fundament",
            "type": "DROPDOWN",
            "value": "Trä i jord"
          },
          {
            "id": 88,
            "name": "Typ av infotavla",
            "type": "DROPDOWN",
            "value": "Övrigt"
          },
          {
            "id": 72,
            "name": "Handikappanpassad",
            "type": "TOGGLE",
            "value": "Nej"
          },
          {
            "id": 288,
            "name": "Felanmälan",
            "type": "Felanmälningstjänst",
            "reportName": "Kontakt Sundsvall",
            "reportDescription": "Felanmälan av motionsspår, elljusspår, leder och andra friluftsanläggningar",
            "reportLink": "https://sundsvall.se/kommun-och-politik/politik-och-demokrati/dialog-och-synpunkter/felanmalan",
            "reportPhone": "060-19 10 00",
            "reportEmail": "kontakt@sundsvall.se"
          }
        ],
        "centerPoint": [
          16.640191853251473,
          62.87721414962886
        ]
      },
      "geometry": {
        "type": "Point",
        "coordinates": [
          16.640191853251473,
          62.87721414962886
        ]
      }
    },
    {
      "id": 3634,
      "type": "Feature",
      "properties": {
        "name": "Järkvissle Informationstavla",
        "type": "Informationstavla",
        "created": "2023-05-11 14:47:00",
        "updated": "2026-04-01 22:10:13",
        "published": true,
        "parentObjects": [
          4450
        ],
        "owner": {
          "organizationID": 36,
          "name": "Sundsvalls kommun Friluftsenheten"
        },
        "manager": {
          "organizationID": 36,
          "name": "Sundsvalls kommun Friluftsenheten"
        },
        "fields": [
          {
            "id": 89,
            "name": "Fundament",
            "type": "DROPDOWN",
            "value": "Betongplintar"
          },
          {
            "id": 88,
            "name": "Typ av infotavla",
            "type": "DROPDOWN",
            "value": "Rundstolp ryggåstak plyfaskiva"
          },
          {
            "id": 70,
            "name": "Byggnadsår",
            "type": "INTEGER",
            "value": 2016
          },
          {
            "id": 79,
            "name": "Tillhörande filer",
            "type": "FILES",
            "value": [
              {
                "id": 2514,
                "filename": "20160808_092514.jpg",
                "description": "Informationstavla",
                "alttext": "Informationstavla",
                "sourcetext": "Friluftsenheten",
                "validForWinter": false,
                "validForSummer": true,
                "sortIndex": 1,
                "type": "image/jpeg",
                "size": 3880025,
                "url": "https://api.sundsvall.se/facilities/2.2/field/filesfield/2514",
                "license": "CC0",
                "licenseDescription": "Creative commons. \"No rights reserved\" https://creativecommons.org/share-your-work/public-domain/cc0/"
              }
            ]
          },
          {
            "id": 72,
            "name": "Handikappanpassad",
            "type": "TOGGLE",
            "value": "Nej"
          },
          {
            "id": 288,
            "name": "Felanmälan",
            "type": "Felanmälningstjänst",
            "reportName": "Kontakt Sundsvall",
            "reportDescription": "Felanmälan av motionsspår, elljusspår, leder och andra friluftsanläggningar",
            "reportLink": "https://sundsvall.se/kommun-och-politik/politik-och-demokrati/dialog-och-synpunkter/felanmalan",
            "reportPhone": "060-19 10 00",
            "reportEmail": "kontakt@sundsvall.se"
          }
        ],
        "centerPoint": [
          16.664670619804824,
          62.79246432124176
        ]
      },
      "geometry": {
        "type": "Point",
        "coordinates": [
          16.664670619804824,
          62.79246432124176
        ]
      }
    },
    {
      "id": 3660,
      "type": "Feature",
      "properties": {
        "name": "Informationsskylt Sidsjön vattendjur",
        "type": "Informationstavla",
        "created": "2023-08-18 07:38:17",
        "published": true,
        "owner": {
          "organizationID": 36,
          "name": "Sundsvalls kommun Friluftsenheten"
        },
        "manager": {
          "organizationID": 36,
          "name": "Sundsvalls kommun Friluftsenheten"
        },
        "fields": [
          {
            "id": 73,
            "name": "Status",
            "type": "DROPDOWN",
            "value": "Sliten"
          },
          {
            "id": 89,
            "name": "Fundament",
            "type": "DROPDOWN",
            "value": "Betongplintar"
          },
          {
            "id": 88,
            "name": "Typ av infotavla",
            "type": "DROPDOWN",
            "value": "Övrigt"
          },
          {
            "id": 72,
            "name": "Handikappanpassad",
            "type": "TOGGLE",
            "value": "Nej"
          },
          {
            "id": 288,
            "name": "Felanmälan",
            "type": "Felanmälningstjänst",
            "reportName": "Kontakt Sundsvall",
            "reportDescription": "Felanmälan av motionsspår, elljusspår, leder och andra friluftsanläggningar",
            "reportLink": "https://sundsvall.se/kommun-och-politik/politik-och-demokrati/dialog-och-synpunkter/felanmalan",
            "reportPhone": "060-19 10 00",
            "reportEmail": "kontakt@sundsvall.se"
          },
          {
            "id": 77,
            "name": "Beskrivning",
            "type": "FREETEXT",
            "value": "Informationstavla om djurlivet i Sidsjön"
          },
          {
            "id": 247,
            "name": "Belysning",
            "type": "FREETEXT",
            "value": "Nej"
          },
          {
            "id": 297,
            "name": "Externt id",
            "type": "FREETEXT",
            "value": "30"
          }
        ],
        "centerPoint": [
          17.275446486716813,
          62.36874834232922
        ]
      },
      "geometry": {
        "type": "Point",
        "coordinates": [
          17.275446486716813,
          62.36874834232922
        ]
      }
    },
    {
      "id": 3664,
      "type": "Feature",
      "properties": {
        "name": "Informationstavls Fagerdalsparken Vattentäkt",
        "type": "Informationstavla",
        "created": "2023-08-28 08:04:21",
        "published": true,
        "owner": {
          "organizationID": 36,
          "name": "Sundsvalls kommun Friluftsenheten"
        },
        "manager": {
          "organizationID": 172,
          "name": "Sundsvalls kommun Parkavdelningen"
        },
        "fields": [
          {
            "id": 73,
            "name": "Status",
            "type": "DROPDOWN",
            "value": "Sliten"
          },
          {
            "id": 89,
            "name": "Fundament",
            "type": "DROPDOWN",
            "value": "Betongplintar"
          },
          {
            "id": 88,
            "name": "Typ av infotavla",
            "type": "DROPDOWN",
            "value": "Övrigt"
          },
          {
            "id": 74,
            "name": "Statusdatum",
            "type": "DATE",
            "value": "2023-08-28"
          },
          {
            "id": 79,
            "name": "Tillhörande filer",
            "type": "FILES",
            "value": [
              {
                "id": 2543,
                "filename": "16932025028631685696663477636721.jpg",
                "description": "Informationstavla Fagerdalsparken vattentäkt",
                "alttext": "Informationstavla",
                "sourcetext": "Friluftsenheten",
                "validForWinter": true,
                "validForSummer": true,
                "sortIndex": 1,
                "type": "image/jpeg",
                "size": 6850906,
                "url": "https://api.sundsvall.se/facilities/2.2/field/filesfield/2543",
                "license": "CC0",
                "licenseDescription": "Creative commons. \"No rights reserved\" https://creativecommons.org/share-your-work/public-domain/cc0/"
              },
              {
                "id": 2544,
                "filename": "16932025485743922182894848842105.jpg",
                "description": "Informationstavla Fagerdalsparken vattentäkt ",
                "alttext": "Informationstavla ",
                "sourcetext": "Friluftsenheten",
                "validForWinter": true,
                "validForSummer": true,
                "sortIndex": 2,
                "type": "image/jpeg",
                "size": 4575557,
                "url": "https://api.sundsvall.se/facilities/2.2/field/filesfield/2544",
                "license": "CC0",
                "licenseDescription": "Creative commons. \"No rights reserved\" https://creativecommons.org/share-your-work/public-domain/cc0/"
              }
            ]
          },
          {
            "id": 72,
            "name": "Handikappanpassad",
            "type": "TOGGLE",
            "value": "Nej"
          },
          {
            "id": 288,
            "name": "Felanmälan",
            "type": "Felanmälningstjänst",
            "reportName": "Sundsvalls kommun parker och lekparker",
            "reportDescription": "Felanmälan av parker",
            "reportLink": "https://isycase.isy.se/Sundsvall/publicform/create",
            "reportPhone": "060-19 15 65",
            "reportEmail": "servicecenter.kundtjanst@sundsvall.se"
          }
        ],
        "centerPoint": [
          17.2812941218217,
          62.3796678895193
        ]
      },
      "geometry": {
        "type": "Point",
        "coordinates": [
          17.2812941218217,
          62.3796678895193
        ]
      }
    },
    {
      "id": 3731,
      "type": "Feature",
      "properties": {
        "name": "Informationstavla Mingen",
        "type": "Informationstavla",
        "created": "2023-09-07 08:44:11",
        "updated": "2026-06-22 09:34:29",
        "published": true,
        "parentObjects": [
          3934
        ],
        "owner": {
          "organizationID": 36,
          "name": "Sundsvalls kommun Friluftsenheten"
        },
        "manager": {
          "organizationID": 36,
          "name": "Sundsvalls kommun Friluftsenheten"
        },
        "fields": [
          {
            "id": 73,
            "name": "Status",
            "type": "DROPDOWN",
            "value": "Sliten"
          },
          {
            "id": 89,
            "name": "Fundament",
            "type": "DROPDOWN",
            "value": "Betongplintar"
          },
          {
            "id": 88,
            "name": "Typ av infotavla",
            "type": "DROPDOWN",
            "value": "Rundstolp ryggåstak råsponttavla"
          },
          {
            "id": 74,
            "name": "Statusdatum",
            "type": "DATE",
            "value": "2023-09-08"
          },
          {
            "id": 79,
            "name": "Tillhörande filer",
            "type": "FILES",
            "value": [
              {
                "id": 2561,
                "filename": "20230907_083453.jpg",
                "description": "Informationstavla",
                "alttext": "Informationstavla",
                "sourcetext": "Friluftsenheten ",
                "validForWinter": true,
                "validForSummer": true,
                "sortIndex": 1,
                "type": "image/jpeg",
                "size": 12514372,
                "url": "https://api.sundsvall.se/facilities/2.2/field/filesfield/2561",
                "license": "CC0",
                "licenseDescription": "Creative commons. \"No rights reserved\" https://creativecommons.org/share-your-work/public-domain/cc0/"
              }
            ]
          },
          {
            "id": 72,
            "name": "Handikappanpassad",
            "type": "TOGGLE",
            "value": "Nej"
          },
          {
            "id": 288,
            "name": "Felanmälan",
            "type": "Felanmälningstjänst",
            "reportName": "Kontakt Sundsvall",
            "reportDescription": "Felanmälan av motionsspår, elljusspår, leder och andra friluftsanläggningar",
            "reportLink": "https://sundsvall.se/kommun-och-politik/politik-och-demokrati/dialog-och-synpunkter/felanmalan",
            "reportPhone": "060-19 10 00",
            "reportEmail": "kontakt@sundsvall.se"
          }
        ],
        "centerPoint": [
          17.426585717049377,
          62.22631032289491
        ]
      },
      "geometry": {
        "type": "Point",
        "coordinates": [
          17.426585717049377,
          62.22631032289491
        ]
      }
    },
    {
      "id": 3733,
      "type": "Feature",
      "properties": {
        "name": "Informationstavla Bosvedjebäcken",
        "type": "Informationstavla",
        "created": "2023-09-07 15:39:40",
        "updated": "2025-09-24 07:36:05",
        "published": true,
        "owner": {
          "organizationID": 36,
          "name": "Sundsvalls kommun Friluftsenheten"
        },
        "manager": {
          "organizationID": 36,
          "name": "Sundsvalls kommun Friluftsenheten"
        },
        "fields": [
          {
            "id": 73,
            "name": "Status",
            "type": "DROPDOWN",
            "value": "Fin"
          },
          {
            "id": 89,
            "name": "Fundament",
            "type": "DROPDOWN",
            "value": "Betongplintar"
          },
          {
            "id": 88,
            "name": "Typ av infotavla",
            "type": "DROPDOWN",
            "value": "Ribba 840 bred A1 liggande"
          },
          {
            "id": 70,
            "name": "Byggnadsår",
            "type": "INTEGER",
            "value": 2025
          },
          {
            "id": 74,
            "name": "Statusdatum",
            "type": "DATE",
            "value": "2025-09-24"
          },
          {
            "id": 79,
            "name": "Tillhörande filer",
            "type": "FILES",
            "value": [
              {
                "id": 2746,
                "filename": "IMG_20250924_072232.jpg",
                "description": "Informationstavla Bosvedjebäcken",
                "alttext": "Informationstavla",
                "sourcetext": "Per Haerum, Friluftsenheten ",
                "validForWinter": false,
                "validForSummer": true,
                "sortIndex": 1,
                "type": "image/jpeg",
                "size": 571113,
                "url": "https://api.sundsvall.se/facilities/2.2/field/filesfield/2746",
                "license": "CC0",
                "licenseDescription": "Creative commons. \"No rights reserved\" https://creativecommons.org/share-your-work/public-domain/cc0/"
              }
            ]
          },
          {
            "id": 72,
            "name": "Handikappanpassad",
            "type": "TOGGLE",
            "value": "Nej"
          },
          {
            "id": 288,
            "name": "Felanmälan",
            "type": "Felanmälningstjänst",
            "reportName": "Kontakt Sundsvall",
            "reportDescription": "Felanmälan av motionsspår, elljusspår, leder och andra friluftsanläggningar",
            "reportLink": "https://sundsvall.se/kommun-och-politik/politik-och-demokrati/dialog-och-synpunkter/felanmalan",
            "reportPhone": "060-19 10 00",
            "reportEmail": "kontakt@sundsvall.se"
          },
          {
            "id": 77,
            "name": "Beskrivning",
            "type": "FREETEXT",
            "value": "Informationstavla om djur- och växtliv i Bosvedjebäcken"
          },
          {
            "id": 293,
            "name": "Tillgänglighetsbeskrivning",
            "type": "FREETEXT",
            "value": "En smal skogsstig leder till platsen. "
          }
        ],
        "centerPoint": [
          17.32171835731578,
          62.42246879431545
        ]
      },
      "geometry": {
        "type": "Point",
        "coordinates": [
          17.32171835731578,
          62.42246879431545
        ]
      }
    },
    {
      "id": 3743,
      "type": "Feature",
      "properties": {
        "name": "Informationstavlor Skönviksberget entré Gångviken",
        "type": "Informationstavla",
        "created": "2023-10-09 15:24:14",
        "updated": "2023-10-09 15:29:40",
        "published": true,
        "owner": {
          "organizationID": 303,
          "name": "Skönviksberget Friluftscentrum intresseförening"
        },
        "manager": {
          "organizationID": 303,
          "name": "Skönviksberget Friluftscentrum intresseförening"
        },
        "fields": [
          {
            "id": 73,
            "name": "Status",
            "type": "DROPDOWN",
            "value": "Fin"
          },
          {
            "id": 89,
            "name": "Fundament",
            "type": "DROPDOWN",
            "value": "Betongplintar"
          },
          {
            "id": 88,
            "name": "Typ av infotavla",
            "type": "DROPDOWN",
            "value": "Ribba 1320 bred A0 liggande"
          },
          {
            "id": 70,
            "name": "Byggnadsår",
            "type": "INTEGER",
            "value": 2023
          },
          {
            "id": 74,
            "name": "Statusdatum",
            "type": "DATE",
            "value": "2023-10-09"
          },
          {
            "id": 79,
            "name": "Tillhörande filer",
            "type": "FILES",
            "value": [
              {
                "id": 2575,
                "filename": "IMG_20231009_152002.jpg",
                "description": " Informationstavlor",
                "alttext": "Informationstavlor",
                "sourcetext": "Pessi Liukkonen Friluftsenheten",
                "validForWinter": true,
                "validForSummer": true,
                "sortIndex": 1,
                "type": "image/jpeg",
                "size": 405763,
                "url": "https://api.sundsvall.se/facilities/2.2/field/filesfield/2575",
                "license": "CC0",
                "licenseDescription": "Creative commons. \"No rights reserved\" https://creativecommons.org/share-your-work/public-domain/cc0/"
              }
            ]
          },
          {
            "id": 72,
            "name": "Handikappanpassad",
            "type": "TOGGLE",
            "value": "Nej"
          },
          {
            "id": 77,
            "name": "Beskrivning",
            "type": "FREETEXT",
            "value": "Informationstavlor med Information om Skönviksbergets friluftsområde samt om Sundsvalls norra spårområde"
          },
          {
            "id": 293,
            "name": "Tillgänglighetsbeskrivning",
            "type": "FREETEXT",
            "value": "Skyltarna står en bit upp i slänten"
          }
        ],
        "centerPoint": [
          17.34234054108396,
          62.45955021309267
        ]
      },
      "geometry": {
        "type": "Point",
        "coordinates": [
          17.34234054108396,
          62.45955021309267
        ]
      }
    },
    {
      "id": 3744,
      "type": "Feature",
      "properties": {
        "name": "Informationstavlor Skönviksberget entré Birsta",
        "type": "Informationstavla",
        "created": "2023-10-09 15:27:58",
        "published": true,
        "owner": {
          "organizationID": 303,
          "name": "Skönviksberget Friluftscentrum intresseförening"
        },
        "manager": {
          "organizationID": 303,
          "name": "Skönviksberget Friluftscentrum intresseförening"
        },
        "fields": [
          {
            "id": 73,
            "name": "Status",
            "type": "DROPDOWN",
            "value": "Fin"
          },
          {
            "id": 89,
            "name": "Fundament",
            "type": "DROPDOWN",
            "value": "Betongplintar"
          },
          {
            "id": 88,
            "name": "Typ av infotavla",
            "type": "DROPDOWN",
            "value": "Ribba 1320 bred A0 liggande"
          },
          {
            "id": 70,
            "name": "Byggnadsår",
            "type": "INTEGER",
            "value": 2023
          },
          {
            "id": 74,
            "name": "Statusdatum",
            "type": "DATE",
            "value": "2023-10-09"
          },
          {
            "id": 79,
            "name": "Tillhörande filer",
            "type": "FILES",
            "value": [
              {
                "id": 2574,
                "filename": "IMG_20231009_151959.jpg",
                "description": "Informationstavlor ",
                "alttext": "Informationstavlor",
                "sourcetext": "Pessi Liukkonen Friluftsenheten",
                "validForWinter": true,
                "validForSummer": true,
                "sortIndex": 1,
                "type": "image/jpeg",
                "size": 407241,
                "url": "https://api.sundsvall.se/facilities/2.2/field/filesfield/2574"
              }
            ]
          },
          {
            "id": 72,
            "name": "Handikappanpassad",
            "type": "TOGGLE",
            "value": "Nej"
          },
          {
            "id": 77,
            "name": "Beskrivning",
            "type": "FREETEXT",
            "value": "Informationstavlor med Information om Skönviksbergets friluftsområde samt om Sundsvalls norra spårområde"
          },
          {
            "id": 293,
            "name": "Tillgänglighetsbeskrivning",
            "type": "FREETEXT",
            "value": "Skyltarna står en bit upp i slänten"
          }
        ],
        "centerPoint": [
          17.344644168551007,
          62.45528038129031
        ]
      },
      "geometry": {
        "type": "Point",
        "coordinates": [
          17.344644168551007,
          62.45528038129031
        ]
      }
    },
    {
      "id": 3818,
      "type": "Feature",
      "properties": {
        "name": "Informationstavla Botnialeden Lax",
        "type": "Informationstavla",
        "created": "2023-11-14 14:26:10",
        "updated": "2026-06-22 09:37:12",
        "published": true,
        "parentObjects": [
          3936
        ],
        "owner": {
          "organizationID": 36,
          "name": "Sundsvalls kommun Friluftsenheten"
        },
        "manager": {
          "organizationID": 36,
          "name": "Sundsvalls kommun Friluftsenheten"
        },
        "fields": [
          {
            "id": 89,
            "name": "Fundament",
            "type": "DROPDOWN",
            "value": "Trä i jord"
          },
          {
            "id": 88,
            "name": "Typ av infotavla",
            "type": "DROPDOWN",
            "value": "Övrigt"
          },
          {
            "id": 79,
            "name": "Tillhörande filer",
            "type": "FILES",
            "value": [
              {
                "id": 2592,
                "filename": "20231114_142141.jpg",
                "description": "",
                "alttext": "",
                "sourcetext": "Anders Erlandsson Friluftsenheten ",
                "validForWinter": false,
                "validForSummer": true,
                "sortIndex": 1,
                "type": "image/jpeg",
                "size": 10458297,
                "url": "https://api.sundsvall.se/facilities/2.2/field/filesfield/2592",
                "license": "CC0",
                "licenseDescription": "Creative commons. \"No rights reserved\" https://creativecommons.org/share-your-work/public-domain/cc0/"
              }
            ]
          },
          {
            "id": 72,
            "name": "Handikappanpassad",
            "type": "TOGGLE",
            "value": "Nej"
          },
          {
            "id": 288,
            "name": "Felanmälan",
            "type": "Felanmälningstjänst",
            "reportName": "Kontakt Sundsvall",
            "reportDescription": "Felanmälan av motionsspår, elljusspår, leder och andra friluftsanläggningar",
            "reportLink": "https://sundsvall.se/kommun-och-politik/politik-och-demokrati/dialog-och-synpunkter/felanmalan",
            "reportPhone": "060-19 10 00",
            "reportEmail": "kontakt@sundsvall.se"
          }
        ],
        "centerPoint": [
          17.384079206426836,
          62.298077722519324
        ]
      },
      "geometry": {
        "type": "Point",
        "coordinates": [
          17.384079206426836,
          62.298077722519324
        ]
      }
    },
    {
      "id": 4016,
      "type": "Feature",
      "properties": {
        "name": "Stor spårtavla Sidsjön Ankeborg",
        "type": "Informationstavla",
        "created": "2024-11-11 15:25:28",
        "updated": "2026-03-06 16:46:54",
        "published": true,
        "fields": [
          {
            "id": 73,
            "name": "Status",
            "type": "DROPDOWN",
            "value": "Fin"
          },
          {
            "id": 88,
            "name": "Typ av infotavla",
            "type": "DROPDOWN",
            "value": "Övrigt"
          },
          {
            "id": 70,
            "name": "Byggnadsår",
            "type": "INTEGER",
            "value": 2019
          },
          {
            "id": 74,
            "name": "Statusdatum",
            "type": "DATE",
            "value": "2019-09-30"
          },
          {
            "id": 72,
            "name": "Handikappanpassad",
            "type": "TOGGLE",
            "value": "Nej"
          },
          {
            "id": 77,
            "name": "Beskrivning",
            "type": "FREETEXT",
            "value": "Södra spårområdet"
          },
          {
            "id": 247,
            "name": "Belysning",
            "type": "FREETEXT",
            "value": "Ja"
          },
          {
            "id": 297,
            "name": "Externt id",
            "type": "FREETEXT",
            "value": "251"
          }
        ],
        "centerPoint": [
          17.287582736144916,
          62.377966032997946
        ]
      },
      "geometry": {
        "type": "Point",
        "coordinates": [
          17.287582736144916,
          62.377966032997946
        ]
      }
    },
    {
      "id": 4081,
      "type": "Feature",
      "properties": {
        "name": "Informationstavla Tjäderslingan start",
        "type": "Informationstavla",
        "created": "2025-01-14 10:32:28",
        "updated": "2026-03-10 12:36:38",
        "published": true,
        "owner": {
          "organizationID": 36,
          "name": "Sundsvalls kommun Friluftsenheten"
        },
        "manager": {
          "organizationID": 36,
          "name": "Sundsvalls kommun Friluftsenheten"
        },
        "fields": [
          {
            "id": 73,
            "name": "Status",
            "type": "DROPDOWN",
            "value": "Fin"
          },
          {
            "id": 89,
            "name": "Fundament",
            "type": "DROPDOWN",
            "value": "Dubb i berg"
          },
          {
            "id": 88,
            "name": "Typ av infotavla",
            "type": "DROPDOWN",
            "value": "Ribba 420 bred A2 stående"
          },
          {
            "id": 70,
            "name": "Byggnadsår",
            "type": "INTEGER",
            "value": 2025
          },
          {
            "id": 74,
            "name": "Statusdatum",
            "type": "DATE",
            "value": "2026-03-10"
          },
          {
            "id": 79,
            "name": "Tillhörande filer",
            "type": "FILES",
            "value": [
              {
                "id": 2842,
                "filename": "image.jpg",
                "description": "Informationstavla tjäderslingan start",
                "alttext": "Informationstavla i trä med information om Tjäderslingan",
                "sourcetext": "Sundsvalls kommun ",
                "validForWinter": true,
                "validForSummer": false,
                "sortIndex": 1,
                "type": "image/jpeg",
                "size": 3801604,
                "url": "https://api.sundsvall.se/facilities/2.2/field/filesfield/2842",
                "license": "CC0",
                "licenseDescription": "Creative commons. \"No rights reserved\" https://creativecommons.org/share-your-work/public-domain/cc0/"
              }
            ]
          },
          {
            "id": 72,
            "name": "Handikappanpassad",
            "type": "TOGGLE",
            "value": "Nej"
          },
          {
            "id": 288,
            "name": "Felanmälan",
            "type": "Felanmälningstjänst",
            "reportName": "Kontakt Sundsvall",
            "reportDescription": "Felanmälan av motionsspår, elljusspår, leder och andra friluftsanläggningar",
            "reportLink": "https://sundsvall.se/kommun-och-politik/politik-och-demokrati/dialog-och-synpunkter/felanmalan",
            "reportPhone": "060-19 10 00",
            "reportEmail": "kontakt@sundsvall.se"
          },
          {
            "id": 77,
            "name": "Beskrivning",
            "type": "FREETEXT",
            "value": "Informationstavla med spårkarta över skidspåret Tjäderslingan"
          },
          {
            "id": 297,
            "name": "Externt id",
            "type": "FREETEXT",
            "value": "341"
          }
        ],
        "centerPoint": [
          17.30370189008751,
          62.35457062597277
        ]
      },
      "geometry": {
        "type": "Point",
        "coordinates": [
          17.30370189008751,
          62.35457062597277
        ]
      }
    },
    {
      "id": 4109,
      "type": "Feature",
      "properties": {
        "name": "Informationstavla 2 Granen naturstig Ortviksberget",
        "type": "Informationstavla",
        "created": "2025-03-25 10:51:25",
        "updated": "2025-03-25 12:01:28",
        "published": true,
        "owner": {
          "organizationID": 36,
          "name": "Sundsvalls kommun Friluftsenheten"
        },
        "manager": {
          "organizationID": 36,
          "name": "Sundsvalls kommun Friluftsenheten"
        },
        "fields": [
          {
            "id": 73,
            "name": "Status",
            "type": "DROPDOWN",
            "value": "Fin"
          },
          {
            "id": 88,
            "name": "Typ av infotavla",
            "type": "DROPDOWN",
            "value": "Ribba 297 bred A3 stående"
          },
          {
            "id": 89,
            "name": "Fundament",
            "type": "DROPDOWN",
            "value": "Metallfot"
          },
          {
            "id": 70,
            "name": "Byggnadsår",
            "type": "INTEGER",
            "value": 2025
          },
          {
            "id": 74,
            "name": "Statusdatum",
            "type": "DATE",
            "value": "2025-03-25"
          },
          {
            "id": 79,
            "name": "Tillhörande filer",
            "type": "FILES",
            "value": [
              {
                "id": 2693,
                "filename": "20250325_104604.jpg",
                "description": "Informationstavla om granen ",
                "alttext": "Informationstavla om granen ",
                "sourcetext": "Anders Erlandsson Friluftsenheten ",
                "validForWinter": false,
                "validForSummer": true,
                "sortIndex": 1,
                "type": "image/jpeg",
                "size": 6164871,
                "url": "https://api.sundsvall.se/facilities/2.2/field/filesfield/2693",
                "license": "CC0",
                "licenseDescription": "Creative commons. \"No rights reserved\" https://creativecommons.org/share-your-work/public-domain/cc0/"
              }
            ]
          },
          {
            "id": 72,
            "name": "Handikappanpassad",
            "type": "TOGGLE",
            "value": "Nej"
          },
          {
            "id": 288,
            "name": "Felanmälan",
            "type": "Felanmälningstjänst",
            "reportName": "Kontakt Sundsvall",
            "reportDescription": "Felanmälan av motionsspår, elljusspår, leder och andra friluftsanläggningar",
            "reportLink": "https://sundsvall.se/kommun-och-politik/politik-och-demokrati/dialog-och-synpunkter/felanmalan",
            "reportPhone": "060-19 10 00",
            "reportEmail": "kontakt@sundsvall.se"
          },
          {
            "id": 293,
            "name": "Tillgänglighetsbeskrivning",
            "type": "FREETEXT",
            "value": "Längs stenig gångstig"
          },
          {
            "id": 297,
            "name": "Externt id",
            "type": "FREETEXT",
            "value": "O2"
          }
        ],
        "centerPoint": [
          17.352724480621664,
          62.403711603838154
        ]
      },
      "geometry": {
        "type": "Point",
        "coordinates": [
          17.352724480621664,
          62.403711603838154
        ]
      }
    },
    {
      "id": 4110,
      "type": "Feature",
      "properties": {
        "name": "Informationstavla 3 Mossor naturstig Ortviksberget",
        "type": "Informationstavla",
        "created": "2025-03-25 10:55:36",
        "updated": "2025-03-25 12:01:46",
        "published": true,
        "owner": {
          "organizationID": 36,
          "name": "Sundsvalls kommun Friluftsenheten"
        },
        "manager": {
          "organizationID": 36,
          "name": "Sundsvalls kommun Friluftsenheten"
        },
        "fields": [
          {
            "id": 73,
            "name": "Status",
            "type": "DROPDOWN",
            "value": "Fin"
          },
          {
            "id": 89,
            "name": "Fundament",
            "type": "DROPDOWN",
            "value": "Dubb i berg"
          },
          {
            "id": 88,
            "name": "Typ av infotavla",
            "type": "DROPDOWN",
            "value": "Ribba 297 bred A3 stående"
          },
          {
            "id": 70,
            "name": "Byggnadsår",
            "type": "INTEGER",
            "value": 2025
          },
          {
            "id": 74,
            "name": "Statusdatum",
            "type": "DATE",
            "value": "2025-03-25"
          },
          {
            "id": 79,
            "name": "Tillhörande filer",
            "type": "FILES",
            "value": [
              {
                "id": 2695,
                "filename": "20250325_105402.jpg",
                "description": "Informationstavla om mossor och lavar",
                "alttext": "Informationstavla om mossor och lavar",
                "sourcetext": "Anders Erlandsson Friluftsenheten ",
                "validForWinter": false,
                "validForSummer": true,
                "sortIndex": 1,
                "type": "image/jpeg",
                "size": 5895649,
                "url": "https://api.sundsvall.se/facilities/2.2/field/filesfield/2695",
                "license": "CC0",
                "licenseDescription": "Creative commons. \"No rights reserved\" https://creativecommons.org/share-your-work/public-domain/cc0/"
              }
            ]
          },
          {
            "id": 72,
            "name": "Handikappanpassad",
            "type": "TOGGLE",
            "value": "Nej"
          },
          {
            "id": 288,
            "name": "Felanmälan",
            "type": "Felanmälningstjänst",
            "reportName": "Kontakt Sundsvall",
            "reportDescription": "Felanmälan av motionsspår, elljusspår, leder och andra friluftsanläggningar",
            "reportLink": "https://sundsvall.se/kommun-och-politik/politik-och-demokrati/dialog-och-synpunkter/felanmalan",
            "reportPhone": "060-19 10 00",
            "reportEmail": "kontakt@sundsvall.se"
          },
          {
            "id": 293,
            "name": "Tillgänglighetsbeskrivning",
            "type": "FREETEXT",
            "value": "Längs stenig gångstig"
          },
          {
            "id": 297,
            "name": "Externt id",
            "type": "FREETEXT",
            "value": "O3"
          }
        ],
        "centerPoint": [
          17.351778834575747,
          62.40442367262586
        ]
      },
      "geometry": {
        "type": "Point",
        "coordinates": [
          17.351778834575747,
          62.40442367262586
        ]
      }
    },
    {
      "id": 4111,
      "type": "Feature",
      "properties": {
        "name": "Informationstavla 5 Torrak naturstig Ortviksberget",
        "type": "Informationstavla",
        "created": "2025-03-25 11:02:18",
        "updated": "2025-03-25 12:02:00",
        "published": true,
        "owner": {
          "organizationID": 36,
          "name": "Sundsvalls kommun Friluftsenheten"
        },
        "manager": {
          "organizationID": 36,
          "name": "Sundsvalls kommun Friluftsenheten"
        },
        "fields": [
          {
            "id": 73,
            "name": "Status",
            "type": "DROPDOWN",
            "value": "Fin"
          },
          {
            "id": 89,
            "name": "Fundament",
            "type": "DROPDOWN",
            "value": "Dubb i berg"
          },
          {
            "id": 88,
            "name": "Typ av infotavla",
            "type": "DROPDOWN",
            "value": "Ribba 297 bred A3 stående"
          },
          {
            "id": 70,
            "name": "Byggnadsår",
            "type": "INTEGER",
            "value": 2025
          },
          {
            "id": 74,
            "name": "Statusdatum",
            "type": "DATE",
            "value": "2025-03-25"
          },
          {
            "id": 79,
            "name": "Tillhörande filer",
            "type": "FILES",
            "value": [
              {
                "id": 2696,
                "filename": "20250325_110127.jpg",
                "description": "Informationstavla om torrakan",
                "alttext": "Informationstavla om torrakan",
                "sourcetext": "Anders Erlandsson Friluftsenheten ",
                "validForWinter": false,
                "validForSummer": true,
                "sortIndex": 1,
                "type": "image/jpeg",
                "size": 5783515,
                "url": "https://api.sundsvall.se/facilities/2.2/field/filesfield/2696",
                "license": "CC0",
                "licenseDescription": "Creative commons. \"No rights reserved\" https://creativecommons.org/share-your-work/public-domain/cc0/"
              }
            ]
          },
          {
            "id": 72,
            "name": "Handikappanpassad",
            "type": "TOGGLE",
            "value": "Nej"
          },
          {
            "id": 288,
            "name": "Felanmälan",
            "type": "Felanmälningstjänst",
            "reportName": "Kontakt Sundsvall",
            "reportDescription": "Felanmälan av motionsspår, elljusspår, leder och andra friluftsanläggningar",
            "reportLink": "https://sundsvall.se/kommun-och-politik/politik-och-demokrati/dialog-och-synpunkter/felanmalan",
            "reportPhone": "060-19 10 00",
            "reportEmail": "kontakt@sundsvall.se"
          },
          {
            "id": 293,
            "name": "Tillgänglighetsbeskrivning",
            "type": "FREETEXT",
            "value": "Längs stenig gångstig"
          },
          {
            "id": 297,
            "name": "Externt id",
            "type": "FREETEXT",
            "value": "O5"
          }
        ],
        "centerPoint": [
          17.355647687518573,
          62.40388566904081
        ]
      },
      "geometry": {
        "type": "Point",
        "coordinates": [
          17.355647687518573,
          62.40388566904081
        ]
      }
    },
    {
      "id": 4112,
      "type": "Feature",
      "properties": {
        "name": "Informationstavla 6 Aspen naturstig Ortviksberget",
        "type": "Informationstavla",
        "created": "2025-03-25 11:10:55",
        "published": true,
        "owner": {
          "organizationID": 36,
          "name": "Sundsvalls kommun Friluftsenheten"
        },
        "manager": {
          "organizationID": 36,
          "name": "Sundsvalls kommun Friluftsenheten"
        },
        "fields": [
          {
            "id": 73,
            "name": "Status",
            "type": "DROPDOWN",
            "value": "Fin"
          },
          {
            "id": 88,
            "name": "Typ av infotavla",
            "type": "DROPDOWN",
            "value": "Ribba 297 bred A3 stående"
          },
          {
            "id": 89,
            "name": "Fundament",
            "type": "DROPDOWN",
            "value": "Metallfot"
          },
          {
            "id": 70,
            "name": "Byggnadsår",
            "type": "INTEGER",
            "value": 2025
          },
          {
            "id": 74,
            "name": "Statusdatum",
            "type": "DATE",
            "value": "2025-03-25"
          },
          {
            "id": 79,
            "name": "Tillhörande filer",
            "type": "FILES",
            "value": [
              {
                "id": 2697,
                "filename": "17428973470042592206416191681138.jpg",
                "description": "Informationstavla om aspen",
                "alttext": "Informationstavla om aspen",
                "sourcetext": "Anders Erlandsson Friluftsenheten ",
                "validForWinter": false,
                "validForSummer": true,
                "sortIndex": 1,
                "type": "image/jpeg",
                "size": 3893374,
                "url": "https://api.sundsvall.se/facilities/2.2/field/filesfield/2697",
                "license": "CC0",
                "licenseDescription": "Creative commons. \"No rights reserved\" https://creativecommons.org/share-your-work/public-domain/cc0/"
              }
            ]
          },
          {
            "id": 72,
            "name": "Handikappanpassad",
            "type": "TOGGLE",
            "value": "Nej"
          },
          {
            "id": 288,
            "name": "Felanmälan",
            "type": "Felanmälningstjänst",
            "reportName": "Kontakt Sundsvall",
            "reportDescription": "Felanmälan av motionsspår, elljusspår, leder och andra friluftsanläggningar",
            "reportLink": "https://sundsvall.se/kommun-och-politik/politik-och-demokrati/dialog-och-synpunkter/felanmalan",
            "reportPhone": "060-19 10 00",
            "reportEmail": "kontakt@sundsvall.se"
          },
          {
            "id": 293,
            "name": "Tillgänglighetsbeskrivning",
            "type": "FREETEXT",
            "value": "Längs elljusspåret "
          },
          {
            "id": 297,
            "name": "Externt id",
            "type": "FREETEXT",
            "value": "O6"
          }
        ],
        "centerPoint": [
          17.35739507005662,
          62.40281871621903
        ]
      },
      "geometry": {
        "type": "Point",
        "coordinates": [
          17.35739507005662,
          62.40281871621903
        ]
      }
    },
    {
      "id": 4113,
      "type": "Feature",
      "properties": {
        "name": "Informationstavla 8 Block naturstig Ortviksberget",
        "type": "Informationstavla",
        "created": "2025-03-25 11:15:16",
        "updated": "2025-03-25 11:54:46",
        "published": true,
        "owner": {
          "organizationID": 36,
          "name": "Sundsvalls kommun Friluftsenheten"
        },
        "manager": {
          "organizationID": 36,
          "name": "Sundsvalls kommun Friluftsenheten"
        },
        "fields": [
          {
            "id": 73,
            "name": "Status",
            "type": "DROPDOWN",
            "value": "Fin"
          },
          {
            "id": 89,
            "name": "Fundament",
            "type": "DROPDOWN",
            "value": "Dubb i berg"
          },
          {
            "id": 88,
            "name": "Typ av infotavla",
            "type": "DROPDOWN",
            "value": "Ribba 297 bred A3 stående"
          },
          {
            "id": 70,
            "name": "Byggnadsår",
            "type": "INTEGER",
            "value": 2025
          },
          {
            "id": 74,
            "name": "Statusdatum",
            "type": "DATE",
            "value": "2025-03-25"
          },
          {
            "id": 79,
            "name": "Tillhörande filer",
            "type": "FILES",
            "value": [
              {
                "id": 2698,
                "filename": "20250325_111330.jpg",
                "description": "Informationstavla om flyttblocket",
                "alttext": "Informationstavla om flyttblocket",
                "sourcetext": "Anders Erlandsson Friluftsenheten ",
                "validForWinter": false,
                "validForSummer": true,
                "sortIndex": 1,
                "type": "image/jpeg",
                "size": 6202741,
                "url": "https://api.sundsvall.se/facilities/2.2/field/filesfield/2698",
                "license": "CC0",
                "licenseDescription": "Creative commons. \"No rights reserved\" https://creativecommons.org/share-your-work/public-domain/cc0/"
              }
            ]
          },
          {
            "id": 72,
            "name": "Handikappanpassad",
            "type": "TOGGLE",
            "value": "Nej"
          },
          {
            "id": 288,
            "name": "Felanmälan",
            "type": "Felanmälningstjänst",
            "reportName": "Kontakt Sundsvall",
            "reportDescription": "Felanmälan av motionsspår, elljusspår, leder och andra friluftsanläggningar",
            "reportLink": "https://sundsvall.se/kommun-och-politik/politik-och-demokrati/dialog-och-synpunkter/felanmalan",
            "reportPhone": "060-19 10 00",
            "reportEmail": "kontakt@sundsvall.se"
          },
          {
            "id": 293,
            "name": "Tillgänglighetsbeskrivning",
            "type": "FREETEXT",
            "value": "Längs elljusspåret "
          },
          {
            "id": 297,
            "name": "Externt id",
            "type": "FREETEXT",
            "value": "O8"
          }
        ],
        "centerPoint": [
          17.355273780849423,
          62.402786155712526
        ]
      },
      "geometry": {
        "type": "Point",
        "coordinates": [
          17.355273780849423,
          62.402786155712526
        ]
      }
    },
    {
      "id": 4114,
      "type": "Feature",
      "properties": {
        "name": "Informationstavla 11 Bär naturstig Ortviksberget",
        "type": "Informationstavla",
        "created": "2025-03-25 11:25:59",
        "published": true,
        "owner": {
          "organizationID": 36,
          "name": "Sundsvalls kommun Friluftsenheten"
        },
        "manager": {
          "organizationID": 36,
          "name": "Sundsvalls kommun Friluftsenheten"
        },
        "fields": [
          {
            "id": 73,
            "name": "Status",
            "type": "DROPDOWN",
            "value": "Fin"
          },
          {
            "id": 89,
            "name": "Fundament",
            "type": "DROPDOWN",
            "value": "Dubb i berg"
          },
          {
            "id": 88,
            "name": "Typ av infotavla",
            "type": "DROPDOWN",
            "value": "Ribba 297 bred A3 stående"
          },
          {
            "id": 70,
            "name": "Byggnadsår",
            "type": "INTEGER",
            "value": 2025
          },
          {
            "id": 74,
            "name": "Statusdatum",
            "type": "DATE",
            "value": "2025-03-25"
          },
          {
            "id": 79,
            "name": "Tillhörande filer",
            "type": "FILES",
            "value": [
              {
                "id": 2699,
                "filename": "20250325_112333.jpg",
                "description": "Informationstavla om skogens bär",
                "alttext": "Informationstavla om skogens bär",
                "sourcetext": "Anders Erlandsson Friluftsenheten ",
                "validForWinter": false,
                "validForSummer": true,
                "sortIndex": 1,
                "type": "image/jpeg",
                "size": 5948052,
                "url": "https://api.sundsvall.se/facilities/2.2/field/filesfield/2699",
                "license": "CC0",
                "licenseDescription": "Creative commons. \"No rights reserved\" https://creativecommons.org/share-your-work/public-domain/cc0/"
              }
            ]
          },
          {
            "id": 72,
            "name": "Handikappanpassad",
            "type": "TOGGLE",
            "value": "Nej"
          },
          {
            "id": 288,
            "name": "Felanmälan",
            "type": "Felanmälningstjänst",
            "reportName": "Kontakt Sundsvall",
            "reportDescription": "Felanmälan av motionsspår, elljusspår, leder och andra friluftsanläggningar",
            "reportLink": "https://sundsvall.se/kommun-och-politik/politik-och-demokrati/dialog-och-synpunkter/felanmalan",
            "reportPhone": "060-19 10 00",
            "reportEmail": "kontakt@sundsvall.se"
          },
          {
            "id": 293,
            "name": "Tillgänglighetsbeskrivning",
            "type": "FREETEXT",
            "value": "Längs stenig gångstig"
          },
          {
            "id": 297,
            "name": "Externt id",
            "type": "FREETEXT",
            "value": "O11"
          }
        ],
        "centerPoint": [
          17.35591155432158,
          62.40208427829769
        ]
      },
      "geometry": {
        "type": "Point",
        "coordinates": [
          17.35591155432158,
          62.40208427829769
        ]
      }
    },
    {
      "id": 4115,
      "type": "Feature",
      "properties": {
        "name": "Informationstavla 12 Mål naturstig Ortviksberget",
        "type": "Informationstavla",
        "created": "2025-03-25 11:30:20",
        "updated": "2025-03-25 12:03:16",
        "published": true,
        "owner": {
          "organizationID": 36,
          "name": "Sundsvalls kommun Friluftsenheten"
        },
        "manager": {
          "organizationID": 36,
          "name": "Sundsvalls kommun Friluftsenheten"
        },
        "fields": [
          {
            "id": 73,
            "name": "Status",
            "type": "DROPDOWN",
            "value": "Fin"
          },
          {
            "id": 88,
            "name": "Typ av infotavla",
            "type": "DROPDOWN",
            "value": "Ribba 297 bred A3 stående"
          },
          {
            "id": 89,
            "name": "Fundament",
            "type": "DROPDOWN",
            "value": "Monterat på byggnad"
          },
          {
            "id": 70,
            "name": "Byggnadsår",
            "type": "INTEGER",
            "value": 2025
          },
          {
            "id": 74,
            "name": "Statusdatum",
            "type": "DATE",
            "value": "2025-03-25"
          },
          {
            "id": 79,
            "name": "Tillhörande filer",
            "type": "FILES",
            "value": [
              {
                "id": 2700,
                "filename": "17428984616943255248506384644464.jpg",
                "description": "Informationstavla om vindskydd",
                "alttext": "Informationstavla om vindskydd",
                "sourcetext": "Anders Erlandsson Friluftsenheten ",
                "validForWinter": false,
                "validForSummer": true,
                "sortIndex": 1,
                "type": "image/jpeg",
                "size": 3511833,
                "url": "https://api.sundsvall.se/facilities/2.2/field/filesfield/2700",
                "license": "CC0",
                "licenseDescription": "Creative commons. \"No rights reserved\" https://creativecommons.org/share-your-work/public-domain/cc0/"
              }
            ]
          },
          {
            "id": 72,
            "name": "Handikappanpassad",
            "type": "TOGGLE",
            "value": "Nej"
          },
          {
            "id": 288,
            "name": "Felanmälan",
            "type": "Felanmälningstjänst",
            "reportName": "Kontakt Sundsvall",
            "reportDescription": "Felanmälan av motionsspår, elljusspår, leder och andra friluftsanläggningar",
            "reportLink": "https://sundsvall.se/kommun-och-politik/politik-och-demokrati/dialog-och-synpunkter/felanmalan",
            "reportPhone": "060-19 10 00",
            "reportEmail": "kontakt@sundsvall.se"
          },
          {
            "id": 293,
            "name": "Tillgänglighetsbeskrivning",
            "type": "FREETEXT",
            "value": "I anslutning till vindskydd. Litee rötter framför skylten.  Annars grusad gångstig."
          },
          {
            "id": 297,
            "name": "Externt id",
            "type": "FREETEXT",
            "value": "O12"
          }
        ],
        "centerPoint": [
          17.35640541973771,
          62.4021937911748
        ]
      },
      "geometry": {
        "type": "Point",
        "coordinates": [
          17.35640541973771,
          62.4021937911748
        ]
      }
    },
    {
      "id": 4116,
      "type": "Feature",
      "properties": {
        "name": "Allemansrättsmemory Ortviksberget",
        "type": "Informationstavla",
        "created": "2025-03-25 11:34:13",
        "published": true,
        "owner": {
          "organizationID": 36,
          "name": "Sundsvalls kommun Friluftsenheten"
        },
        "manager": {
          "organizationID": 36,
          "name": "Sundsvalls kommun Friluftsenheten"
        },
        "fields": [
          {
            "id": 73,
            "name": "Status",
            "type": "DROPDOWN",
            "value": "Fin"
          },
          {
            "id": 88,
            "name": "Typ av infotavla",
            "type": "DROPDOWN",
            "value": "Övrigt"
          },
          {
            "id": 89,
            "name": "Fundament",
            "type": "DROPDOWN",
            "value": "Metallfot"
          },
          {
            "id": 70,
            "name": "Byggnadsår",
            "type": "INTEGER",
            "value": 2025
          },
          {
            "id": 74,
            "name": "Statusdatum",
            "type": "DATE",
            "value": "2025-03-25"
          },
          {
            "id": 79,
            "name": "Tillhörande filer",
            "type": "FILES",
            "value": [
              {
                "id": 2701,
                "filename": "17428987654481141227335482375410.jpg",
                "description": "Memory om allemansrätten ",
                "alttext": "Memory om allemansrätten",
                "sourcetext": "Anders Erlandsson Friluftsenheten ",
                "validForWinter": false,
                "validForSummer": true,
                "sortIndex": 1,
                "type": "image/jpeg",
                "size": 4789684,
                "url": "https://api.sundsvall.se/facilities/2.2/field/filesfield/2701",
                "license": "CC0",
                "licenseDescription": "Creative commons. \"No rights reserved\" https://creativecommons.org/share-your-work/public-domain/cc0/"
              }
            ]
          },
          {
            "id": 72,
            "name": "Handikappanpassad",
            "type": "TOGGLE",
            "value": "Nej"
          },
          {
            "id": 288,
            "name": "Felanmälan",
            "type": "Felanmälningstjänst",
            "reportName": "Kontakt Sundsvall",
            "reportDescription": "Felanmälan av motionsspår, elljusspår, leder och andra friluftsanläggningar",
            "reportLink": "https://sundsvall.se/kommun-och-politik/politik-och-demokrati/dialog-och-synpunkter/felanmalan",
            "reportPhone": "060-19 10 00",
            "reportEmail": "kontakt@sundsvall.se"
          },
          {
            "id": 293,
            "name": "Tillgänglighetsbeskrivning",
            "type": "FREETEXT",
            "value": "Relativt släta berghällar "
          },
          {
            "id": 297,
            "name": "Externt id",
            "type": "FREETEXT",
            "value": "O13"
          }
        ],
        "centerPoint": [
          17.356787310708096,
          62.40195250614429
        ]
      },
      "geometry": {
        "type": "Point",
        "coordinates": [
          17.356787310708096,
          62.40195250614429
        ]
      }
    },
    {
      "id": 4117,
      "type": "Feature",
      "properties": {
        "name": "Snurra och hämta Ortviksberget",
        "type": "Informationstavla",
        "created": "2025-03-25 11:36:35",
        "published": true,
        "owner": {
          "organizationID": 36,
          "name": "Sundsvalls kommun Friluftsenheten"
        },
        "manager": {
          "organizationID": 36,
          "name": "Sundsvalls kommun Friluftsenheten"
        },
        "fields": [
          {
            "id": 73,
            "name": "Status",
            "type": "DROPDOWN",
            "value": "Fin"
          },
          {
            "id": 88,
            "name": "Typ av infotavla",
            "type": "DROPDOWN",
            "value": "Övrigt"
          },
          {
            "id": 89,
            "name": "Fundament",
            "type": "DROPDOWN",
            "value": "Metallfot"
          },
          {
            "id": 70,
            "name": "Byggnadsår",
            "type": "INTEGER",
            "value": 2025
          },
          {
            "id": 74,
            "name": "Statusdatum",
            "type": "DATE",
            "value": "2025-03-25"
          },
          {
            "id": 79,
            "name": "Tillhörande filer",
            "type": "FILES",
            "value": [
              {
                "id": 2702,
                "filename": "17428989207561929266659853792687.jpg",
                "description": "Snurra på hjulet och hämta det som den pekar på",
                "alttext": "Snurra på hjulet och hämta det som den pekar på",
                "sourcetext": "Anders Erlandsson Friluftsenheten ",
                "validForWinter": false,
                "validForSummer": true,
                "sortIndex": 1,
                "type": "image/jpeg",
                "size": 4978225,
                "url": "https://api.sundsvall.se/facilities/2.2/field/filesfield/2702",
                "license": "CC0",
                "licenseDescription": "Creative commons. \"No rights reserved\" https://creativecommons.org/share-your-work/public-domain/cc0/"
              }
            ]
          },
          {
            "id": 72,
            "name": "Handikappanpassad",
            "type": "TOGGLE",
            "value": "Nej"
          },
          {
            "id": 288,
            "name": "Felanmälan",
            "type": "Felanmälningstjänst",
            "reportName": "Kontakt Sundsvall",
            "reportDescription": "Felanmälan av motionsspår, elljusspår, leder och andra friluftsanläggningar",
            "reportLink": "https://sundsvall.se/kommun-och-politik/politik-och-demokrati/dialog-och-synpunkter/felanmalan",
            "reportPhone": "060-19 10 00",
            "reportEmail": "kontakt@sundsvall.se"
          },
          {
            "id": 293,
            "name": "Tillgänglighetsbeskrivning",
            "type": "FREETEXT",
            "value": "Relativt släta berghällar "
          },
          {
            "id": 297,
            "name": "Externt id",
            "type": "FREETEXT",
            "value": "O14"
          }
        ],
        "centerPoint": [
          17.356672579931658,
          62.40205015122572
        ]
      },
      "geometry": {
        "type": "Point",
        "coordinates": [
          17.356672579931658,
          62.40205015122572
        ]
      }
    },
    {
      "id": 4118,
      "type": "Feature",
      "properties": {
        "name": "Snurra och gör som djuret Ortviksberget",
        "type": "Informationstavla",
        "created": "2025-03-25 11:39:19",
        "published": true,
        "owner": {
          "organizationID": 36,
          "name": "Sundsvalls kommun Friluftsenheten"
        },
        "manager": {
          "organizationID": 36,
          "name": "Sundsvalls kommun Friluftsenheten"
        },
        "fields": [
          {
            "id": 73,
            "name": "Status",
            "type": "DROPDOWN",
            "value": "Fin"
          },
          {
            "id": 88,
            "name": "Typ av infotavla",
            "type": "DROPDOWN",
            "value": "Övrigt"
          },
          {
            "id": 89,
            "name": "Fundament",
            "type": "DROPDOWN",
            "value": "Metallfot"
          },
          {
            "id": 70,
            "name": "Byggnadsår",
            "type": "INTEGER",
            "value": 2025
          },
          {
            "id": 74,
            "name": "Statusdatum",
            "type": "DATE",
            "value": "2025-03-25"
          },
          {
            "id": 79,
            "name": "Tillhörande filer",
            "type": "FILES",
            "value": [
              {
                "id": 2703,
                "filename": "17428990747746349681371882506658.jpg",
                "description": "Snurra på hjulet och gör som djuret som snurran pekar på",
                "alttext": "Snurra på hjulet och gör som djuret som snurran pekar på",
                "sourcetext": "Anders Erlandsson Friluftsenheten ",
                "validForWinter": false,
                "validForSummer": true,
                "sortIndex": 1,
                "type": "image/jpeg",
                "size": 4815656,
                "url": "https://api.sundsvall.se/facilities/2.2/field/filesfield/2703",
                "license": "CC0",
                "licenseDescription": "Creative commons. \"No rights reserved\" https://creativecommons.org/share-your-work/public-domain/cc0/"
              }
            ]
          },
          {
            "id": 72,
            "name": "Handikappanpassad",
            "type": "TOGGLE",
            "value": "Nej"
          },
          {
            "id": 288,
            "name": "Felanmälan",
            "type": "Felanmälningstjänst",
            "reportName": "Kontakt Sundsvall",
            "reportDescription": "Felanmälan av motionsspår, elljusspår, leder och andra friluftsanläggningar",
            "reportLink": "https://sundsvall.se/kommun-och-politik/politik-och-demokrati/dialog-och-synpunkter/felanmalan",
            "reportPhone": "060-19 10 00",
            "reportEmail": "kontakt@sundsvall.se"
          },
          {
            "id": 293,
            "name": "Tillgänglighetsbeskrivning",
            "type": "FREETEXT",
            "value": "Lutande berghällar "
          },
          {
            "id": 297,
            "name": "Externt id",
            "type": "FREETEXT",
            "value": "O16"
          }
        ],
        "centerPoint": [
          17.35607412363486,
          62.402014027799915
        ]
      },
      "geometry": {
        "type": "Point",
        "coordinates": [
          17.35607412363486,
          62.402014027799915
        ]
      }
    },
    {
      "id": 4119,
      "type": "Feature",
      "properties": {
        "name": "Djurmemory Ortviksberget",
        "type": "Informationstavla",
        "created": "2025-03-25 11:41:41",
        "published": true,
        "owner": {
          "organizationID": 36,
          "name": "Sundsvalls kommun Friluftsenheten"
        },
        "manager": {
          "organizationID": 36,
          "name": "Sundsvalls kommun Friluftsenheten"
        },
        "fields": [
          {
            "id": 73,
            "name": "Status",
            "type": "DROPDOWN",
            "value": "Fin"
          },
          {
            "id": 88,
            "name": "Typ av infotavla",
            "type": "DROPDOWN",
            "value": "Övrigt"
          },
          {
            "id": 89,
            "name": "Fundament",
            "type": "DROPDOWN",
            "value": "Metallfot"
          },
          {
            "id": 70,
            "name": "Byggnadsår",
            "type": "INTEGER",
            "value": 2025
          },
          {
            "id": 74,
            "name": "Statusdatum",
            "type": "DATE",
            "value": "2025-03-25"
          },
          {
            "id": 79,
            "name": "Tillhörande filer",
            "type": "FILES",
            "value": [
              {
                "id": 2704,
                "filename": "17428992630078049323560491000339.jpg",
                "description": "Djurmemory ",
                "alttext": "Djurmemory ",
                "sourcetext": "Anders Erlandsson Friluftsenheten ",
                "validForWinter": false,
                "validForSummer": true,
                "sortIndex": 1,
                "type": "image/jpeg",
                "size": 5020402,
                "url": "https://api.sundsvall.se/facilities/2.2/field/filesfield/2704",
                "license": "CC0",
                "licenseDescription": "Creative commons. \"No rights reserved\" https://creativecommons.org/share-your-work/public-domain/cc0/"
              }
            ]
          },
          {
            "id": 72,
            "name": "Handikappanpassad",
            "type": "TOGGLE",
            "value": "Nej"
          },
          {
            "id": 288,
            "name": "Felanmälan",
            "type": "Felanmälningstjänst",
            "reportName": "Kontakt Sundsvall",
            "reportDescription": "Felanmälan av motionsspår, elljusspår, leder och andra friluftsanläggningar",
            "reportLink": "https://sundsvall.se/kommun-och-politik/politik-och-demokrati/dialog-och-synpunkter/felanmalan",
            "reportPhone": "060-19 10 00",
            "reportEmail": "kontakt@sundsvall.se"
          },
          {
            "id": 293,
            "name": "Tillgänglighetsbeskrivning",
            "type": "FREETEXT",
            "value": "Lutande berghällar "
          },
          {
            "id": 297,
            "name": "Externt id",
            "type": "FREETEXT",
            "value": "O15"
          }
        ],
        "centerPoint": [
          17.356360348130156,
          62.40200849411094
        ]
      },
      "geometry": {
        "type": "Point",
        "coordinates": [
          17.356360348130156,
          62.40200849411094
        ]
      }
    },
    {
      "id": 4120,
      "type": "Feature",
      "properties": {
        "name": "Informationstavla 10 Brant naturstig Ortviksberget",
        "type": "Informationstavla",
        "created": "2025-03-25 11:55:55",
        "updated": "2025-03-25 11:57:09",
        "published": true,
        "owner": {
          "organizationID": 36,
          "name": "Sundsvalls kommun Friluftsenheten"
        },
        "manager": {
          "organizationID": 36,
          "name": "Sundsvalls kommun Friluftsenheten"
        },
        "fields": [
          {
            "id": 73,
            "name": "Status",
            "type": "DROPDOWN",
            "value": "Fin"
          },
          {
            "id": 89,
            "name": "Fundament",
            "type": "DROPDOWN",
            "value": "Dubb i berg"
          },
          {
            "id": 88,
            "name": "Typ av infotavla",
            "type": "DROPDOWN",
            "value": "Ribba 297 bred A3 stående"
          },
          {
            "id": 70,
            "name": "Byggnadsår",
            "type": "INTEGER",
            "value": 2025
          },
          {
            "id": 74,
            "name": "Statusdatum",
            "type": "DATE",
            "value": "2025-03-25"
          },
          {
            "id": 79,
            "name": "Tillhörande filer",
            "type": "FILES",
            "value": [
              {
                "id": 2705,
                "filename": "20250325_115416.jpg",
                "description": "Informationstavla om bergsbrant",
                "alttext": "Informationstavla om bergsbrant",
                "sourcetext": "Anders Erlandsson Friluftsenheten ",
                "validForWinter": false,
                "validForSummer": true,
                "sortIndex": 1,
                "type": "image/jpeg",
                "size": 6230601,
                "url": "https://api.sundsvall.se/facilities/2.2/field/filesfield/2705",
                "license": "CC0",
                "licenseDescription": "Creative commons. \"No rights reserved\" https://creativecommons.org/share-your-work/public-domain/cc0/"
              }
            ]
          },
          {
            "id": 72,
            "name": "Handikappanpassad",
            "type": "TOGGLE",
            "value": "Nej"
          },
          {
            "id": 288,
            "name": "Felanmälan",
            "type": "Felanmälningstjänst",
            "reportName": "Kontakt Sundsvall",
            "reportDescription": "Felanmälan av motionsspår, elljusspår, leder och andra friluftsanläggningar",
            "reportLink": "https://sundsvall.se/kommun-och-politik/politik-och-demokrati/dialog-och-synpunkter/felanmalan",
            "reportPhone": "060-19 10 00",
            "reportEmail": "kontakt@sundsvall.se"
          },
          {
            "id": 293,
            "name": "Tillgänglighetsbeskrivning",
            "type": "FREETEXT",
            "value": "Längs stenig gångstig "
          },
          {
            "id": 297,
            "name": "Externt id",
            "type": "FREETEXT",
            "value": "O10"
          }
        ],
        "centerPoint": [
          17.35468192939087,
          62.40161536336763
        ]
      },
      "geometry": {
        "type": "Point",
        "coordinates": [
          17.35468192939087,
          62.40161536336763
        ]
      }
    },
    {
      "id": 4121,
      "type": "Feature",
      "properties": {
        "name": "Informationstavla 9 Tallen naturstig Ortviksberget",
        "type": "Informationstavla",
        "created": "2025-03-25 12:01:02",
        "published": true,
        "owner": {
          "organizationID": 36,
          "name": "Sundsvalls kommun Friluftsenheten"
        },
        "manager": {
          "organizationID": 36,
          "name": "Sundsvalls kommun Friluftsenheten"
        },
        "fields": [
          {
            "id": 73,
            "name": "Status",
            "type": "DROPDOWN",
            "value": "Fin"
          },
          {
            "id": 89,
            "name": "Fundament",
            "type": "DROPDOWN",
            "value": "Dubb i berg"
          },
          {
            "id": 88,
            "name": "Typ av infotavla",
            "type": "DROPDOWN",
            "value": "Ribba 297 bred A3 stående"
          },
          {
            "id": 70,
            "name": "Byggnadsår",
            "type": "INTEGER",
            "value": 2025
          },
          {
            "id": 74,
            "name": "Statusdatum",
            "type": "DATE",
            "value": "2025-03-25"
          },
          {
            "id": 79,
            "name": "Tillhörande filer",
            "type": "FILES",
            "value": [
              {
                "id": 2706,
                "filename": "20250325_115854.jpg",
                "description": "Informationstavla om tall",
                "alttext": "Informationstavla om tall",
                "sourcetext": "Anders Erlandsson Friluftsenheten ",
                "validForWinter": false,
                "validForSummer": true,
                "sortIndex": 1,
                "type": "image/jpeg",
                "size": 6451283,
                "url": "https://api.sundsvall.se/facilities/2.2/field/filesfield/2706",
                "license": "CC0",
                "licenseDescription": "Creative commons. \"No rights reserved\" https://creativecommons.org/share-your-work/public-domain/cc0/"
              }
            ]
          },
          {
            "id": 72,
            "name": "Handikappanpassad",
            "type": "TOGGLE",
            "value": "Nej"
          },
          {
            "id": 288,
            "name": "Felanmälan",
            "type": "Felanmälningstjänst",
            "reportName": "Kontakt Sundsvall",
            "reportDescription": "Felanmälan av motionsspår, elljusspår, leder och andra friluftsanläggningar",
            "reportLink": "https://sundsvall.se/kommun-och-politik/politik-och-demokrati/dialog-och-synpunkter/felanmalan",
            "reportPhone": "060-19 10 00",
            "reportEmail": "kontakt@sundsvall.se"
          },
          {
            "id": 293,
            "name": "Tillgänglighetsbeskrivning",
            "type": "FREETEXT",
            "value": "Längs stenig gångstig "
          },
          {
            "id": 297,
            "name": "Externt id",
            "type": "FREETEXT",
            "value": "O9"
          }
        ],
        "centerPoint": [
          17.352374375073904,
          62.401907597458475
        ]
      },
      "geometry": {
        "type": "Point",
        "coordinates": [
          17.352374375073904,
          62.401907597458475
        ]
      }
    },
    {
      "id": 4122,
      "type": "Feature",
      "properties": {
        "name": "Informationstavla 1 Start naturstig Ortviksberget",
        "type": "Informationstavla",
        "created": "2025-03-25 12:05:47",
        "published": true,
        "owner": {
          "organizationID": 36,
          "name": "Sundsvalls kommun Friluftsenheten"
        },
        "manager": {
          "organizationID": 36,
          "name": "Sundsvalls kommun Friluftsenheten"
        },
        "fields": [
          {
            "id": 73,
            "name": "Status",
            "type": "DROPDOWN",
            "value": "Fin"
          },
          {
            "id": 88,
            "name": "Typ av infotavla",
            "type": "DROPDOWN",
            "value": "Ribba 297 bred A3 stående"
          },
          {
            "id": 89,
            "name": "Fundament",
            "type": "DROPDOWN",
            "value": "Monterat på byggnad"
          },
          {
            "id": 70,
            "name": "Byggnadsår",
            "type": "INTEGER",
            "value": 2025
          },
          {
            "id": 74,
            "name": "Statusdatum",
            "type": "DATE",
            "value": "2025-03-25"
          },
          {
            "id": 79,
            "name": "Tillhörande filer",
            "type": "FILES",
            "value": [
              {
                "id": 2707,
                "filename": "20250325_115153.jpg",
                "description": "Informationstavla om naturstigens start",
                "alttext": "Informationstavla om naturstigens start",
                "sourcetext": "Anders Erlandsson Friluftsenheten ",
                "validForWinter": false,
                "validForSummer": true,
                "sortIndex": 1,
                "type": "image/jpeg",
                "size": 4172863,
                "url": "https://api.sundsvall.se/facilities/2.2/field/filesfield/2707",
                "license": "CC0",
                "licenseDescription": "Creative commons. \"No rights reserved\" https://creativecommons.org/share-your-work/public-domain/cc0/"
              }
            ]
          },
          {
            "id": 72,
            "name": "Handikappanpassad",
            "type": "TOGGLE",
            "value": "Nej"
          },
          {
            "id": 288,
            "name": "Felanmälan",
            "type": "Felanmälningstjänst",
            "reportName": "Kontakt Sundsvall",
            "reportDescription": "Felanmälan av motionsspår, elljusspår, leder och andra friluftsanläggningar",
            "reportLink": "https://sundsvall.se/kommun-och-politik/politik-och-demokrati/dialog-och-synpunkter/felanmalan",
            "reportPhone": "060-19 10 00",
            "reportEmail": "kontakt@sundsvall.se"
          },
          {
            "id": 293,
            "name": "Tillgänglighetsbeskrivning",
            "type": "FREETEXT",
            "value": "I anslutning till vindskydd. Lite grästuvor."
          },
          {
            "id": 297,
            "name": "Externt id",
            "type": "FREETEXT",
            "value": "O1"
          }
        ],
        "centerPoint": [
          17.354220295216727,
          62.402540486469725
        ]
      },
      "geometry": {
        "type": "Point",
        "coordinates": [
          17.354220295216727,
          62.402540486469725
        ]
      }
    },
    {
      "id": 4123,
      "type": "Feature",
      "properties": {
        "name": "Informationstavla Ortviksberget parkering",
        "type": "Informationstavla",
        "created": "2025-03-25 12:48:38",
        "updated": "2025-03-25 12:48:47",
        "published": true,
        "owner": {
          "organizationID": 36,
          "name": "Sundsvalls kommun Friluftsenheten"
        },
        "manager": {
          "organizationID": 36,
          "name": "Sundsvalls kommun Friluftsenheten"
        },
        "fields": [
          {
            "id": 73,
            "name": "Status",
            "type": "DROPDOWN",
            "value": "Fin"
          },
          {
            "id": 88,
            "name": "Typ av infotavla",
            "type": "DROPDOWN",
            "value": "Ribba 840 bred A1 liggande"
          },
          {
            "id": 89,
            "name": "Fundament",
            "type": "DROPDOWN",
            "value": "Metallfot"
          },
          {
            "id": 70,
            "name": "Byggnadsår",
            "type": "INTEGER",
            "value": 2025
          },
          {
            "id": 74,
            "name": "Statusdatum",
            "type": "DATE",
            "value": "2025-03-25"
          },
          {
            "id": 79,
            "name": "Tillhörande filer",
            "type": "FILES",
            "value": [
              {
                "id": 2708,
                "filename": "20250325_124621.jpg",
                "description": "Informationstavla ",
                "alttext": "Informationstavla",
                "sourcetext": "Anders Erlandsson Friluftsenheten ",
                "validForWinter": false,
                "validForSummer": true,
                "sortIndex": 1,
                "type": "image/jpeg",
                "size": 4758690,
                "url": "https://api.sundsvall.se/facilities/2.2/field/filesfield/2708",
                "license": "CC0",
                "licenseDescription": "Creative commons. \"No rights reserved\" https://creativecommons.org/share-your-work/public-domain/cc0/"
              }
            ]
          },
          {
            "id": 72,
            "name": "Handikappanpassad",
            "type": "TOGGLE",
            "value": "Nej"
          },
          {
            "id": 288,
            "name": "Felanmälan",
            "type": "Felanmälningstjänst",
            "reportName": "Kontakt Sundsvall",
            "reportDescription": "Felanmälan av motionsspår, elljusspår, leder och andra friluftsanläggningar",
            "reportLink": "https://sundsvall.se/kommun-och-politik/politik-och-demokrati/dialog-och-synpunkter/felanmalan",
            "reportPhone": "060-19 10 00",
            "reportEmail": "kontakt@sundsvall.se"
          },
          {
            "id": 297,
            "name": "Externt id",
            "type": "FREETEXT",
            "value": "O17"
          }
        ],
        "centerPoint": [
          17.350000329642757,
          62.40756013383144
        ]
      },
      "geometry": {
        "type": "Point",
        "coordinates": [
          17.350000329642757,
          62.40756013383144
        ]
      }
    },
    {
      "id": 4127,
      "type": "Feature",
      "properties": {
        "name": "Informationstavla Höjdgatan",
        "type": "Informationstavla",
        "created": "2025-04-14 05:53:10",
        "updated": "2025-04-14 05:54:58",
        "published": true,
        "owner": {
          "organizationID": 36,
          "name": "Sundsvalls kommun Friluftsenheten"
        },
        "manager": {
          "organizationID": 291,
          "name": "Skönsbergsspårets ekonomiska förening"
        },
        "fields": [
          {
            "id": 73,
            "name": "Status",
            "type": "DROPDOWN",
            "value": "Fin"
          },
          {
            "id": 89,
            "name": "Fundament",
            "type": "DROPDOWN",
            "value": "Betongplintar"
          },
          {
            "id": 88,
            "name": "Typ av infotavla",
            "type": "DROPDOWN",
            "value": "Ribba 1320 bred A0 liggande"
          },
          {
            "id": 70,
            "name": "Byggnadsår",
            "type": "INTEGER",
            "value": 2024
          },
          {
            "id": 74,
            "name": "Statusdatum",
            "type": "DATE",
            "value": "2025-04-14"
          },
          {
            "id": 79,
            "name": "Tillhörande filer",
            "type": "FILES",
            "value": [
              {
                "id": 2712,
                "filename": "17446100025297172355730160612746.jpg",
                "description": "Informationstavla ",
                "alttext": "Informationstavla ",
                "sourcetext": "Anders Erlandsson Friluftsenheten ",
                "validForWinter": true,
                "validForSummer": true,
                "sortIndex": 1,
                "type": "image/jpeg",
                "size": 5538280,
                "url": "https://api.sundsvall.se/facilities/2.2/field/filesfield/2712",
                "license": "CC0",
                "licenseDescription": "Creative commons. \"No rights reserved\" https://creativecommons.org/share-your-work/public-domain/cc0/"
              }
            ]
          },
          {
            "id": 72,
            "name": "Handikappanpassad",
            "type": "TOGGLE",
            "value": "Ja"
          },
          {
            "id": 288,
            "name": "Felanmälan",
            "type": "Felanmälningstjänst",
            "reportName": "Kontakt Sundsvall",
            "reportDescription": "Felanmälan av motionsspår, elljusspår, leder och andra friluftsanläggningar",
            "reportLink": "https://sundsvall.se/kommun-och-politik/politik-och-demokrati/dialog-och-synpunkter/felanmalan",
            "reportPhone": "060-19 10 00",
            "reportEmail": "kontakt@sundsvall.se"
          },
          {
            "id": 247,
            "name": "Belysning",
            "type": "FREETEXT",
            "value": "Nej"
          },
          {
            "id": 293,
            "name": "Tillgänglighetsbeskrivning",
            "type": "FREETEXT",
            "value": "Grusade gång framför tavlan"
          }
        ],
        "centerPoint": [
          17.354534445666815,
          62.40253440003974
        ]
      },
      "geometry": {
        "type": "Point",
        "coordinates": [
          17.354534445666815,
          62.40253440003974
        ]
      }
    },
    {
      "id": 4131,
      "type": "Feature",
      "properties": {
        "name": "Informationstavla Bergafjärden",
        "type": "Informationstavla",
        "created": "2025-06-23 11:37:35",
        "updated": "2026-06-22 09:34:29",
        "published": true,
        "parentObjects": [
          3934
        ],
        "owner": {
          "organizationID": 39,
          "name": "friluftsfrämjandet njurunda"
        },
        "manager": {
          "organizationID": 39,
          "name": "friluftsfrämjandet njurunda"
        },
        "fields": [
          {
            "id": 73,
            "name": "Status",
            "type": "DROPDOWN",
            "value": "Fin"
          },
          {
            "id": 89,
            "name": "Fundament",
            "type": "DROPDOWN",
            "value": "Betongplintar"
          },
          {
            "id": 88,
            "name": "Typ av infotavla",
            "type": "DROPDOWN",
            "value": "Ribba 1320 bred A0 liggande"
          },
          {
            "id": 70,
            "name": "Byggnadsår",
            "type": "INTEGER",
            "value": 2024
          },
          {
            "id": 74,
            "name": "Statusdatum",
            "type": "DATE",
            "value": "2025-06-23"
          },
          {
            "id": 79,
            "name": "Tillhörande filer",
            "type": "FILES",
            "value": [
              {
                "id": 2716,
                "filename": "20250623_113208.jpg",
                "description": "Informationstavla",
                "alttext": "Informationstavla",
                "sourcetext": "Anders Erlandsson Friluftsenheten ",
                "validForWinter": false,
                "validForSummer": true,
                "sortIndex": 1001,
                "type": "image/jpeg",
                "size": 7371553,
                "url": "https://api.sundsvall.se/facilities/2.2/field/filesfield/2716",
                "license": "CC0",
                "licenseDescription": "Creative commons. \"No rights reserved\" https://creativecommons.org/share-your-work/public-domain/cc0/"
              }
            ]
          },
          {
            "id": 72,
            "name": "Handikappanpassad",
            "type": "TOGGLE",
            "value": "Nej"
          },
          {
            "id": 288,
            "name": "Felanmälan",
            "type": "Felanmälningstjänst",
            "reportName": "Friluftsfrämjandet Njurunda",
            "reportDescription": "Kontaktperson L Nord",
            "reportLink": "https://www.friluftsframjandet.se/njurunda",
            "reportPhone": "0702848084",
            "reportEmail": null
          }
        ],
        "centerPoint": [
          17.446951478545152,
          62.265367527079356
        ]
      },
      "geometry": {
        "type": "Point",
        "coordinates": [
          17.446951478545152,
          62.265367527079356
        ]
      }
    },
    {
      "id": 4274,
      "type": "Feature",
      "properties": {
        "name": "Informationstavla Startplats vandring",
        "type": "Informationstavla",
        "created": "2026-01-19 10:08:53",
        "updated": "2026-06-22 09:42:43",
        "published": true,
        "parentObjects": [
          778
        ],
        "owner": {
          "organizationID": 36,
          "name": "Sundsvalls kommun Friluftsenheten"
        },
        "manager": {
          "organizationID": 36,
          "name": "Sundsvalls kommun Friluftsenheten"
        },
        "fields": [
          {
            "id": 73,
            "name": "Status",
            "type": "DROPDOWN",
            "value": "Fin"
          },
          {
            "id": 89,
            "name": "Fundament",
            "type": "DROPDOWN",
            "value": "Betongplintar"
          },
          {
            "id": 88,
            "name": "Typ av infotavla",
            "type": "DROPDOWN",
            "value": "Ribba 1320 bred A0 liggande"
          },
          {
            "id": 74,
            "name": "Statusdatum",
            "type": "DATE",
            "value": "2026-03-09"
          },
          {
            "id": 79,
            "name": "Tillhörande filer",
            "type": "FILES",
            "value": [
              {
                "id": 2816,
                "filename": "image.jpg",
                "description": "Ledstart Södra Berget med information om vandringsleder som utgår från platsen",
                "alttext": "Ledstart Södra Berget med information om vandringsleder som utgår från platsen",
                "sourcetext": "Sundsvalls kommun",
                "validForWinter": true,
                "validForSummer": true,
                "sortIndex": 1,
                "type": "image/jpeg",
                "size": 4901765,
                "url": "https://api.sundsvall.se/facilities/2.2/field/filesfield/2816",
                "license": "CC0",
                "licenseDescription": "Creative commons. \"No rights reserved\" https://creativecommons.org/share-your-work/public-domain/cc0/"
              }
            ]
          },
          {
            "id": 72,
            "name": "Handikappanpassad",
            "type": "TOGGLE",
            "value": "Nej"
          },
          {
            "id": 288,
            "name": "Felanmälan",
            "type": "Felanmälningstjänst",
            "reportName": "Kontakt Sundsvall",
            "reportDescription": "Felanmälan av motionsspår, elljusspår, leder och andra friluftsanläggningar",
            "reportLink": "https://sundsvall.se/kommun-och-politik/politik-och-demokrati/dialog-och-synpunkter/felanmalan",
            "reportPhone": "060-19 10 00",
            "reportEmail": "kontakt@sundsvall.se"
          },
          {
            "id": 77,
            "name": "Beskrivning",
            "type": "FREETEXT",
            "value": "Ledstart Södra Berget med information om vandringsleder som utgår från platsen"
          },
          {
            "id": 247,
            "name": "Belysning",
            "type": "FREETEXT",
            "value": "Nej"
          }
        ],
        "centerPoint": [
          17.312004282155666,
          62.36656876586277
        ]
      },
      "geometry": {
        "type": "Point",
        "coordinates": [
          17.312004282155666,
          62.36656876586277
        ]
      }
    },
    {
      "id": 4280,
      "type": "Feature",
      "properties": {
        "name": "Ledstart vandring Juniskär",
        "type": "Informationstavla",
        "created": "2026-01-19 10:25:12",
        "published": true,
        "owner": {
          "organizationID": 293,
          "name": "Juniskärs fastighetsägareförening"
        },
        "manager": {
          "organizationID": 293,
          "name": "Juniskärs fastighetsägareförening"
        },
        "fields": [
          {
            "id": 89,
            "name": "Fundament",
            "type": "DROPDOWN",
            "value": "Betongplintar"
          },
          {
            "id": 88,
            "name": "Typ av infotavla",
            "type": "DROPDOWN",
            "value": "Ribba 1320 bred A0 liggande"
          },
          {
            "id": 70,
            "name": "Byggnadsår",
            "type": "INTEGER",
            "value": 2023
          },
          {
            "id": 79,
            "name": "Tillhörande filer",
            "type": "FILES",
            "value": [
              {
                "id": 2799,
                "filename": "20240922_100225.jpg",
                "description": "Informationstavla för Botnialeden och vandringsleder juniskär",
                "alttext": "Informationstavla i trä, med information om vandringslederna Botnialeden och Juniskärs vandring",
                "sourcetext": "Juniskärs fastighetsägarförening",
                "validForWinter": false,
                "validForSummer": true,
                "sortIndex": 1,
                "type": "image/jpeg",
                "size": 3999011,
                "url": "https://api.sundsvall.se/facilities/2.2/field/filesfield/2799",
                "license": "CC0",
                "licenseDescription": "Creative commons. \"No rights reserved\" https://creativecommons.org/share-your-work/public-domain/cc0/"
              }
            ]
          },
          {
            "id": 72,
            "name": "Handikappanpassad",
            "type": "TOGGLE",
            "value": "Nej"
          },
          {
            "id": 77,
            "name": "Beskrivning",
            "type": "FREETEXT",
            "value": "Informationstavla om vandringslederna i Juniskär"
          },
          {
            "id": 247,
            "name": "Belysning",
            "type": "FREETEXT",
            "value": "Nej"
          }
        ],
        "centerPoint": [
          17.446733416707104,
          62.29555446162084
        ]
      },
      "geometry": {
        "type": "Point",
        "coordinates": [
          17.446733416707104,
          62.29555446162084
        ]
      }
    },
    {
      "id": 4308,
      "type": "Feature",
      "properties": {
        "name": "Informationstavla Cykel 1",
        "type": "Informationstavla",
        "created": "2026-03-06 16:04:36",
        "updated": "2026-03-10 12:21:51",
        "published": true,
        "owner": {
          "organizationID": 36,
          "name": "Sundsvalls kommun Friluftsenheten"
        },
        "manager": {
          "organizationID": 36,
          "name": "Sundsvalls kommun Friluftsenheten"
        },
        "fields": [
          {
            "id": 73,
            "name": "Status",
            "type": "DROPDOWN",
            "value": "Fin"
          },
          {
            "id": 89,
            "name": "Fundament",
            "type": "DROPDOWN",
            "value": "Betongplintar"
          },
          {
            "id": 88,
            "name": "Typ av infotavla",
            "type": "DROPDOWN",
            "value": "Ribba 1320 bred A0 liggande"
          },
          {
            "id": 70,
            "name": "Byggnadsår",
            "type": "INTEGER",
            "value": 2022
          },
          {
            "id": 74,
            "name": "Statusdatum",
            "type": "DATE",
            "value": "2026-03-09"
          },
          {
            "id": 79,
            "name": "Tillhörande filer",
            "type": "FILES",
            "value": [
              {
                "id": 2809,
                "filename": "image.jpg",
                "description": "Elektronisk informationstavla",
                "alttext": "Elektronisk informationstavla",
                "sourcetext": "Sundsvalls kommun",
                "validForWinter": false,
                "validForSummer": true,
                "sortIndex": 1,
                "type": "image/jpeg",
                "size": 3595352,
                "url": "https://api.sundsvall.se/facilities/2.2/field/filesfield/2809",
                "license": "CC0",
                "licenseDescription": "Creative commons. \"No rights reserved\" https://creativecommons.org/share-your-work/public-domain/cc0/"
              }
            ]
          },
          {
            "id": 72,
            "name": "Handikappanpassad",
            "type": "TOGGLE",
            "value": "Nej"
          },
          {
            "id": 288,
            "name": "Felanmälan",
            "type": "Felanmälningstjänst",
            "reportName": "Kontakt Sundsvall",
            "reportDescription": "Felanmälan av motionsspår, elljusspår, leder och andra friluftsanläggningar",
            "reportLink": "https://sundsvall.se/kommun-och-politik/politik-och-demokrati/dialog-och-synpunkter/felanmalan",
            "reportPhone": "060-19 10 00",
            "reportEmail": "kontakt@sundsvall.se"
          },
          {
            "id": 77,
            "name": "Beskrivning",
            "type": "FREETEXT",
            "value": "Elektronisk informationstavla"
          }
        ],
        "centerPoint": [
          17.309031557978702,
          62.36605368835299
        ]
      },
      "geometry": {
        "type": "Point",
        "coordinates": [
          17.309031557978702,
          62.36605368835299
        ]
      }
    },
    {
      "id": 4309,
      "type": "Feature",
      "properties": {
        "name": "Informationstavla Cykel 2",
        "type": "Informationstavla",
        "created": "2026-03-06 16:04:57",
        "updated": "2026-03-10 12:23:22",
        "published": true,
        "owner": {
          "organizationID": 36,
          "name": "Sundsvalls kommun Friluftsenheten"
        },
        "manager": {
          "organizationID": 36,
          "name": "Sundsvalls kommun Friluftsenheten"
        },
        "fields": [
          {
            "id": 73,
            "name": "Status",
            "type": "DROPDOWN",
            "value": "Fin"
          },
          {
            "id": 89,
            "name": "Fundament",
            "type": "DROPDOWN",
            "value": "Betongplintar"
          },
          {
            "id": 88,
            "name": "Typ av infotavla",
            "type": "DROPDOWN",
            "value": "Ribba 1320 bred A0 liggande"
          },
          {
            "id": 70,
            "name": "Byggnadsår",
            "type": "INTEGER",
            "value": 2022
          },
          {
            "id": 74,
            "name": "Statusdatum",
            "type": "DATE",
            "value": "2026-03-09"
          },
          {
            "id": 79,
            "name": "Tillhörande filer",
            "type": "FILES",
            "value": [
              {
                "id": 2810,
                "filename": "image.jpg",
                "description": "Informationstavla för cykelleder",
                "alttext": "Informationstavla med karta och information om cykelleder på brun skyltbärare av trä",
                "sourcetext": "Sundsvalls kommun",
                "validForWinter": false,
                "validForSummer": true,
                "sortIndex": 1,
                "type": "image/jpeg",
                "size": 3492083,
                "url": "https://api.sundsvall.se/facilities/2.2/field/filesfield/2810",
                "license": "CC0",
                "licenseDescription": "Creative commons. \"No rights reserved\" https://creativecommons.org/share-your-work/public-domain/cc0/"
              }
            ]
          },
          {
            "id": 72,
            "name": "Handikappanpassad",
            "type": "TOGGLE",
            "value": "Nej"
          },
          {
            "id": 288,
            "name": "Felanmälan",
            "type": "Felanmälningstjänst",
            "reportName": "Kontakt Sundsvall",
            "reportDescription": "Felanmälan av motionsspår, elljusspår, leder och andra friluftsanläggningar",
            "reportLink": "https://sundsvall.se/kommun-och-politik/politik-och-demokrati/dialog-och-synpunkter/felanmalan",
            "reportPhone": "060-19 10 00",
            "reportEmail": "kontakt@sundsvall.se"
          },
          {
            "id": 77,
            "name": "Beskrivning",
            "type": "FREETEXT",
            "value": "Informationstavla med ledkarta över cykelleder"
          },
          {
            "id": 247,
            "name": "Belysning",
            "type": "FREETEXT",
            "value": "Ja"
          }
        ],
        "centerPoint": [
          17.308965927007492,
          62.36603729033998
        ]
      },
      "geometry": {
        "type": "Point",
        "coordinates": [
          17.308965927007492,
          62.36603729033998
        ]
      }
    },
    {
      "id": 4310,
      "type": "Feature",
      "properties": {
        "name": "Informationstavla Cykel 3",
        "type": "Informationstavla",
        "created": "2026-03-06 16:05:13",
        "updated": "2026-03-10 12:24:14",
        "published": true,
        "owner": {
          "organizationID": 36,
          "name": "Sundsvalls kommun Friluftsenheten"
        },
        "manager": {
          "organizationID": 36,
          "name": "Sundsvalls kommun Friluftsenheten"
        },
        "fields": [
          {
            "id": 73,
            "name": "Status",
            "type": "DROPDOWN",
            "value": "Fin"
          },
          {
            "id": 89,
            "name": "Fundament",
            "type": "DROPDOWN",
            "value": "Betongplintar"
          },
          {
            "id": 88,
            "name": "Typ av infotavla",
            "type": "DROPDOWN",
            "value": "Ribba 1320 bred A0 liggande"
          },
          {
            "id": 70,
            "name": "Byggnadsår",
            "type": "INTEGER",
            "value": 2022
          },
          {
            "id": 74,
            "name": "Statusdatum",
            "type": "DATE",
            "value": "2026-03-09"
          },
          {
            "id": 79,
            "name": "Tillhörande filer",
            "type": "FILES",
            "value": [
              {
                "id": 2811,
                "filename": "image.jpg",
                "description": "Informationstavla med ledbeskrivningar för cykelleder",
                "alttext": "Informationstavla med ledbeskrivningar för cykelleder",
                "sourcetext": "Sundsvalls kommun ",
                "validForWinter": false,
                "validForSummer": true,
                "sortIndex": 1,
                "type": "image/jpeg",
                "size": 3434685,
                "url": "https://api.sundsvall.se/facilities/2.2/field/filesfield/2811",
                "license": "CC0",
                "licenseDescription": "Creative commons. \"No rights reserved\" https://creativecommons.org/share-your-work/public-domain/cc0/"
              }
            ]
          },
          {
            "id": 72,
            "name": "Handikappanpassad",
            "type": "TOGGLE",
            "value": "Nej"
          },
          {
            "id": 288,
            "name": "Felanmälan",
            "type": "Felanmälningstjänst",
            "reportName": "Kontakt Sundsvall",
            "reportDescription": "Felanmälan av motionsspår, elljusspår, leder och andra friluftsanläggningar",
            "reportLink": "https://sundsvall.se/kommun-och-politik/politik-och-demokrati/dialog-och-synpunkter/felanmalan",
            "reportPhone": "060-19 10 00",
            "reportEmail": "kontakt@sundsvall.se"
          },
          {
            "id": 77,
            "name": "Beskrivning",
            "type": "FREETEXT",
            "value": "Informationstavla med ledbeskrivningar för cykelleder"
          },
          {
            "id": 247,
            "name": "Belysning",
            "type": "FREETEXT",
            "value": "Ja"
          }
        ],
        "centerPoint": [
          17.30888321520103,
          62.36603683399419
        ]
      },
      "geometry": {
        "type": "Point",
        "coordinates": [
          17.30888321520103,
          62.36603683399419
        ]
      }
    },
    {
      "id": 4311,
      "type": "Feature",
      "properties": {
        "name": "Informationstavla Cykel Lärken",
        "type": "Informationstavla",
        "created": "2026-03-06 16:05:56",
        "updated": "2026-03-10 12:43:30",
        "published": true,
        "owner": {
          "organizationID": 36,
          "name": "Sundsvalls kommun Friluftsenheten"
        },
        "manager": {
          "organizationID": 36,
          "name": "Sundsvalls kommun Friluftsenheten"
        },
        "fields": [
          {
            "id": 73,
            "name": "Status",
            "type": "DROPDOWN",
            "value": "Fin"
          },
          {
            "id": 89,
            "name": "Fundament",
            "type": "DROPDOWN",
            "value": "Betongplintar"
          },
          {
            "id": 88,
            "name": "Typ av infotavla",
            "type": "DROPDOWN",
            "value": "Ribba 1320 bred A0 liggande"
          },
          {
            "id": 70,
            "name": "Byggnadsår",
            "type": "INTEGER",
            "value": 2022
          },
          {
            "id": 74,
            "name": "Statusdatum",
            "type": "DATE",
            "value": "2026-03-10"
          },
          {
            "id": 79,
            "name": "Tillhörande filer",
            "type": "FILES",
            "value": [
              {
                "id": 2838,
                "filename": "image.jpg",
                "description": "Informationstavla för cykelleder",
                "alttext": "Informationstavla i trä med karta över cykelleder  ",
                "sourcetext": "Sundsvall kommun ",
                "validForWinter": false,
                "validForSummer": true,
                "sortIndex": 1,
                "type": "image/jpeg",
                "size": 3712370,
                "url": "https://api.sundsvall.se/facilities/2.2/field/filesfield/2838",
                "license": "CC0",
                "licenseDescription": "Creative commons. \"No rights reserved\" https://creativecommons.org/share-your-work/public-domain/cc0/"
              }
            ]
          },
          {
            "id": 72,
            "name": "Handikappanpassad",
            "type": "TOGGLE",
            "value": "Nej"
          },
          {
            "id": 288,
            "name": "Felanmälan",
            "type": "Felanmälningstjänst",
            "reportName": "Kontakt Sundsvall",
            "reportDescription": "Felanmälan av motionsspår, elljusspår, leder och andra friluftsanläggningar",
            "reportLink": "https://sundsvall.se/kommun-och-politik/politik-och-demokrati/dialog-och-synpunkter/felanmalan",
            "reportPhone": "060-19 10 00",
            "reportEmail": "kontakt@sundsvall.se"
          },
          {
            "id": 77,
            "name": "Beskrivning",
            "type": "FREETEXT",
            "value": "Informationstavla för cykelleder"
          },
          {
            "id": 247,
            "name": "Belysning",
            "type": "FREETEXT",
            "value": "Ja"
          }
        ],
        "centerPoint": [
          17.321655366432854,
          62.361028524006045
        ]
      },
      "geometry": {
        "type": "Point",
        "coordinates": [
          17.321655366432854,
          62.361028524006045
        ]
      }
    },
    {
      "id": 4312,
      "type": "Feature",
      "properties": {
        "name": "Informationstavla Cykel Myren",
        "type": "Informationstavla",
        "created": "2026-03-06 16:06:23",
        "updated": "2026-03-10 12:39:39",
        "published": true,
        "owner": {
          "organizationID": 36,
          "name": "Sundsvalls kommun Friluftsenheten"
        },
        "manager": {
          "organizationID": 36,
          "name": "Sundsvalls kommun Friluftsenheten"
        },
        "fields": [
          {
            "id": 73,
            "name": "Status",
            "type": "DROPDOWN",
            "value": "Fin"
          },
          {
            "id": 89,
            "name": "Fundament",
            "type": "DROPDOWN",
            "value": "Betongplintar"
          },
          {
            "id": 88,
            "name": "Typ av infotavla",
            "type": "DROPDOWN",
            "value": "Ribba 1320 bred A0 liggande"
          },
          {
            "id": 70,
            "name": "Byggnadsår",
            "type": "INTEGER",
            "value": 2022
          },
          {
            "id": 74,
            "name": "Statusdatum",
            "type": "DATE",
            "value": "2026-03-09"
          },
          {
            "id": 79,
            "name": "Tillhörande filer",
            "type": "FILES",
            "value": [
              {
                "id": 2834,
                "filename": "image.jpg",
                "description": "Informationstavla för cykelleder",
                "alttext": "Informationstavla med information om cykelleder på brun skyltbärare av trä",
                "sourcetext": "Sundsvalls kommun ",
                "validForWinter": false,
                "validForSummer": true,
                "sortIndex": 1,
                "type": "image/jpeg",
                "size": 4499945,
                "url": "https://api.sundsvall.se/facilities/2.2/field/filesfield/2834",
                "license": "CC0",
                "licenseDescription": "Creative commons. \"No rights reserved\" https://creativecommons.org/share-your-work/public-domain/cc0/"
              }
            ]
          },
          {
            "id": 72,
            "name": "Handikappanpassad",
            "type": "TOGGLE",
            "value": "Nej"
          },
          {
            "id": 288,
            "name": "Felanmälan",
            "type": "Felanmälningstjänst",
            "reportName": "Kontakt Sundsvall",
            "reportDescription": "Felanmälan av motionsspår, elljusspår, leder och andra friluftsanläggningar",
            "reportLink": "https://sundsvall.se/kommun-och-politik/politik-och-demokrati/dialog-och-synpunkter/felanmalan",
            "reportPhone": "060-19 10 00",
            "reportEmail": "kontakt@sundsvall.se"
          },
          {
            "id": 77,
            "name": "Beskrivning",
            "type": "FREETEXT",
            "value": "Informationstavla för cykelleder"
          }
        ],
        "centerPoint": [
          17.31517416942835,
          62.36443151252176
        ]
      },
      "geometry": {
        "type": "Point",
        "coordinates": [
          17.31517416942835,
          62.36443151252176
        ]
      }
    },
    {
      "id": 4313,
      "type": "Feature",
      "properties": {
        "name": "Informationstavla Cykel Hillstamon 1",
        "type": "Informationstavla",
        "created": "2026-03-06 16:06:57",
        "published": true,
        "owner": {
          "organizationID": 36,
          "name": "Sundsvalls kommun Friluftsenheten"
        },
        "manager": {
          "organizationID": 36,
          "name": "Sundsvalls kommun Friluftsenheten"
        },
        "fields": [
          {
            "id": 89,
            "name": "Fundament",
            "type": "DROPDOWN",
            "value": "Betongplintar"
          },
          {
            "id": 88,
            "name": "Typ av infotavla",
            "type": "DROPDOWN",
            "value": "Ribba 1320 bred A0 liggande"
          },
          {
            "id": 70,
            "name": "Byggnadsår",
            "type": "INTEGER",
            "value": 2022
          },
          {
            "id": 72,
            "name": "Handikappanpassad",
            "type": "TOGGLE",
            "value": "Nej"
          },
          {
            "id": 288,
            "name": "Felanmälan",
            "type": "Felanmälningstjänst",
            "reportName": "Kontakt Sundsvall",
            "reportDescription": "Felanmälan av motionsspår, elljusspår, leder och andra friluftsanläggningar",
            "reportLink": "https://sundsvall.se/kommun-och-politik/politik-och-demokrati/dialog-och-synpunkter/felanmalan",
            "reportPhone": "060-19 10 00",
            "reportEmail": "kontakt@sundsvall.se"
          },
          {
            "id": 77,
            "name": "Beskrivning",
            "type": "FREETEXT",
            "value": "Informationstavla för cykelleder"
          },
          {
            "id": 247,
            "name": "Belysning",
            "type": "FREETEXT",
            "value": "Ja"
          }
        ],
        "centerPoint": [
          17.332235652812773,
          62.3716121446551
        ]
      },
      "geometry": {
        "type": "Point",
        "coordinates": [
          17.332235652812773,
          62.3716121446551
        ]
      }
    },
    {
      "id": 4314,
      "type": "Feature",
      "properties": {
        "name": "Informationstavla Cykel Hillstamon 2",
        "type": "Informationstavla",
        "created": "2026-03-06 16:07:06",
        "published": true,
        "owner": {
          "organizationID": 36,
          "name": "Sundsvalls kommun Friluftsenheten"
        },
        "manager": {
          "organizationID": 36,
          "name": "Sundsvalls kommun Friluftsenheten"
        },
        "fields": [
          {
            "id": 89,
            "name": "Fundament",
            "type": "DROPDOWN",
            "value": "Betongplintar"
          },
          {
            "id": 88,
            "name": "Typ av infotavla",
            "type": "DROPDOWN",
            "value": "Ribba 1320 bred A0 liggande"
          },
          {
            "id": 70,
            "name": "Byggnadsår",
            "type": "INTEGER",
            "value": 2022
          },
          {
            "id": 72,
            "name": "Handikappanpassad",
            "type": "TOGGLE",
            "value": "Nej"
          },
          {
            "id": 288,
            "name": "Felanmälan",
            "type": "Felanmälningstjänst",
            "reportName": "Kontakt Sundsvall",
            "reportDescription": "Felanmälan av motionsspår, elljusspår, leder och andra friluftsanläggningar",
            "reportLink": "https://sundsvall.se/kommun-och-politik/politik-och-demokrati/dialog-och-synpunkter/felanmalan",
            "reportPhone": "060-19 10 00",
            "reportEmail": "kontakt@sundsvall.se"
          },
          {
            "id": 77,
            "name": "Beskrivning",
            "type": "FREETEXT",
            "value": "Informationstavla för cykelleder"
          },
          {
            "id": 247,
            "name": "Belysning",
            "type": "FREETEXT",
            "value": "Ja"
          }
        ],
        "centerPoint": [
          17.332168556708186,
          62.371636133736224
        ]
      },
      "geometry": {
        "type": "Point",
        "coordinates": [
          17.332168556708186,
          62.371636133736224
        ]
      }
    },
    {
      "id": 4315,
      "type": "Feature",
      "properties": {
        "name": "Informationstavla Cykel Apelsinlunden",
        "type": "Informationstavla",
        "created": "2026-03-06 16:07:44",
        "updated": "2026-03-10 12:14:46",
        "published": true,
        "owner": {
          "organizationID": 36,
          "name": "Sundsvalls kommun Friluftsenheten"
        },
        "manager": {
          "organizationID": 36,
          "name": "Sundsvalls kommun Friluftsenheten"
        },
        "fields": [
          {
            "id": 73,
            "name": "Status",
            "type": "DROPDOWN",
            "value": "Fin"
          },
          {
            "id": 89,
            "name": "Fundament",
            "type": "DROPDOWN",
            "value": "Betongplintar"
          },
          {
            "id": 88,
            "name": "Typ av infotavla",
            "type": "DROPDOWN",
            "value": "Ribba 1320 bred A0 liggande"
          },
          {
            "id": 70,
            "name": "Byggnadsår",
            "type": "INTEGER",
            "value": 2022
          },
          {
            "id": 74,
            "name": "Statusdatum",
            "type": "DATE",
            "value": "2026-03-09"
          },
          {
            "id": 79,
            "name": "Tillhörande filer",
            "type": "FILES",
            "value": [
              {
                "id": 2824,
                "filename": "image.jpg",
                "description": "Informationstavla cykelleder",
                "alttext": "Informationstavla med ledkarta för cykelleder på skyltbärare i trä",
                "sourcetext": "Sundsvalls kommun",
                "validForWinter": false,
                "validForSummer": true,
                "sortIndex": 1,
                "type": "image/jpeg",
                "size": 4197079,
                "url": "https://api.sundsvall.se/facilities/2.2/field/filesfield/2824",
                "license": "CC0",
                "licenseDescription": "Creative commons. \"No rights reserved\" https://creativecommons.org/share-your-work/public-domain/cc0/"
              }
            ]
          },
          {
            "id": 72,
            "name": "Handikappanpassad",
            "type": "TOGGLE",
            "value": "Nej"
          },
          {
            "id": 288,
            "name": "Felanmälan",
            "type": "Felanmälningstjänst",
            "reportName": "Kontakt Sundsvall",
            "reportDescription": "Felanmälan av motionsspår, elljusspår, leder och andra friluftsanläggningar",
            "reportLink": "https://sundsvall.se/kommun-och-politik/politik-och-demokrati/dialog-och-synpunkter/felanmalan",
            "reportPhone": "060-19 10 00",
            "reportEmail": "kontakt@sundsvall.se"
          },
          {
            "id": 77,
            "name": "Beskrivning",
            "type": "FREETEXT",
            "value": "Informationstavla för cykelleder"
          }
        ],
        "centerPoint": [
          17.2937261553943,
          62.36741278599087
        ]
      },
      "geometry": {
        "type": "Point",
        "coordinates": [
          17.2937261553943,
          62.36741278599087
        ]
      }
    },
    {
      "id": 4316,
      "type": "Feature",
      "properties": {
        "name": "Informationstavla Cykel Lv5",
        "type": "Informationstavla",
        "created": "2026-03-06 16:08:39",
        "published": true,
        "owner": {
          "organizationID": 36,
          "name": "Sundsvalls kommun Friluftsenheten"
        },
        "manager": {
          "organizationID": 36,
          "name": "Sundsvalls kommun Friluftsenheten"
        },
        "fields": [
          {
            "id": 89,
            "name": "Fundament",
            "type": "DROPDOWN",
            "value": "Betongplintar"
          },
          {
            "id": 88,
            "name": "Typ av infotavla",
            "type": "DROPDOWN",
            "value": "Ribba 1320 bred A0 liggande"
          },
          {
            "id": 70,
            "name": "Byggnadsår",
            "type": "INTEGER",
            "value": 2022
          },
          {
            "id": 72,
            "name": "Handikappanpassad",
            "type": "TOGGLE",
            "value": "Nej"
          },
          {
            "id": 288,
            "name": "Felanmälan",
            "type": "Felanmälningstjänst",
            "reportName": "Kontakt Sundsvall",
            "reportDescription": "Felanmälan av motionsspår, elljusspår, leder och andra friluftsanläggningar",
            "reportLink": "https://sundsvall.se/kommun-och-politik/politik-och-demokrati/dialog-och-synpunkter/felanmalan",
            "reportPhone": "060-19 10 00",
            "reportEmail": "kontakt@sundsvall.se"
          },
          {
            "id": 77,
            "name": "Beskrivning",
            "type": "FREETEXT",
            "value": "Informationstavla för cykelleder"
          },
          {
            "id": 247,
            "name": "Belysning",
            "type": "FREETEXT",
            "value": "Ja"
          }
        ],
        "centerPoint": [
          17.299140150015184,
          62.37149898853085
        ]
      },
      "geometry": {
        "type": "Point",
        "coordinates": [
          17.299140150015184,
          62.37149898853085
        ]
      }
    },
    {
      "id": 4317,
      "type": "Feature",
      "properties": {
        "name": "Informationstavla Cykel start Draken",
        "type": "Informationstavla",
        "created": "2026-03-06 16:10:48",
        "updated": "2026-03-09 13:59:59",
        "published": true,
        "owner": {
          "organizationID": 36,
          "name": "Sundsvalls kommun Friluftsenheten"
        },
        "manager": {
          "organizationID": 36,
          "name": "Sundsvalls kommun Friluftsenheten"
        },
        "fields": [
          {
            "id": 73,
            "name": "Status",
            "type": "DROPDOWN",
            "value": "Fin"
          },
          {
            "id": 89,
            "name": "Fundament",
            "type": "DROPDOWN",
            "value": "Betongplintar"
          },
          {
            "id": 88,
            "name": "Typ av infotavla",
            "type": "DROPDOWN",
            "value": "Ribba 420 bred A2 stående"
          },
          {
            "id": 70,
            "name": "Byggnadsår",
            "type": "INTEGER",
            "value": 2022
          },
          {
            "id": 74,
            "name": "Statusdatum",
            "type": "DATE",
            "value": "2026-03-09"
          },
          {
            "id": 79,
            "name": "Tillhörande filer",
            "type": "FILES",
            "value": [
              {
                "id": 2815,
                "filename": "image.jpg",
                "description": "Informationstavla Cykel start Draken",
                "alttext": "Blå informationstavla om cykelleder som sitter på ett skyltställ med träribbor.",
                "sourcetext": "Sundsvalls kommun",
                "validForWinter": false,
                "validForSummer": true,
                "sortIndex": null,
                "type": "image/jpeg",
                "size": 4078527,
                "url": "https://api.sundsvall.se/facilities/2.2/field/filesfield/2815",
                "license": "CC0",
                "licenseDescription": "Creative commons. \"No rights reserved\" https://creativecommons.org/share-your-work/public-domain/cc0/"
              }
            ]
          },
          {
            "id": 72,
            "name": "Handikappanpassad",
            "type": "TOGGLE",
            "value": "Nej"
          },
          {
            "id": 288,
            "name": "Felanmälan",
            "type": "Felanmälningstjänst",
            "reportName": "Kontakt Sundsvall",
            "reportDescription": "Felanmälan av motionsspår, elljusspår, leder och andra friluftsanläggningar",
            "reportLink": "https://sundsvall.se/kommun-och-politik/politik-och-demokrati/dialog-och-synpunkter/felanmalan",
            "reportPhone": "060-19 10 00",
            "reportEmail": "kontakt@sundsvall.se"
          },
          {
            "id": 77,
            "name": "Beskrivning",
            "type": "FREETEXT",
            "value": "Informationstavla vid spårstart för cykelleden Draken"
          }
        ],
        "centerPoint": [
          17.310373987174106,
          62.366449088277754
        ]
      },
      "geometry": {
        "type": "Point",
        "coordinates": [
          17.310373987174106,
          62.366449088277754
        ]
      }
    },
    {
      "id": 4318,
      "type": "Feature",
      "properties": {
        "name": "Informationstavla Cykel start Sågverket",
        "type": "Informationstavla",
        "created": "2026-03-06 16:13:09",
        "updated": "2026-06-22 13:55:06",
        "published": true,
        "owner": {
          "organizationID": 36,
          "name": "Sundsvalls kommun Friluftsenheten"
        },
        "manager": {
          "organizationID": 36,
          "name": "Sundsvalls kommun Friluftsenheten"
        },
        "fields": [
          {
            "id": 73,
            "name": "Status",
            "type": "DROPDOWN",
            "value": "Fin"
          },
          {
            "id": 89,
            "name": "Fundament",
            "type": "DROPDOWN",
            "value": "Betongplintar"
          },
          {
            "id": 88,
            "name": "Typ av infotavla",
            "type": "DROPDOWN",
            "value": "Ribba 420 bred A2 stående"
          },
          {
            "id": 70,
            "name": "Byggnadsår",
            "type": "INTEGER",
            "value": 2022
          },
          {
            "id": 79,
            "name": "Tillhörande filer",
            "type": "FILES",
            "value": [
              {
                "id": 2937,
                "filename": "image.jpg",
                "description": "Grön skylt för Cykelleden sågverket",
                "alttext": "",
                "sourcetext": "Sundsvalls kommun ",
                "validForWinter": true,
                "validForSummer": true,
                "sortIndex": null,
                "type": "image/jpeg",
                "size": 6487088,
                "url": "https://api.sundsvall.se/facilities/2.2/field/filesfield/2937",
                "license": "CC0",
                "licenseDescription": "Creative commons. \"No rights reserved\" https://creativecommons.org/share-your-work/public-domain/cc0/"
              }
            ]
          },
          {
            "id": 72,
            "name": "Handikappanpassad",
            "type": "TOGGLE",
            "value": "Nej"
          },
          {
            "id": 288,
            "name": "Felanmälan",
            "type": "Felanmälningstjänst",
            "reportName": "Kontakt Sundsvall",
            "reportDescription": "Felanmälan av motionsspår, elljusspår, leder och andra friluftsanläggningar",
            "reportLink": "https://sundsvall.se/kommun-och-politik/politik-och-demokrati/dialog-och-synpunkter/felanmalan",
            "reportPhone": "060-19 10 00",
            "reportEmail": "kontakt@sundsvall.se"
          },
          {
            "id": 77,
            "name": "Beskrivning",
            "type": "FREETEXT",
            "value": "Informationstavla vid spårstart för cykelleden Sågverket"
          }
        ],
        "centerPoint": [
          17.308776541286463,
          62.366052433444565
        ]
      },
      "geometry": {
        "type": "Point",
        "coordinates": [
          17.308776541286463,
          62.366052433444565
        ]
      }
    },
    {
      "id": 4319,
      "type": "Feature",
      "properties": {
        "name": "Informationstavla Cykel start Glöden",
        "type": "Informationstavla",
        "created": "2026-03-06 16:13:31",
        "updated": "2026-03-10 12:20:41",
        "published": true,
        "owner": {
          "organizationID": 36,
          "name": "Sundsvalls kommun Friluftsenheten"
        },
        "manager": {
          "organizationID": 36,
          "name": "Sundsvalls kommun Friluftsenheten"
        },
        "fields": [
          {
            "id": 73,
            "name": "Status",
            "type": "DROPDOWN",
            "value": "Fin"
          },
          {
            "id": 89,
            "name": "Fundament",
            "type": "DROPDOWN",
            "value": "Betongplintar"
          },
          {
            "id": 88,
            "name": "Typ av infotavla",
            "type": "DROPDOWN",
            "value": "Ribba 420 bred A2 stående"
          },
          {
            "id": 70,
            "name": "Byggnadsår",
            "type": "INTEGER",
            "value": 2022
          },
          {
            "id": 74,
            "name": "Statusdatum",
            "type": "DATE",
            "value": "2026-03-09"
          },
          {
            "id": 79,
            "name": "Tillhörande filer",
            "type": "FILES",
            "value": [
              {
                "id": 2808,
                "filename": "image.jpg",
                "description": "Informationstavla start cykelled Glöden",
                "alttext": "Informationstavla start cykelled Glöden på skyltbärare av brunt trä",
                "sourcetext": "Sundsvalls kommun",
                "validForWinter": false,
                "validForSummer": true,
                "sortIndex": 1,
                "type": "image/jpeg",
                "size": 3972406,
                "url": "https://api.sundsvall.se/facilities/2.2/field/filesfield/2808",
                "license": "CC0",
                "licenseDescription": "Creative commons. \"No rights reserved\" https://creativecommons.org/share-your-work/public-domain/cc0/"
              }
            ]
          },
          {
            "id": 72,
            "name": "Handikappanpassad",
            "type": "TOGGLE",
            "value": "Nej"
          },
          {
            "id": 288,
            "name": "Felanmälan",
            "type": "Felanmälningstjänst",
            "reportName": "Kontakt Sundsvall",
            "reportDescription": "Felanmälan av motionsspår, elljusspår, leder och andra friluftsanläggningar",
            "reportLink": "https://sundsvall.se/kommun-och-politik/politik-och-demokrati/dialog-och-synpunkter/felanmalan",
            "reportPhone": "060-19 10 00",
            "reportEmail": "kontakt@sundsvall.se"
          },
          {
            "id": 77,
            "name": "Beskrivning",
            "type": "FREETEXT",
            "value": "Informationstavla vid spårstart för cykelleden Glöden"
          }
        ],
        "centerPoint": [
          17.30906792917693,
          62.36607868674019
        ]
      },
      "geometry": {
        "type": "Point",
        "coordinates": [
          17.30906792917693,
          62.36607868674019
        ]
      }
    },
    {
      "id": 4320,
      "type": "Feature",
      "properties": {
        "name": "Informationstavla Cykel start Uppeldad",
        "type": "Informationstavla",
        "created": "2026-03-06 16:14:11",
        "published": true,
        "owner": {
          "organizationID": 36,
          "name": "Sundsvalls kommun Friluftsenheten"
        },
        "manager": {
          "organizationID": 36,
          "name": "Sundsvalls kommun Friluftsenheten"
        },
        "fields": [
          {
            "id": 89,
            "name": "Fundament",
            "type": "DROPDOWN",
            "value": "Betongplintar"
          },
          {
            "id": 88,
            "name": "Typ av infotavla",
            "type": "DROPDOWN",
            "value": "Ribba 420 bred A2 stående"
          },
          {
            "id": 70,
            "name": "Byggnadsår",
            "type": "INTEGER",
            "value": 2022
          },
          {
            "id": 72,
            "name": "Handikappanpassad",
            "type": "TOGGLE",
            "value": "Nej"
          },
          {
            "id": 288,
            "name": "Felanmälan",
            "type": "Felanmälningstjänst",
            "reportName": "Kontakt Sundsvall",
            "reportDescription": "Felanmälan av motionsspår, elljusspår, leder och andra friluftsanläggningar",
            "reportLink": "https://sundsvall.se/kommun-och-politik/politik-och-demokrati/dialog-och-synpunkter/felanmalan",
            "reportPhone": "060-19 10 00",
            "reportEmail": "kontakt@sundsvall.se"
          },
          {
            "id": 77,
            "name": "Beskrivning",
            "type": "FREETEXT",
            "value": "Informationstavla vid spårstart för cykelleden Uppeldad"
          }
        ],
        "centerPoint": [
          17.29409946110974,
          62.36680378028504
        ]
      },
      "geometry": {
        "type": "Point",
        "coordinates": [
          17.29409946110974,
          62.36680378028504
        ]
      }
    },
    {
      "id": 4321,
      "type": "Feature",
      "properties": {
        "name": "Informationstavla Cykel start Brännhet",
        "type": "Informationstavla",
        "created": "2026-03-06 16:14:46",
        "updated": "2026-03-09 13:57:53",
        "published": true,
        "owner": {
          "organizationID": 36,
          "name": "Sundsvalls kommun Friluftsenheten"
        },
        "manager": {
          "organizationID": 36,
          "name": "Sundsvalls kommun Friluftsenheten"
        },
        "fields": [
          {
            "id": 73,
            "name": "Status",
            "type": "DROPDOWN",
            "value": "Fin"
          },
          {
            "id": 89,
            "name": "Fundament",
            "type": "DROPDOWN",
            "value": "Betongplintar"
          },
          {
            "id": 88,
            "name": "Typ av infotavla",
            "type": "DROPDOWN",
            "value": "Ribba 420 bred A2 stående"
          },
          {
            "id": 70,
            "name": "Byggnadsår",
            "type": "INTEGER",
            "value": 2022
          },
          {
            "id": 74,
            "name": "Statusdatum",
            "type": "DATE",
            "value": "2026-03-09"
          },
          {
            "id": 79,
            "name": "Tillhörande filer",
            "type": "FILES",
            "value": [
              {
                "id": 2819,
                "filename": "image.jpg",
                "description": "Informationstavla spårstart cykelleden Brännhet",
                "alttext": "Blå informationstavla fastsatt på skyltställ av träribbor.",
                "sourcetext": "Sundsvalls kommun",
                "validForWinter": false,
                "validForSummer": true,
                "sortIndex": null,
                "type": "image/jpeg",
                "size": 4129114,
                "url": "https://api.sundsvall.se/facilities/2.2/field/filesfield/2819",
                "license": "CC0",
                "licenseDescription": "Creative commons. \"No rights reserved\" https://creativecommons.org/share-your-work/public-domain/cc0/"
              }
            ]
          },
          {
            "id": 72,
            "name": "Handikappanpassad",
            "type": "TOGGLE",
            "value": "Nej"
          },
          {
            "id": 288,
            "name": "Felanmälan",
            "type": "Felanmälningstjänst",
            "reportName": "Kontakt Sundsvall",
            "reportDescription": "Felanmälan av motionsspår, elljusspår, leder och andra friluftsanläggningar",
            "reportLink": "https://sundsvall.se/kommun-och-politik/politik-och-demokrati/dialog-och-synpunkter/felanmalan",
            "reportPhone": "060-19 10 00",
            "reportEmail": "kontakt@sundsvall.se"
          },
          {
            "id": 77,
            "name": "Beskrivning",
            "type": "FREETEXT",
            "value": "Informationstavla vid spårstart för cykelleden Brännhet"
          }
        ],
        "centerPoint": [
          17.310505967493473,
          62.36589517013939
        ]
      },
      "geometry": {
        "type": "Point",
        "coordinates": [
          17.310505967493473,
          62.36589517013939
        ]
      }
    },
    {
      "id": 4322,
      "type": "Feature",
      "properties": {
        "name": "Informationstavla Cykel start Lågan",
        "type": "Informationstavla",
        "created": "2026-03-06 16:15:32",
        "updated": "2026-03-10 12:40:40",
        "published": true,
        "owner": {
          "organizationID": 36,
          "name": "Sundsvalls kommun Friluftsenheten"
        },
        "manager": {
          "organizationID": 36,
          "name": "Sundsvalls kommun Friluftsenheten"
        },
        "fields": [
          {
            "id": 73,
            "name": "Status",
            "type": "DROPDOWN",
            "value": "Fin"
          },
          {
            "id": 89,
            "name": "Fundament",
            "type": "DROPDOWN",
            "value": "Betongplintar"
          },
          {
            "id": 88,
            "name": "Typ av infotavla",
            "type": "DROPDOWN",
            "value": "Ribba 420 bred A2 stående"
          },
          {
            "id": 70,
            "name": "Byggnadsår",
            "type": "INTEGER",
            "value": 2022
          },
          {
            "id": 74,
            "name": "Statusdatum",
            "type": "DATE",
            "value": "2026-03-09"
          },
          {
            "id": 79,
            "name": "Tillhörande filer",
            "type": "FILES",
            "value": [
              {
                "id": 2835,
                "filename": "image.jpg",
                "description": "Informationstavla vid spårstart för cykelleden Lågan",
                "alttext": "Informationstavla vid spårstart för cykelleden Lågan på brun skylthållare av trä",
                "sourcetext": "Sundsvalls kommun ",
                "validForWinter": false,
                "validForSummer": true,
                "sortIndex": 1,
                "type": "image/jpeg",
                "size": 2308278,
                "url": "https://api.sundsvall.se/facilities/2.2/field/filesfield/2835",
                "license": "CC0",
                "licenseDescription": "Creative commons. \"No rights reserved\" https://creativecommons.org/share-your-work/public-domain/cc0/"
              }
            ]
          },
          {
            "id": 72,
            "name": "Handikappanpassad",
            "type": "TOGGLE",
            "value": "Nej"
          },
          {
            "id": 288,
            "name": "Felanmälan",
            "type": "Felanmälningstjänst",
            "reportName": "Kontakt Sundsvall",
            "reportDescription": "Felanmälan av motionsspår, elljusspår, leder och andra friluftsanläggningar",
            "reportLink": "https://sundsvall.se/kommun-och-politik/politik-och-demokrati/dialog-och-synpunkter/felanmalan",
            "reportPhone": "060-19 10 00",
            "reportEmail": "kontakt@sundsvall.se"
          },
          {
            "id": 77,
            "name": "Beskrivning",
            "type": "FREETEXT",
            "value": "Informationstavla vid spårstart för cykelleden Lågan"
          }
        ],
        "centerPoint": [
          17.315334528842538,
          62.36443067312367
        ]
      },
      "geometry": {
        "type": "Point",
        "coordinates": [
          17.315334528842538,
          62.36443067312367
        ]
      }
    },
    {
      "id": 4323,
      "type": "Feature",
      "properties": {
        "name": "Informationstavla Cykel start Elden",
        "type": "Informationstavla",
        "created": "2026-03-06 16:15:58",
        "updated": "2026-03-10 12:41:36",
        "published": true,
        "owner": {
          "organizationID": 36,
          "name": "Sundsvalls kommun Friluftsenheten"
        },
        "manager": {
          "organizationID": 36,
          "name": "Sundsvalls kommun Friluftsenheten"
        },
        "fields": [
          {
            "id": 73,
            "name": "Status",
            "type": "DROPDOWN",
            "value": "Fin"
          },
          {
            "id": 89,
            "name": "Fundament",
            "type": "DROPDOWN",
            "value": "Betongplintar"
          },
          {
            "id": 88,
            "name": "Typ av infotavla",
            "type": "DROPDOWN",
            "value": "Ribba 420 bred A2 stående"
          },
          {
            "id": 70,
            "name": "Byggnadsår",
            "type": "INTEGER",
            "value": 2022
          },
          {
            "id": 74,
            "name": "Statusdatum",
            "type": "DATE",
            "value": "2026-03-09"
          },
          {
            "id": 79,
            "name": "Tillhörande filer",
            "type": "FILES",
            "value": [
              {
                "id": 2837,
                "filename": "image.jpg",
                "description": "Informationstavla vid spårstart för cykelleden Elden",
                "alttext": "Informationstavla vid spårstart för cykelleden Elden på brun skylthållare av trä",
                "sourcetext": "Sundsvalls kommun ",
                "validForWinter": false,
                "validForSummer": true,
                "sortIndex": 1,
                "type": "image/jpeg",
                "size": 5312947,
                "url": "https://api.sundsvall.se/facilities/2.2/field/filesfield/2837",
                "license": "CC0",
                "licenseDescription": "Creative commons. \"No rights reserved\" https://creativecommons.org/share-your-work/public-domain/cc0/"
              }
            ]
          },
          {
            "id": 72,
            "name": "Handikappanpassad",
            "type": "TOGGLE",
            "value": "Nej"
          },
          {
            "id": 288,
            "name": "Felanmälan",
            "type": "Felanmälningstjänst",
            "reportName": "Kontakt Sundsvall",
            "reportDescription": "Felanmälan av motionsspår, elljusspår, leder och andra friluftsanläggningar",
            "reportLink": "https://sundsvall.se/kommun-och-politik/politik-och-demokrati/dialog-och-synpunkter/felanmalan",
            "reportPhone": "060-19 10 00",
            "reportEmail": "kontakt@sundsvall.se"
          },
          {
            "id": 77,
            "name": "Beskrivning",
            "type": "FREETEXT",
            "value": "Informationstavla vid spårstart för cykelleden Elden"
          }
        ],
        "centerPoint": [
          17.31530335198246,
          62.36436331521092
        ]
      },
      "geometry": {
        "type": "Point",
        "coordinates": [
          17.31530335198246,
          62.36436331521092
        ]
      }
    },
    {
      "id": 4324,
      "type": "Feature",
      "properties": {
        "name": "Informationstavla Cykel start Hettan",
        "type": "Informationstavla",
        "created": "2026-03-06 16:16:30",
        "updated": "2026-03-10 12:44:29",
        "published": true,
        "owner": {
          "organizationID": 36,
          "name": "Sundsvalls kommun Friluftsenheten"
        },
        "manager": {
          "organizationID": 36,
          "name": "Sundsvalls kommun Friluftsenheten"
        },
        "fields": [
          {
            "id": 73,
            "name": "Status",
            "type": "DROPDOWN",
            "value": "Fin"
          },
          {
            "id": 89,
            "name": "Fundament",
            "type": "DROPDOWN",
            "value": "Betongplintar"
          },
          {
            "id": 88,
            "name": "Typ av infotavla",
            "type": "DROPDOWN",
            "value": "Ribba 420 bred A2 stående"
          },
          {
            "id": 70,
            "name": "Byggnadsår",
            "type": "INTEGER",
            "value": 2022
          },
          {
            "id": 74,
            "name": "Statusdatum",
            "type": "DATE",
            "value": "2026-03-10"
          },
          {
            "id": 79,
            "name": "Tillhörande filer",
            "type": "FILES",
            "value": [
              {
                "id": 2839,
                "filename": "image.jpg",
                "description": "Informationstavla start Hettan",
                "alttext": "Informationstavla i trä med blå skylt som visar information om cykelleden Hettan",
                "sourcetext": "Sundsvalls kommun ",
                "validForWinter": false,
                "validForSummer": true,
                "sortIndex": 1,
                "type": "image/jpeg",
                "size": 3812883,
                "url": "https://api.sundsvall.se/facilities/2.2/field/filesfield/2839",
                "license": "CC0",
                "licenseDescription": "Creative commons. \"No rights reserved\" https://creativecommons.org/share-your-work/public-domain/cc0/"
              }
            ]
          },
          {
            "id": 72,
            "name": "Handikappanpassad",
            "type": "TOGGLE",
            "value": "Nej"
          },
          {
            "id": 288,
            "name": "Felanmälan",
            "type": "Felanmälningstjänst",
            "reportName": "Kontakt Sundsvall",
            "reportDescription": "Felanmälan av motionsspår, elljusspår, leder och andra friluftsanläggningar",
            "reportLink": "https://sundsvall.se/kommun-och-politik/politik-och-demokrati/dialog-och-synpunkter/felanmalan",
            "reportPhone": "060-19 10 00",
            "reportEmail": "kontakt@sundsvall.se"
          },
          {
            "id": 77,
            "name": "Beskrivning",
            "type": "FREETEXT",
            "value": "Informationstavla vid spårstart för cykelleden Hettan"
          }
        ],
        "centerPoint": [
          17.32183519640672,
          62.36106336919565
        ]
      },
      "geometry": {
        "type": "Point",
        "coordinates": [
          17.32183519640672,
          62.36106336919565
        ]
      }
    },
    {
      "id": 4325,
      "type": "Feature",
      "properties": {
        "name": "Informationstavla Cykel start Flowhill",
        "type": "Informationstavla",
        "created": "2026-03-06 16:18:22",
        "published": true,
        "owner": {
          "organizationID": 36,
          "name": "Sundsvalls kommun Friluftsenheten"
        },
        "manager": {
          "organizationID": 36,
          "name": "Sundsvalls kommun Friluftsenheten"
        },
        "fields": [
          {
            "id": 89,
            "name": "Fundament",
            "type": "DROPDOWN",
            "value": "Betongplintar"
          },
          {
            "id": 88,
            "name": "Typ av infotavla",
            "type": "DROPDOWN",
            "value": "Ribba 420 bred A2 stående"
          },
          {
            "id": 70,
            "name": "Byggnadsår",
            "type": "INTEGER",
            "value": 2022
          },
          {
            "id": 72,
            "name": "Handikappanpassad",
            "type": "TOGGLE",
            "value": "Nej"
          },
          {
            "id": 288,
            "name": "Felanmälan",
            "type": "Felanmälningstjänst",
            "reportName": "Kontakt Sundsvall",
            "reportDescription": "Felanmälan av motionsspår, elljusspår, leder och andra friluftsanläggningar",
            "reportLink": "https://sundsvall.se/kommun-och-politik/politik-och-demokrati/dialog-och-synpunkter/felanmalan",
            "reportPhone": "060-19 10 00",
            "reportEmail": "kontakt@sundsvall.se"
          },
          {
            "id": 77,
            "name": "Beskrivning",
            "type": "FREETEXT",
            "value": "Informationstavla vid spårstart för cykelleden Flowhill"
          }
        ],
        "centerPoint": [
          17.29068057125088,
          62.36745534444261
        ]
      },
      "geometry": {
        "type": "Point",
        "coordinates": [
          17.29068057125088,
          62.36745534444261
        ]
      }
    },
    {
      "id": 4326,
      "type": "Feature",
      "properties": {
        "name": "Informationstavla Cykel start Sidsjölänken",
        "type": "Informationstavla",
        "created": "2026-03-06 16:18:49",
        "published": true,
        "owner": {
          "organizationID": 36,
          "name": "Sundsvalls kommun Friluftsenheten"
        },
        "manager": {
          "organizationID": 36,
          "name": "Sundsvalls kommun Friluftsenheten"
        },
        "fields": [
          {
            "id": 89,
            "name": "Fundament",
            "type": "DROPDOWN",
            "value": "Betongplintar"
          },
          {
            "id": 88,
            "name": "Typ av infotavla",
            "type": "DROPDOWN",
            "value": "Ribba 420 bred A2 stående"
          },
          {
            "id": 70,
            "name": "Byggnadsår",
            "type": "INTEGER",
            "value": 2022
          },
          {
            "id": 72,
            "name": "Handikappanpassad",
            "type": "TOGGLE",
            "value": "Nej"
          },
          {
            "id": 288,
            "name": "Felanmälan",
            "type": "Felanmälningstjänst",
            "reportName": "Kontakt Sundsvall",
            "reportDescription": "Felanmälan av motionsspår, elljusspår, leder och andra friluftsanläggningar",
            "reportLink": "https://sundsvall.se/kommun-och-politik/politik-och-demokrati/dialog-och-synpunkter/felanmalan",
            "reportPhone": "060-19 10 00",
            "reportEmail": "kontakt@sundsvall.se"
          },
          {
            "id": 77,
            "name": "Beskrivning",
            "type": "FREETEXT",
            "value": "Informationstavla vid spårstart för cykelleden Sidsjölänken"
          }
        ],
        "centerPoint": [
          17.293297864846977,
          62.36728880148095
        ]
      },
      "geometry": {
        "type": "Point",
        "coordinates": [
          17.293297864846977,
          62.36728880148095
        ]
      }
    },
    {
      "id": 4327,
      "type": "Feature",
      "properties": {
        "name": "Informationstavla Cykel start Draksvansen",
        "type": "Informationstavla",
        "created": "2026-03-06 16:19:42",
        "published": true,
        "owner": {
          "organizationID": 36,
          "name": "Sundsvalls kommun Friluftsenheten"
        },
        "manager": {
          "organizationID": 36,
          "name": "Sundsvalls kommun Friluftsenheten"
        },
        "fields": [
          {
            "id": 89,
            "name": "Fundament",
            "type": "DROPDOWN",
            "value": "Betongplintar"
          },
          {
            "id": 88,
            "name": "Typ av infotavla",
            "type": "DROPDOWN",
            "value": "Ribba 420 bred A2 stående"
          },
          {
            "id": 70,
            "name": "Byggnadsår",
            "type": "INTEGER",
            "value": 2022
          },
          {
            "id": 72,
            "name": "Handikappanpassad",
            "type": "TOGGLE",
            "value": "Nej"
          },
          {
            "id": 288,
            "name": "Felanmälan",
            "type": "Felanmälningstjänst",
            "reportName": "Kontakt Sundsvall",
            "reportDescription": "Felanmälan av motionsspår, elljusspår, leder och andra friluftsanläggningar",
            "reportLink": "https://sundsvall.se/kommun-och-politik/politik-och-demokrati/dialog-och-synpunkter/felanmalan",
            "reportPhone": "060-19 10 00",
            "reportEmail": "kontakt@sundsvall.se"
          },
          {
            "id": 77,
            "name": "Beskrivning",
            "type": "FREETEXT",
            "value": "Informationstavla vid spårstart för cykelleden Draksvansen"
          }
        ],
        "centerPoint": [
          17.307018249651428,
          62.36850750727987
        ]
      },
      "geometry": {
        "type": "Point",
        "coordinates": [
          17.307018249651428,
          62.36850750727987
        ]
      }
    },
    {
      "id": 4328,
      "type": "Feature",
      "properties": {
        "name": "Informationstavla Cykel start Drakhuvudet",
        "type": "Informationstavla",
        "created": "2026-03-06 16:20:27",
        "published": true,
        "owner": {
          "organizationID": 36,
          "name": "Sundsvalls kommun Friluftsenheten"
        },
        "manager": {
          "organizationID": 36,
          "name": "Sundsvalls kommun Friluftsenheten"
        },
        "fields": [
          {
            "id": 89,
            "name": "Fundament",
            "type": "DROPDOWN",
            "value": "Betongplintar"
          },
          {
            "id": 88,
            "name": "Typ av infotavla",
            "type": "DROPDOWN",
            "value": "Ribba 420 bred A2 stående"
          },
          {
            "id": 70,
            "name": "Byggnadsår",
            "type": "INTEGER",
            "value": 2022
          },
          {
            "id": 72,
            "name": "Handikappanpassad",
            "type": "TOGGLE",
            "value": "Nej"
          },
          {
            "id": 288,
            "name": "Felanmälan",
            "type": "Felanmälningstjänst",
            "reportName": "Kontakt Sundsvall",
            "reportDescription": "Felanmälan av motionsspår, elljusspår, leder och andra friluftsanläggningar",
            "reportLink": "https://sundsvall.se/kommun-och-politik/politik-och-demokrati/dialog-och-synpunkter/felanmalan",
            "reportPhone": "060-19 10 00",
            "reportEmail": "kontakt@sundsvall.se"
          },
          {
            "id": 77,
            "name": "Beskrivning",
            "type": "FREETEXT",
            "value": "Informationstavla vid spårstart för cykelleden Drakhuvudet"
          }
        ],
        "centerPoint": [
          17.299743558208885,
          62.36798672433825
        ]
      },
      "geometry": {
        "type": "Point",
        "coordinates": [
          17.299743558208885,
          62.36798672433825
        ]
      }
    },
    {
      "id": 4329,
      "type": "Feature",
      "properties": {
        "name": "Informationstavla Cykel start Gnistan",
        "type": "Informationstavla",
        "created": "2026-03-06 16:21:23",
        "updated": "2026-03-10 12:32:05",
        "published": true,
        "owner": {
          "organizationID": 36,
          "name": "Sundsvalls kommun Friluftsenheten"
        },
        "manager": {
          "organizationID": 36,
          "name": "Sundsvalls kommun Friluftsenheten"
        },
        "fields": [
          {
            "id": 73,
            "name": "Status",
            "type": "DROPDOWN",
            "value": "Fin"
          },
          {
            "id": 89,
            "name": "Fundament",
            "type": "DROPDOWN",
            "value": "Betongplintar"
          },
          {
            "id": 88,
            "name": "Typ av infotavla",
            "type": "DROPDOWN",
            "value": "Ribba 420 bred A2 stående"
          },
          {
            "id": 70,
            "name": "Byggnadsår",
            "type": "INTEGER",
            "value": 2022
          },
          {
            "id": 74,
            "name": "Statusdatum",
            "type": "DATE",
            "value": "2026-03-09"
          },
          {
            "id": 79,
            "name": "Tillhörande filer",
            "type": "FILES",
            "value": [
              {
                "id": 2832,
                "filename": "image.jpg",
                "description": "Informationstavla Cykel start Gnistan",
                "alttext": "Informationstavla för cykelled Gnistan på skyltbärare av trä",
                "sourcetext": "Sundsvalls kommun ",
                "validForWinter": false,
                "validForSummer": true,
                "sortIndex": 1,
                "type": "image/jpeg",
                "size": 4231307,
                "url": "https://api.sundsvall.se/facilities/2.2/field/filesfield/2832",
                "license": "CC0",
                "licenseDescription": "Creative commons. \"No rights reserved\" https://creativecommons.org/share-your-work/public-domain/cc0/"
              }
            ]
          },
          {
            "id": 72,
            "name": "Handikappanpassad",
            "type": "TOGGLE",
            "value": "Nej"
          },
          {
            "id": 288,
            "name": "Felanmälan",
            "type": "Felanmälningstjänst",
            "reportName": "Kontakt Sundsvall",
            "reportDescription": "Felanmälan av motionsspår, elljusspår, leder och andra friluftsanläggningar",
            "reportLink": "https://sundsvall.se/kommun-och-politik/politik-och-demokrati/dialog-och-synpunkter/felanmalan",
            "reportPhone": "060-19 10 00",
            "reportEmail": "kontakt@sundsvall.se"
          },
          {
            "id": 77,
            "name": "Beskrivning",
            "type": "FREETEXT",
            "value": "Informationstavla vid spårstart för cykelleden Gnistan"
          }
        ],
        "centerPoint": [
          17.311359123718493,
          62.36470377082512
        ]
      },
      "geometry": {
        "type": "Point",
        "coordinates": [
          17.311359123718493,
          62.36470377082512
        ]
      }
    },
    {
      "id": 4330,
      "type": "Feature",
      "properties": {
        "name": "Informationstavla Cykel start Svettigt",
        "type": "Informationstavla",
        "created": "2026-03-06 16:22:20",
        "published": true,
        "owner": {
          "organizationID": 36,
          "name": "Sundsvalls kommun Friluftsenheten"
        },
        "manager": {
          "organizationID": 36,
          "name": "Sundsvalls kommun Friluftsenheten"
        },
        "fields": [
          {
            "id": 89,
            "name": "Fundament",
            "type": "DROPDOWN",
            "value": "Betongplintar"
          },
          {
            "id": 88,
            "name": "Typ av infotavla",
            "type": "DROPDOWN",
            "value": "Ribba 420 bred A2 stående"
          },
          {
            "id": 70,
            "name": "Byggnadsår",
            "type": "INTEGER",
            "value": 2022
          },
          {
            "id": 72,
            "name": "Handikappanpassad",
            "type": "TOGGLE",
            "value": "Nej"
          },
          {
            "id": 288,
            "name": "Felanmälan",
            "type": "Felanmälningstjänst",
            "reportName": "Kontakt Sundsvall",
            "reportDescription": "Felanmälan av motionsspår, elljusspår, leder och andra friluftsanläggningar",
            "reportLink": "https://sundsvall.se/kommun-och-politik/politik-och-demokrati/dialog-och-synpunkter/felanmalan",
            "reportPhone": "060-19 10 00",
            "reportEmail": "kontakt@sundsvall.se"
          },
          {
            "id": 77,
            "name": "Beskrivning",
            "type": "FREETEXT",
            "value": "Informationstavla vid spårstart för cykelleden Svettigt"
          }
        ],
        "centerPoint": [
          17.300879045288884,
          62.37186482248741
        ]
      },
      "geometry": {
        "type": "Point",
        "coordinates": [
          17.300879045288884,
          62.37186482248741
        ]
      }
    },
    {
      "id": 4331,
      "type": "Feature",
      "properties": {
        "name": "Informationstavla Cykel start Flagglänken",
        "type": "Informationstavla",
        "created": "2026-03-06 16:23:02",
        "published": true,
        "owner": {
          "organizationID": 36,
          "name": "Sundsvalls kommun Friluftsenheten"
        },
        "manager": {
          "organizationID": 36,
          "name": "Sundsvalls kommun Friluftsenheten"
        },
        "fields": [
          {
            "id": 89,
            "name": "Fundament",
            "type": "DROPDOWN",
            "value": "Betongplintar"
          },
          {
            "id": 88,
            "name": "Typ av infotavla",
            "type": "DROPDOWN",
            "value": "Ribba 420 bred A2 stående"
          },
          {
            "id": 70,
            "name": "Byggnadsår",
            "type": "INTEGER",
            "value": 2022
          },
          {
            "id": 72,
            "name": "Handikappanpassad",
            "type": "TOGGLE",
            "value": "Nej"
          },
          {
            "id": 288,
            "name": "Felanmälan",
            "type": "Felanmälningstjänst",
            "reportName": "Kontakt Sundsvall",
            "reportDescription": "Felanmälan av motionsspår, elljusspår, leder och andra friluftsanläggningar",
            "reportLink": "https://sundsvall.se/kommun-och-politik/politik-och-demokrati/dialog-och-synpunkter/felanmalan",
            "reportPhone": "060-19 10 00",
            "reportEmail": "kontakt@sundsvall.se"
          },
          {
            "id": 77,
            "name": "Beskrivning",
            "type": "FREETEXT",
            "value": "Informationstavla vid spårstart för cykelleden Flagglänken"
          }
        ],
        "centerPoint": [
          17.311740498956567,
          62.367762687392016
        ]
      },
      "geometry": {
        "type": "Point",
        "coordinates": [
          17.311740498956567,
          62.367762687392016
        ]
      }
    },
    {
      "id": 4332,
      "type": "Feature",
      "properties": {
        "name": "Informationstavla Cykel start Draktungan",
        "type": "Informationstavla",
        "created": "2026-03-06 16:23:48",
        "published": true,
        "owner": {
          "organizationID": 36,
          "name": "Sundsvalls kommun Friluftsenheten"
        },
        "manager": {
          "organizationID": 36,
          "name": "Sundsvalls kommun Friluftsenheten"
        },
        "fields": [
          {
            "id": 89,
            "name": "Fundament",
            "type": "DROPDOWN",
            "value": "Betongplintar"
          },
          {
            "id": 88,
            "name": "Typ av infotavla",
            "type": "DROPDOWN",
            "value": "Ribba 420 bred A2 stående"
          },
          {
            "id": 70,
            "name": "Byggnadsår",
            "type": "INTEGER",
            "value": 2022
          },
          {
            "id": 72,
            "name": "Handikappanpassad",
            "type": "TOGGLE",
            "value": "Nej"
          },
          {
            "id": 288,
            "name": "Felanmälan",
            "type": "Felanmälningstjänst",
            "reportName": "Kontakt Sundsvall",
            "reportDescription": "Felanmälan av motionsspår, elljusspår, leder och andra friluftsanläggningar",
            "reportLink": "https://sundsvall.se/kommun-och-politik/politik-och-demokrati/dialog-och-synpunkter/felanmalan",
            "reportPhone": "060-19 10 00",
            "reportEmail": "kontakt@sundsvall.se"
          },
          {
            "id": 77,
            "name": "Beskrivning",
            "type": "FREETEXT",
            "value": "Informationstavla vid spårstart för cykelleden Draktungan"
          }
        ],
        "centerPoint": [
          17.31150985523223,
          62.36774835291178
        ]
      },
      "geometry": {
        "type": "Point",
        "coordinates": [
          17.31150985523223,
          62.36774835291178
        ]
      }
    },
    {
      "id": 4333,
      "type": "Feature",
      "properties": {
        "name": "Informationstavla Cykel start Flaggstigen",
        "type": "Informationstavla",
        "created": "2026-03-06 16:24:24",
        "published": true,
        "owner": {
          "organizationID": 36,
          "name": "Sundsvalls kommun Friluftsenheten"
        },
        "manager": {
          "organizationID": 36,
          "name": "Sundsvalls kommun Friluftsenheten"
        },
        "fields": [
          {
            "id": 89,
            "name": "Fundament",
            "type": "DROPDOWN",
            "value": "Betongplintar"
          },
          {
            "id": 88,
            "name": "Typ av infotavla",
            "type": "DROPDOWN",
            "value": "Ribba 420 bred A2 stående"
          },
          {
            "id": 70,
            "name": "Byggnadsår",
            "type": "INTEGER",
            "value": 2022
          },
          {
            "id": 72,
            "name": "Handikappanpassad",
            "type": "TOGGLE",
            "value": "Nej"
          },
          {
            "id": 288,
            "name": "Felanmälan",
            "type": "Felanmälningstjänst",
            "reportName": "Kontakt Sundsvall",
            "reportDescription": "Felanmälan av motionsspår, elljusspår, leder och andra friluftsanläggningar",
            "reportLink": "https://sundsvall.se/kommun-och-politik/politik-och-demokrati/dialog-och-synpunkter/felanmalan",
            "reportPhone": "060-19 10 00",
            "reportEmail": "kontakt@sundsvall.se"
          },
          {
            "id": 77,
            "name": "Beskrivning",
            "type": "FREETEXT",
            "value": "Informationstavla vid spårstart för cykelleden Flaggstigen"
          }
        ],
        "centerPoint": [
          17.312993697930327,
          62.3684497888393
        ]
      },
      "geometry": {
        "type": "Point",
        "coordinates": [
          17.312993697930327,
          62.3684497888393
        ]
      }
    },
    {
      "id": 4334,
      "type": "Feature",
      "properties": {
        "name": "Informationstavla Cykel start Inferno",
        "type": "Informationstavla",
        "created": "2026-03-06 16:24:44",
        "published": true,
        "owner": {
          "organizationID": 36,
          "name": "Sundsvalls kommun Friluftsenheten"
        },
        "manager": {
          "organizationID": 36,
          "name": "Sundsvalls kommun Friluftsenheten"
        },
        "fields": [
          {
            "id": 89,
            "name": "Fundament",
            "type": "DROPDOWN",
            "value": "Betongplintar"
          },
          {
            "id": 88,
            "name": "Typ av infotavla",
            "type": "DROPDOWN",
            "value": "Ribba 420 bred A2 stående"
          },
          {
            "id": 70,
            "name": "Byggnadsår",
            "type": "INTEGER",
            "value": 2022
          },
          {
            "id": 72,
            "name": "Handikappanpassad",
            "type": "TOGGLE",
            "value": "Nej"
          },
          {
            "id": 288,
            "name": "Felanmälan",
            "type": "Felanmälningstjänst",
            "reportName": "Kontakt Sundsvall",
            "reportDescription": "Felanmälan av motionsspår, elljusspår, leder och andra friluftsanläggningar",
            "reportLink": "https://sundsvall.se/kommun-och-politik/politik-och-demokrati/dialog-och-synpunkter/felanmalan",
            "reportPhone": "060-19 10 00",
            "reportEmail": "kontakt@sundsvall.se"
          },
          {
            "id": 77,
            "name": "Beskrivning",
            "type": "FREETEXT",
            "value": "Informationstavla vid spårstart för cykelleden Inferno"
          }
        ],
        "centerPoint": [
          17.313538179077018,
          62.368380176571186
        ]
      },
      "geometry": {
        "type": "Point",
        "coordinates": [
          17.313538179077018,
          62.368380176571186
        ]
      }
    },
    {
      "id": 4335,
      "type": "Feature",
      "properties": {
        "name": "Informationstavla återvätning Torvströmyran",
        "type": "Informationstavla",
        "created": "2026-03-06 16:44:10",
        "updated": "2026-06-22 09:42:43",
        "published": true,
        "parentObjects": [
          778
        ],
        "owner": {
          "organizationID": 36,
          "name": "Sundsvalls kommun Friluftsenheten"
        },
        "manager": {
          "organizationID": 36,
          "name": "Sundsvalls kommun Friluftsenheten"
        },
        "fields": [
          {
            "id": 89,
            "name": "Fundament",
            "type": "DROPDOWN",
            "value": "Betongplintar"
          },
          {
            "id": 88,
            "name": "Typ av infotavla",
            "type": "DROPDOWN",
            "value": "Ribba 420 bred A2 stående"
          },
          {
            "id": 70,
            "name": "Byggnadsår",
            "type": "INTEGER",
            "value": 2025
          },
          {
            "id": 72,
            "name": "Handikappanpassad",
            "type": "TOGGLE",
            "value": "Nej"
          },
          {
            "id": 288,
            "name": "Felanmälan",
            "type": "Felanmälningstjänst",
            "reportName": "Kontakt Sundsvall",
            "reportDescription": "Felanmälan av motionsspår, elljusspår, leder och andra friluftsanläggningar",
            "reportLink": "https://sundsvall.se/kommun-och-politik/politik-och-demokrati/dialog-och-synpunkter/felanmalan",
            "reportPhone": "060-19 10 00",
            "reportEmail": "kontakt@sundsvall.se"
          },
          {
            "id": 77,
            "name": "Beskrivning",
            "type": "FREETEXT",
            "value": "Informationstavla som beskriver åtgärderna som genomförts för att återväta Torvströmyran."
          }
        ],
        "centerPoint": [
          17.29816681380203,
          62.354955567991674
        ]
      },
      "geometry": {
        "type": "Point",
        "coordinates": [
          17.29816681380203,
          62.354955567991674
        ]
      }
    },
    {
      "id": 4338,
      "type": "Feature",
      "properties": {
        "name": "Informationstavla discgolf",
        "type": "Informationstavla",
        "created": "2026-03-09 09:34:15",
        "updated": "2026-03-10 12:50:33",
        "published": true,
        "owner": {
          "organizationID": 36,
          "name": "Sundsvalls kommun Friluftsenheten"
        },
        "manager": {
          "organizationID": 36,
          "name": "Sundsvalls kommun Friluftsenheten"
        },
        "fields": [
          {
            "id": 73,
            "name": "Status",
            "type": "DROPDOWN",
            "value": "Fin"
          },
          {
            "id": 89,
            "name": "Fundament",
            "type": "DROPDOWN",
            "value": "Betongplintar"
          },
          {
            "id": 88,
            "name": "Typ av infotavla",
            "type": "DROPDOWN",
            "value": "Ribba 1320 bred A0 liggande"
          },
          {
            "id": 74,
            "name": "Statusdatum",
            "type": "DATE",
            "value": "2026-03-09"
          },
          {
            "id": 72,
            "name": "Handikappanpassad",
            "type": "TOGGLE",
            "value": "Nej"
          },
          {
            "id": 288,
            "name": "Felanmälan",
            "type": "Felanmälningstjänst",
            "reportName": "Kontakt Sundsvall",
            "reportDescription": "Felanmälan av motionsspår, elljusspår, leder och andra friluftsanläggningar",
            "reportLink": "https://sundsvall.se/kommun-och-politik/politik-och-demokrati/dialog-och-synpunkter/felanmalan",
            "reportPhone": "060-19 10 00",
            "reportEmail": "kontakt@sundsvall.se"
          },
          {
            "id": 77,
            "name": "Beskrivning",
            "type": "FREETEXT",
            "value": "Informationstavla med karta över discgolfbana"
          }
        ],
        "centerPoint": [
          17.31148358791933,
          62.366503305354776
        ]
      },
      "geometry": {
        "type": "Point",
        "coordinates": [
          17.31148358791933,
          62.366503305354776
        ]
      }
    },
    {
      "id": 4339,
      "type": "Feature",
      "properties": {
        "name": "Informationstavla Tillgänglighetsslingan 2",
        "type": "Informationstavla",
        "created": "2026-03-09 10:38:08",
        "updated": "2026-03-10 13:07:44",
        "published": true,
        "owner": {
          "organizationID": 36,
          "name": "Sundsvalls kommun Friluftsenheten"
        },
        "manager": {
          "organizationID": 36,
          "name": "Sundsvalls kommun Friluftsenheten"
        },
        "fields": [
          {
            "id": 73,
            "name": "Status",
            "type": "DROPDOWN",
            "value": "Fin"
          },
          {
            "id": 89,
            "name": "Fundament",
            "type": "DROPDOWN",
            "value": "Betongplintar"
          },
          {
            "id": 88,
            "name": "Typ av infotavla",
            "type": "DROPDOWN",
            "value": "Ribba 420 bred A2 stående"
          },
          {
            "id": 74,
            "name": "Statusdatum",
            "type": "DATE",
            "value": "2026-03-09"
          },
          {
            "id": 79,
            "name": "Tillhörande filer",
            "type": "FILES",
            "value": [
              {
                "id": 2820,
                "filename": "image.jpg",
                "description": "Informationstavla med information om allemansrätten och blommor, svamp och bär",
                "alttext": "Informationstavla med information om allemansrätten och blommor, svamp och bär, inklusive vevbar högtalare med information på 8 olikas språk",
                "sourcetext": "Sundsvalls kommun",
                "validForWinter": true,
                "validForSummer": true,
                "sortIndex": null,
                "type": "image/jpeg",
                "size": 4123743,
                "url": "https://api.sundsvall.se/facilities/2.2/field/filesfield/2820",
                "license": "CC0",
                "licenseDescription": "Creative commons. \"No rights reserved\" https://creativecommons.org/share-your-work/public-domain/cc0/"
              }
            ]
          },
          {
            "id": 72,
            "name": "Handikappanpassad",
            "type": "TOGGLE",
            "value": "Nej"
          },
          {
            "id": 288,
            "name": "Felanmälan",
            "type": "Felanmälningstjänst",
            "reportName": "Kontakt Sundsvall",
            "reportDescription": "Felanmälan av motionsspår, elljusspår, leder och andra friluftsanläggningar",
            "reportLink": "https://sundsvall.se/kommun-och-politik/politik-och-demokrati/dialog-och-synpunkter/felanmalan",
            "reportPhone": "060-19 10 00",
            "reportEmail": "kontakt@sundsvall.se"
          },
          {
            "id": 77,
            "name": "Beskrivning",
            "type": "FREETEXT",
            "value": "Informationstavla med information om allemansrätten och blommor, svamp och bär, inklusive vevbar högtalare med information på 8 olikas språk"
          }
        ],
        "centerPoint": [
          17.30883360817852,
          62.36587420185319
        ]
      },
      "geometry": {
        "type": "Point",
        "coordinates": [
          17.30883360817852,
          62.36587420185319
        ]
      }
    },
    {
      "id": 4343,
      "type": "Feature",
      "properties": {
        "name": "Informationstavla Tillgänglighetsslingan 1",
        "type": "Informationstavla",
        "created": "2026-03-10 13:04:09",
        "updated": "2026-03-10 14:11:39",
        "published": true,
        "owner": {
          "organizationID": 36,
          "name": "Sundsvalls kommun Friluftsenheten"
        },
        "manager": {
          "organizationID": 36,
          "name": "Sundsvalls kommun Friluftsenheten"
        },
        "fields": [
          {
            "id": 73,
            "name": "Status",
            "type": "DROPDOWN",
            "value": "Fin"
          },
          {
            "id": 89,
            "name": "Fundament",
            "type": "DROPDOWN",
            "value": "Dubb i berg"
          },
          {
            "id": 74,
            "name": "Statusdatum",
            "type": "DATE",
            "value": "2026-03-10"
          },
          {
            "id": 79,
            "name": "Tillhörande filer",
            "type": "FILES",
            "value": [
              {
                "id": 2846,
                "filename": "image.jpg",
                "description": "Informationstavla allemansrätten ",
                "alttext": "Informationstavla om allemansrätten, Hund i naturen och vevmaskin på 8 olika språk.",
                "sourcetext": "Sundsvalls kommun",
                "validForWinter": true,
                "validForSummer": true,
                "sortIndex": 1,
                "type": "image/jpeg",
                "size": 4989778,
                "url": "https://api.sundsvall.se/facilities/2.2/field/filesfield/2846",
                "license": "CC0",
                "licenseDescription": "Creative commons. \"No rights reserved\" https://creativecommons.org/share-your-work/public-domain/cc0/"
              }
            ]
          },
          {
            "id": 72,
            "name": "Handikappanpassad",
            "type": "TOGGLE",
            "value": "Nej"
          },
          {
            "id": 288,
            "name": "Felanmälan",
            "type": "Felanmälningstjänst",
            "reportName": "Kontakt Sundsvall",
            "reportDescription": "Felanmälan av motionsspår, elljusspår, leder och andra friluftsanläggningar",
            "reportLink": "https://sundsvall.se/kommun-och-politik/politik-och-demokrati/dialog-och-synpunkter/felanmalan",
            "reportPhone": "060-19 10 00",
            "reportEmail": "kontakt@sundsvall.se"
          },
          {
            "id": 77,
            "name": "Beskrivning",
            "type": "FREETEXT",
            "value": "Informationstavla om allemansrätten, Hund i naturen och vevmaskin på 8 olika språk."
          }
        ],
        "centerPoint": [
          17.31107524153318,
          62.366095307113554
        ]
      },
      "geometry": {
        "type": "Point",
        "coordinates": [
          17.31107524153318,
          62.366095307113554
        ]
      }
    },
    {
      "id": 4344,
      "type": "Feature",
      "properties": {
        "name": "Informationstavla Tillgänglighetsslingan 3",
        "type": "Informationstavla",
        "created": "2026-03-10 13:15:20",
        "updated": "2026-03-10 14:13:06",
        "published": true,
        "owner": {
          "organizationID": 36,
          "name": "Sundsvalls kommun Friluftsenheten"
        },
        "manager": {
          "organizationID": 36,
          "name": "Sundsvalls kommun Friluftsenheten"
        },
        "fields": [
          {
            "id": 73,
            "name": "Status",
            "type": "DROPDOWN",
            "value": "Trasig"
          },
          {
            "id": 89,
            "name": "Fundament",
            "type": "DROPDOWN",
            "value": "Betongplintar"
          },
          {
            "id": 88,
            "name": "Typ av infotavla",
            "type": "DROPDOWN",
            "value": "Ribba 420 bred A2 stående"
          },
          {
            "id": 74,
            "name": "Statusdatum",
            "type": "DATE",
            "value": "2026-03-10"
          },
          {
            "id": 79,
            "name": "Tillhörande filer",
            "type": "FILES",
            "value": [
              {
                "id": 2847,
                "filename": "image.jpg",
                "description": "Informationstavla allemansrätten ",
                "alttext": "Informationstavla i trämed text om allemansrätten, jakt och fiske.",
                "sourcetext": "Sundsvalls kommun",
                "validForWinter": true,
                "validForSummer": true,
                "sortIndex": 1,
                "type": "image/jpeg",
                "size": 3578418,
                "url": "https://api.sundsvall.se/facilities/2.2/field/filesfield/2847",
                "license": "CC0",
                "licenseDescription": "Creative commons. \"No rights reserved\" https://creativecommons.org/share-your-work/public-domain/cc0/"
              }
            ]
          },
          {
            "id": 72,
            "name": "Handikappanpassad",
            "type": "TOGGLE",
            "value": "Nej"
          },
          {
            "id": 288,
            "name": "Felanmälan",
            "type": "Felanmälningstjänst",
            "reportName": "Kontakt Sundsvall",
            "reportDescription": "Felanmälan av motionsspår, elljusspår, leder och andra friluftsanläggningar",
            "reportLink": "https://sundsvall.se/kommun-och-politik/politik-och-demokrati/dialog-och-synpunkter/felanmalan",
            "reportPhone": "060-19 10 00",
            "reportEmail": "kontakt@sundsvall.se"
          },
          {
            "id": 77,
            "name": "Beskrivning",
            "type": "FREETEXT",
            "value": "Informationstavla på Tillgänglighetsslingan om allemansrätten, jakt och fiske och vevmaskin."
          }
        ],
        "centerPoint": [
          17.30656957526817,
          62.365762860273385
        ]
      },
      "geometry": {
        "type": "Point",
        "coordinates": [
          17.30656957526817,
          62.365762860273385
        ]
      }
    },
    {
      "id": 4345,
      "type": "Feature",
      "properties": {
        "name": "Informationstavla Tillgänglighetsslingan 4",
        "type": "Informationstavla",
        "created": "2026-03-10 13:23:04",
        "updated": "2026-03-10 14:13:52",
        "published": true,
        "owner": {
          "organizationID": 36,
          "name": "Sundsvalls kommun Friluftsenheten"
        },
        "manager": {
          "organizationID": 36,
          "name": "Sundsvalls kommun Friluftsenheten"
        },
        "fields": [
          {
            "id": 73,
            "name": "Status",
            "type": "DROPDOWN",
            "value": "Fin"
          },
          {
            "id": 89,
            "name": "Fundament",
            "type": "DROPDOWN",
            "value": "Betongplintar"
          },
          {
            "id": 88,
            "name": "Typ av infotavla",
            "type": "DROPDOWN",
            "value": "Ribba 420 bred A2 stående"
          },
          {
            "id": 74,
            "name": "Statusdatum",
            "type": "DATE",
            "value": "2026-03-10"
          },
          {
            "id": 79,
            "name": "Tillhörande filer",
            "type": "FILES",
            "value": [
              {
                "id": 2848,
                "filename": "image.jpg",
                "description": "Informationstavla om allemansrätten",
                "alttext": "Informationstavla av trä med grön skylt om allemansrätten",
                "sourcetext": "Sundsvalls kommun ",
                "validForWinter": true,
                "validForSummer": true,
                "sortIndex": 1,
                "type": "image/jpeg",
                "size": 3820007,
                "url": "https://api.sundsvall.se/facilities/2.2/field/filesfield/2848",
                "license": "CC0",
                "licenseDescription": "Creative commons. \"No rights reserved\" https://creativecommons.org/share-your-work/public-domain/cc0/"
              }
            ]
          },
          {
            "id": 72,
            "name": "Handikappanpassad",
            "type": "TOGGLE",
            "value": "Nej"
          },
          {
            "id": 288,
            "name": "Felanmälan",
            "type": "Felanmälningstjänst",
            "reportName": "Kontakt Sundsvall",
            "reportDescription": "Felanmälan av motionsspår, elljusspår, leder och andra friluftsanläggningar",
            "reportLink": "https://sundsvall.se/kommun-och-politik/politik-och-demokrati/dialog-och-synpunkter/felanmalan",
            "reportPhone": "060-19 10 00",
            "reportEmail": "kontakt@sundsvall.se"
          },
          {
            "id": 77,
            "name": "Beskrivning",
            "type": "FREETEXT",
            "value": "Informationstavla på Tillgänglighetsslingan om allemansrätten, hemfridszon och vevmaskin med 8 olika språk."
          }
        ],
        "centerPoint": [
          17.305489467584994,
          62.36516554693917
        ]
      },
      "geometry": {
        "type": "Point",
        "coordinates": [
          17.305489467584994,
          62.36516554693917
        ]
      }
    },
    {
      "id": 4346,
      "type": "Feature",
      "properties": {
        "name": "Informationstavla Tillgänglighetsslingan 5",
        "type": "Informationstavla",
        "created": "2026-03-10 13:32:22",
        "updated": "2026-03-10 14:15:09",
        "published": true,
        "owner": {
          "organizationID": 36,
          "name": "Sundsvalls kommun Friluftsenheten"
        },
        "manager": {
          "organizationID": 36,
          "name": "Sundsvalls kommun Friluftsenheten"
        },
        "fields": [
          {
            "id": 73,
            "name": "Status",
            "type": "DROPDOWN",
            "value": "Fin"
          },
          {
            "id": 88,
            "name": "Typ av infotavla",
            "type": "DROPDOWN",
            "value": "Övrigt"
          },
          {
            "id": 89,
            "name": "Fundament",
            "type": "DROPDOWN",
            "value": "Monterat på byggnad"
          },
          {
            "id": 74,
            "name": "Statusdatum",
            "type": "DATE",
            "value": "2026-03-10"
          },
          {
            "id": 79,
            "name": "Tillhörande filer",
            "type": "FILES",
            "value": [
              {
                "id": 2849,
                "filename": "image.jpg",
                "description": "Informationstavla allemansrätten ",
                "alttext": "Skylt på trävägg till vindskydd om allemansrätten och till höger om skylten på väggen sitter en vevmaskin",
                "sourcetext": "Sundvalls kommun ",
                "validForWinter": true,
                "validForSummer": true,
                "sortIndex": 1,
                "type": "image/jpeg",
                "size": 4177561,
                "url": "https://api.sundsvall.se/facilities/2.2/field/filesfield/2849",
                "license": "CC0",
                "licenseDescription": "Creative commons. \"No rights reserved\" https://creativecommons.org/share-your-work/public-domain/cc0/"
              }
            ]
          },
          {
            "id": 72,
            "name": "Handikappanpassad",
            "type": "TOGGLE",
            "value": "Nej"
          },
          {
            "id": 288,
            "name": "Felanmälan",
            "type": "Felanmälningstjänst",
            "reportName": "Kontakt Sundsvall",
            "reportDescription": "Felanmälan av motionsspår, elljusspår, leder och andra friluftsanläggningar",
            "reportLink": "https://sundsvall.se/kommun-och-politik/politik-och-demokrati/dialog-och-synpunkter/felanmalan",
            "reportPhone": "060-19 10 00",
            "reportEmail": "kontakt@sundsvall.se"
          },
          {
            "id": 77,
            "name": "Beskrivning",
            "type": "FREETEXT",
            "value": "Informationsskylt allemansrätten, cykling, vandring och skidåkning och vevmaskin med 8 olika språk."
          }
        ],
        "centerPoint": [
          17.303940203374705,
          62.364996823389205
        ]
      },
      "geometry": {
        "type": "Point",
        "coordinates": [
          17.303940203374705,
          62.364996823389205
        ]
      }
    },
    {
      "id": 4347,
      "type": "Feature",
      "properties": {
        "name": "Informationstavla Tillgänglighetsslingan 6",
        "type": "Informationstavla",
        "created": "2026-03-10 13:42:04",
        "updated": "2026-03-10 14:16:01",
        "published": true,
        "owner": {
          "organizationID": 36,
          "name": "Sundsvalls kommun Friluftsenheten"
        },
        "manager": {
          "organizationID": 36,
          "name": "Sundsvalls kommun Friluftsenheten"
        },
        "fields": [
          {
            "id": 73,
            "name": "Status",
            "type": "DROPDOWN",
            "value": "Fin"
          },
          {
            "id": 89,
            "name": "Fundament",
            "type": "DROPDOWN",
            "value": "Betongplintar"
          },
          {
            "id": 88,
            "name": "Typ av infotavla",
            "type": "DROPDOWN",
            "value": "Ribba 420 bred A2 stående"
          },
          {
            "id": 74,
            "name": "Statusdatum",
            "type": "DATE",
            "value": "2026-03-10"
          },
          {
            "id": 79,
            "name": "Tillhörande filer",
            "type": "FILES",
            "value": [
              {
                "id": 2850,
                "filename": "image.jpg",
                "description": "Informationstavla allemansrätten",
                "alttext": "Informationstavla i trä om allemansrätten med vevmaskin.",
                "sourcetext": "Sundsvalls kommun",
                "validForWinter": true,
                "validForSummer": true,
                "sortIndex": 1,
                "type": "image/jpeg",
                "size": 3236876,
                "url": "https://api.sundsvall.se/facilities/2.2/field/filesfield/2850",
                "license": "CC0",
                "licenseDescription": "Creative commons. \"No rights reserved\" https://creativecommons.org/share-your-work/public-domain/cc0/"
              }
            ]
          },
          {
            "id": 72,
            "name": "Handikappanpassad",
            "type": "TOGGLE",
            "value": "Nej"
          },
          {
            "id": 288,
            "name": "Felanmälan",
            "type": "Felanmälningstjänst",
            "reportName": "Kontakt Sundsvall",
            "reportDescription": "Felanmälan av motionsspår, elljusspår, leder och andra friluftsanläggningar",
            "reportLink": "https://sundsvall.se/kommun-och-politik/politik-och-demokrati/dialog-och-synpunkter/felanmalan",
            "reportPhone": "060-19 10 00",
            "reportEmail": "kontakt@sundsvall.se"
          },
          {
            "id": 77,
            "name": "Beskrivning",
            "type": "FREETEXT",
            "value": "Informationstavla om allemansrätten, bad, båt och is och vevmaskin med 8 olika språk."
          }
        ],
        "centerPoint": [
          17.30546380991732,
          62.36580869627625
        ]
      },
      "geometry": {
        "type": "Point",
        "coordinates": [
          17.30546380991732,
          62.36580869627625
        ]
      }
    },
    {
      "id": 4407,
      "type": "Feature",
      "properties": {
        "name": "Informationstavla Dingersjö ledstart Flottarstigen",
        "type": "Informationstavla",
        "created": "2026-03-12 13:43:00",
        "published": true,
        "owner": {
          "organizationID": 36,
          "name": "Sundsvalls kommun Friluftsenheten"
        },
        "manager": {
          "organizationID": 36,
          "name": "Sundsvalls kommun Friluftsenheten"
        },
        "fields": [
          {
            "id": 89,
            "name": "Fundament",
            "type": "DROPDOWN",
            "value": "Betongplintar"
          },
          {
            "id": 88,
            "name": "Typ av infotavla",
            "type": "DROPDOWN",
            "value": "Ribba 1320 bred A0 liggande"
          },
          {
            "id": 73,
            "name": "Status",
            "type": "DROPDOWN",
            "value": "Planerad"
          },
          {
            "id": 72,
            "name": "Handikappanpassad",
            "type": "TOGGLE",
            "value": "Nej"
          },
          {
            "id": 288,
            "name": "Felanmälan",
            "type": "Felanmälningstjänst",
            "reportName": "Kontakt Sundsvall",
            "reportDescription": "Felanmälan av motionsspår, elljusspår, leder och andra friluftsanläggningar",
            "reportLink": "https://sundsvall.se/kommun-och-politik/politik-och-demokrati/dialog-och-synpunkter/felanmalan",
            "reportPhone": "060-19 10 00",
            "reportEmail": "kontakt@sundsvall.se"
          }
        ],
        "centerPoint": [
          17.37674150023137,
          62.27311465233896
        ]
      },
      "geometry": {
        "type": "Point",
        "coordinates": [
          17.37674150023137,
          62.27311465233896
        ]
      }
    },
    {
      "id": 4408,
      "type": "Feature",
      "properties": {
        "name": "Informationstavla Viforsen ledstart Flottarstigen",
        "type": "Informationstavla",
        "created": "2026-03-12 13:43:55",
        "published": true,
        "owner": {
          "organizationID": 36,
          "name": "Sundsvalls kommun Friluftsenheten"
        },
        "manager": {
          "organizationID": 36,
          "name": "Sundsvalls kommun Friluftsenheten"
        },
        "fields": [
          {
            "id": 89,
            "name": "Fundament",
            "type": "DROPDOWN",
            "value": "Betongplintar"
          },
          {
            "id": 88,
            "name": "Typ av infotavla",
            "type": "DROPDOWN",
            "value": "Ribba 1320 bred A0 liggande"
          },
          {
            "id": 73,
            "name": "Status",
            "type": "DROPDOWN",
            "value": "Planerad"
          },
          {
            "id": 72,
            "name": "Handikappanpassad",
            "type": "TOGGLE",
            "value": "Nej"
          },
          {
            "id": 288,
            "name": "Felanmälan",
            "type": "Felanmälningstjänst",
            "reportName": "Kontakt Sundsvall",
            "reportDescription": "Felanmälan av motionsspår, elljusspår, leder och andra friluftsanläggningar",
            "reportLink": "https://sundsvall.se/kommun-och-politik/politik-och-demokrati/dialog-och-synpunkter/felanmalan",
            "reportPhone": "060-19 10 00",
            "reportEmail": "kontakt@sundsvall.se"
          }
        ],
        "centerPoint": [
          17.178207945612954,
          62.30741344847809
        ]
      },
      "geometry": {
        "type": "Point",
        "coordinates": [
          17.178207945612954,
          62.30741344847809
        ]
      }
    },
    {
      "id": 4409,
      "type": "Feature",
      "properties": {
        "name": "Informationstavla Matfors ledstart MN-leden",
        "type": "Informationstavla",
        "created": "2026-03-12 13:44:27",
        "updated": "2026-03-12 13:45:15",
        "published": true,
        "owner": {
          "organizationID": 36,
          "name": "Sundsvalls kommun Friluftsenheten"
        },
        "manager": {
          "organizationID": 36,
          "name": "Sundsvalls kommun Friluftsenheten"
        },
        "fields": [
          {
            "id": 89,
            "name": "Fundament",
            "type": "DROPDOWN",
            "value": "Betongplintar"
          },
          {
            "id": 88,
            "name": "Typ av infotavla",
            "type": "DROPDOWN",
            "value": "Ribba 1320 bred A0 liggande"
          },
          {
            "id": 73,
            "name": "Status",
            "type": "DROPDOWN",
            "value": "Planerad"
          },
          {
            "id": 72,
            "name": "Handikappanpassad",
            "type": "TOGGLE",
            "value": "Nej"
          },
          {
            "id": 288,
            "name": "Felanmälan",
            "type": "Felanmälningstjänst",
            "reportName": "Kontakt Sundsvall",
            "reportDescription": "Felanmälan av motionsspår, elljusspår, leder och andra friluftsanläggningar",
            "reportLink": "https://sundsvall.se/kommun-och-politik/politik-och-demokrati/dialog-och-synpunkter/felanmalan",
            "reportPhone": "060-19 10 00",
            "reportEmail": "kontakt@sundsvall.se"
          }
        ],
        "centerPoint": [
          17.015692662302026,
          62.344524441861324
        ]
      },
      "geometry": {
        "type": "Point",
        "coordinates": [
          17.015692662302026,
          62.344524441861324
        ]
      }
    },
    {
      "id": 4410,
      "type": "Feature",
      "properties": {
        "name": "Informationstavla Stöde ledstart MN-leden",
        "type": "Informationstavla",
        "created": "2026-03-12 13:45:00",
        "published": true,
        "owner": {
          "organizationID": 36,
          "name": "Sundsvalls kommun Friluftsenheten"
        },
        "manager": {
          "organizationID": 36,
          "name": "Sundsvalls kommun Friluftsenheten"
        },
        "fields": [
          {
            "id": 89,
            "name": "Fundament",
            "type": "DROPDOWN",
            "value": "Betongplintar"
          },
          {
            "id": 88,
            "name": "Typ av infotavla",
            "type": "DROPDOWN",
            "value": "Ribba 1320 bred A0 liggande"
          },
          {
            "id": 73,
            "name": "Status",
            "type": "DROPDOWN",
            "value": "Planerad"
          },
          {
            "id": 72,
            "name": "Handikappanpassad",
            "type": "TOGGLE",
            "value": "Nej"
          },
          {
            "id": 288,
            "name": "Felanmälan",
            "type": "Felanmälningstjänst",
            "reportName": "Kontakt Sundsvall",
            "reportDescription": "Felanmälan av motionsspår, elljusspår, leder och andra friluftsanläggningar",
            "reportLink": "https://sundsvall.se/kommun-och-politik/politik-och-demokrati/dialog-och-synpunkter/felanmalan",
            "reportPhone": "060-19 10 00",
            "reportEmail": "kontakt@sundsvall.se"
          }
        ],
        "centerPoint": [
          16.577200113104418,
          62.41594243057297
        ]
      },
      "geometry": {
        "type": "Point",
        "coordinates": [
          16.577200113104418,
          62.41594243057297
        ]
      }
    },
    {
      "id": 584,
      "type": "Feature",
      "properties": {
        "name": "Hulistugan infotavla",
        "type": "Informationstavla",
        "created": "2018-08-07 14:12:07",
        "deleted": "2021-10-06 12:36:11"
      },
      "geometry": null
    },
    {
      "id": 588,
      "type": "Feature",
      "properties": {
        "name": "Infotavla klampenborg",
        "type": "Informationstavla",
        "created": "2018-08-08 10:33:33",
        "updated": "2020-04-06 20:30:22",
        "deleted": "2021-05-01 01:33:25"
      },
      "geometry": null
    },
    {
      "id": 4275,
      "type": "Feature",
      "properties": {
        "name": "Startplats vandring",
        "type": "Informationstavla",
        "created": "2026-01-19 10:09:10",
        "deleted": "2026-03-10 12:49:57"
      },
      "geometry": null
    },
    {
      "id": 231,
      "type": "Feature",
      "properties": {
        "name": "Bergsåker",
        "type": "Informationstavla",
        "created": "2018-06-20 10:39:02",
        "deleted": "2022-05-18 10:51:54"
      },
      "geometry": null
    },
    {
      "id": 255,
      "type": "Feature",
      "properties": {
        "name": "Informationstavla MTB-leder Lv5",
        "type": "Informationstavla",
        "created": "2018-06-20 15:58:47",
        "updated": "2021-12-17 16:18:22",
        "deleted": "2023-08-18 07:42:13"
      },
      "geometry": null
    },
    {
      "id": 390,
      "type": "Feature",
      "properties": {
        "name": "Norra Berget entré huvudparkering",
        "type": "Informationstavla",
        "created": "2018-06-27 11:46:03",
        "updated": "2020-03-25 10:35:40",
        "deleted": "2023-05-09 17:05:34"
      },
      "geometry": null
    },
    {
      "id": 411,
      "type": "Feature",
      "properties": {
        "name": "Informationstavla Rännö strandbad",
        "type": "Informationstavla",
        "created": "2018-07-02 09:09:14",
        "updated": "2020-06-30 13:17:46",
        "deleted": "2022-01-10 14:12:59"
      },
      "geometry": null
    }
  ]
}