{
  "type": "FeatureCollection",
  "features": [
    {
      "id": 808,
      "type": "Feature",
      "properties": {
        "name": "Naturreservat - Stornäset",
        "type": "Naturreservat",
        "created": "2019-10-16 10:49:02",
        "updated": "2021-09-01 12:35:05",
        "published": true,
        "owner": {
          "organizationID": 83,
          "name": "länsstyrelsen västernorrland"
        },
        "manager": {
          "organizationID": 83,
          "name": "länsstyrelsen västernorrland"
        },
        "tags": [
          "naturreservat",
          "stornäset",
          "sundsvall400toppar"
        ],
        "fields": [
          {
            "id": 153,
            "name": "Allmänt tillgänglig",
            "type": "DROPDOWN",
            "value": "Hela dygnet"
          },
          {
            "id": 7,
            "name": "Tillhörande filer",
            "type": "FILES",
            "value": [
              {
                "id": 2175,
                "filename": "Stornäset Gångväg.jpg",
                "description": "Gångväg",
                "alttext": "Gångväg",
                "sourcetext": "Lotte Nord, #sundsvall400toppar",
                "validForWinter": true,
                "validForSummer": true,
                "sortIndex": 1,
                "type": "image/jpeg",
                "size": 88053,
                "url": "https://api.sundsvall.se/facilities/2.2/field/filesfield/2175",
                "license": "CC0",
                "licenseDescription": "Creative commons. \"No rights reserved\" https://creativecommons.org/share-your-work/public-domain/cc0/"
              },
              {
                "id": 2176,
                "filename": "Stornäset Boskap.jpg",
                "description": "Betesängar med boskap",
                "alttext": "Betesängar med boskap",
                "sourcetext": "Lotte Nord, #sundsvall400toppar",
                "validForWinter": true,
                "validForSummer": true,
                "sortIndex": 2,
                "type": "image/jpeg",
                "size": 48102,
                "url": "https://api.sundsvall.se/facilities/2.2/field/filesfield/2176",
                "license": "CC0",
                "licenseDescription": "Creative commons. \"No rights reserved\" https://creativecommons.org/share-your-work/public-domain/cc0/"
              }
            ]
          },
          {
            "id": 154,
            "name": "Bokningsbar",
            "type": "TOGGLE",
            "value": "Nej"
          },
          {
            "id": 1,
            "name": "Beskrivning",
            "type": "FREETEXT",
            "value": "Stornäsets naturreservat är ett välbesökt område på nordöstra Alnön där det finns goda möjligheter att skåda fågel. Både under vår och höst rastar mängder av fåglar här. Variationen i reservatet gör det också till ett populärt område för friluftsliv. Stornäsets naturreservat bildades 1968 och är på 107 hektar. Reservatet är av regeringen antaget som Natura 2000-område enligt habitat direktivet och som skyddsområde enligt fågeldirektivet. Stornäset har tillgänglighetsanpassats för att så många som möjligt ska kunna ta del av den vackra naturen och fågellivet. Det finns bland annat en bred spång där såväl rullstolar som barnvagnar tar sig fram. "
          },
          {
            "id": 180,
            "name": "Kontakt länk",
            "type": "FREETEXT",
            "value": "https://www.lansstyrelsen.se/vasternorrland/besoksmal/naturreservat/stornaset.html"
          }
        ],
        "centerPoint": [
          17.488769277422044,
          62.45435257691807
        ]
      },
      "geometry": {
        "type": "MultiPolygon",
        "coordinates": [
          [
            [
              [
                17.47954478206376,
                62.451969591266
              ],
              [
                17.481525559828484,
                62.45294020501179
              ],
              [
                17.482171987440005,
                62.45255150542876
              ],
              [
                17.482359536034096,
                62.454811331516424
              ],
              [
                17.487822878387977,
                62.45358238434764
              ],
              [
                17.490168848032823,
                62.45404343704591
              ],
              [
                17.485636242236207,
                62.45585437135552
              ],
              [
                17.48613682030247,
                62.45697703181027
              ],
              [
                17.48537566199937,
                62.45761925673527
              ],
              [
                17.486825198860043,
                62.45872499982571
              ],
              [
                17.487216411694373,
                62.46016393617025
              ],
              [
                17.48452589232767,
                62.4604633553815
              ],
              [
                17.483363125256638,
                62.45954107954759
              ],
              [
                17.46929360687968,
                62.46343708299894
              ],
              [
                17.471014020460277,
                62.46453818996007
              ],
              [
                17.481136480786496,
                62.46215820013633
              ],
              [
                17.482930319770908,
                62.46086896438486
              ],
              [
                17.48665061984403,
                62.4607071268642
              ],
              [
                17.488243748548733,
                62.461088597919726
              ],
              [
                17.493405444437816,
                62.45948763047763
              ],
              [
                17.499316126328818,
                62.4554841304195
              ],
              [
                17.505520222408478,
                62.44852036678239
              ],
              [
                17.5082331222291,
                62.445265399614776
              ],
              [
                17.505428517416913,
                62.44418423498624
              ],
              [
                17.487076815111916,
                62.44787490166805
              ],
              [
                17.47954478206376,
                62.451969591266
              ]
            ]
          ]
        ]
      }
    },
    {
      "id": 809,
      "type": "Feature",
      "properties": {
        "name": "Naturreservat - Långharsholmen",
        "type": "Naturreservat",
        "created": "2019-10-16 10:52:06",
        "updated": "2025-09-30 17:45:57",
        "published": true,
        "manager": {
          "organizationID": 83,
          "name": "länsstyrelsen västernorrland"
        },
        "tags": [
          "långharsholmen",
          "naturreservat"
        ],
        "fields": [
          {
            "id": 153,
            "name": "Allmänt tillgänglig",
            "type": "DROPDOWN",
            "value": "Hela dygnet"
          },
          {
            "id": 154,
            "name": "Bokningsbar",
            "type": "TOGGLE",
            "value": "Nej"
          },
          {
            "id": 1,
            "name": "Beskrivning",
            "type": "FREETEXT",
            "value": "Långharsholmes naturreservat bildades 1973 och är på 108 hektar. Reservatet är dessutom av Regering en antaget som Natura 2000-område enligt habitatdirektivet och som skyddsområde enligt fågeldirektivet."
          },
          {
            "id": 180,
            "name": "Kontakt länk",
            "type": "FREETEXT",
            "value": "http://www.lansstyrelsen.se/vasternorrland/Sv/djur-och-natur/skyddad-natur/naturreservat-i-vasternorrland/sundsvalls-kommun/langharsholmen/Pages/default.aspx"
          }
        ],
        "centerPoint": [
          17.4725006950277,
          62.47019989737736
        ]
      },
      "geometry": {
        "type": "MultiPolygon",
        "coordinates": [
          [
            [
              [
                17.4606852674942,
                62.47185470554157
              ],
              [
                17.46510090469425,
                62.47598871050772
              ],
              [
                17.482254350869514,
                62.47480446440575
              ],
              [
                17.484246971272096,
                62.46772804938822
              ],
              [
                17.477999389528165,
                62.46444443830499
              ],
              [
                17.47157930228177,
                62.4656270588624
              ],
              [
                17.465272594821176,
                62.468190406060984
              ],
              [
                17.463732180026465,
                62.470920818887485
              ],
              [
                17.4606852674942,
                62.47185470554157
              ]
            ]
          ]
        ]
      }
    },
    {
      "id": 1855,
      "type": "Feature",
      "properties": {
        "name": "Sönnasjöbergens naturreservat",
        "type": "Naturreservat",
        "created": "2021-06-30 22:42:38",
        "updated": "2022-01-10 17:00:01",
        "published": true,
        "owner": {
          "organizationID": 83,
          "name": "länsstyrelsen västernorrland"
        },
        "manager": {
          "organizationID": 83,
          "name": "länsstyrelsen västernorrland"
        },
        "tags": [
          "#sundsvall400toppar"
        ],
        "fields": [
          {
            "id": 153,
            "name": "Allmänt tillgänglig",
            "type": "DROPDOWN",
            "value": "Hela dygnet"
          },
          {
            "id": 7,
            "name": "Tillhörande filer",
            "type": "FILES",
            "value": []
          },
          {
            "id": 154,
            "name": "Bokningsbar",
            "type": "TOGGLE",
            "value": "Nej"
          },
          {
            "id": 1,
            "name": "Beskrivning",
            "type": "FREETEXT",
            "value": "Sönnansjöbergens naturreservat i Vigge är ett spännande utflyktsmål. Här brann det i skogen samma år som Sundsvallsbranden, 1888. Idag kan du fortfarande hitta spår av branden i form av gamla tjärstubbar. Det finns en kort slinga som bär ganska brant uppåt, klättraren får dock sin belöning i form av en milsvid utsikt över Viggesjön och nejden.  Du kan även välja den lite längre slingan tillbaka som är både rolig och utmanande, den kräver viss kondition. Efter denna sköna stund i naturreservatet väntar badstranden Viggesand och ett svalkande bad. På skylten står det 1,6 kilometer, men det känns lite osäkert om det stämmer. Räkna med att det tar cirka två timmar att ta sig ner den längre vägen från utsiktklippan. På ett par ställen måste man ta sig över en bäck, lättast att ta sig över bäcken är genom att hasa sig över på utlagda stockar.  Var noga med att alltid hålla koll på märkningen på träden."
          },
          {
            "id": 180,
            "name": "Kontakt länk",
            "type": "FREETEXT",
            "value": "https://www.lansstyrelsen.se/vasternorrland/besoksmal/naturreservat/sonnasjobergen.html"
          }
        ],
        "centerPoint": [
          16.666286052236888,
          62.299389716779366
        ]
      },
      "geometry": {
        "type": "MultiPolygon",
        "coordinates": [
          [
            [
              [
                16.648436232114875,
                62.29984141613897
              ],
              [
                16.65607404540462,
                62.29142949941093
              ],
              [
                16.664411769376397,
                62.29185779809499
              ],
              [
                16.67047506776675,
                62.295078296955985
              ],
              [
                16.681780972240436,
                62.29448940941121
              ],
              [
                16.68437696941042,
                62.30325678954508
              ],
              [
                16.68254093769658,
                62.30345500531743
              ],
              [
                16.681842788907115,
                62.303332730227595
              ],
              [
                16.6809084409626,
                62.30381665556263
              ],
              [
                16.679210750367613,
                62.30320366350074
              ],
              [
                16.678174017655778,
                62.303789364856186
              ],
              [
                16.678027777244424,
                62.304072692248006
              ],
              [
                16.67881703033077,
                62.30466650753654
              ],
              [
                16.67812108067022,
                62.30497155745672
              ],
              [
                16.6773274378032,
                62.30488057982335
              ],
              [
                16.676156085335762,
                62.30499024076939
              ],
              [
                16.655127206238063,
                62.307605341189905
              ],
              [
                16.65833711622584,
                62.29919569685962
              ],
              [
                16.648436232114875,
                62.29984141613897
              ]
            ]
          ]
        ]
      }
    },
    {
      "id": 4144,
      "type": "Feature",
      "properties": {
        "name": "Smedsgården",
        "type": "Naturreservat",
        "created": "2025-09-30 17:48:21",
        "published": true,
        "manager": {
          "organizationID": 83,
          "name": "länsstyrelsen västernorrland"
        },
        "fields": [
          {
            "id": 153,
            "name": "Allmänt tillgänglig",
            "type": "DROPDOWN",
            "value": "Hela dygnet"
          },
          {
            "id": 154,
            "name": "Bokningsbar",
            "type": "TOGGLE",
            "value": "Nej"
          },
          {
            "id": 285,
            "name": "Felanmälan",
            "type": "Felanmälningstjänst",
            "reportName": "Kontakt Sundsvall",
            "reportDescription": "Felanmälan av motionsspår, elljusspår, leder och andra friluftsanläggningar",
            "reportLink": "https://sundsvall.se/kommun-och-politik/politik-och-demokrati/dialog-och-synpunkter/felanmalan",
            "reportPhone": "060-19 10 00",
            "reportEmail": "kontakt@sundsvall.se"
          },
          {
            "id": 180,
            "name": "Kontakt länk",
            "type": "FREETEXT",
            "value": "https://www.lansstyrelsen.se/vasternorrland/besoksmal/naturreservat/smedsgarden.html?sv.target=12.382c024b1800285d5863a8af&sv.12.382c024b1800285d5863a8af.route=/&searchString=&counties=&municipalities=&reserveTypes=&natureTypes=&accessibility=&facilities=&sort=none"
          }
        ],
        "centerPoint": [
          17.445365448599087,
          62.44164858767386
        ]
      },
      "geometry": {
        "type": "MultiPolygon",
        "coordinates": [
          [
            [
              [
                17.442673297155956,
                62.44347481753017
              ],
              [
                17.44218093098429,
                62.44302830325297
              ],
              [
                17.44211453525734,
                62.442214740059335
              ],
              [
                17.44260788471481,
                62.44194206504956
              ],
              [
                17.445255118959235,
                62.44112870620906
              ],
              [
                17.4446645355041,
                62.44087503226277
              ],
              [
                17.444963032653884,
                62.44054290047035
              ],
              [
                17.448214408946203,
                62.439819469119115
              ],
              [
                17.448534037378945,
                62.44007788771184
              ],
              [
                17.446878288645582,
                62.440735609045795
              ],
              [
                17.445273159993054,
                62.44168159978919
              ],
              [
                17.444805315719666,
                62.44160179465363
              ],
              [
                17.444030757219046,
                62.441753678654656
              ],
              [
                17.444185730560825,
                62.441989847642006
              ],
              [
                17.44458912654952,
                62.44194505555796
              ],
              [
                17.444951232103413,
                62.44239133160945
              ],
              [
                17.444914473211707,
                62.44260571646601
              ],
              [
                17.444021827044068,
                62.442973411096474
              ],
              [
                17.44408320339267,
                62.44306034571007
              ],
              [
                17.442673297155956,
                62.44347481753017
              ]
            ]
          ]
        ]
      }
    },
    {
      "id": 4145,
      "type": "Feature",
      "properties": {
        "name": "Brämön",
        "type": "Naturreservat",
        "created": "2025-09-30 17:50:42",
        "published": true,
        "manager": {
          "organizationID": 83,
          "name": "länsstyrelsen västernorrland"
        },
        "fields": [
          {
            "id": 153,
            "name": "Allmänt tillgänglig",
            "type": "DROPDOWN",
            "value": "Hela dygnet"
          },
          {
            "id": 154,
            "name": "Bokningsbar",
            "type": "TOGGLE",
            "value": "Nej"
          },
          {
            "id": 180,
            "name": "Kontakt länk",
            "type": "FREETEXT",
            "value": "http://www.lansstyrelsen.se/vasternorrland/Sv/djur-och-natur/skyddad-natur/naturreservat-i-vasternorrland/sundsvalls-kommun/bramon/Pages/default.aspx"
          }
        ],
        "centerPoint": [
          17.710038346842083,
          62.20609135199952
        ]
      },
      "geometry": {
        "type": "MultiPolygon",
        "coordinates": [
          [
            [
              [
                17.703621506923252,
                62.233692459350706
              ],
              [
                17.691323583561964,
                62.23179396721831
              ],
              [
                17.68658323334866,
                62.22698178042729
              ],
              [
                17.675426895774798,
                62.21663484954392
              ],
              [
                17.67320250041759,
                62.20976175161326
              ],
              [
                17.674471195823074,
                62.20583915913589
              ],
              [
                17.680273790189947,
                62.20446960322158
              ],
              [
                17.68225074124511,
                62.20414213927443
              ],
              [
                17.683502817380624,
                62.204293945766906
              ],
              [
                17.68661794498619,
                62.20298870185423
              ],
              [
                17.689527473989425,
                62.20330950687214
              ],
              [
                17.690543473454653,
                62.202321535549636
              ],
              [
                17.689608754761792,
                62.200591800206894
              ],
              [
                17.68648701713409,
                62.19939488857701
              ],
              [
                17.679037995442552,
                62.199488802360385
              ],
              [
                17.675506251841885,
                62.19928039523425
              ],
              [
                17.67295663898172,
                62.194802748734446
              ],
              [
                17.675141875178344,
                62.192119909576675
              ],
              [
                17.668729259436574,
                62.189602917915884
              ],
              [
                17.668267015220856,
                62.18131260379528
              ],
              [
                17.67509516826728,
                62.17942045414024
              ],
              [
                17.683409991198353,
                62.17913386670174
              ],
              [
                17.699625423220127,
                62.18296842800255
              ],
              [
                17.713102252971137,
                62.186226068063284
              ],
              [
                17.71525312012662,
                62.189201888048174
              ],
              [
                17.72212773019853,
                62.19082746108927
              ],
              [
                17.723844192351322,
                62.194943436994194
              ],
              [
                17.73048585444972,
                62.19695044597715
              ],
              [
                17.72991770133692,
                62.19960237283212
              ],
              [
                17.743815392774497,
                62.207375874021
              ],
              [
                17.748418398212394,
                62.213572173418406
              ],
              [
                17.750957945886906,
                62.21779730174172
              ],
              [
                17.73980518634527,
                62.21735169539965
              ],
              [
                17.727112578409677,
                62.216256453933624
              ],
              [
                17.723025144368094,
                62.22246075234066
              ],
              [
                17.726844225115663,
                62.225667731114044
              ],
              [
                17.727215608715074,
                62.22933228517436
              ],
              [
                17.717700562897182,
                62.231405310146975
              ],
              [
                17.703621506923252,
                62.233692459350706
              ]
            ]
          ]
        ]
      }
    },
    {
      "id": 4146,
      "type": "Feature",
      "properties": {
        "name": "Klampenborg",
        "type": "Naturreservat",
        "created": "2025-09-30 17:54:03",
        "updated": "2026-01-13 11:06:21",
        "published": true,
        "childObjects": [
          4217,
          4218
        ],
        "manager": {
          "organizationID": 83,
          "name": "länsstyrelsen västernorrland"
        },
        "fields": [
          {
            "id": 153,
            "name": "Allmänt tillgänglig",
            "type": "DROPDOWN",
            "value": "Hela dygnet"
          },
          {
            "id": 154,
            "name": "Bokningsbar",
            "type": "TOGGLE",
            "value": "Nej"
          }
        ],
        "centerPoint": [
          17.39405398968714,
          62.33207296077812
        ]
      },
      "geometry": {
        "type": "MultiPolygon",
        "coordinates": [
          [
            [
              [
                17.39640350406432,
                62.32683171868394
              ],
              [
                17.39942906457693,
                62.328279476526724
              ],
              [
                17.401575218049874,
                62.33010320741033
              ],
              [
                17.400491937904324,
                62.333466302101364
              ],
              [
                17.398764043251713,
                62.334853992489705
              ],
              [
                17.397772139581047,
                62.33665644714685
              ],
              [
                17.392307233640345,
                62.33730377867257
              ],
              [
                17.38891671388622,
                62.336834009460574
              ],
              [
                17.38814691204027,
                62.335313349357705
              ],
              [
                17.386713019412987,
                62.33428185314967
              ],
              [
                17.38642144038868,
                62.332652392976186
              ],
              [
                17.386685647868372,
                62.331893489429945
              ],
              [
                17.3886240791357,
                62.32974796723097
              ],
              [
                17.388432312683545,
                62.32869514462227
              ],
              [
                17.392510328733213,
                62.328660229753176
              ],
              [
                17.392879887156816,
                62.32868404435067
              ],
              [
                17.392965086882537,
                62.3285317037222
              ],
              [
                17.394380124517415,
                62.32874999646662
              ],
              [
                17.394402125411176,
                62.32844912631754
              ],
              [
                17.394649097688834,
                62.32812175013479
              ],
              [
                17.395746432357015,
                62.32733841447856
              ],
              [
                17.39640350406432,
                62.32683171868394
              ]
            ]
          ]
        ]
      }
    },
    {
      "id": 4147,
      "type": "Feature",
      "properties": {
        "name": "Salen",
        "type": "Naturreservat",
        "created": "2025-09-30 17:57:13",
        "published": true,
        "manager": {
          "organizationID": 83,
          "name": "länsstyrelsen västernorrland"
        },
        "fields": [
          {
            "id": 153,
            "name": "Allmänt tillgänglig",
            "type": "DROPDOWN",
            "value": "Hela dygnet"
          },
          {
            "id": 154,
            "name": "Bokningsbar",
            "type": "TOGGLE",
            "value": "Nej"
          }
        ],
        "centerPoint": [
          17.613803827418543,
          62.209567975338594
        ]
      },
      "geometry": {
        "type": "MultiPolygon",
        "coordinates": [
          [
            [
              [
                17.6335302263488,
                62.212658816830306
              ],
              [
                17.64314932045172,
                62.205622693322056
              ],
              [
                17.629153862713476,
                62.19331456211508
              ],
              [
                17.600371009786723,
                62.18568451150292
              ],
              [
                17.584256236896273,
                62.19076421153614
              ],
              [
                17.588340364719013,
                62.194460206329246
              ],
              [
                17.58345340924455,
                62.201844368592475
              ],
              [
                17.58548532503492,
                62.203566846998214
              ],
              [
                17.588969153174972,
                62.20337607102792
              ],
              [
                17.590716342592717,
                62.201771658684926
              ],
              [
                17.595903972868694,
                62.20104587856703
              ],
              [
                17.596044121347933,
                62.202677891054684
              ],
              [
                17.600059978965685,
                62.20241399619227
              ],
              [
                17.60274329435085,
                62.20387252939285
              ],
              [
                17.611781033497856,
                62.204079735098354
              ],
              [
                17.611527638933616,
                62.204574904641966
              ],
              [
                17.609312702303264,
                62.20480523560832
              ],
              [
                17.607845411828883,
                62.20558730393721
              ],
              [
                17.609038175791348,
                62.20755158013611
              ],
              [
                17.606293970714944,
                62.20976596806691
              ],
              [
                17.603655067909347,
                62.21039397292252
              ],
              [
                17.600988914235884,
                62.21039372975084
              ],
              [
                17.6003832322158,
                62.20992727580256
              ],
              [
                17.59910335591576,
                62.2097626680544
              ],
              [
                17.59874077161878,
                62.20930422308574
              ],
              [
                17.598137401054846,
                62.20917721841664
              ],
              [
                17.598582995539818,
                62.210287963889996
              ],
              [
                17.599237033304874,
                62.21069064797956
              ],
              [
                17.59926413763953,
                62.21131884680525
              ],
              [
                17.600251908600004,
                62.21246971697672
              ],
              [
                17.59915388367385,
                62.21285495912893
              ],
              [
                17.5971370008503,
                62.21226405394467
              ],
              [
                17.59578184059311,
                62.21247804851922
              ],
              [
                17.5925485938543,
                62.21183440510245
              ],
              [
                17.589624179850965,
                62.211964512282954
              ],
              [
                17.59037603953126,
                62.21288094718614
              ],
              [
                17.59230989970521,
                62.21250529638025
              ],
              [
                17.59579492794804,
                62.2132573988368
              ],
              [
                17.59966568947742,
                62.215360189818284
              ],
              [
                17.604234006854483,
                62.21523672570744
              ],
              [
                17.605535446088787,
                62.21502365910973
              ],
              [
                17.605808866730285,
                62.21538317095089
              ],
              [
                17.604385022278198,
                62.21605120938516
              ],
              [
                17.605578371227544,
                62.216770661948644
              ],
              [
                17.606426840999127,
                62.2163020426889
              ],
              [
                17.60728178489209,
                62.21590874117091
              ],
              [
                17.60942446437673,
                62.21576783366281
              ],
              [
                17.60886536633258,
                62.216155581829504
              ],
              [
                17.609800522939736,
                62.21669124507705
              ],
              [
                17.609637652096172,
                62.21761222694313
              ],
              [
                17.612555412800265,
                62.218022520076566
              ],
              [
                17.614458078058735,
                62.21759685216506
              ],
              [
                17.61545421674913,
                62.21759063754581
              ],
              [
                17.618230889931926,
                62.21885852199393
              ],
              [
                17.621752951786757,
                62.21877938962553
              ],
              [
                17.622555386537552,
                62.2196444113696
              ],
              [
                17.61952189038352,
                62.221009479796415
              ],
              [
                17.616945082440818,
                62.22205150353378
              ],
              [
                17.615358731001567,
                62.223954993281154
              ],
              [
                17.613782521242303,
                62.22535530247848
              ],
              [
                17.613848801738847,
                62.226121079444866
              ],
              [
                17.610354984379953,
                62.22778381406731
              ],
              [
                17.61023286277361,
                62.2285531376919
              ],
              [
                17.609520581125842,
                62.22873000710448
              ],
              [
                17.609009859831172,
                62.227809127915485
              ],
              [
                17.60925046466095,
                62.227163318077174
              ],
              [
                17.608146400123662,
                62.22717151372409
              ],
              [
                17.607409206929493,
                62.22705963536257
              ],
              [
                17.60690744084026,
                62.22655352847638
              ],
              [
                17.606166097280397,
                62.224832229428735
              ],
              [
                17.605355849966028,
                62.2248097331137
              ],
              [
                17.60456650910334,
                62.22565445578057
              ],
              [
                17.60055771633484,
                62.226974533296264
              ],
              [
                17.5979169079248,
                62.23010468885189
              ],
              [
                17.595061617885904,
                62.229491720637036
              ],
              [
                17.59157061309221,
                62.23057550213029
              ],
              [
                17.59243175337681,
                62.23181681473739
              ],
              [
                17.591577279940406,
                62.232536932183464
              ],
              [
                17.592257543489126,
                62.23292658929301
              ],
              [
                17.593361825700807,
                62.232918519011825
              ],
              [
                17.59456078986659,
                62.23275777970388
              ],
              [
                17.598765869999696,
                62.232767067859214
              ],
              [
                17.600841222833985,
                62.23339459281889
              ],
              [
                17.60099319873595,
                62.233907281639226
              ],
              [
                17.601938228268192,
                62.233927278207894
              ],
              [
                17.602673740223672,
                62.23245487895676
              ],
              [
                17.60423741537937,
                62.23214889475529
              ],
              [
                17.605040664926936,
                62.23083867240901
              ],
              [
                17.60733135623368,
                62.22990285966301
              ],
              [
                17.609051067253553,
                62.229845368291905
              ],
              [
                17.61011986923521,
                62.23005159143579
              ],
              [
                17.609996384499517,
                62.228934813911366
              ],
              [
                17.611663915563582,
                62.228274710438924
              ],
              [
                17.613204467125122,
                62.22770499816054
              ],
              [
                17.613932207656088,
                62.22677336573164
              ],
              [
                17.615088416742047,
                62.22612285580279
              ],
              [
                17.619431746130726,
                62.2264935502043
              ],
              [
                17.619501801731147,
                62.224505497729645
              ],
              [
                17.620249735880428,
                62.22256750718781
              ],
              [
                17.623108161782984,
                62.22135662815333
              ],
              [
                17.626613728312094,
                62.22077471690764
              ],
              [
                17.624965397548056,
                62.21978741761217
              ],
              [
                17.623258295624876,
                62.21905269741937
              ],
              [
                17.62300027026767,
                62.218252826330655
              ],
              [
                17.620473539686046,
                62.216452192593145
              ],
              [
                17.61908820572794,
                62.21662926223925
              ],
              [
                17.617511832797884,
                62.216156064550034
              ],
              [
                17.616930997439212,
                62.21504792307693
              ],
              [
                17.615497609637504,
                62.214358242855276
              ],
              [
                17.621681754534865,
                62.212682219181
              ],
              [
                17.624984704899425,
                62.212569415602196
              ],
              [
                17.62784839975793,
                62.212980407023814
              ],
              [
                17.62656873122855,
                62.214060900203734
              ],
              [
                17.627700694974596,
                62.21437895411717
              ],
              [
                17.629154106973285,
                62.21374783007151
              ],
              [
                17.6335302263488,
                62.212658816830306
              ]
            ]
          ]
        ]
      }
    },
    {
      "id": 4148,
      "type": "Feature",
      "properties": {
        "name": "Malungsfluggen",
        "type": "Naturreservat",
        "created": "2025-09-30 17:58:41",
        "published": true,
        "manager": {
          "organizationID": 83,
          "name": "länsstyrelsen västernorrland"
        },
        "fields": [
          {
            "id": 153,
            "name": "Allmänt tillgänglig",
            "type": "DROPDOWN",
            "value": "Hela dygnet"
          },
          {
            "id": 154,
            "name": "Bokningsbar",
            "type": "TOGGLE",
            "value": "Nej"
          }
        ],
        "centerPoint": [
          16.897101743847315,
          62.17121368027328
        ]
      },
      "geometry": {
        "type": "MultiPolygon",
        "coordinates": [
          [
            [
              [
                16.900284015852943,
                62.17436304454937
              ],
              [
                16.915329153422714,
                62.17159140540534
              ],
              [
                16.914467058275182,
                62.16901372523937
              ],
              [
                16.907515191602236,
                62.161944252674935
              ],
              [
                16.887780263142883,
                62.167041820925554
              ],
              [
                16.889947058026806,
                62.1724679829787
              ],
              [
                16.886786696626466,
                62.17180710030095
              ],
              [
                16.884711330767978,
                62.1747517605138
              ],
              [
                16.884135270034804,
                62.17586581983414
              ],
              [
                16.87930351300822,
                62.177741625441854
              ],
              [
                16.88026326158311,
                62.1793376544809
              ],
              [
                16.88544582808471,
                62.177909590419866
              ],
              [
                16.892970393094835,
                62.180396566282916
              ],
              [
                16.89961309063358,
                62.179098861497145
              ],
              [
                16.898788010814037,
                62.17880847221605
              ],
              [
                16.8995911650744,
                62.17789236684301
              ],
              [
                16.8992040913475,
                62.176866868901065
              ],
              [
                16.901064506243507,
                62.176514513507826
              ],
              [
                16.900284015852943,
                62.17436304454937
              ]
            ]
          ]
        ]
      }
    },
    {
      "id": 4149,
      "type": "Feature",
      "properties": {
        "name": "Grenforsen",
        "type": "Naturreservat",
        "created": "2025-09-30 18:00:50",
        "published": true,
        "manager": {
          "organizationID": 83,
          "name": "länsstyrelsen västernorrland"
        },
        "fields": [
          {
            "id": 153,
            "name": "Allmänt tillgänglig",
            "type": "DROPDOWN",
            "value": "Hela dygnet"
          },
          {
            "id": 154,
            "name": "Bokningsbar",
            "type": "TOGGLE",
            "value": "Nej"
          }
        ],
        "centerPoint": [
          17.22333759106559,
          62.30671035633867
        ]
      },
      "geometry": {
        "type": "MultiPolygon",
        "coordinates": [
          [
            [
              [
                17.223956002140653,
                62.303563718989544
              ],
              [
                17.221452515346737,
                62.304043785763106
              ],
              [
                17.221671944657043,
                62.30445515438634
              ],
              [
                17.220829706582506,
                62.305486951290156
              ],
              [
                17.218692623836237,
                62.305810245489496
              ],
              [
                17.218608767156205,
                62.3061384565108
              ],
              [
                17.217692364596413,
                62.30616565638502
              ],
              [
                17.217160000787004,
                62.306639315292145
              ],
              [
                17.21771996787847,
                62.30690696393142
              ],
              [
                17.217384786509523,
                62.30749062457848
              ],
              [
                17.21639126259264,
                62.30720474608565
              ],
              [
                17.213525391208172,
                62.30606865863594
              ],
              [
                17.213252613691903,
                62.306399874920594
              ],
              [
                17.214240539278638,
                62.3066104325319
              ],
              [
                17.21606622187756,
                62.307926533363556
              ],
              [
                17.215599034813252,
                62.30818542238264
              ],
              [
                17.214431412903394,
                62.308103457132724
              ],
              [
                17.215279690413116,
                62.30861796089937
              ],
              [
                17.214164900055273,
                62.30888716650818
              ],
              [
                17.21534641566187,
                62.309157492640686
              ],
              [
                17.21435412980048,
                62.30999048575163
              ],
              [
                17.2160997495298,
                62.30984951313236
              ],
              [
                17.21747868662482,
                62.30986523362679
              ],
              [
                17.2171875744121,
                62.309580722454584
              ],
              [
                17.217798012193825,
                62.30943269021114
              ],
              [
                17.219268065309407,
                62.30958523068037
              ],
              [
                17.219641073836556,
                62.30988100173785
              ],
              [
                17.220556660940733,
                62.30984123133169
              ],
              [
                17.220029276827045,
                62.30928391662528
              ],
              [
                17.21807924109136,
                62.308849889995365
              ],
              [
                17.218199636862824,
                62.30791764029387
              ],
              [
                17.219059485911597,
                62.3074890365707
              ],
              [
                17.22119265070304,
                62.308209278094935
              ],
              [
                17.221803866493904,
                62.30843837579033
              ],
              [
                17.224226766357802,
                62.30795959696149
              ],
              [
                17.22408288659895,
                62.307511318174136
              ],
              [
                17.223924238555888,
                62.30732376807266
              ],
              [
                17.224666866479783,
                62.307137884557314
              ],
              [
                17.224899165459274,
                62.30712310213624
              ],
              [
                17.225018678587652,
                62.30724892049861
              ],
              [
                17.22596953569128,
                62.30705164961611
              ],
              [
                17.22583223804116,
                62.3068753258519
              ],
              [
                17.226888064368882,
                62.30646867690929
              ],
              [
                17.2290081568116,
                62.30650006071811
              ],
              [
                17.22906957024263,
                62.30623506242751
              ],
              [
                17.23089845566903,
                62.30656527447034
              ],
              [
                17.231780823691633,
                62.30688049438436
              ],
              [
                17.233329583260627,
                62.305764356085895
              ],
              [
                17.23204662103448,
                62.30521922637611
              ],
              [
                17.228425830684813,
                62.30520190659185
              ],
              [
                17.225310281461912,
                62.30471123687652
              ],
              [
                17.223956002140653,
                62.303563718989544
              ]
            ]
          ]
        ]
      }
    },
    {
      "id": 4150,
      "type": "Feature",
      "properties": {
        "name": "Målstaallmänningen",
        "type": "Naturreservat",
        "created": "2025-09-30 18:02:07",
        "updated": "2025-09-30 18:02:19",
        "published": true,
        "manager": {
          "organizationID": 83,
          "name": "länsstyrelsen västernorrland"
        },
        "fields": [
          {
            "id": 153,
            "name": "Allmänt tillgänglig",
            "type": "DROPDOWN",
            "value": "Hela dygnet"
          },
          {
            "id": 154,
            "name": "Bokningsbar",
            "type": "TOGGLE",
            "value": "Nej"
          },
          {
            "id": 180,
            "name": "Kontakt länk",
            "type": "FREETEXT",
            "value": "http://www.lansstyrelsen.se/vasternorrland/Sv/djur-och-natur/skyddad-natur/naturreservat-i-vasternorrland/sundsvalls-kommun/malstaallmanningen/Pages/default.aspx"
          }
        ],
        "centerPoint": [
          16.777262361394133,
          62.33600146636896
        ]
      },
      "geometry": {
        "type": "MultiPolygon",
        "coordinates": [
          [
            [
              [
                16.755833452725504,
                62.34380303190067
              ],
              [
                16.813549347662494,
                62.338122507908764
              ],
              [
                16.801866944472245,
                62.328155375469684
              ],
              [
                16.773372820810344,
                62.335372331287665
              ],
              [
                16.771970320495278,
                62.334510305086084
              ],
              [
                16.76971856625045,
                62.335293175728815
              ],
              [
                16.768967267878498,
                62.33630833367229
              ],
              [
                16.74134185145258,
                62.340113655403954
              ],
              [
                16.755833452725504,
                62.34380303190067
              ]
            ]
          ]
        ]
      }
    },
    {
      "id": 4151,
      "type": "Feature",
      "properties": {
        "name": "Högänge",
        "type": "Naturreservat",
        "created": "2025-09-30 18:03:39",
        "published": true,
        "manager": {
          "organizationID": 83,
          "name": "länsstyrelsen västernorrland"
        },
        "fields": [
          {
            "id": 153,
            "name": "Allmänt tillgänglig",
            "type": "DROPDOWN",
            "value": "Hela dygnet"
          },
          {
            "id": 154,
            "name": "Bokningsbar",
            "type": "TOGGLE",
            "value": "Nej"
          },
          {
            "id": 180,
            "name": "Kontakt länk",
            "type": "FREETEXT",
            "value": "http://www.lansstyrelsen.se/vasternorrland/Sv/djur-och-natur/skyddad-natur/naturreservat-i-vasternorrland/sundsvalls-kommun/hogange/Pages/default.aspx"
          }
        ],
        "centerPoint": [
          16.685976666487324,
          62.317164672170534
        ]
      },
      "geometry": {
        "type": "MultiPolygon",
        "coordinates": [
          [
            [
              [
                16.6859629262774,
                62.31576204594465
              ],
              [
                16.685758381618488,
                62.31616172967665
              ],
              [
                16.685597662186062,
                62.31695808497224
              ],
              [
                16.68528612771896,
                62.317570236265
              ],
              [
                16.684854595915066,
                62.31777658203329
              ],
              [
                16.68407144605819,
                62.318072660031675
              ],
              [
                16.683778891377386,
                62.318252179408766
              ],
              [
                16.684478407630007,
                62.31858560231338
              ],
              [
                16.68561300144887,
                62.31800369993207
              ],
              [
                16.68624616636936,
                62.31753848403151
              ],
              [
                16.68720207252267,
                62.31724029704968
              ],
              [
                16.687798488621226,
                62.31746936881978
              ],
              [
                16.687861122425772,
                62.317237325384326
              ],
              [
                16.687729929778016,
                62.3170176907835
              ],
              [
                16.688212608956974,
                62.31676043579074
              ],
              [
                16.6859629262774,
                62.31576204594465
              ]
            ]
          ]
        ]
      }
    },
    {
      "id": 4152,
      "type": "Feature",
      "properties": {
        "name": "Stor-Lomsjömyran-Björkbäcksmyran",
        "type": "Naturreservat",
        "created": "2025-09-30 18:07:16",
        "published": true,
        "manager": {
          "organizationID": 83,
          "name": "länsstyrelsen västernorrland"
        },
        "fields": [
          {
            "id": 153,
            "name": "Allmänt tillgänglig",
            "type": "DROPDOWN",
            "value": "Hela dygnet"
          },
          {
            "id": 154,
            "name": "Bokningsbar",
            "type": "TOGGLE",
            "value": "Nej"
          }
        ],
        "centerPoint": [
          16.535291750565133,
          62.275514986747105
        ]
      },
      "geometry": {
        "type": "MultiPolygon",
        "coordinates": [
          [
            [
              [
                16.498348437115425,
                62.27368740194548
              ],
              [
                16.503490164384917,
                62.27130654204434
              ],
              [
                16.508255277791157,
                62.27219756375729
              ],
              [
                16.50889821694128,
                62.27426449542939
              ],
              [
                16.512058120420832,
                62.27272182768599
              ],
              [
                16.515447199658194,
                62.273061965695355
              ],
              [
                16.512318941258656,
                62.27523282660123
              ],
              [
                16.513764874865043,
                62.27716530063322
              ],
              [
                16.523672078437873,
                62.27567436247754
              ],
              [
                16.52559131541947,
                62.27628175717826
              ],
              [
                16.529851388311737,
                62.275166515138196
              ],
              [
                16.532704862952887,
                62.27557498029612
              ],
              [
                16.53343645365289,
                62.27669813868917
              ],
              [
                16.518743236650007,
                62.28226433076278
              ],
              [
                16.51018217471039,
                62.28374027022416
              ],
              [
                16.508758511587438,
                62.2849498095363
              ],
              [
                16.513036201615243,
                62.284149137285475
              ],
              [
                16.518919234523807,
                62.28307940456974
              ],
              [
                16.524072170267605,
                62.2835885832549
              ],
              [
                16.527218357804376,
                62.28443387774926
              ],
              [
                16.53054193364643,
                62.28345460892385
              ],
              [
                16.527026215058406,
                62.28330475957651
              ],
              [
                16.526949841863203,
                62.281797291774595
              ],
              [
                16.530639384322907,
                62.280059840213696
              ],
              [
                16.530408877557658,
                62.278176993257134
              ],
              [
                16.533801967373382,
                62.278579491729985
              ],
              [
                16.54057557513307,
                62.27913299597954
              ],
              [
                16.541163074824194,
                62.28006917494299
              ],
              [
                16.5442160493707,
                62.27909257292591
              ],
              [
                16.54453432778277,
                62.28267128159111
              ],
              [
                16.53993658450883,
                62.28511048519366
              ],
              [
                16.537868580119287,
                62.28689308860782
              ],
              [
                16.545770961680812,
                62.285737002286815
              ],
              [
                16.54794810638284,
                62.28608984036116
              ],
              [
                16.550725284617236,
                62.284990478885256
              ],
              [
                16.55095621115448,
                62.2842337428022
              ],
              [
                16.548159090836016,
                62.2823167008335
              ],
              [
                16.549808741641172,
                62.28028721767329
              ],
              [
                16.54906676997622,
                62.27897571662514
              ],
              [
                16.552488274217545,
                62.27730350664286
              ],
              [
                16.55942435512434,
                62.2757803341219
              ],
              [
                16.565080108785786,
                62.27559102612373
              ],
              [
                16.566707681912494,
                62.27576121745801
              ],
              [
                16.567791844602,
                62.27845139943682
              ],
              [
                16.566364220904536,
                62.27953590160487
              ],
              [
                16.566034775636158,
                62.28098509282296
              ],
              [
                16.56205469312558,
                62.28228684003196
              ],
              [
                16.55558209997784,
                62.2823594703153
              ],
              [
                16.553755775265415,
                62.28357399431884
              ],
              [
                16.55908321034473,
                62.284834087775955
              ],
              [
                16.55719017486942,
                62.287369183838706
              ],
              [
                16.560032162404482,
                62.28752584138323
              ],
              [
                16.559700654841645,
                62.286335477011164
              ],
              [
                16.56127996668572,
                62.28556357772712
              ],
              [
                16.56293411877287,
                62.286236292255644
              ],
              [
                16.564506820539616,
                62.28533873643751
              ],
              [
                16.565143084746488,
                62.2820006910591
              ],
              [
                16.567310382691293,
                62.28216479598946
              ],
              [
                16.57255243643671,
                62.28436804234875
              ],
              [
                16.575969763828105,
                62.28520917485407
              ],
              [
                16.57788736499364,
                62.28575303119286
              ],
              [
                16.578726776182492,
                62.28529099666772
              ],
              [
                16.5786780887556,
                62.28487675981399
              ],
              [
                16.576719732378795,
                62.28458476506508
              ],
              [
                16.576110569291938,
                62.284805357050935
              ],
              [
                16.574907426877243,
                62.28450476693123
              ],
              [
                16.574031963308393,
                62.28376052585494
              ],
              [
                16.572685434714945,
                62.276573518238095
              ],
              [
                16.577555345434373,
                62.27683252770189
              ],
              [
                16.57696021173579,
                62.27577088620219
              ],
              [
                16.57252490015206,
                62.27349583443727
              ],
              [
                16.573662749403514,
                62.27203746553531
              ],
              [
                16.570887600441328,
                62.273137281106514
              ],
              [
                16.568014253365245,
                62.27235274091444
              ],
              [
                16.56374623259806,
                62.27328071757152
              ],
              [
                16.544565164558975,
                62.27274119628044
              ],
              [
                16.524731563934168,
                62.27528565908795
              ],
              [
                16.526071475367612,
                62.27244286484168
              ],
              [
                16.536403686794355,
                62.2687467054972
              ],
              [
                16.53145886604514,
                62.26697878016703
              ],
              [
                16.529196286254646,
                62.26756933072537
              ],
              [
                16.52844598086995,
                62.26606927982983
              ],
              [
                16.523857276569895,
                62.26599401834594
              ],
              [
                16.51294290535189,
                62.26347382614978
              ],
              [
                16.51020090347566,
                62.26526336366489
              ],
              [
                16.506712501922962,
                62.2656154878014
              ],
              [
                16.499814007077276,
                62.26518740045716
              ],
              [
                16.49594297275622,
                62.265983305690504
              ],
              [
                16.499359220042255,
                62.26688914896915
              ],
              [
                16.49702670252201,
                62.268799686664025
              ],
              [
                16.49742103403347,
                62.2713092656311
              ],
              [
                16.49285025370994,
                62.27160985470022
              ],
              [
                16.49224773746951,
                62.27306177981908
              ],
              [
                16.496583423710433,
                62.27345504874877
              ],
              [
                16.49275167199009,
                62.27506742527221
              ],
              [
                16.498348437115425,
                62.27368740194548
              ]
            ]
          ]
        ]
      }
    },
    {
      "id": 4153,
      "type": "Feature",
      "properties": {
        "name": "Sillmansåsen",
        "type": "Naturreservat",
        "created": "2025-09-30 18:09:21",
        "published": true,
        "manager": {
          "organizationID": 83,
          "name": "länsstyrelsen västernorrland"
        },
        "fields": [
          {
            "id": 153,
            "name": "Allmänt tillgänglig",
            "type": "DROPDOWN",
            "value": "Hela dygnet"
          },
          {
            "id": 154,
            "name": "Bokningsbar",
            "type": "TOGGLE",
            "value": "Nej"
          },
          {
            "id": 180,
            "name": "Kontakt länk",
            "type": "FREETEXT",
            "value": "http://www.lansstyrelsen.se/vasternorrland/Sv/djur-och-natur/skyddad-natur/naturreservat-i-vasternorrland/sundsvalls-kommun/sillmansasen/Pages/default.aspx"
          }
        ],
        "centerPoint": [
          16.530605880767073,
          62.31791867232229
        ]
      },
      "geometry": {
        "type": "MultiPolygon",
        "coordinates": [
          [
            [
              [
                16.53120348194552,
                62.32541589221314
              ],
              [
                16.535591766464282,
                62.32456307642501
              ],
              [
                16.54335050603954,
                62.32410010648386
              ],
              [
                16.54418363045749,
                62.3224317209835
              ],
              [
                16.545927250950097,
                62.32165819365755
              ],
              [
                16.541343855593254,
                62.31341339266514
              ],
              [
                16.534889036869423,
                62.31290662407498
              ],
              [
                16.534062486046572,
                62.31258894811965
              ],
              [
                16.530338232397877,
                62.31265513309001
              ],
              [
                16.529453913727245,
                62.31226265095098
              ],
              [
                16.527905979492495,
                62.312631609353645
              ],
              [
                16.526441787890864,
                62.31252200211279
              ],
              [
                16.525485189095363,
                62.31283416239506
              ],
              [
                16.52338383511298,
                62.3118768098821
              ],
              [
                16.521346762891362,
                62.31111982963849
              ],
              [
                16.51721306436549,
                62.310561687081545
              ],
              [
                16.515940906374954,
                62.31318994708595
              ],
              [
                16.516817481016798,
                62.31343176875201
              ],
              [
                16.51530727493386,
                62.314554321576225
              ],
              [
                16.515622805286217,
                62.31545585984938
              ],
              [
                16.518684762046785,
                62.316176595174305
              ],
              [
                16.520031515900246,
                62.31716740948144
              ],
              [
                16.522471757068516,
                62.31734181620855
              ],
              [
                16.52343939008953,
                62.3183116112582
              ],
              [
                16.52147300882348,
                62.318961600116324
              ],
              [
                16.522151566658366,
                62.319557492469144
              ],
              [
                16.524679658496677,
                62.319328687246184
              ],
              [
                16.525407200146013,
                62.3198234738447
              ],
              [
                16.530427221289862,
                62.3197180336724
              ],
              [
                16.532414936123985,
                62.320550845487936
              ],
              [
                16.531766554338652,
                62.321613800649665
              ],
              [
                16.52746237743226,
                62.321987946602626
              ],
              [
                16.53120348194552,
                62.32541589221314
              ]
            ]
          ]
        ]
      }
    },
    {
      "id": 4154,
      "type": "Feature",
      "properties": {
        "name": "Rödmyråsen",
        "type": "Naturreservat",
        "created": "2025-09-30 18:11:10",
        "published": true,
        "manager": {
          "organizationID": 83,
          "name": "länsstyrelsen västernorrland"
        },
        "fields": [
          {
            "id": 153,
            "name": "Allmänt tillgänglig",
            "type": "DROPDOWN",
            "value": "Hela dygnet"
          },
          {
            "id": 154,
            "name": "Bokningsbar",
            "type": "TOGGLE",
            "value": "Nej"
          },
          {
            "id": 180,
            "name": "Kontakt länk",
            "type": "FREETEXT",
            "value": "http://www.lansstyrelsen.se/vasternorrland/Sv/djur-och-natur/skyddad-natur/naturreservat-i-vasternorrland/sundsvalls-kommun/rodmyrasen/Pages/default.aspx"
          }
        ],
        "centerPoint": [
          16.74602032779697,
          62.214587430157906
        ]
      },
      "geometry": {
        "type": "MultiPolygon",
        "coordinates": [
          [
            [
              [
                16.740459048077884,
                62.213632848342364
              ],
              [
                16.747571148256267,
                62.21835776397225
              ],
              [
                16.75169842626991,
                62.217551490107326
              ],
              [
                16.742640495833246,
                62.21084002923357
              ],
              [
                16.740459048077884,
                62.213632848342364
              ]
            ]
          ]
        ]
      }
    },
    {
      "id": 4245,
      "type": "Feature",
      "properties": {
        "name": "Rigåsens naturreservat",
        "type": "Naturreservat",
        "created": "2026-01-13 15:35:02",
        "published": true,
        "owner": {
          "organizationID": 83,
          "name": "länsstyrelsen västernorrland"
        },
        "manager": {
          "organizationID": 83,
          "name": "länsstyrelsen västernorrland"
        },
        "fields": [
          {
            "id": 153,
            "name": "Allmänt tillgänglig",
            "type": "DROPDOWN",
            "value": "Hela dygnet"
          },
          {
            "id": 316,
            "name": "Statusdatum",
            "type": "DATE",
            "value": "2026-01-13"
          },
          {
            "id": 154,
            "name": "Bokningsbar",
            "type": "TOGGLE",
            "value": "Nej"
          },
          {
            "id": 285,
            "name": "Felanmälan",
            "type": "Felanmälningstjänst",
            "reportName": "Kontakt Sundsvall",
            "reportDescription": "Felanmälan av motionsspår, elljusspår, leder och andra friluftsanläggningar",
            "reportLink": "https://sundsvall.se/kommun-och-politik/politik-och-demokrati/dialog-och-synpunkter/felanmalan",
            "reportPhone": "060-19 10 00",
            "reportEmail": "kontakt@sundsvall.se"
          },
          {
            "id": 1,
            "name": "Beskrivning",
            "type": "FREETEXT",
            "value": "Djupt inne i Medelpads skogar grundades någon gång under 1700-talet det högt belägna nybygget Rigåsen. Här levde människor ända in på 1940-talet. Som besökare kan du njuta av blomsterprakten och tystnaden. Vissa av byggnaderna är bevarade och står öppna för besökare. I bagarstugan med kamin går det även att övernatta."
          },
          {
            "id": 180,
            "name": "Kontakt länk",
            "type": "FREETEXT",
            "value": "https://www.lansstyrelsen.se/vasternorrland/besoksmal/naturreservat/rigasen.html?sv.target=12.382c024b1800285d5863a8af&sv.12.382c024b1800285d5863a8af.route=/&searchString=&counties=&municipalities=&reserveTypes=&natureTypes=&accessibility=&facilities=&sort=none"
          }
        ],
        "centerPoint": [
          17.04850221867817,
          62.822113547217114
        ]
      },
      "geometry": {
        "type": "MultiPolygon",
        "coordinates": [
          [
            [
              [
                17.051185867063534,
                62.820755714414446
              ],
              [
                17.051944776872038,
                62.82203826251038
              ],
              [
                17.05009261277706,
                62.82285147395176
              ],
              [
                17.049378363054533,
                62.822784167376604
              ],
              [
                17.04688462440576,
                62.824146058880785
              ],
              [
                17.04590949124064,
                62.824064243636286
              ],
              [
                17.046464454067973,
                62.82370877639633
              ],
              [
                17.044988289373276,
                62.821161301241396
              ],
              [
                17.047124741305474,
                62.82012461227505
              ],
              [
                17.051185867063534,
                62.820755714414446
              ]
            ]
          ]
        ]
      }
    },
    {
      "id": 4246,
      "type": "Feature",
      "properties": {
        "name": "Rigåsens naturreservat",
        "type": "Naturreservat",
        "created": "2026-01-13 15:40:00",
        "published": true,
        "owner": {
          "organizationID": 83,
          "name": "länsstyrelsen västernorrland"
        },
        "manager": {
          "organizationID": 83,
          "name": "länsstyrelsen västernorrland"
        },
        "fields": [
          {
            "id": 153,
            "name": "Allmänt tillgänglig",
            "type": "DROPDOWN",
            "value": "Hela dygnet"
          },
          {
            "id": 154,
            "name": "Bokningsbar",
            "type": "TOGGLE",
            "value": "Nej"
          },
          {
            "id": 1,
            "name": "Beskrivning",
            "type": "FREETEXT",
            "value": "Sillre naturskog sträcker sig längs Indalsälvens sydvästra strand i 2,5 kilometer. Detta är det längsta avsnittet utmed vår länsdel av älven som inte är påverkat av modernt skogsbruk. Naturen är typisk för dalgången, med artrika raviner och stort lövinslag."
          },
          {
            "id": 180,
            "name": "Kontakt länk",
            "type": "FREETEXT",
            "value": "https://www.lansstyrelsen.se/vasternorrland/besoksmal/naturreservat/sillre-naturskog.html?sv.target=12.382c024b1800285d5863a8af&sv.12.382c024b1800285d5863a8af.route=/&searchString=&counties=&municipalities=&reserveTypes=&natureTypes=&accessibility=&facilities=&sort=none"
          }
        ],
        "centerPoint": [
          16.713331725768963,
          62.75118736622297
        ]
      },
      "geometry": {
        "type": "MultiPolygon",
        "coordinates": [
          [
            [
              [
                16.70913374090173,
                62.760994865713236
              ],
              [
                16.70544565641948,
                62.75972562591911
              ],
              [
                16.70251790309928,
                62.75953259269573
              ],
              [
                16.701250393930728,
                62.75786825861068
              ],
              [
                16.693803263079296,
                62.75493021394976
              ],
              [
                16.6950820590307,
                62.75376072940594
              ],
              [
                16.69799398435139,
                62.752388685857525
              ],
              [
                16.698970372889814,
                62.751165685049294
              ],
              [
                16.698992497622307,
                62.74981710017568
              ],
              [
                16.711044337948397,
                62.755246971346395
              ],
              [
                16.711967887669395,
                62.75527000305233
              ],
              [
                16.712573350431846,
                62.75496553840122
              ],
              [
                16.71245849671383,
                62.75470412958238
              ],
              [
                16.71189731449794,
                62.754482437650815
              ],
              [
                16.71166762496475,
                62.75395961871308
              ],
              [
                16.71248000417705,
                62.753355545264306
              ],
              [
                16.712288871102842,
                62.75263800783072
              ],
              [
                16.71275279446351,
                62.752472384239496
              ],
              [
                16.714085723011213,
                62.75225045526381
              ],
              [
                16.712543125695884,
                62.75143513149525
              ],
              [
                16.712733749706885,
                62.75128426428827
              ],
              [
                16.71611667430643,
                62.75117443195431
              ],
              [
                16.716699762352075,
                62.75091592723962
              ],
              [
                16.716782786043808,
                62.75062925076189
              ],
              [
                16.71702319073407,
                62.75047776926826
              ],
              [
                16.718066462479754,
                62.75041931151814
              ],
              [
                16.718311172004974,
                62.749913554108275
              ],
              [
                16.718595468748642,
                62.7498999718109
              ],
              [
                16.71926007148978,
                62.75001524748872
              ],
              [
                16.719499792578397,
                62.749852343477656
              ],
              [
                16.719599526712024,
                62.749682011033755
              ],
              [
                16.720232238636154,
                62.7495919957481
              ],
              [
                16.7204570564768,
                62.74917331919925
              ],
              [
                16.72078363287798,
                62.74913275518725
              ],
              [
                16.721320484781383,
                62.74945069208062
              ],
              [
                16.722056677695765,
                62.74959707192409
              ],
              [
                16.722929772294165,
                62.74952695127557
              ],
              [
                16.72407546740452,
                62.749174673952865
              ],
              [
                16.723936482475256,
                62.74884272528601
              ],
              [
                16.725899878274976,
                62.74866779258126
              ],
              [
                16.72622723473391,
                62.74812901060745
              ],
              [
                16.727461461269577,
                62.747076314148075
              ],
              [
                16.727964843449787,
                62.74648051582547
              ],
              [
                16.728109123476397,
                62.74468706285544
              ],
              [
                16.727198460059018,
                62.744282335619666
              ],
              [
                16.727192133853055,
                62.744003606353445
              ],
              [
                16.728552144867844,
                62.74288993353795
              ],
              [
                16.729872623311188,
                62.74212409971758
              ],
              [
                16.731961195362608,
                62.74120252613575
              ],
              [
                16.732560462471785,
                62.742415491418264
              ],
              [
                16.732058419485945,
                62.74269134840685
              ],
              [
                16.73183392320315,
                62.74277181638407
              ],
              [
                16.731535055002844,
                62.743113725845134
              ],
              [
                16.730087452037967,
                62.74409138870446
              ],
              [
                16.729616034263124,
                62.74506159214687
              ],
              [
                16.72967719341199,
                62.74559560082355
              ],
              [
                16.72934471048515,
                62.746385838512666
              ],
              [
                16.729722179283527,
                62.74687481781235
              ],
              [
                16.729459876998398,
                62.74716142461485
              ],
              [
                16.729252251179517,
                62.74736051639114
              ],
              [
                16.72848269781626,
                62.74783618731834
              ],
              [
                16.728368073011765,
                62.74894368456738
              ],
              [
                16.728117837637775,
                62.74926670496062
              ],
              [
                16.72740779484758,
                62.749567954265444
              ],
              [
                16.725309872288534,
                62.75000051330399
              ],
              [
                16.723665202946226,
                62.750514322557414
              ],
              [
                16.719658053413223,
                62.751372414711334
              ],
              [
                16.718609976531038,
                62.751691466492474
              ],
              [
                16.717217188877985,
                62.75242607648003
              ],
              [
                16.715779416530335,
                62.75341717390037
              ],
              [
                16.714687851359912,
                62.75436289651932
              ],
              [
                16.713820758385783,
                62.75591376029076
              ],
              [
                16.713066733817218,
                62.75683706982459
              ],
              [
                16.712164962087783,
                62.75762048692093
              ],
              [
                16.71215986337809,
                62.75787650147602
              ],
              [
                16.712028579711422,
                62.75801978860253
              ],
              [
                16.711969159184058,
                62.75819876507244
              ],
              [
                16.711266163109634,
                62.75914429498529
              ],
              [
                16.710148846939028,
                62.760167991693145
              ],
              [
                16.70913374090173,
                62.760994865713236
              ]
            ]
          ]
        ]
      }
    },
    {
      "id": 4247,
      "type": "Feature",
      "properties": {
        "name": "Långörens naturreservat",
        "type": "Naturreservat",
        "created": "2026-01-13 15:43:45",
        "published": true,
        "owner": {
          "organizationID": 83,
          "name": "länsstyrelsen västernorrland"
        },
        "manager": {
          "organizationID": 83,
          "name": "länsstyrelsen västernorrland"
        },
        "fields": [
          {
            "id": 153,
            "name": "Allmänt tillgänglig",
            "type": "DROPDOWN",
            "value": "Hela dygnet"
          },
          {
            "id": 154,
            "name": "Bokningsbar",
            "type": "TOGGLE",
            "value": "Nej"
          },
          {
            "id": 1,
            "name": "Beskrivning",
            "type": "FREETEXT",
            "value": "Från länsgränsen i söder, upp till strax söder om Galtström, sträcker sig denna oexploaterade och flikiga landhöjningskust. Här finns grunda vågskyddade vikar mellan exponerade strandsträckor. Inom reservatet finns en stor artrikedom, både på land och i vattnet. Det finns en vandringsrunda och en rastplats."
          },
          {
            "id": 180,
            "name": "Kontakt länk",
            "type": "FREETEXT",
            "value": "https://www.lansstyrelsen.se/vasternorrland/besoksmal/naturreservat/langoren?sv.target=12.382c024b1800285d5863a8af&sv.12.382c024b1800285d5863a8af.route=/&searchString=&counties=&municipalities=&reserveTypes=&natureTypes=&accessibility=&facilities=&sort=none"
          }
        ],
        "centerPoint": [
          17.517587685826527,
          62.1458755232608
        ]
      },
      "geometry": {
        "type": "MultiPolygon",
        "coordinates": [
          [
            [
              [
                17.50709928031749,
                62.151238277658784
              ],
              [
                17.506798647824258,
                62.15055788320433
              ],
              [
                17.50944916313225,
                62.15010978398215
              ],
              [
                17.508589707076062,
                62.14858222355261
              ],
              [
                17.50523977581587,
                62.147957056287666
              ],
              [
                17.502673652508935,
                62.147946324820836
              ],
              [
                17.50233858474957,
                62.1475573104387
              ],
              [
                17.50619790676533,
                62.14636728098922
              ],
              [
                17.50549682635388,
                62.14586559442661
              ],
              [
                17.506585384888538,
                62.14455422017195
              ],
              [
                17.508620103709678,
                62.144345895187314
              ],
              [
                17.511356064717877,
                62.143461837385466
              ],
              [
                17.51166348137314,
                62.14304475412613
              ],
              [
                17.508831014821332,
                62.14246744169396
              ],
              [
                17.507176437279014,
                62.14284034571226
              ],
              [
                17.502532823830308,
                62.1451762259815
              ],
              [
                17.500376983221106,
                62.14539807911431
              ],
              [
                17.497294819347154,
                62.144162065764185
              ],
              [
                17.497791652714415,
                62.14248422990234
              ],
              [
                17.493163911139476,
                62.14074520749599
              ],
              [
                17.49069687920908,
                62.141932688560196
              ],
              [
                17.48839858997891,
                62.14220264310768
              ],
              [
                17.489758849860475,
                62.14092081476759
              ],
              [
                17.488197130218893,
                62.139748691330986
              ],
              [
                17.491620834321267,
                62.139801397363975
              ],
              [
                17.4911940334513,
                62.13758011542856
              ],
              [
                17.48800039142564,
                62.137351806813925
              ],
              [
                17.524279353152327,
                62.13309408082085
              ],
              [
                17.546553491038026,
                62.146803040735776
              ],
              [
                17.52977573941053,
                62.152140249896604
              ],
              [
                17.517826298806135,
                62.1583020751551
              ],
              [
                17.509426319280617,
                62.158683194546526
              ],
              [
                17.50626732813558,
                62.157425891824275
              ],
              [
                17.50803046710709,
                62.15510783222332
              ],
              [
                17.507270116829414,
                62.15477868561883
              ],
              [
                17.50881652456814,
                62.15132147151549
              ],
              [
                17.50709928031749,
                62.151238277658784
              ]
            ]
          ]
        ]
      }
    },
    {
      "id": 4248,
      "type": "Feature",
      "properties": {
        "name": "Bengtsmyran och Billmyrans naturreservat",
        "type": "Naturreservat",
        "created": "2026-01-13 15:46:01",
        "published": true,
        "owner": {
          "organizationID": 83,
          "name": "länsstyrelsen västernorrland"
        },
        "manager": {
          "organizationID": 83,
          "name": "länsstyrelsen västernorrland"
        },
        "fields": [
          {
            "id": 153,
            "name": "Allmänt tillgänglig",
            "type": "DROPDOWN",
            "value": "Hela dygnet"
          },
          {
            "id": 154,
            "name": "Bokningsbar",
            "type": "TOGGLE",
            "value": "Nej"
          },
          {
            "id": 1,
            "name": "Beskrivning",
            "type": "FREETEXT",
            "value": "Bengtsmyran och Billmyran är länets allra sydligast belägna våtmarkskomplex. Det är mosaikartat med omväxlande öppna och trädbärande våtmarker, skogsholmar, sumpskogar och tjärnar."
          },
          {
            "id": 180,
            "name": "Kontakt länk",
            "type": "FREETEXT",
            "value": "https://www.lansstyrelsen.se/vasternorrland/besoksmal/naturreservat/bengtsmyran-och-billmyran?sv.target=12.382c024b1800285d5863a8af&sv.12.382c024b1800285d5863a8af.route=/&searchString=&counties=&municipalities=&reserveTypes=&natureTypes=&accessibility=&facilities=&sort=none"
          }
        ],
        "centerPoint": [
          17.246788298396122,
          62.165186000162855
        ]
      },
      "geometry": {
        "type": "MultiPolygon",
        "coordinates": [
          [
            [
              [
                17.24874226335232,
                62.17504073629354
              ],
              [
                17.24780700231841,
                62.173970121435524
              ],
              [
                17.253000934271775,
                62.171485557632245
              ],
              [
                17.255251363123758,
                62.168877307927396
              ],
              [
                17.2538405193654,
                62.1679859190357
              ],
              [
                17.249244072516507,
                62.16863211384144
              ],
              [
                17.250358796783374,
                62.167185326020956
              ],
              [
                17.252524229779596,
                62.163435556235434
              ],
              [
                17.25114766401328,
                62.163000762111196
              ],
              [
                17.249464328309593,
                62.16337099790909
              ],
              [
                17.24757231225161,
                62.16751631093882
              ],
              [
                17.24386840393361,
                62.16866216114588
              ],
              [
                17.24157379803842,
                62.16738493719583
              ],
              [
                17.244325873646833,
                62.1649401936513
              ],
              [
                17.241989751060867,
                62.16474944345661
              ],
              [
                17.240752648557212,
                62.16619813886558
              ],
              [
                17.238403808714704,
                62.16583609481329
              ],
              [
                17.234716691498967,
                62.16886727412603
              ],
              [
                17.23275078087885,
                62.16872753809646
              ],
              [
                17.230987104095565,
                62.166355795411555
              ],
              [
                17.239426433947127,
                62.1647909172023
              ],
              [
                17.238929428433245,
                62.163027397864816
              ],
              [
                17.23634113480926,
                62.16438359986291
              ],
              [
                17.23327695540238,
                62.16426160538312
              ],
              [
                17.23116837034738,
                62.16218116310404
              ],
              [
                17.23270462758102,
                62.15815612400336
              ],
              [
                17.239517562796085,
                62.15776036931451
              ],
              [
                17.240494239199357,
                62.15940182925391
              ],
              [
                17.243658274388288,
                62.15757904233043
              ],
              [
                17.2488641947607,
                62.15858038369647
              ],
              [
                17.249894688430345,
                62.15764928704444
              ],
              [
                17.24879553983794,
                62.15600987313406
              ],
              [
                17.25020474090642,
                62.15524406453766
              ],
              [
                17.257587010645437,
                62.15758123041296
              ],
              [
                17.259736849328537,
                62.16183221664521
              ],
              [
                17.25982349356424,
                62.164631026304505
              ],
              [
                17.257572422313338,
                62.1655820973207
              ],
              [
                17.263040375813222,
                62.17006464895175
              ],
              [
                17.26194323140557,
                62.17173984597738
              ],
              [
                17.257721171636536,
                62.17249449708873
              ],
              [
                17.254939761296985,
                62.17453995747621
              ],
              [
                17.24874226335232,
                62.17504073629354
              ]
            ]
          ]
        ]
      }
    },
    {
      "id": 4249,
      "type": "Feature",
      "properties": {
        "name": "Sidsjö naturreservat",
        "type": "Naturreservat",
        "created": "2026-01-13 15:51:03",
        "updated": "2026-03-23 14:39:55",
        "published": true,
        "childObjects": [
          206,
          207,
          208,
          209
        ],
        "owner": {
          "organizationID": 174,
          "name": "Sundsvalls kommun Stadsbyggnadskontoret"
        },
        "manager": {
          "organizationID": 174,
          "name": "Sundsvalls kommun Stadsbyggnadskontoret"
        },
        "fields": [
          {
            "id": 153,
            "name": "Allmänt tillgänglig",
            "type": "DROPDOWN",
            "value": "Hela dygnet"
          },
          {
            "id": 154,
            "name": "Bokningsbar",
            "type": "TOGGLE",
            "value": "Nej"
          },
          {
            "id": 285,
            "name": "Felanmälan",
            "type": "Felanmälningstjänst",
            "reportName": "Kontakt Sundsvall",
            "reportDescription": "Felanmälan av motionsspår, elljusspår, leder och andra friluftsanläggningar",
            "reportLink": "https://sundsvall.se/kommun-och-politik/politik-och-demokrati/dialog-och-synpunkter/felanmalan",
            "reportPhone": "060-19 10 00",
            "reportEmail": "kontakt@sundsvall.se"
          },
          {
            "id": 1,
            "name": "Beskrivning",
            "type": "FREETEXT",
            "value": "Sidsjö är ett populärt tätortsnära friluftsområde som även är ett kommunalt naturreservat. Här kan du promenera och paddla. Vintertid finns det skidspår och skidbacke."
          },
          {
            "id": 180,
            "name": "Kontakt länk",
            "type": "FREETEXT",
            "value": "https://www.lansstyrelsen.se/vasternorrland/besoksmal/naturreservat/sidsjo?sv.target=12.382c024b1800285d5863a8af&sv.12.382c024b1800285d5863a8af.route=/&searchString=&counties=&municipalities=&reserveTypes=&natureTypes=&accessibility=&facilities=&sort=none"
          }
        ],
        "centerPoint": [
          17.276398809477563,
          62.36948885822707
        ]
      },
      "geometry": {
        "type": "MultiPolygon",
        "coordinates": [
          [
            [
              [
                17.279766136161435,
                62.37899432652765
              ],
              [
                17.277101655289318,
                62.37859219681451
              ],
              [
                17.27734384167712,
                62.37789105021011
              ],
              [
                17.275531468016503,
                62.37801212308603
              ],
              [
                17.275411654515047,
                62.378379817623845
              ],
              [
                17.274008048862914,
                62.37804844744966
              ],
              [
                17.273375629266003,
                62.3774987447327
              ],
              [
                17.273259012644374,
                62.376609168380064
              ],
              [
                17.274079301538503,
                62.37639004338755
              ],
              [
                17.27430264991252,
                62.37608923365102
              ],
              [
                17.273272611917523,
                62.37548888055829
              ],
              [
                17.271695831048696,
                62.375468906592694
              ],
              [
                17.27042648935753,
                62.374632424795124
              ],
              [
                17.26911968957001,
                62.37362510497358
              ],
              [
                17.268228695356058,
                62.37225669174352
              ],
              [
                17.267474486124634,
                62.370417446470356
              ],
              [
                17.266632374693785,
                62.369368246409934
              ],
              [
                17.265573838060078,
                62.36871115862246
              ],
              [
                17.26352279032123,
                62.367944488405726
              ],
              [
                17.26094714156908,
                62.367072020640805
              ],
              [
                17.258209915434296,
                62.3663392795152
              ],
              [
                17.257143398494673,
                62.365899414876104
              ],
              [
                17.25594430407961,
                62.365004524446846
              ],
              [
                17.256496658648476,
                62.364824131049126
              ],
              [
                17.25696388728587,
                62.36514800042332
              ],
              [
                17.258102599352817,
                62.36491237229378
              ],
              [
                17.257775942151287,
                62.36449479274525
              ],
              [
                17.256121734546753,
                62.36441875931675
              ],
              [
                17.25856424836359,
                62.36385339485974
              ],
              [
                17.256716855254716,
                62.36284331167504
              ],
              [
                17.25550363295358,
                62.363068706776495
              ],
              [
                17.25450042584009,
                62.3621592009835
              ],
              [
                17.25801677338978,
                62.36115356134861
              ],
              [
                17.260273585662343,
                62.36073975595789
              ],
              [
                17.26087892375511,
                62.360284182510306
              ],
              [
                17.261706598188027,
                62.360167868399195
              ],
              [
                17.262970405786508,
                62.360615917793
              ],
              [
                17.2631120772614,
                62.361516521692366
              ],
              [
                17.262826561112362,
                62.36229835163965
              ],
              [
                17.261596571716304,
                62.36262693686774
              ],
              [
                17.26183736691142,
                62.36353735972798
              ],
              [
                17.26171300242831,
                62.36449943423994
              ],
              [
                17.26114936092202,
                62.365182917025514
              ],
              [
                17.261899870589605,
                62.36567360518781
              ],
              [
                17.26389640497697,
                62.36637260898553
              ],
              [
                17.26556583963848,
                62.36632258204659
              ],
              [
                17.26709168211971,
                62.36665203885599
              ],
              [
                17.26877492940067,
                62.366784616285045
              ],
              [
                17.270448235092463,
                62.366460166090945
              ],
              [
                17.271216528349417,
                62.36620761495166
              ],
              [
                17.271860983101337,
                62.36529418479829
              ],
              [
                17.271900158873706,
                62.36483637523462
              ],
              [
                17.27277225966921,
                62.364330676165544
              ],
              [
                17.27259582327613,
                62.36362494413644
              ],
              [
                17.272824175924086,
                62.362741161715775
              ],
              [
                17.273435786944063,
                62.362045414974126
              ],
              [
                17.273161440161363,
                62.36102126361902
              ],
              [
                17.275721531936018,
                62.36071654262186
              ],
              [
                17.277002350806693,
                62.36106132583924
              ],
              [
                17.27763794553405,
                62.36165667486903
              ],
              [
                17.27810221075687,
                62.36161478689631
              ],
              [
                17.2786245995528,
                62.3613662182522
              ],
              [
                17.279167459336943,
                62.36171163534675
              ],
              [
                17.27900931732457,
                62.3618970940101
              ],
              [
                17.28239072778159,
                62.362687438748246
              ],
              [
                17.285608231430494,
                62.36229174660581
              ],
              [
                17.288301811739277,
                62.361801732482505
              ],
              [
                17.289963387665235,
                62.362620167846224
              ],
              [
                17.290125424504115,
                62.363131821228436
              ],
              [
                17.29079354624991,
                62.364149464052836
              ],
              [
                17.29263937315799,
                62.36544486923619
              ],
              [
                17.293490285803127,
                62.366276619521756
              ],
              [
                17.294191017504883,
                62.36739657423243
              ],
              [
                17.295712586214886,
                62.36830868930606
              ],
              [
                17.297041873772464,
                62.369601131004124
              ],
              [
                17.297799194918397,
                62.370171526705064
              ],
              [
                17.296132838723288,
                62.37090764879211
              ],
              [
                17.29407502433805,
                62.37135303985905
              ],
              [
                17.2950243228674,
                62.37250318259328
              ],
              [
                17.287218139245823,
                62.37406034691168
              ],
              [
                17.286267511966262,
                62.373858808293456
              ],
              [
                17.28232205046805,
                62.37505505956982
              ],
              [
                17.282025350379417,
                62.37600855486891
              ],
              [
                17.28208437464763,
                62.37678477822393
              ],
              [
                17.28301569451716,
                62.377055238376094
              ],
              [
                17.282049991920967,
                62.3779511283326
              ],
              [
                17.281468629298963,
                62.378074950589074
              ],
              [
                17.279766136161435,
                62.37899432652765
              ]
            ]
          ]
        ]
      }
    },
    {
      "id": 4250,
      "type": "Feature",
      "properties": {
        "name": "Norra stadsbergets naturreservat",
        "type": "Naturreservat",
        "created": "2026-01-13 15:56:07",
        "published": true,
        "owner": {
          "organizationID": 174,
          "name": "Sundsvalls kommun Stadsbyggnadskontoret"
        },
        "manager": {
          "organizationID": 174,
          "name": "Sundsvalls kommun Stadsbyggnadskontoret"
        },
        "fields": [
          {
            "id": 153,
            "name": "Allmänt tillgänglig",
            "type": "DROPDOWN",
            "value": "Hela dygnet"
          },
          {
            "id": 154,
            "name": "Bokningsbar",
            "type": "TOGGLE",
            "value": "Nej"
          },
          {
            "id": 285,
            "name": "Felanmälan",
            "type": "Felanmälningstjänst",
            "reportName": "Kontakt Sundsvall",
            "reportDescription": "Felanmälan av motionsspår, elljusspår, leder och andra friluftsanläggningar",
            "reportLink": "https://sundsvall.se/kommun-och-politik/politik-och-demokrati/dialog-och-synpunkter/felanmalan",
            "reportPhone": "060-19 10 00",
            "reportEmail": "kontakt@sundsvall.se"
          },
          {
            "id": 1,
            "name": "Beskrivning",
            "type": "FREETEXT",
            "value": "Norra Stadsberget är ett välbesökt stadsnära naturområde i Sundsvall. Här finns friluftsmuseum, kaféer och en mängd stigar och motionsspår. Berget och det lättillgängliga skogsområdet har en spännande och varierad flora. Området är skyddat som kommunalt naturreservat."
          },
          {
            "id": 180,
            "name": "Kontakt länk",
            "type": "FREETEXT",
            "value": "https://www.lansstyrelsen.se/vasternorrland/besoksmal/naturreservat/norra-stadsberget"
          }
        ],
        "centerPoint": [
          17.29301090967482,
          62.40125002808157
        ]
      },
      "geometry": {
        "type": "MultiPolygon",
        "coordinates": [
          [
            [
              [
                17.309227364675177,
                62.40069636474782
              ],
              [
                17.307684387625653,
                62.40177344047428
              ],
              [
                17.30690580277149,
                62.40318072023449
              ],
              [
                17.30554366460295,
                62.40404904574452
              ],
              [
                17.305193857623397,
                62.404626302641844
              ],
              [
                17.303708607895203,
                62.40517662511496
              ],
              [
                17.299316115975895,
                62.40572923379666
              ],
              [
                17.2977764473706,
                62.405571771416454
              ],
              [
                17.295869308854467,
                62.40576322905358
              ],
              [
                17.293350595361417,
                62.40569042732087
              ],
              [
                17.28988634156042,
                62.4054959761351
              ],
              [
                17.288483919616027,
                62.40519900461459
              ],
              [
                17.286706968465865,
                62.4051596113452
              ],
              [
                17.284160492263183,
                62.40472136398301
              ],
              [
                17.28213750366164,
                62.404685948012016
              ],
              [
                17.27866363987592,
                62.40371418998201
              ],
              [
                17.27903477527821,
                62.403410958107045
              ],
              [
                17.276808757995962,
                62.40264731753806
              ],
              [
                17.276175952300875,
                62.40274909371627
              ],
              [
                17.275997119925563,
                62.40234056473615
              ],
              [
                17.27525792517809,
                62.401689747074165
              ],
              [
                17.277713820746573,
                62.40094099433938
              ],
              [
                17.27773180710683,
                62.400529248494045
              ],
              [
                17.27479912724713,
                62.40018858488018
              ],
              [
                17.276834601268153,
                62.399743872155014
              ],
              [
                17.278259837382254,
                62.39969770692582
              ],
              [
                17.27800924071638,
                62.39899319431161
              ],
              [
                17.276678978102368,
                62.398992087345505
              ],
              [
                17.27625067615364,
                62.39854191906576
              ],
              [
                17.27847179362366,
                62.398597032701595
              ],
              [
                17.27941942580856,
                62.39810149883121
              ],
              [
                17.278887482530585,
                62.397584460114075
              ],
              [
                17.280458485581644,
                62.397513025826804
              ],
              [
                17.283407132094315,
                62.397418994234314
              ],
              [
                17.285445769028655,
                62.3970198183355
              ],
              [
                17.287515700925873,
                62.397031550608176
              ],
              [
                17.289288684907696,
                62.397025274537405
              ],
              [
                17.291086446885952,
                62.396698549009734
              ],
              [
                17.29160776341982,
                62.39771860888244
              ],
              [
                17.30108809785876,
                62.396716517424125
              ],
              [
                17.3043458296602,
                62.39679980232048
              ],
              [
                17.30520861672333,
                62.396488360125076
              ],
              [
                17.3073154010956,
                62.396979220439306
              ],
              [
                17.30946090951035,
                62.39733225694323
              ],
              [
                17.31085789000311,
                62.39756052977316
              ],
              [
                17.307376881387714,
                62.398418303019476
              ],
              [
                17.307559618472947,
                62.40015253818797
              ],
              [
                17.309227364675177,
                62.40069636474782
              ]
            ]
          ]
        ]
      }
    },
    {
      "id": 1870,
      "type": "Feature",
      "properties": {
        "name": "Sönnansjöbergens naturreservat",
        "type": "Naturreservat",
        "created": "2021-07-28 10:37:29",
        "updated": "2021-07-28 10:49:21",
        "deleted": "2021-07-28 10:58:07"
      },
      "geometry": null
    }
  ]
}