{
  "type": "FeatureCollection",
  "features": [
    {
      "id": 1215,
      "type": "Feature",
      "properties": {
        "name": "Rännösjön runt springstig",
        "type": "Springstig",
        "created": "2019-11-22 12:40:33",
        "updated": "2026-03-13 12:52:29",
        "published": false
      },
      "geometry": null
    },
    {
      "id": 1216,
      "type": "Feature",
      "properties": {
        "name": "Åtjärns springstig",
        "type": "Springstig",
        "created": "2019-11-22 12:50:29",
        "updated": "2021-09-20 10:50:51",
        "published": false
      },
      "geometry": null
    },
    {
      "id": 1217,
      "type": "Feature",
      "properties": {
        "name": "Näset springstig",
        "type": "Springstig",
        "created": "2019-11-22 12:53:18",
        "updated": "2021-09-20 10:50:36",
        "published": false
      },
      "geometry": null
    },
    {
      "id": 1417,
      "type": "Feature",
      "properties": {
        "name": "Nedansjö trail",
        "type": "Springstig",
        "created": "2019-12-16 15:46:22",
        "published": false
      },
      "geometry": null
    },
    {
      "id": 1418,
      "type": "Feature",
      "properties": {
        "name": "Nedansjö trail 4 km",
        "type": "Springstig",
        "created": "2019-12-16 15:52:12",
        "updated": "2019-12-16 15:52:28",
        "published": false
      },
      "geometry": null
    },
    {
      "id": 3140,
      "type": "Feature",
      "properties": {
        "name": "Svarttjärnsrundan springstig",
        "type": "Springstig",
        "created": "2022-01-25 11:03:16",
        "updated": "2024-11-07 10:18:56",
        "published": true,
        "owner": {
          "organizationID": 260,
          "name": "Sundsvalls OK"
        },
        "manager": {
          "organizationID": 260,
          "name": "Sundsvalls OK"
        },
        "fields": [
          {
            "id": 109,
            "name": "Svårighet",
            "type": "DROPDOWN",
            "value": "Svår"
          },
          {
            "id": 134,
            "name": "Ledgrupp",
            "type": "DROPDOWN",
            "value": "Sundsvalls springstigar"
          },
          {
            "id": 220,
            "name": "Ledtyp",
            "type": "DROPDOWN",
            "value": "Iordningställd"
          },
          {
            "id": 274,
            "name": "Led",
            "type": "COMBINEDTRAIL",
            "referencedObjects": [
              {
                "objectID": 2030,
                "fieldID": 262,
                "direction": "NORMAL"
              },
              {
                "objectID": 2031,
                "fieldID": 262,
                "direction": "NORMAL"
              },
              {
                "objectID": 2032,
                "fieldID": 262,
                "direction": "NORMAL"
              },
              {
                "objectID": 2033,
                "fieldID": 262,
                "direction": "NORMAL"
              },
              {
                "objectID": 2034,
                "fieldID": 262,
                "direction": "NORMAL"
              },
              {
                "objectID": 2035,
                "fieldID": 262,
                "direction": "NORMAL"
              },
              {
                "objectID": 2036,
                "fieldID": 262,
                "direction": "NORMAL"
              },
              {
                "objectID": 2037,
                "fieldID": 262,
                "direction": "NORMAL"
              },
              {
                "objectID": 2056,
                "fieldID": 262,
                "direction": "NORMAL"
              },
              {
                "objectID": 2051,
                "fieldID": 262,
                "direction": "REVERSED"
              },
              {
                "objectID": 3737,
                "fieldID": 262,
                "direction": "NORMAL"
              },
              {
                "objectID": 2041,
                "fieldID": 262,
                "direction": "NORMAL"
              },
              {
                "objectID": 2042,
                "fieldID": 262,
                "direction": "NORMAL"
              },
              {
                "objectID": 2043,
                "fieldID": 262,
                "direction": "NORMAL"
              },
              {
                "objectID": 2044,
                "fieldID": 262,
                "direction": "NORMAL"
              },
              {
                "objectID": 2045,
                "fieldID": 262,
                "direction": "NORMAL"
              },
              {
                "objectID": 2046,
                "fieldID": 262,
                "direction": "NORMAL"
              },
              {
                "objectID": 2047,
                "fieldID": 262,
                "direction": "NORMAL"
              },
              {
                "objectID": 3132,
                "fieldID": 262,
                "direction": "NORMAL"
              },
              {
                "objectID": 3133,
                "fieldID": 262,
                "direction": "NORMAL"
              },
              {
                "objectID": 3134,
                "fieldID": 262,
                "direction": "NORMAL"
              },
              {
                "objectID": 2087,
                "fieldID": 262,
                "direction": "NORMAL"
              },
              {
                "objectID": 2089,
                "fieldID": 262,
                "direction": "NORMAL"
              },
              {
                "objectID": 2090,
                "fieldID": 262,
                "direction": "NORMAL"
              },
              {
                "objectID": 3135,
                "fieldID": 262,
                "direction": "NORMAL"
              },
              {
                "objectID": 2050,
                "fieldID": 262,
                "direction": "NORMAL"
              },
              {
                "objectID": 2070,
                "fieldID": 262,
                "direction": "REVERSED"
              },
              {
                "objectID": 3136,
                "fieldID": 262,
                "direction": "NORMAL"
              },
              {
                "objectID": 3137,
                "fieldID": 262,
                "direction": "NORMAL"
              },
              {
                "objectID": 3138,
                "fieldID": 262,
                "direction": "NORMAL"
              },
              {
                "objectID": 2174,
                "fieldID": 262,
                "direction": "NORMAL"
              },
              {
                "objectID": 2175,
                "fieldID": 262,
                "direction": "NORMAL"
              },
              {
                "objectID": 2176,
                "fieldID": 262,
                "direction": "NORMAL"
              },
              {
                "objectID": 4014,
                "fieldID": 262,
                "direction": "REVERSED"
              },
              {
                "objectID": 4013,
                "fieldID": 262,
                "direction": "REVERSED"
              },
              {
                "objectID": 2207,
                "fieldID": 262,
                "direction": "REVERSED"
              },
              {
                "objectID": 2206,
                "fieldID": 262,
                "direction": "REVERSED"
              },
              {
                "objectID": 2205,
                "fieldID": 262,
                "direction": "REVERSED"
              },
              {
                "objectID": 3361,
                "fieldID": 262,
                "direction": "REVERSED"
              },
              {
                "objectID": 2204,
                "fieldID": 262,
                "direction": "REVERSED"
              },
              {
                "objectID": 2245,
                "fieldID": 262,
                "direction": "NORMAL"
              },
              {
                "objectID": 3264,
                "fieldID": 262,
                "direction": "NORMAL"
              },
              {
                "objectID": 3265,
                "fieldID": 262,
                "direction": "NORMAL"
              },
              {
                "objectID": 2242,
                "fieldID": 262,
                "direction": "NORMAL"
              },
              {
                "objectID": 2234,
                "fieldID": 262,
                "direction": "REVERSED"
              },
              {
                "objectID": 2238,
                "fieldID": 262,
                "direction": "NORMAL"
              },
              {
                "objectID": 2239,
                "fieldID": 262,
                "direction": "NORMAL"
              },
              {
                "objectID": 3139,
                "fieldID": 262,
                "direction": "NORMAL"
              },
              {
                "objectID": 2058,
                "fieldID": 262,
                "direction": "REVERSED"
              },
              {
                "objectID": 2057,
                "fieldID": 262,
                "direction": "REVERSED"
              },
              {
                "objectID": 2031,
                "fieldID": 262,
                "direction": "REVERSED"
              },
              {
                "objectID": 2030,
                "fieldID": 262,
                "direction": "REVERSED"
              }
            ]
          },
          {
            "id": 99,
            "name": "Längd (meter)",
            "type": "INTEGER",
            "value": 15000
          },
          {
            "id": 281,
            "name": "Sorteringsordning",
            "type": "INTEGER",
            "value": 32
          },
          {
            "id": 102,
            "name": "Öppen",
            "type": "TOGGLE",
            "value": "Ja"
          },
          {
            "id": 103,
            "name": "Belysning",
            "type": "TOGGLE",
            "value": "Nej"
          },
          {
            "id": 108,
            "name": "Tillgänglighetsanpassad",
            "type": "TOGGLE",
            "value": "Nej"
          },
          {
            "id": 110,
            "name": "Beskrivning",
            "type": "FREETEXT",
            "value": "Omväxlande breda stigar med fint underlag och smala skogsstigar som kräver mer teknisk löpning. Förutom de klassiska stråken runt Fågelberget får man även uppleva några mer okända delar av Södra Berget-terrängen."
          }
        ],
        "centerPoint": [
          17.301752776864035,
          62.35383898081753
        ]
      },
      "geometry": {
        "type": "LineString",
        "coordinates": [
          [
            17.27296309091586,
            62.367586713131615
          ],
          [
            17.273071356726362,
            62.36749326929395
          ],
          [
            17.27326568183214,
            62.367389123485374
          ],
          [
            17.273501571527497,
            62.36731166500726
          ],
          [
            17.273841920452636,
            62.36724014345696
          ],
          [
            17.27405556911495,
            62.367129372174446
          ],
          [
            17.274577014750395,
            62.36704249312495
          ],
          [
            17.27494091462123,
            62.36701831650242
          ],
          [
            17.27518806016297,
            62.3669701590105
          ],
          [
            17.27518806016297,
            62.3669701590105
          ],
          [
            17.27544548905556,
            62.366905599918084
          ],
          [
            17.2755869618262,
            62.36680470878195
          ],
          [
            17.275681374225634,
            62.36666246096633
          ],
          [
            17.2756534854348,
            62.36655288085941
          ],
          [
            17.27560255879151,
            62.36643309651181
          ],
          [
            17.275731232897694,
            62.365840541042694
          ],
          [
            17.27596812611831,
            62.36561830647552
          ],
          [
            17.27609502525706,
            62.365449556182284
          ],
          [
            17.276204768721023,
            62.365160650607606
          ],
          [
            17.276185581508958,
            62.36499866962244
          ],
          [
            17.276192986611967,
            62.36492010970212
          ],
          [
            17.276246708229472,
            62.36486722622489
          ],
          [
            17.27637667640417,
            62.3647612213828
          ],
          [
            17.27652913757858,
            62.36465497166271
          ],
          [
            17.27660434297593,
            62.364580930300015
          ],
          [
            17.27664399826272,
            62.36447065155679
          ],
          [
            17.276694387246497,
            62.36434978314354
          ],
          [
            17.276892140234064,
            62.36401810015546
          ],
          [
            17.276943280694546,
            62.363912920048605
          ],
          [
            17.276969861937015,
            62.36376615203852
          ],
          [
            17.27699185365994,
            62.36373242563316
          ],
          [
            17.277042005589387,
            62.363655512572315
          ],
          [
            17.277042005589387,
            62.363655512572315
          ],
          [
            17.276851175361603,
            62.3634527544055
          ],
          [
            17.276602245872542,
            62.36319708736336
          ],
          [
            17.276519040310383,
            62.36315488982618
          ],
          [
            17.27640731119342,
            62.36312681785396
          ],
          [
            17.27623584379082,
            62.363116325509694
          ],
          [
            17.276032967664708,
            62.36308024024109
          ],
          [
            17.27566397941698,
            62.36302480885626
          ],
          [
            17.275719550536877,
            62.362667339932734
          ],
          [
            17.275787390545766,
            62.36249111993192
          ],
          [
            17.275758060542284,
            62.36225721993368
          ],
          [
            17.27564280053944,
            62.36211362993704
          ],
          [
            17.275626320543797,
            62.36204923993869
          ],
          [
            17.27561918054215,
            62.36195506993065
          ],
          [
            17.27556457054831,
            62.36177006993875
          ],
          [
            17.275597650546427,
            62.361594419931876
          ],
          [
            17.275436439025114,
            62.36147307651703
          ],
          [
            17.275436439025114,
            62.36147307651703
          ],
          [
            17.275436439025114,
            62.36147307651703
          ],
          [
            17.275436439025114,
            62.36147307651703
          ],
          [
            17.27536198164715,
            62.361424243709706
          ],
          [
            17.275243755935865,
            62.361325154755335
          ],
          [
            17.275079623569795,
            62.361204297673346
          ],
          [
            17.274985391884886,
            62.36115737937031
          ],
          [
            17.274899806077443,
            62.36112543459141
          ],
          [
            17.27480559150593,
            62.361098605633366
          ],
          [
            17.274682973877844,
            62.361080332460936
          ],
          [
            17.27454875448677,
            62.36106883547864
          ],
          [
            17.27443045780211,
            62.36106746554776
          ],
          [
            17.274293839264875,
            62.3610743893224
          ],
          [
            17.27412763785116,
            62.361112309173954
          ],
          [
            17.274047607894254,
            62.36111925877811
          ],
          [
            17.273914124264394,
            62.3611169857127
          ],
          [
            17.273757875359383,
            62.361107500688476
          ],
          [
            17.273757875359383,
            62.361107500688476
          ],
          [
            17.273606343333096,
            62.36108594755726
          ],
          [
            17.2734615850549,
            62.361057313802135
          ],
          [
            17.27311418577528,
            62.360948616009956
          ],
          [
            17.2727614753432,
            62.3608621431483
          ],
          [
            17.272673879772686,
            62.3608244010811
          ],
          [
            17.272611821964038,
            62.3607679740276
          ],
          [
            17.272576424232458,
            62.36069575099078
          ],
          [
            17.272486729681425,
            62.36043303218629
          ],
          [
            17.272456424422597,
            62.360376386717576
          ],
          [
            17.27244251808885,
            62.36035039343975
          ],
          [
            17.272299183567114,
            62.360204101588295
          ],
          [
            17.27226897125681,
            62.36014285102911
          ],
          [
            17.27228839406452,
            62.360030565801864
          ],
          [
            17.272315620924022,
            62.3599467311818
          ],
          [
            17.272359306203835,
            62.35986837612303
          ],
          [
            17.272377640508136,
            62.35977332726592
          ],
          [
            17.272365291516792,
            62.359658579682154
          ],
          [
            17.272366717994853,
            62.3595771717708
          ],
          [
            17.272395175600757,
            62.35948712794726
          ],
          [
            17.272515699652892,
            62.359273535583604
          ],
          [
            17.272601974235656,
            62.35890516009331
          ],
          [
            17.272653971611614,
            62.35875472194633
          ],
          [
            17.272632336840523,
            62.35852765133237
          ],
          [
            17.272630213615148,
            62.35833892118175
          ],
          [
            17.272668798531107,
            62.35810841976751
          ],
          [
            17.272746017935642,
            62.35789384722849
          ],
          [
            17.27275448714284,
            62.3577295320258
          ],
          [
            17.272841496430868,
            62.35729619532545
          ],
          [
            17.2728639702415,
            62.35723067765897
          ],
          [
            17.272969988578613,
            62.35705437702343
          ],
          [
            17.272929991005917,
            62.35687128131278
          ],
          [
            17.27280732428589,
            62.356789534848694
          ],
          [
            17.27280732428589,
            62.356789534848694
          ],
          [
            17.272753512176585,
            62.35672242917076
          ],
          [
            17.272719681853,
            62.35664863568052
          ],
          [
            17.272628052598378,
            62.35649491536436
          ],
          [
            17.272499911136116,
            62.35629369137015
          ],
          [
            17.272485531683376,
            62.35617382075553
          ],
          [
            17.272494047193277,
            62.35583791493872
          ],
          [
            17.272428025984606,
            62.355605528196655
          ],
          [
            17.272346246843664,
            62.355500203891715
          ],
          [
            17.27218569246728,
            62.35538043737479
          ],
          [
            17.27206602182394,
            62.35531809733805
          ],
          [
            17.271977150334997,
            62.35528145862711
          ],
          [
            17.27187498435398,
            62.355231695142756
          ],
          [
            17.271784124446263,
            62.35516841718906
          ],
          [
            17.271731257717537,
            62.355119740522724
          ],
          [
            17.271680457365346,
            62.35504438819195
          ],
          [
            17.271594161641048,
            62.354882142429176
          ],
          [
            17.27140278410309,
            62.35450221237455
          ],
          [
            17.271295094995917,
            62.35433742150395
          ],
          [
            17.271275980760226,
            62.35425828673185
          ],
          [
            17.271275926441913,
            62.35415427719672
          ],
          [
            17.271221854354028,
            62.35406295408846
          ],
          [
            17.27115697253621,
            62.35397586763479
          ],
          [
            17.27105785269005,
            62.35385602763283
          ],
          [
            17.27097052626552,
            62.35378426058956
          ],
          [
            17.270758862921944,
            62.35367332008503
          ],
          [
            17.27061424075876,
            62.35361821436288
          ],
          [
            17.27045511686722,
            62.35347594250498
          ],
          [
            17.27032095347587,
            62.35329473501714
          ],
          [
            17.27019164436739,
            62.35320904823742
          ],
          [
            17.270077552379806,
            62.35315424258802
          ],
          [
            17.269987691724197,
            62.353097665778954
          ],
          [
            17.269925355778067,
            62.35302689043246
          ],
          [
            17.269889569043638,
            62.35292684287487
          ],
          [
            17.269876742114754,
            62.35282987858002
          ],
          [
            17.269798027161208,
            62.35266136774478
          ],
          [
            17.26978964654805,
            62.35257206534631
          ],
          [
            17.26983588151328,
            62.35220894046715
          ],
          [
            17.2698906344497,
            62.35196920458062
          ],
          [
            17.27003355163414,
            62.351739666742546
          ],
          [
            17.270179964928996,
            62.351576218257776
          ],
          [
            17.270179964928996,
            62.351576218257776
          ],
          [
            17.270364511344752,
            62.35141507469202
          ],
          [
            17.270705526720356,
            62.351168210490215
          ],
          [
            17.27112433836014,
            62.35092500949779
          ],
          [
            17.271539260549993,
            62.35072022993558
          ],
          [
            17.27194197054657,
            62.350449639932265
          ],
          [
            17.272235090535588,
            62.350186219933576
          ],
          [
            17.272387630540766,
            62.350057109932706
          ],
          [
            17.27245141055176,
            62.349980629933064
          ],
          [
            17.272533370548985,
            62.34991463993528
          ],
          [
            17.272638790540466,
            62.34977551993426
          ],
          [
            17.27277670053659,
            62.34960623993235
          ],
          [
            17.27284000132241,
            62.34950207223016
          ],
          [
            17.273011560546802,
            62.34910938993246
          ],
          [
            17.27299111054513,
            62.34891574993438
          ],
          [
            17.272875390538918,
            62.34868864993437
          ],
          [
            17.272767810535463,
            62.34856916993365
          ],
          [
            17.27271234053845,
            62.34844884993148
          ],
          [
            17.27267797053411,
            62.34814767993298
          ],
          [
            17.272692551475416,
            62.34803397834406
          ],
          [
            17.272692551475416,
            62.34803397834406
          ],
          [
            17.272723200538696,
            62.347672789936794
          ],
          [
            17.272782090538982,
            62.34718689993813
          ],
          [
            17.27290927054485,
            62.34699084993895
          ],
          [
            17.273068010547334,
            62.34667573993478
          ],
          [
            17.273139388347474,
            62.34656448313159
          ],
          [
            17.273144150543814,
            62.34645627993135
          ],
          [
            17.273105615854988,
            62.34614663187801
          ],
          [
            17.273172367347822,
            62.34602786508879
          ],
          [
            17.273360387623747,
            62.345767313260055
          ],
          [
            17.273602485001735,
            62.34549401422877
          ],
          [
            17.273891108618947,
            62.34523161069146
          ],
          [
            17.27398204032394,
            62.34508931525084
          ],
          [
            17.274017585478745,
            62.344987150601554
          ],
          [
            17.27408567054648,
            62.344766539934135
          ],
          [
            17.274418730535388,
            62.34457250993202
          ],
          [
            17.274887924397277,
            62.34435075284447
          ],
          [
            17.274883644743817,
            62.34435277559005
          ],
          [
            17.275184560768814,
            62.34376730564479
          ],
          [
            17.275137166496293,
            62.34343596721705
          ],
          [
            17.27501440035844,
            62.34326883985163
          ],
          [
            17.27482053689554,
            62.34311377519803
          ],
          [
            17.274370425765447,
            62.34286684065658
          ],
          [
            17.274002921557017,
            62.3427260266378
          ],
          [
            17.273541711160462,
            62.342560651735
          ],
          [
            17.27311917169415,
            62.34240154068851
          ],
          [
            17.27279775495443,
            62.34226505852527
          ],
          [
            17.272630235376546,
            62.34218546351828
          ],
          [
            17.272528134667397,
            62.34211334083468
          ],
          [
            17.27239034462446,
            62.341987164246255
          ],
          [
            17.27238061822167,
            62.34191662801053
          ],
          [
            17.27237895283213,
            62.34191734530344
          ],
          [
            17.272735190673327,
            62.341927092589245
          ],
          [
            17.27310051760481,
            62.34172708136046
          ],
          [
            17.27325032921211,
            62.341594733214706
          ],
          [
            17.273321707383307,
            62.34145594299423
          ],
          [
            17.273268816778113,
            62.34133299373764
          ],
          [
            17.27329407557185,
            62.34088955327091
          ],
          [
            17.273365461215462,
            62.3404311029532
          ],
          [
            17.27335093665947,
            62.34013338125685
          ],
          [
            17.27334672633114,
            62.339726581706024
          ],
          [
            17.27340247270915,
            62.339587956209044
          ],
          [
            17.273504058053838,
            62.3394740931125
          ],
          [
            17.27386143006781,
            62.33928186679989
          ],
          [
            17.274882220893797,
            62.33884033710319
          ],
          [
            17.27528078907319,
            62.33870151595131
          ],
          [
            17.275624553564015,
            62.33862609388475
          ],
          [
            17.276125703766297,
            62.33861182242972
          ],
          [
            17.276760165875015,
            62.33856025147569
          ],
          [
            17.277919900423132,
            62.33859285474118
          ],
          [
            17.27820796894162,
            62.338562888895424
          ],
          [
            17.278455241875616,
            62.338488473390456
          ],
          [
            17.278780135700973,
            62.338422220737336
          ],
          [
            17.27918395154033,
            62.33839102044878
          ],
          [
            17.27958954003351,
            62.33839570337527
          ],
          [
            17.280900577963862,
            62.33875872767146
          ],
          [
            17.282243204015586,
            62.33897782090675
          ],
          [
            17.28305877063374,
            62.33907685393625
          ],
          [
            17.283734442684697,
            62.33907865766417
          ],
          [
            17.28439359849882,
            62.339479478508565
          ],
          [
            17.28461438764361,
            62.33962073816976
          ],
          [
            17.284915564403683,
            62.33970590186402
          ],
          [
            17.285082626214294,
            62.33972070582825
          ],
          [
            17.28528501287041,
            62.33972960269705
          ],
          [
            17.285380834401554,
            62.33974514914924
          ],
          [
            17.28547826957918,
            62.339793815913175
          ],
          [
            17.28563644283316,
            62.339869457422395
          ],
          [
            17.28582885583773,
            62.3399171212264
          ],
          [
            17.285960019300518,
            62.33992677454219
          ],
          [
            17.286874857107946,
            62.339928089923696
          ],
          [
            17.28717332509323,
            62.33995805080095
          ],
          [
            17.28766150639783,
            62.339980466997396
          ],
          [
            17.287969963662864,
            62.33997166535438
          ],
          [
            17.288667544018708,
            62.339903476107615
          ],
          [
            17.289426663276274,
            62.33987881313334
          ],
          [
            17.291030451522012,
            62.339878279015146
          ],
          [
            17.2911910384614,
            62.339875543543705
          ],
          [
            17.291194046914885,
            62.33987926169188
          ],
          [
            17.29249404534419,
            62.33985334101898
          ],
          [
            17.29249404534419,
            62.33985334101898
          ],
          [
            17.292915986824436,
            62.33995051185118
          ],
          [
            17.292981850127106,
            62.33996667730344
          ],
          [
            17.293047052329158,
            62.33997387939841
          ],
          [
            17.293591411841884,
            62.33996608446693
          ],
          [
            17.29379339542604,
            62.339971461884566
          ],
          [
            17.29396422668747,
            62.33998300759193
          ],
          [
            17.294123820877445,
            62.34000947912009
          ],
          [
            17.29418165181716,
            62.34002349274199
          ],
          [
            17.294251261210103,
            62.34002974213837
          ],
          [
            17.29434376173418,
            62.34004032460074
          ],
          [
            17.294611652935806,
            62.340088260047146
          ],
          [
            17.294713169750512,
            62.340107366443426
          ],
          [
            17.294814182557158,
            62.3401477493635
          ],
          [
            17.294990482167503,
            62.340195486139095
          ],
          [
            17.295089488546605,
            62.340257610420934
          ],
          [
            17.29513104656647,
            62.34029395952278
          ],
          [
            17.295138563695986,
            62.34033632736898
          ],
          [
            17.295123631154002,
            62.34038575556679
          ],
          [
            17.295102401661126,
            62.340428785801876
          ],
          [
            17.29506868457494,
            62.34047689460279
          ],
          [
            17.295057534055125,
            62.340524392672364
          ],
          [
            17.295067610054716,
            62.34057220660027
          ],
          [
            17.295204864662953,
            62.34068148126073
          ],
          [
            17.2952283079597,
            62.34074952556348
          ],
          [
            17.29523524532741,
            62.3408191800371
          ],
          [
            17.295257140771085,
            62.34092609813127
          ],
          [
            17.295257140771085,
            62.34092609813127
          ],
          [
            17.296178480140703,
            62.34090330058384
          ],
          [
            17.296800590549076,
            62.340948929932765
          ],
          [
            17.29766765275229,
            62.34098818096731
          ],
          [
            17.297930764710916,
            62.340994192015735
          ],
          [
            17.29838525730326,
            62.34098057226681
          ],
          [
            17.298655310401088,
            62.34092714474851
          ],
          [
            17.29885718718496,
            62.34089843092243
          ],
          [
            17.299125579842475,
            62.340875611926904
          ],
          [
            17.299496996045203,
            62.34083836846054
          ],
          [
            17.29983986965197,
            62.34082856911866
          ],
          [
            17.30013774731318,
            62.340789075550674
          ],
          [
            17.30045920106448,
            62.340754527877344
          ],
          [
            17.301188366186004,
            62.34074668043871
          ],
          [
            17.302029307667425,
            62.340598598269374
          ],
          [
            17.303293164969375,
            62.340428476168846
          ],
          [
            17.303673599496314,
            62.34036053856707
          ],
          [
            17.304042849041004,
            62.3403430563131
          ],
          [
            17.30476094970745,
            62.340387459735446
          ],
          [
            17.305227172265475,
            62.34033653902218
          ],
          [
            17.305667765082852,
            62.34028841599136
          ],
          [
            17.306091749830912,
            62.34018736391032
          ],
          [
            17.306430244283586,
            62.34003402263214
          ],
          [
            17.307049907566636,
            62.33968887538702
          ],
          [
            17.307198627330642,
            62.3394833375201
          ],
          [
            17.307661250572703,
            62.339227046574074
          ],
          [
            17.308001942367117,
            62.33915601632465
          ],
          [
            17.30822630390535,
            62.339119604343104
          ],
          [
            17.308517991592012,
            62.33911476263023
          ],
          [
            17.30866807972892,
            62.33909718420458
          ],
          [
            17.308869869063987,
            62.339048573490615
          ],
          [
            17.30954314044104,
            62.339012249012434
          ],
          [
            17.310042904584467,
            62.33901953809684
          ],
          [
            17.310333589587838,
            62.33905795829922
          ],
          [
            17.310688938702974,
            62.33906512969812
          ],
          [
            17.31108881188831,
            62.339060496550765
          ],
          [
            17.311518315910416,
            62.33904732339718
          ],
          [
            17.31175450151869,
            62.339023354010095
          ],
          [
            17.312051221090265,
            62.33902840668358
          ],
          [
            17.31218193819533,
            62.33901215227966
          ],
          [
            17.312507183115034,
            62.338937344483334
          ],
          [
            17.31319227855154,
            62.33882848078104
          ],
          [
            17.31338430105354,
            62.33878093935249
          ],
          [
            17.313632531571972,
            62.33871746792498
          ],
          [
            17.31374125372434,
            62.33869654898584
          ],
          [
            17.31386109254831,
            62.338707630405295
          ],
          [
            17.31386109254831,
            62.338707630405295
          ],
          [
            17.314042039222816,
            62.338772117816006
          ],
          [
            17.314322956341982,
            62.338890039970806
          ],
          [
            17.31442884196454,
            62.3389727645154
          ],
          [
            17.315355548901305,
            62.33946375619585
          ],
          [
            17.31561642606203,
            62.33955907204894
          ],
          [
            17.31561642606203,
            62.33955907204894
          ],
          [
            17.316136660532827,
            62.339712633198616
          ],
          [
            17.31630017680668,
            62.33975124501641
          ],
          [
            17.316406879331538,
            62.33976578349942
          ],
          [
            17.317034535958058,
            62.3397333966962
          ],
          [
            17.317212579717573,
            62.339734513129315
          ],
          [
            17.317352094054577,
            62.33974116610806
          ],
          [
            17.31780444188937,
            62.3397999588773
          ],
          [
            17.318234066748808,
            62.33982939416523
          ],
          [
            17.318843884437896,
            62.33988747816789
          ],
          [
            17.318991799850036,
            62.339896099306976
          ],
          [
            17.319115236899968,
            62.3398936782683
          ],
          [
            17.319263290451275,
            62.33987843206751
          ],
          [
            17.319520035734985,
            62.33984413655843
          ],
          [
            17.319632330308423,
            62.3398390557802
          ],
          [
            17.319725475516595,
            62.33984898661192
          ],
          [
            17.320024039957918,
            62.33991287377037
          ],
          [
            17.320130063957397,
            62.339925094822334
          ],
          [
            17.32034808218906,
            62.33991921541943
          ],
          [
            17.32104620462936,
            62.339806255212245
          ],
          [
            17.321590436709386,
            62.33973068759805
          ],
          [
            17.322524568373897,
            62.339583356260206
          ],
          [
            17.32310939253697,
            62.33950917397301
          ],
          [
            17.323446721121403,
            62.339479457765805
          ],
          [
            17.32357087695543,
            62.33947438369049
          ],
          [
            17.323577598382602,
            62.33947410899193
          ],
          [
            17.32376612053673,
            62.339568809936814
          ],
          [
            17.323981540535797,
            62.33965680993644
          ],
          [
            17.3243531475658,
            62.33974867042269
          ],
          [
            17.324826293374034,
            62.33995700823369
          ],
          [
            17.325294607095433,
            62.34019376294085
          ],
          [
            17.3258149305492,
            62.340358959934
          ],
          [
            17.325938140535676,
            62.34037844993684
          ],
          [
            17.32606817053629,
            62.34041129993507
          ],
          [
            17.326314830533697,
            62.340528409937114
          ],
          [
            17.32642076823385,
            62.340589950167995
          ],
          [
            17.32647837755764,
            62.34064856287218
          ],
          [
            17.32647837755764,
            62.34064856287218
          ],
          [
            17.32657912696046,
            62.34078539267912
          ],
          [
            17.326783568766782,
            62.34100759642979
          ],
          [
            17.327032735171233,
            62.341330556651194
          ],
          [
            17.327269451603186,
            62.34154487829335
          ],
          [
            17.32751908065445,
            62.34171301960048
          ],
          [
            17.327623919525703,
            62.34177093279225
          ],
          [
            17.32788058705287,
            62.34186055075064
          ],
          [
            17.328147535160948,
            62.3419320289419
          ],
          [
            17.32837667316416,
            62.34197385570533
          ],
          [
            17.328876625760927,
            62.34199979997031
          ],
          [
            17.329154536261516,
            62.34204027883393
          ],
          [
            17.3293630536004,
            62.342096185045634
          ],
          [
            17.329483854231814,
            62.342134581022364
          ],
          [
            17.329865552696734,
            62.34230665334149
          ],
          [
            17.33001872684359,
            62.34239992470574
          ],
          [
            17.330090779931144,
            62.34245800741867
          ],
          [
            17.330285001730058,
            62.3427360624198
          ],
          [
            17.330370867492,
            62.3429714076323
          ],
          [
            17.330366584865413,
            62.34327187739668
          ],
          [
            17.330348701864747,
            62.343467216453675
          ],
          [
            17.330328565481516,
            62.34360295578879
          ],
          [
            17.330266282759343,
            62.34376427324601
          ],
          [
            17.330200957043868,
            62.34388497370962
          ],
          [
            17.33015452707893,
            62.34394013675545
          ],
          [
            17.33015452707893,
            62.34394013675545
          ],
          [
            17.330137327231444,
            62.34400484768943
          ],
          [
            17.33017351617619,
            62.34409042493113
          ],
          [
            17.330329386714414,
            62.34422826998636
          ],
          [
            17.330504031371426,
            62.34434113341149
          ],
          [
            17.33060505228798,
            62.34438777703306
          ],
          [
            17.330820451069435,
            62.344458921029755
          ],
          [
            17.330933122008087,
            62.34448756769303
          ],
          [
            17.331101821105843,
            62.344563161870354
          ],
          [
            17.33126693601607,
            62.344700714953454
          ],
          [
            17.331484418410206,
            62.34490890131932
          ],
          [
            17.331634341362165,
            62.34505527285393
          ],
          [
            17.331683082199447,
            62.34512109364631
          ],
          [
            17.331765591599318,
            62.34530111518638
          ],
          [
            17.331791596974693,
            62.34541515260952
          ],
          [
            17.3317977588401,
            62.345467142186
          ],
          [
            17.331834904024344,
            62.34557541895448
          ],
          [
            17.331970181317324,
            62.34572366668067
          ],
          [
            17.332084357791715,
            62.34578054005734
          ],
          [
            17.333061706569488,
            62.34608543245595
          ],
          [
            17.333135640543112,
            62.34605156993075
          ],
          [
            17.3331723205366,
            62.34603882993586
          ],
          [
            17.333206640538307,
            62.34603286993745
          ],
          [
            17.33325026053318,
            62.346034829931874
          ],
          [
            17.333282620548182,
            62.34604102993351
          ],
          [
            17.333341550549914,
            62.34605350993547
          ],
          [
            17.333379490535382,
            62.34605690992968
          ],
          [
            17.333420120544144,
            62.34605757993005
          ],
          [
            17.333490110547526,
            62.346063139930116
          ],
          [
            17.33355709054954,
            62.3460673999297
          ],
          [
            17.333592040536082,
            62.34606950992894
          ],
          [
            17.33367039054534,
            62.34607088993688
          ],
          [
            17.33375143053896,
            62.346069529933324
          ],
          [
            17.333823790542404,
            62.34606831993688
          ],
          [
            17.333858520539653,
            62.34606772993007
          ],
          [
            17.333936880536932,
            62.34606910993444
          ],
          [
            17.333983400532105,
            62.34607102993335
          ],
          [
            17.334044180532416,
            62.346070009930735
          ],
          [
            17.33410217053876,
            62.346070379936315
          ],
          [
            17.334160270535744,
            62.34607209993189
          ],
          [
            17.334189320546397,
            62.34607295992949
          ],
          [
            17.334238057573657,
            62.34607561386482
          ],
          [
            17.334238057573657,
            62.34607561386482
          ],
          [
            17.334399490548417,
            62.34598052993448
          ],
          [
            17.334655110549534,
            62.34583883993653
          ],
          [
            17.334788810549167,
            62.34576923993429
          ],
          [
            17.335013670541723,
            62.34567924993644
          ],
          [
            17.33523378054201,
            62.345602819934484
          ],
          [
            17.33557273054849,
            62.34548935993059
          ],
          [
            17.335946620533893,
            62.3453780099298
          ],
          [
            17.336128080533207,
            62.34532646993338
          ],
          [
            17.33638417053202,
            62.34526558993686
          ],
          [
            17.33648132053794,
            62.34524778993455
          ],
          [
            17.33657011053159,
            62.345234179931836
          ],
          [
            17.3366505205343,
            62.34522474993501
          ],
          [
            17.336734140539495,
            62.34521929993351
          ],
          [
            17.336873060534966,
            62.3452169699299
          ],
          [
            17.337043820543215,
            62.34521409993492
          ],
          [
            17.33707855053463,
            62.34521350993152
          ],
          [
            17.33728157054379,
            62.34521548993196
          ],
          [
            17.33734566053295,
            62.34521979993357
          ],
          [
            17.337497630544185,
            62.345236109931044
          ],
          [
            17.33764680053652,
            62.3452537999334
          ],
          [
            17.33774336053137,
            62.345265649932514
          ],
          [
            17.337834340545054,
            62.3452802899361
          ],
          [
            17.337878380540488,
            62.3452876299293
          ],
          [
            17.3379663605444,
            62.34530096993237
          ],
          [
            17.338080280537252,
            62.34531251993293
          ],
          [
            17.338126800536507,
            62.34531443993731
          ],
          [
            17.33820847055043,
            62.34532114993183
          ],
          [
            17.338284450539348,
            62.345329299929936
          ],
          [
            17.33836880054522,
            62.345333269933725
          ],
          [
            17.338418110539244,
            62.345333789931196
          ],
          [
            17.33853141053341,
            62.34533726993267
          ],
          [
            17.33858092053158,
            62.3453404799296
          ],
          [
            17.338630330545396,
            62.34534233993652
          ],
          [
            17.338734630550036,
            62.34534192993015
          ],
          [
            17.33879231054102,
            62.34533826993627
          ],
          [
            17.33885867053497,
            62.345334459936424
          ],
          [
            17.338893080536117,
            62.34532983993503
          ],
          [
            17.338988070543174,
            62.345321509930976
          ],
          [
            17.33905133053228,
            62.34531505993627
          ],
          [
            17.339129050547033,
            62.34530835993696
          ],
          [
            17.339220830540853,
            62.345296039935455
          ],
          [
            17.339298240531903,
            62.34528530993188
          ],
          [
            17.339415340537286,
            62.345263129934324
          ],
          [
            17.339461020537126,
            62.34525427993624
          ],
          [
            17.339529220543643,
            62.345236969929864
          ],
          [
            17.33959701053468,
            62.34521427992859
          ],
          [
            17.339626850535765,
            62.34518817992846
          ],
          [
            17.339656490541028,
            62.34515939993337
          ],
          [
            17.339685659661697,
            62.345120719478395
          ],
          [
            17.339722940534365,
            62.345045119929736
          ],
          [
            17.33982329053988,
            62.3449195099337
          ],
          [
            17.339843720541978,
            62.34488413993481
          ],
          [
            17.33987552053766,
            62.34484588993079
          ],
          [
            17.339932140533463,
            62.34482876992958
          ],
          [
            17.33998330053271,
            62.3448157899321
          ],
          [
            17.340060080549396,
            62.34479697993552
          ],
          [
            17.34009149054406,
            62.34479106993568
          ],
          [
            17.340173650545456,
            62.34476677993691
          ],
          [
            17.340287740549755,
            62.34474330993153
          ],
          [
            17.340416400535574,
            62.3447209399298
          ],
          [
            17.34051934053162,
            62.34470303992995
          ],
          [
            17.340628900543294,
            62.344695809929846
          ],
          [
            17.34082940054487,
            62.34466549993338
          ],
          [
            17.34089760054227,
            62.344648179931454
          ],
          [
            17.341350480544836,
            62.34458397993615
          ],
          [
            17.341426443207176,
            62.34457677320268
          ],
          [
            17.341557600545567,
            62.344564329931565
          ],
          [
            17.34186804394067,
            62.34455005732958
          ],
          [
            17.342071510549786,
            62.34453950992912
          ],
          [
            17.342511430542473,
            62.344532109934065
          ],
          [
            17.34261624053739,
            62.34453841993298
          ],
          [
            17.342772530531455,
            62.34453578993136
          ],
          [
            17.342985020532822,
            62.344510659936034
          ],
          [
            17.343127288767327,
            62.344502729929125
          ],
          [
            17.34319277053395,
            62.34449907993648
          ],
          [
            17.34334822053538,
            62.34448567993207
          ],
          [
            17.343474510540748,
            62.34447007993057
          ],
          [
            17.343688470539618,
            62.344463779930244
          ],
          [
            17.34387559054673,
            62.34448487993104
          ],
          [
            17.34393326053948,
            62.34448120993367
          ],
          [
            17.344398340542956,
            62.34442487993016
          ],
          [
            17.344502950546758,
            62.34442849993034
          ],
          [
            17.344502950546758,
            62.34442849993034
          ],
          [
            17.344608820544355,
            62.34444826993016
          ],
          [
            17.344766150540945,
            62.344459089934894
          ],
          [
            17.344837920541345,
            62.34448750992947
          ],
          [
            17.34490906053281,
            62.34450786993655
          ],
          [
            17.344939050541658,
            62.344520829929166
          ],
          [
            17.34499271053292,
            62.34461421993024
          ],
          [
            17.344994810534537,
            62.34464112992878
          ],
          [
            17.34499949053704,
            62.344663949932624
          ],
          [
            17.345012740544007,
            62.34468527993626
          ],
          [
            17.345034790538048,
            62.34470780992932
          ],
          [
            17.34509156054091,
            62.34472974993193
          ],
          [
            17.345114012572964,
            62.34476394532176
          ],
          [
            17.345114012572964,
            62.34476394532176
          ],
          [
            17.345114012572964,
            62.34476394532176
          ],
          [
            17.344989446487983,
            62.34479463763698
          ],
          [
            17.344839995414194,
            62.34486930058843
          ],
          [
            17.3444991806209,
            62.345073677631014
          ],
          [
            17.344377331039937,
            62.34515807643311
          ],
          [
            17.34436933891567,
            62.34520703633302
          ],
          [
            17.344393855317822,
            62.34527516406936
          ],
          [
            17.344396355230632,
            62.34532399359306
          ],
          [
            17.344306795953294,
            62.345422711599944
          ],
          [
            17.343994360656794,
            62.34568511661634
          ],
          [
            17.34387478857756,
            62.345813481477286
          ],
          [
            17.34387828765443,
            62.345881848610574
          ],
          [
            17.343943322600445,
            62.34592021326989
          ],
          [
            17.344388573012896,
            62.34599346865067
          ],
          [
            17.34449537831221,
            62.346026498981196
          ],
          [
            17.344549687159855,
            62.34606010193068
          ],
          [
            17.344615708217884,
            62.34611800403767
          ],
          [
            17.34470276238766,
            62.34617567374062
          ],
          [
            17.344875371178667,
            62.346261713828035
          ],
          [
            17.345014203998648,
            62.34630415696916
          ],
          [
            17.345183312661565,
            62.34632183681352
          ],
          [
            17.345647587561615,
            62.34635578792061
          ],
          [
            17.34580617260115,
            62.3463735833497
          ],
          [
            17.345880984771828,
            62.34639718478316
          ],
          [
            17.34594650884617,
            62.34644532469127
          ],
          [
            17.345991547074906,
            62.3465034581751
          ],
          [
            17.346052334509874,
            62.34666401896134
          ],
          [
            17.346083598861753,
            62.34686400349203
          ],
          [
            17.346174428418053,
            62.34699492352613
          ],
          [
            17.346304009116974,
            62.34706189630751
          ],
          [
            17.34646435046683,
            62.34711386725693
          ],
          [
            17.346623456445105,
            62.34714143035375
          ],
          [
            17.346899867121035,
            62.34720188393117
          ],
          [
            17.34731388308806,
            62.3472803701136
          ],
          [
            17.347760461202526,
            62.34741627901835
          ],
          [
            17.34790129261229,
            62.34745953709179
          ],
          [
            17.34806088714707,
            62.347496860250196
          ],
          [
            17.34824975331354,
            62.347489881851374
          ],
          [
            17.348386606588054,
            62.34749325353931
          ],
          [
            17.348456067209128,
            62.347548762726895
          ],
          [
            17.348456067209128,
            62.347548762726895
          ],
          [
            17.348421563255435,
            62.34755272876552
          ],
          [
            17.348241841961492,
            62.34761314050361
          ],
          [
            17.34791540828458,
            62.34773004287398
          ],
          [
            17.347651526367486,
            62.347911776298425
          ],
          [
            17.347510138736265,
            62.34805142714055
          ],
          [
            17.3474913831124,
            62.34813129187628
          ],
          [
            17.34749655771183,
            62.34823214911193
          ],
          [
            17.347545260287145,
            62.34851309624318
          ],
          [
            17.347548800412806,
            62.34858209277559
          ],
          [
            17.3475283954043,
            62.34863011869679
          ],
          [
            17.347363618164056,
            62.34875939953686
          ],
          [
            17.34723120312504,
            62.34885115790554
          ],
          [
            17.34718824426003,
            62.34890474043539
          ],
          [
            17.347190966618324,
            62.348957810244016
          ],
          [
            17.34727607592708,
            62.34905778295211
          ],
          [
            17.347301655387348,
            62.34911060706482
          ],
          [
            17.347317985397982,
            62.349206026506884
          ],
          [
            17.347311185958393,
            62.34929638032187
          ],
          [
            17.347193448578707,
            62.34945170480688
          ],
          [
            17.34719344857002,
            62.34945170480901
          ],
          [
            17.34709392231845,
            62.34951653464232
          ],
          [
            17.346948713302826,
            62.34958187705386
          ],
          [
            17.346432599947708,
            62.3497681576007
          ],
          [
            17.34637340616514,
            62.349805316943645
          ],
          [
            17.346372286629364,
            62.34980601973957
          ],
          [
            17.34604111176452,
            62.349877400690474
          ],
          [
            17.34588044509772,
            62.34990744763854
          ],
          [
            17.345764787071094,
            62.349911419609185
          ],
          [
            17.34569489607298,
            62.34990411596784
          ],
          [
            17.3455630408499,
            62.34987461324276
          ],
          [
            17.344994472434514,
            62.34980147905492
          ],
          [
            17.34461510952113,
            62.34968990490001
          ],
          [
            17.344490976878838,
            62.34964146971699
          ],
          [
            17.34437091003704,
            62.34961587401362
          ],
          [
            17.344272002486747,
            62.349607544253224
          ],
          [
            17.344032213820622,
            62.3495630792943
          ],
          [
            17.34394702368335,
            62.3495397900773
          ],
          [
            17.343916767233207,
            62.349514547618966
          ],
          [
            17.343872728783957,
            62.34944638070915
          ],
          [
            17.343818556547188,
            62.34940659487649
          ],
          [
            17.343655967520405,
            62.34934243012523
          ],
          [
            17.34350661006671,
            62.34931042656789
          ],
          [
            17.343311829971217,
            62.34929642454794
          ],
          [
            17.34319789917955,
            62.34927749080066
          ],
          [
            17.3430921026499,
            62.349247697939596
          ],
          [
            17.34292675877679,
            62.349186255083836
          ],
          [
            17.342797735433255,
            62.34915537236635
          ],
          [
            17.34260888387966,
            62.349143996194734
          ],
          [
            17.34243361262931,
            62.349114969916485
          ],
          [
            17.342395429789143,
            62.34910462227739
          ],
          [
            17.342185703270726,
            62.34902482245471
          ],
          [
            17.342083147208015,
            62.349001723811455
          ],
          [
            17.341817038334717,
            62.348952161015596
          ],
          [
            17.341535562871005,
            62.34888526734214
          ],
          [
            17.34137194207738,
            62.34885745735425
          ],
          [
            17.341205907735592,
            62.34883909682347
          ],
          [
            17.34104890151026,
            62.348827367258
          ],
          [
            17.34078485658332,
            62.348818164159034
          ],
          [
            17.340334377325064,
            62.34878813164431
          ],
          [
            17.34012470507407,
            62.34882275067693
          ],
          [
            17.339913029999014,
            62.348874891367565
          ],
          [
            17.33970424901447,
            62.34892699984808
          ],
          [
            17.339643801198093,
            62.348934396736915
          ],
          [
            17.33951918704014,
            62.34893307764221
          ],
          [
            17.339300772335935,
            62.34890990744043
          ],
          [
            17.339132393065338,
            62.34890233945888
          ],
          [
            17.338949334013304,
            62.34889089453253
          ],
          [
            17.338771858917696,
            62.34887534942636
          ],
          [
            17.33845116680272,
            62.348834458277054
          ],
          [
            17.338293201534164,
            62.348803890122454
          ],
          [
            17.338025919945178,
            62.348787986702796
          ],
          [
            17.337921364350173,
            62.34878240693863
          ],
          [
            17.33776394832085,
            62.34876260130519
          ],
          [
            17.33763203726838,
            62.3487317456344
          ],
          [
            17.33752259935104,
            62.34868718106249
          ],
          [
            17.337415645332594,
            62.34863451220031
          ],
          [
            17.33735273019196,
            62.348593473984984
          ],
          [
            17.33724882507383,
            62.348486925610565
          ],
          [
            17.337195074495,
            62.348455209511954
          ],
          [
            17.337162889405995,
            62.348448832897134
          ],
          [
            17.33708425102032,
            62.34844027507166
          ],
          [
            17.33688410099087,
            62.348434400066445
          ],
          [
            17.336646935623595,
            62.34844104721883
          ],
          [
            17.33647689779496,
            62.34845772491015
          ],
          [
            17.33621725883137,
            62.34847807992897
          ],
          [
            17.336019642331802,
            62.34852198321149
          ],
          [
            17.335694019381375,
            62.34861171609164
          ],
          [
            17.335510532925937,
            62.34864873259514
          ],
          [
            17.335377783313376,
            62.34865826838877
          ],
          [
            17.33522531761585,
            62.34867878986149
          ],
          [
            17.335001368618123,
            62.3487202881663
          ],
          [
            17.33477734743821,
            62.34866612980363
          ],
          [
            17.33477734743821,
            62.34866612980363
          ],
          [
            17.334677230544532,
            62.348734629934675
          ],
          [
            17.33447787778535,
            62.348817290457575
          ],
          [
            17.33407567174162,
            62.34898021330318
          ],
          [
            17.333801232583486,
            62.34908039958729
          ],
          [
            17.33368298423244,
            62.34910565521136
          ],
          [
            17.333538287268258,
            62.34912330933029
          ],
          [
            17.333270710753247,
            62.34917205175458
          ],
          [
            17.333004777301465,
            62.349161425287235
          ],
          [
            17.332693765138302,
            62.34912766652813
          ],
          [
            17.332386944965858,
            62.34914789856031
          ],
          [
            17.331911434967335,
            62.34926022274688
          ],
          [
            17.331668613022604,
            62.34937212117457
          ],
          [
            17.331566714168293,
            62.349438123996066
          ],
          [
            17.33143725248497,
            62.34950864984185
          ],
          [
            17.331197241381098,
            62.349665096290785
          ],
          [
            17.330950448097777,
            62.34988937667268
          ],
          [
            17.330815363394386,
            62.35003956112752
          ],
          [
            17.33065801949751,
            62.35016217285547
          ],
          [
            17.3304739628461,
            62.35025294547558
          ],
          [
            17.330165951196374,
            62.35032909654759
          ],
          [
            17.330048180694867,
            62.35034456964956
          ],
          [
            17.329907982040783,
            62.35035615415436
          ],
          [
            17.329639959328336,
            62.35036743658546
          ],
          [
            17.329551751017704,
            62.35037602608709
          ],
          [
            17.329433153407116,
            62.350394555797436
          ],
          [
            17.329358262231157,
            62.35042185260145
          ],
          [
            17.329299126673106,
            62.35046279100096
          ],
          [
            17.3292170683366,
            62.350562045791094
          ],
          [
            17.329074901856707,
            62.35067937078554
          ],
          [
            17.32902520628436,
            62.35073538097484
          ],
          [
            17.3290049591563,
            62.350804701969935
          ],
          [
            17.328960277012172,
            62.35089080500748
          ],
          [
            17.328890004636488,
            62.350967500808025
          ],
          [
            17.328756144234287,
            62.35109262625703
          ],
          [
            17.32865392267991,
            62.35119803092436
          ],
          [
            17.32857575405835,
            62.35124465074025
          ],
          [
            17.328500852838832,
            62.35130596109819
          ],
          [
            17.328423127018787,
            62.351342258841356
          ],
          [
            17.32834896998881,
            62.35137028490738
          ],
          [
            17.32827836053308,
            62.351396970158575
          ],
          [
            17.32797609714934,
            62.35148391348965
          ],
          [
            17.327775480543686,
            62.35153093993305
          ],
          [
            17.327618160550976,
            62.35159552993084
          ],
          [
            17.327582640533095,
            62.351660789929014
          ],
          [
            17.327604800548666,
            62.3517223799352
          ],
          [
            17.32767454054411,
            62.35179933993149
          ],
          [
            17.32772211053836,
            62.351814709932846
          ],
          [
            17.327794324118504,
            62.35185285779459
          ],
          [
            17.327943867354964,
            62.35190785450609
          ],
          [
            17.32819374068897,
            62.35202187544471
          ],
          [
            17.32826067446856,
            62.35205856736486
          ],
          [
            17.328305326007065,
            62.352097653289476
          ],
          [
            17.328356413691903,
            62.352183599226926
          ],
          [
            17.32839202135907,
            62.35223078417492
          ],
          [
            17.328536982487165,
            62.352343725388664
          ],
          [
            17.328850997653454,
            62.352576479960376
          ],
          [
            17.328933462664803,
            62.35267793365301
          ],
          [
            17.328896382989292,
            62.35275214917938
          ],
          [
            17.328860490598057,
            62.352790682705255
          ],
          [
            17.328842548358914,
            62.35285971054469
          ],
          [
            17.328861412857464,
            62.35289656614312
          ],
          [
            17.329005403349313,
            62.35297760794034
          ],
          [
            17.32909518040924,
            62.35302813663212
          ],
          [
            17.32909518040924,
            62.35302813663212
          ],
          [
            17.32865578228221,
            62.35318647847882
          ],
          [
            17.328449193638964,
            62.35326497257478
          ],
          [
            17.328223449220506,
            62.35336273318854
          ],
          [
            17.327603068507823,
            62.35370537005649
          ],
          [
            17.327331052973207,
            62.353874088776294
          ],
          [
            17.327039044388027,
            62.35393799276326
          ],
          [
            17.32686637477286,
            62.353990007734154
          ],
          [
            17.3266345414306,
            62.35409618238932
          ],
          [
            17.326350525515533,
            62.354234507758484
          ],
          [
            17.326211608470715,
            62.35430128018442
          ],
          [
            17.326053267446298,
            62.354366430645975
          ],
          [
            17.326007485673664,
            62.35438134807635
          ],
          [
            17.32579701978941,
            62.354412570308824
          ],
          [
            17.325592453392808,
            62.35443724902728
          ],
          [
            17.325398789212855,
            62.354463613219124
          ],
          [
            17.32484018259422,
            62.35455872336974
          ],
          [
            17.324642216363944,
            62.3545674720058
          ],
          [
            17.32430162144999,
            62.35455801090243
          ],
          [
            17.324013799543085,
            62.35451516984845
          ],
          [
            17.323497620107354,
            62.354390020959265
          ],
          [
            17.323286640333123,
            62.35438468899344
          ],
          [
            17.323046177912893,
            62.354393898624934
          ],
          [
            17.32277805328743,
            62.3544165789934
          ],
          [
            17.322539250379496,
            62.354458697519235
          ],
          [
            17.322329451970994,
            62.3545136620989
          ],
          [
            17.322076337389344,
            62.35460284503477
          ],
          [
            17.32193345765065,
            62.354669263153106
          ],
          [
            17.321783272850656,
            62.35476518931312
          ],
          [
            17.321598312913142,
            62.354910164026
          ],
          [
            17.32142396712853,
            62.35511763180722
          ],
          [
            17.321251565768282,
            62.35520203847144
          ],
          [
            17.3210816353589,
            62.355343836696775
          ],
          [
            17.321065899511364,
            62.35538541366968
          ],
          [
            17.32108094949867,
            62.35552466732709
          ],
          [
            17.321035900838012,
            62.3555848894085
          ],
          [
            17.32098741671925,
            62.35563083046257
          ],
          [
            17.320751090687363,
            62.355732000045336
          ],
          [
            17.320310413397323,
            62.35593047898515
          ],
          [
            17.32002576186525,
            62.35604679506276
          ],
          [
            17.319776768467666,
            62.35616804448461
          ],
          [
            17.319557425777106,
            62.3563153031528
          ],
          [
            17.319435909758848,
            62.35643515858271
          ],
          [
            17.31928571834411,
            62.35654874441396
          ],
          [
            17.31918921436437,
            62.35660247213171
          ],
          [
            17.31906372000274,
            62.35664335246113
          ],
          [
            17.319002495415997,
            62.356654455488346
          ],
          [
            17.31890921899812,
            62.35667137102077
          ],
          [
            17.318754071156075,
            62.3566862340109
          ],
          [
            17.318314288356923,
            62.356677835550634
          ],
          [
            17.31818552741284,
            62.35668351713243
          ],
          [
            17.317932806776415,
            62.35670173073177
          ],
          [
            17.317693641376735,
            62.35673724904718
          ],
          [
            17.317596479650806,
            62.356777815025154
          ],
          [
            17.317513788059976,
            62.356824797367565
          ],
          [
            17.31748287159807,
            62.35704387713054
          ],
          [
            17.31753455835907,
            62.35715087716454
          ],
          [
            17.317633581903046,
            62.35724672792727
          ],
          [
            17.317634489702684,
            62.35736780710412
          ],
          [
            17.317656562731415,
            62.357409343910334
          ],
          [
            17.31771687223541,
            62.35748113101794
          ],
          [
            17.317560767042835,
            62.35740635027188
          ],
          [
            17.317148817509555,
            62.3572283721979
          ],
          [
            17.31685385360071,
            62.357116338173476
          ],
          [
            17.316572126724072,
            62.35706177703477
          ],
          [
            17.316353818359026,
            62.3570353443173
          ],
          [
            17.316001968833234,
            62.357024749650485
          ],
          [
            17.315659217542485,
            62.35702403978949
          ],
          [
            17.31527883685827,
            62.357027780961836
          ],
          [
            17.314909213220044,
            62.35707499200163
          ],
          [
            17.314613111909694,
            62.35714541227333
          ],
          [
            17.314390012274497,
            62.35722945745314
          ],
          [
            17.31420607077261,
            62.3572698597161
          ],
          [
            17.314052365356943,
            62.357295533066946
          ],
          [
            17.313774979182494,
            62.3573273307523
          ],
          [
            17.313249267961098,
            62.35735222807782
          ],
          [
            17.312878212128677,
            62.35737064311763
          ],
          [
            17.312528289501536,
            62.35739843681919
          ],
          [
            17.312128170067684,
            62.357455582290406
          ],
          [
            17.311349813014644,
            62.3575936211493
          ],
          [
            17.31103044158306,
            62.357659183524426
          ],
          [
            17.31103044158306,
            62.357659183524426
          ],
          [
            17.310633884562712,
            62.357740589587486
          ],
          [
            17.30981610592928,
            62.357917463621156
          ],
          [
            17.309314395959415,
            62.35805174444524
          ],
          [
            17.309314395959415,
            62.35805174444524
          ],
          [
            17.308776547229098,
            62.358174567740306
          ],
          [
            17.308459033355298,
            62.35817799201991
          ],
          [
            17.30817763274477,
            62.35819743321512
          ],
          [
            17.30805580191456,
            62.35823153893894
          ],
          [
            17.307710814139313,
            62.358391066156514
          ],
          [
            17.30744869882538,
            62.358443090251
          ],
          [
            17.307002084955027,
            62.358503675331
          ],
          [
            17.306609820715458,
            62.358607943287765
          ],
          [
            17.306471982028867,
            62.35867502672628
          ],
          [
            17.306389117347972,
            62.35878252826097
          ],
          [
            17.306236108679546,
            62.358898981273036
          ],
          [
            17.30599201418033,
            62.359061494097496
          ],
          [
            17.30599201418033,
            62.359061494097496
          ],
          [
            17.305962064284458,
            62.359017924596124
          ],
          [
            17.305954914818855,
            62.35872168013928
          ],
          [
            17.305976405055667,
            62.35859955150684
          ],
          [
            17.305933350224272,
            62.358444199377736
          ],
          [
            17.305817268169065,
            62.35824044861692
          ],
          [
            17.30541033910568,
            62.35786760545899
          ],
          [
            17.30520851056324,
            62.3577139689481
          ],
          [
            17.305044860300555,
            62.35761733134673
          ],
          [
            17.304795033276218,
            62.35756261634136
          ],
          [
            17.304383198667548,
            62.35744403709819
          ],
          [
            17.30423636251221,
            62.35733081076623
          ],
          [
            17.30401620065366,
            62.35667760685693
          ],
          [
            17.30398297164715,
            62.356497138471816
          ],
          [
            17.30399613714116,
            62.356406809479985
          ],
          [
            17.30399613714116,
            62.356406809479985
          ],
          [
            17.304163178947498,
            62.35614656788823
          ],
          [
            17.304356486461668,
            62.355845400035115
          ],
          [
            17.30445254085703,
            62.355566108144366
          ],
          [
            17.304479250107722,
            62.355475128131744
          ],
          [
            17.304469880853713,
            62.35528664436142
          ],
          [
            17.304427683192998,
            62.35514771193174
          ],
          [
            17.304274358022404,
            62.354903389325756
          ],
          [
            17.30410908617017,
            62.354727395875464
          ],
          [
            17.30410908617017,
            62.354727395875464
          ],
          [
            17.303938968581868,
            62.35454623996817
          ],
          [
            17.30339027226914,
            62.35415854642832
          ],
          [
            17.303307644560448,
            62.35409777190391
          ],
          [
            17.303307644553307,
            62.3540977719084
          ],
          [
            17.30301683053873,
            62.35404440993125
          ],
          [
            17.3028083905416,
            62.35397241993126
          ],
          [
            17.302283760539115,
            62.353935309933284
          ],
          [
            17.302136205422535,
            62.35391418492575
          ],
          [
            17.30197357053907,
            62.353897339937014
          ],
          [
            17.301566190541198,
            62.35387713993437
          ],
          [
            17.301219390538158,
            62.353890959935434
          ],
          [
            17.301185060547045,
            62.353896909938136
          ],
          [
            17.30094889054773,
            62.35391697993382
          ],
          [
            17.300213100535924,
            62.353923759932655
          ],
          [
            17.299869410547583,
            62.35390249993549
          ],
          [
            17.299823090535146,
            62.35390326993753
          ],
          [
            17.299643344957076,
            62.353888866832555
          ],
          [
            17.299572250546696,
            62.35388316993314
          ],
          [
            17.299363235867716,
            62.35384407252477
          ],
          [
            17.299284410544143,
            62.35383404993409
          ],
          [
            17.29897381053788,
            62.35379068993455
          ],
          [
            17.298701460538698,
            62.353792489932374
          ],
          [
            17.298577990550854,
            62.3538457199383
          ],
          [
            17.29848489577539,
            62.35393833400969
          ],
          [
            17.29838580054138,
            62.35406172993639
          ],
          [
            17.29830489053417,
            62.35421661993099
          ],
          [
            17.298272380538442,
            62.354322229938184
          ],
          [
            17.298272380538442,
            62.354322229938184
          ],
          [
            17.298227470535696,
            62.354417259932596
          ],
          [
            17.298193910550197,
            62.354584849936636
          ],
          [
            17.298219520541576,
            62.354692189936074
          ],
          [
            17.29815042055258,
            62.354774149938294
          ],
          [
            17.298020310606706,
            62.35505113541011
          ],
          [
            17.298020310606706,
            62.35505113541011
          ],
          [
            17.29798589055143,
            62.35512440993013
          ],
          [
            17.29790270054999,
            62.355249709933986
          ],
          [
            17.297945480539298,
            62.35535406993072
          ],
          [
            17.298105500543425,
            62.35547534993606
          ],
          [
            17.298190280547512,
            62.35552244993422
          ],
          [
            17.298256650537876,
            62.3555563699324
          ],
          [
            17.298359000548896,
            62.35560586993378
          ],
          [
            17.298437990543107,
            62.35565305993786
          ],
          [
            17.298499390536968,
            62.35569783993139
          ],
          [
            17.298566360544427,
            62.35581527993024
          ],
          [
            17.298582240539258,
            62.355947019934945
          ],
          [
            17.298631420543046,
            62.35605935993081
          ],
          [
            17.298805900549713,
            62.356293559929796
          ],
          [
            17.29863359054793,
            62.356390699933996
          ],
          [
            17.298444760545276,
            62.356423449938305
          ],
          [
            17.298176500542144,
            62.356479069932305
          ],
          [
            17.298032210538857,
            62.35656361993476
          ],
          [
            17.29798376123367,
            62.35662136280924
          ],
          [
            17.29798376123367,
            62.35662136280924
          ],
          [
            17.298122503846855,
            62.35673160447017
          ],
          [
            17.298174445463353,
            62.35684412265285
          ],
          [
            17.298339227940883,
            62.35701196858359
          ],
          [
            17.298339227940883,
            62.35701196858359
          ],
          [
            17.29825349284755,
            62.35721076894067
          ],
          [
            17.298121538593104,
            62.35729564357445
          ],
          [
            17.297994725771034,
            62.35734895121644
          ],
          [
            17.29795526525766,
            62.35736553896395
          ],
          [
            17.297566966342224,
            62.35750485283261
          ],
          [
            17.29746465792255,
            62.35754498684786
          ],
          [
            17.297411309046815,
            62.35757921170263
          ],
          [
            17.297413312280987,
            62.357619574147854
          ],
          [
            17.297496528909587,
            62.35766175870033
          ],
          [
            17.297500893748055,
            62.357691326794516
          ],
          [
            17.297489286652105,
            62.35774933477141
          ],
          [
            17.297532230787592,
            62.35779733532422
          ],
          [
            17.29754156161428,
            62.35786858024598
          ],
          [
            17.29753494895252,
            62.35793914828429
          ],
          [
            17.297502842840107,
            62.35802245397204
          ],
          [
            17.297455952420385,
            62.35807007093823
          ],
          [
            17.29740137625265,
            62.35813796219228
          ],
          [
            17.29740627529128,
            62.35817829360825
          ],
          [
            17.297528316263637,
            62.35830217611805
          ],
          [
            17.29757569306962,
            62.35838109015986
          ],
          [
            17.297598878040407,
            62.358497955063385
          ],
          [
            17.297657146737112,
            62.35862117466018
          ],
          [
            17.29766881617798,
            62.3586814991434
          ],
          [
            17.297642169608345,
            62.358742256666055
          ],
          [
            17.297719784046198,
            62.358815905924764
          ],
          [
            17.29784492788847,
            62.35885127155289
          ],
          [
            17.29784492788847,
            62.35885127155289
          ],
          [
            17.297952260551995,
            62.35892898993451
          ],
          [
            17.29805977054126,
            62.359045749934275
          ],
          [
            17.2980498105483,
            62.35914289993766
          ],
          [
            17.297999720550013,
            62.359246099938545
          ],
          [
            17.297999720550013,
            62.359246099938545
          ],
          [
            17.298126490543133,
            62.35931135993192
          ],
          [
            17.298264010537267,
            62.359365659932756
          ],
          [
            17.29833907053671,
            62.35943715993267
          ],
          [
            17.298391990548772,
            62.35952249993511
          ],
          [
            17.298489800536974,
            62.35958823993624
          ],
          [
            17.29864597495497,
            62.359642165544386
          ],
          [
            17.298775842668192,
            62.359644666675656
          ],
          [
            17.298775842668192,
            62.359644666675656
          ],
          [
            17.29826509151535,
            62.35972682372852
          ],
          [
            17.297896099692164,
            62.359832207064656
          ],
          [
            17.297711955414435,
            62.35989213869994
          ],
          [
            17.297575288625456,
            62.35996605730896
          ],
          [
            17.297575288625456,
            62.35996605730896
          ],
          [
            17.29749976040075,
            62.36005011723701
          ],
          [
            17.29739680040706,
            62.36011920489191
          ],
          [
            17.29718649924303,
            62.36020012255597
          ],
          [
            17.296992418810614,
            62.36026669112218
          ],
          [
            17.296798853120524,
            62.36039661533912
          ],
          [
            17.29671265019114,
            62.360458385347904
          ],
          [
            17.29656536740509,
            62.360514122967864
          ],
          [
            17.29641993902819,
            62.360565806681535
          ],
          [
            17.296318994916728,
            62.360604686681704
          ],
          [
            17.29621911421601,
            62.360685791997554
          ],
          [
            17.296135443814723,
            62.36078071070953
          ],
          [
            17.296002199665292,
            62.360890618373396
          ],
          [
            17.296002199665292,
            62.360890618373396
          ],
          [
            17.295860143042702,
            62.36097434092528
          ],
          [
            17.295721185874136,
            62.36105407904267
          ],
          [
            17.295684547806406,
            62.361092457318975
          ],
          [
            17.295684547806406,
            62.361092457318975
          ],
          [
            17.295125079407445,
            62.361495818826825
          ],
          [
            17.294853379561392,
            62.3617119218474
          ],
          [
            17.294674354050045,
            62.36201722291854
          ],
          [
            17.294650297640036,
            62.36259968150094
          ],
          [
            17.294695754979713,
            62.362804190330685
          ],
          [
            17.29481064547753,
            62.36294282005008
          ],
          [
            17.29481064547753,
            62.36294282005008
          ],
          [
            17.29481064547753,
            62.36294282005008
          ],
          [
            17.29481064547753,
            62.36294282005008
          ],
          [
            17.294565150790266,
            62.36291633751089
          ],
          [
            17.294379718808997,
            62.36294144425335
          ],
          [
            17.294029402231107,
            62.36290471613043
          ],
          [
            17.293907341763642,
            62.36287677106888
          ],
          [
            17.293838721802295,
            62.36290138958417
          ],
          [
            17.293838721802295,
            62.36290138958417
          ],
          [
            17.29373983629049,
            62.362838421367236
          ],
          [
            17.29338980815923,
            62.36280747336566
          ],
          [
            17.293153176860802,
            62.362804215811025
          ],
          [
            17.292915671573446,
            62.36278362727468
          ],
          [
            17.292764110583402,
            62.36273898883339
          ],
          [
            17.292205016634394,
            62.362507896042736
          ],
          [
            17.29185356332944,
            62.36244804268856
          ],
          [
            17.291491683466237,
            62.36242877877032
          ],
          [
            17.291105032991776,
            62.36242354864913
          ],
          [
            17.290573964291045,
            62.36243606759913
          ],
          [
            17.29033644061191,
            62.36242288869593
          ],
          [
            17.289806793525525,
            62.36223180808558
          ],
          [
            17.289806793525525,
            62.36223180808558
          ],
          [
            17.289298977407103,
            62.36200471263546
          ],
          [
            17.288620087412646,
            62.36172741946545
          ],
          [
            17.288553811071118,
            62.36170101452249
          ],
          [
            17.288127228133163,
            62.36177636827092
          ],
          [
            17.287946705811915,
            62.36180428849929
          ],
          [
            17.28770864566591,
            62.3618003201953
          ],
          [
            17.28742702029911,
            62.361764314425024
          ],
          [
            17.28713397239413,
            62.36178042752854
          ],
          [
            17.28691214389095,
            62.36182179608921
          ],
          [
            17.286649954242584,
            62.36189608672774
          ],
          [
            17.28627684010868,
            62.361991060691
          ],
          [
            17.285916573615133,
            62.362062493659096
          ],
          [
            17.28579185425352,
            62.36208722248581
          ],
          [
            17.285415852792017,
            62.362123710831845
          ],
          [
            17.28488505823799,
            62.36214235197293
          ],
          [
            17.28452432313858,
            62.36220468920096
          ],
          [
            17.284290115097303,
            62.36227867822548
          ],
          [
            17.28384802544203,
            62.362393882422374
          ],
          [
            17.283417026214288,
            62.36245045360863
          ],
          [
            17.282971094335874,
            62.36248768442907
          ],
          [
            17.282076032626414,
            62.36249717469454
          ],
          [
            17.281655199702293,
            62.362475635826996
          ],
          [
            17.28116348224467,
            62.36243533946164
          ],
          [
            17.280741044717534,
            62.362381300737475
          ],
          [
            17.280442870132415,
            62.36229345081493
          ],
          [
            17.28008460599983,
            62.36212171814621
          ],
          [
            17.279503532772402,
            62.361971846609535
          ],
          [
            17.27905218687378,
            62.36189860998333
          ],
          [
            17.27863584156902,
            62.3618551295877
          ],
          [
            17.278564968559795,
            62.36184807616546
          ],
          [
            17.278537774011046,
            62.36185796164228
          ],
          [
            17.278295772888733,
            62.36198544771361
          ],
          [
            17.278138001949266,
            62.36221910611163
          ],
          [
            17.27799247139028,
            62.36245674417185
          ],
          [
            17.277768573176015,
            62.36282068887743
          ],
          [
            17.277693348611187,
            62.362890222921955
          ],
          [
            17.27760223143947,
            62.36294287380027
          ],
          [
            17.277490534526418,
            62.36298551535499
          ],
          [
            17.27734346777991,
            62.36302367751262
          ],
          [
            17.27734346777991,
            62.36302367751262
          ],
          [
            17.277188188086477,
            62.36319929103102
          ],
          [
            17.277042005589387,
            62.363655512572315
          ],
          [
            17.277042005589387,
            62.363655512572315
          ],
          [
            17.27699185365994,
            62.36373242563316
          ],
          [
            17.276969861937015,
            62.36376615203852
          ],
          [
            17.276943280694546,
            62.363912920048605
          ],
          [
            17.276892140234064,
            62.36401810015546
          ],
          [
            17.276694387246497,
            62.36434978314354
          ],
          [
            17.27664399826272,
            62.36447065155679
          ],
          [
            17.27660434297593,
            62.364580930300015
          ],
          [
            17.27652913757858,
            62.36465497166271
          ],
          [
            17.27637667640417,
            62.3647612213828
          ],
          [
            17.276246708229472,
            62.36486722622489
          ],
          [
            17.276192986611967,
            62.36492010970212
          ],
          [
            17.276185581508958,
            62.36499866962244
          ],
          [
            17.276204768721023,
            62.365160650607606
          ],
          [
            17.27609502525706,
            62.365449556182284
          ],
          [
            17.27596812611831,
            62.36561830647552
          ],
          [
            17.275731232897694,
            62.365840541042694
          ],
          [
            17.27560255879151,
            62.36643309651181
          ],
          [
            17.2756534854348,
            62.36655288085941
          ],
          [
            17.275681374225634,
            62.36666246096633
          ],
          [
            17.2755869618262,
            62.36680470878195
          ],
          [
            17.27544548905556,
            62.366905599918084
          ],
          [
            17.27518806016297,
            62.3669701590105
          ],
          [
            17.27518806016297,
            62.3669701590105
          ],
          [
            17.27494091462123,
            62.36701831650242
          ],
          [
            17.274577014750395,
            62.36704249312495
          ],
          [
            17.27405556911495,
            62.367129372174446
          ],
          [
            17.273841920452636,
            62.36724014345696
          ],
          [
            17.273501571527497,
            62.36731166500726
          ],
          [
            17.27326568183214,
            62.367389123485374
          ],
          [
            17.273071356726362,
            62.36749326929395
          ],
          [
            17.27296309091586,
            62.367586713131615
          ]
        ]
      }
    },
    {
      "id": 3141,
      "type": "Feature",
      "properties": {
        "name": "Fågelbergsrundan springstig",
        "type": "Springstig",
        "created": "2022-01-25 11:09:36",
        "updated": "2024-11-07 10:17:40",
        "published": true,
        "owner": {
          "organizationID": 260,
          "name": "Sundsvalls OK"
        },
        "manager": {
          "organizationID": 260,
          "name": "Sundsvalls OK"
        },
        "fields": [
          {
            "id": 109,
            "name": "Svårighet",
            "type": "DROPDOWN",
            "value": "Medelsvår"
          },
          {
            "id": 134,
            "name": "Ledgrupp",
            "type": "DROPDOWN",
            "value": "Sundsvalls springstigar"
          },
          {
            "id": 220,
            "name": "Ledtyp",
            "type": "DROPDOWN",
            "value": "Iordningställd"
          },
          {
            "id": 274,
            "name": "Led",
            "type": "COMBINEDTRAIL",
            "referencedObjects": [
              {
                "objectID": 2030,
                "fieldID": 262,
                "direction": "NORMAL"
              },
              {
                "objectID": 2031,
                "fieldID": 262,
                "direction": "NORMAL"
              },
              {
                "objectID": 2032,
                "fieldID": 262,
                "direction": "NORMAL"
              },
              {
                "objectID": 2033,
                "fieldID": 262,
                "direction": "NORMAL"
              },
              {
                "objectID": 2034,
                "fieldID": 262,
                "direction": "NORMAL"
              },
              {
                "objectID": 2035,
                "fieldID": 262,
                "direction": "NORMAL"
              },
              {
                "objectID": 2036,
                "fieldID": 262,
                "direction": "NORMAL"
              },
              {
                "objectID": 2037,
                "fieldID": 262,
                "direction": "NORMAL"
              },
              {
                "objectID": 2038,
                "fieldID": 262,
                "direction": "NORMAL"
              },
              {
                "objectID": 3735,
                "fieldID": 262,
                "direction": "NORMAL"
              },
              {
                "objectID": 2067,
                "fieldID": 262,
                "direction": "NORMAL"
              },
              {
                "objectID": 2068,
                "fieldID": 262,
                "direction": "NORMAL"
              },
              {
                "objectID": 4014,
                "fieldID": 262,
                "direction": "REVERSED"
              },
              {
                "objectID": 4013,
                "fieldID": 262,
                "direction": "REVERSED"
              },
              {
                "objectID": 2207,
                "fieldID": 262,
                "direction": "REVERSED"
              },
              {
                "objectID": 2206,
                "fieldID": 262,
                "direction": "REVERSED"
              },
              {
                "objectID": 2205,
                "fieldID": 262,
                "direction": "REVERSED"
              },
              {
                "objectID": 3361,
                "fieldID": 262,
                "direction": "REVERSED"
              },
              {
                "objectID": 2204,
                "fieldID": 262,
                "direction": "REVERSED"
              },
              {
                "objectID": 2245,
                "fieldID": 262,
                "direction": "NORMAL"
              },
              {
                "objectID": 3264,
                "fieldID": 262,
                "direction": "NORMAL"
              },
              {
                "objectID": 3265,
                "fieldID": 262,
                "direction": "NORMAL"
              },
              {
                "objectID": 2242,
                "fieldID": 262,
                "direction": "NORMAL"
              },
              {
                "objectID": 2234,
                "fieldID": 262,
                "direction": "REVERSED"
              },
              {
                "objectID": 2238,
                "fieldID": 262,
                "direction": "NORMAL"
              },
              {
                "objectID": 2239,
                "fieldID": 262,
                "direction": "NORMAL"
              },
              {
                "objectID": 3139,
                "fieldID": 262,
                "direction": "NORMAL"
              },
              {
                "objectID": 2058,
                "fieldID": 262,
                "direction": "REVERSED"
              },
              {
                "objectID": 2057,
                "fieldID": 262,
                "direction": "REVERSED"
              }
            ]
          },
          {
            "id": 99,
            "name": "Längd (meter)",
            "type": "INTEGER",
            "value": 9000
          },
          {
            "id": 281,
            "name": "Sorteringsordning",
            "type": "INTEGER",
            "value": 31
          },
          {
            "id": 102,
            "name": "Öppen",
            "type": "TOGGLE",
            "value": "Ja"
          },
          {
            "id": 103,
            "name": "Belysning",
            "type": "TOGGLE",
            "value": "Nej"
          },
          {
            "id": 108,
            "name": "Tillgänglighetsanpassad",
            "type": "TOGGLE",
            "value": "Nej"
          },
          {
            "id": 110,
            "name": "Beskrivning",
            "type": "FREETEXT",
            "value": "Huvudsakligen breda stigar och fint underlag. Några partier med smalare och steniga stigar förekommer. Kuperingen är måttlig för att vara i Sundsvall..."
          }
        ],
        "centerPoint": [
          17.287638094250845,
          62.35707684818885
        ]
      },
      "geometry": {
        "type": "LineString",
        "coordinates": [
          [
            17.27296309091586,
            62.367586713131615
          ],
          [
            17.273071356726362,
            62.36749326929395
          ],
          [
            17.27326568183214,
            62.367389123485374
          ],
          [
            17.273501571527497,
            62.36731166500726
          ],
          [
            17.273841920452636,
            62.36724014345696
          ],
          [
            17.27405556911495,
            62.367129372174446
          ],
          [
            17.274577014750395,
            62.36704249312495
          ],
          [
            17.27494091462123,
            62.36701831650242
          ],
          [
            17.27518806016297,
            62.3669701590105
          ],
          [
            17.27518806016297,
            62.3669701590105
          ],
          [
            17.27544548905556,
            62.366905599918084
          ],
          [
            17.2755869618262,
            62.36680470878195
          ],
          [
            17.275681374225634,
            62.36666246096633
          ],
          [
            17.2756534854348,
            62.36655288085941
          ],
          [
            17.27560255879151,
            62.36643309651181
          ],
          [
            17.275731232897694,
            62.365840541042694
          ],
          [
            17.27596812611831,
            62.36561830647552
          ],
          [
            17.27609502525706,
            62.365449556182284
          ],
          [
            17.276204768721023,
            62.365160650607606
          ],
          [
            17.276185581508958,
            62.36499866962244
          ],
          [
            17.276192986611967,
            62.36492010970212
          ],
          [
            17.276246708229472,
            62.36486722622489
          ],
          [
            17.27637667640417,
            62.3647612213828
          ],
          [
            17.27652913757858,
            62.36465497166271
          ],
          [
            17.27660434297593,
            62.364580930300015
          ],
          [
            17.27664399826272,
            62.36447065155679
          ],
          [
            17.276694387246497,
            62.36434978314354
          ],
          [
            17.276892140234064,
            62.36401810015546
          ],
          [
            17.276943280694546,
            62.363912920048605
          ],
          [
            17.276969861937015,
            62.36376615203852
          ],
          [
            17.27699185365994,
            62.36373242563316
          ],
          [
            17.277042005589387,
            62.363655512572315
          ],
          [
            17.277042005589387,
            62.363655512572315
          ],
          [
            17.276851175361603,
            62.3634527544055
          ],
          [
            17.276602245872542,
            62.36319708736336
          ],
          [
            17.276519040310383,
            62.36315488982618
          ],
          [
            17.27640731119342,
            62.36312681785396
          ],
          [
            17.27623584379082,
            62.363116325509694
          ],
          [
            17.276032967664708,
            62.36308024024109
          ],
          [
            17.27566397941698,
            62.36302480885626
          ],
          [
            17.275719550536877,
            62.362667339932734
          ],
          [
            17.275787390545766,
            62.36249111993192
          ],
          [
            17.275758060542284,
            62.36225721993368
          ],
          [
            17.27564280053944,
            62.36211362993704
          ],
          [
            17.275626320543797,
            62.36204923993869
          ],
          [
            17.27561918054215,
            62.36195506993065
          ],
          [
            17.27556457054831,
            62.36177006993875
          ],
          [
            17.275597650546427,
            62.361594419931876
          ],
          [
            17.275436439025114,
            62.36147307651703
          ],
          [
            17.275436439025114,
            62.36147307651703
          ],
          [
            17.275436439025114,
            62.36147307651703
          ],
          [
            17.275436439025114,
            62.36147307651703
          ],
          [
            17.27536198164715,
            62.361424243709706
          ],
          [
            17.275243755935865,
            62.361325154755335
          ],
          [
            17.275079623569795,
            62.361204297673346
          ],
          [
            17.274985391884886,
            62.36115737937031
          ],
          [
            17.274899806077443,
            62.36112543459141
          ],
          [
            17.27480559150593,
            62.361098605633366
          ],
          [
            17.274682973877844,
            62.361080332460936
          ],
          [
            17.27454875448677,
            62.36106883547864
          ],
          [
            17.27443045780211,
            62.36106746554776
          ],
          [
            17.274293839264875,
            62.3610743893224
          ],
          [
            17.27412763785116,
            62.361112309173954
          ],
          [
            17.274047607894254,
            62.36111925877811
          ],
          [
            17.273914124264394,
            62.3611169857127
          ],
          [
            17.273757875359383,
            62.361107500688476
          ],
          [
            17.273757875359383,
            62.361107500688476
          ],
          [
            17.273606343333096,
            62.36108594755726
          ],
          [
            17.2734615850549,
            62.361057313802135
          ],
          [
            17.27311418577528,
            62.360948616009956
          ],
          [
            17.2727614753432,
            62.3608621431483
          ],
          [
            17.272673879772686,
            62.3608244010811
          ],
          [
            17.272611821964038,
            62.3607679740276
          ],
          [
            17.272576424232458,
            62.36069575099078
          ],
          [
            17.272486729681425,
            62.36043303218629
          ],
          [
            17.272456424422597,
            62.360376386717576
          ],
          [
            17.27244251808885,
            62.36035039343975
          ],
          [
            17.272299183567114,
            62.360204101588295
          ],
          [
            17.27226897125681,
            62.36014285102911
          ],
          [
            17.27228839406452,
            62.360030565801864
          ],
          [
            17.272315620924022,
            62.3599467311818
          ],
          [
            17.272359306203835,
            62.35986837612303
          ],
          [
            17.272377640508136,
            62.35977332726592
          ],
          [
            17.272365291516792,
            62.359658579682154
          ],
          [
            17.272366717994853,
            62.3595771717708
          ],
          [
            17.272395175600757,
            62.35948712794726
          ],
          [
            17.272515699652892,
            62.359273535583604
          ],
          [
            17.272601974235656,
            62.35890516009331
          ],
          [
            17.272653971611614,
            62.35875472194633
          ],
          [
            17.272632336840523,
            62.35852765133237
          ],
          [
            17.272630213615148,
            62.35833892118175
          ],
          [
            17.272668798531107,
            62.35810841976751
          ],
          [
            17.272746017935642,
            62.35789384722849
          ],
          [
            17.27275448714284,
            62.3577295320258
          ],
          [
            17.272841496430868,
            62.35729619532545
          ],
          [
            17.2728639702415,
            62.35723067765897
          ],
          [
            17.272969988578613,
            62.35705437702343
          ],
          [
            17.272929991005917,
            62.35687128131278
          ],
          [
            17.27280732428589,
            62.356789534848694
          ],
          [
            17.27280732428589,
            62.356789534848694
          ],
          [
            17.272753512176585,
            62.35672242917076
          ],
          [
            17.272719681853,
            62.35664863568052
          ],
          [
            17.272628052598378,
            62.35649491536436
          ],
          [
            17.272499911136116,
            62.35629369137015
          ],
          [
            17.272485531683376,
            62.35617382075553
          ],
          [
            17.272494047193277,
            62.35583791493872
          ],
          [
            17.272428025984606,
            62.355605528196655
          ],
          [
            17.272346246843664,
            62.355500203891715
          ],
          [
            17.27218569246728,
            62.35538043737479
          ],
          [
            17.27206602182394,
            62.35531809733805
          ],
          [
            17.271977150334997,
            62.35528145862711
          ],
          [
            17.27187498435398,
            62.355231695142756
          ],
          [
            17.271784124446263,
            62.35516841718906
          ],
          [
            17.271731257717537,
            62.355119740522724
          ],
          [
            17.271680457365346,
            62.35504438819195
          ],
          [
            17.271594161641048,
            62.354882142429176
          ],
          [
            17.27140278410309,
            62.35450221237455
          ],
          [
            17.271295094995917,
            62.35433742150395
          ],
          [
            17.271275980760226,
            62.35425828673185
          ],
          [
            17.271275926441913,
            62.35415427719672
          ],
          [
            17.271221854354028,
            62.35406295408846
          ],
          [
            17.27115697253621,
            62.35397586763479
          ],
          [
            17.27105785269005,
            62.35385602763283
          ],
          [
            17.27097052626552,
            62.35378426058956
          ],
          [
            17.270758862921944,
            62.35367332008503
          ],
          [
            17.27061424075876,
            62.35361821436288
          ],
          [
            17.27045511686722,
            62.35347594250498
          ],
          [
            17.27032095347587,
            62.35329473501714
          ],
          [
            17.27019164436739,
            62.35320904823742
          ],
          [
            17.270077552379806,
            62.35315424258802
          ],
          [
            17.269987691724197,
            62.353097665778954
          ],
          [
            17.269925355778067,
            62.35302689043246
          ],
          [
            17.269889569043638,
            62.35292684287487
          ],
          [
            17.269876742114754,
            62.35282987858002
          ],
          [
            17.269798027161208,
            62.35266136774478
          ],
          [
            17.26978964654805,
            62.35257206534631
          ],
          [
            17.26983588151328,
            62.35220894046715
          ],
          [
            17.2698906344497,
            62.35196920458062
          ],
          [
            17.27003355163414,
            62.351739666742546
          ],
          [
            17.270179964928996,
            62.351576218257776
          ],
          [
            17.270179964928996,
            62.351576218257776
          ],
          [
            17.270364511344752,
            62.35141507469202
          ],
          [
            17.270705526720356,
            62.351168210490215
          ],
          [
            17.27112433836014,
            62.35092500949779
          ],
          [
            17.271539260549993,
            62.35072022993558
          ],
          [
            17.27194197054657,
            62.350449639932265
          ],
          [
            17.272235090535588,
            62.350186219933576
          ],
          [
            17.272387630540766,
            62.350057109932706
          ],
          [
            17.27245141055176,
            62.349980629933064
          ],
          [
            17.272533370548985,
            62.34991463993528
          ],
          [
            17.272638790540466,
            62.34977551993426
          ],
          [
            17.27277670053659,
            62.34960623993235
          ],
          [
            17.27284000132241,
            62.34950207223016
          ],
          [
            17.273011560546802,
            62.34910938993246
          ],
          [
            17.27299111054513,
            62.34891574993438
          ],
          [
            17.272875390538918,
            62.34868864993437
          ],
          [
            17.272767810535463,
            62.34856916993365
          ],
          [
            17.27271234053845,
            62.34844884993148
          ],
          [
            17.27267797053411,
            62.34814767993298
          ],
          [
            17.272692551475416,
            62.34803397834406
          ],
          [
            17.272692551475416,
            62.34803397834406
          ],
          [
            17.272723200538696,
            62.347672789936794
          ],
          [
            17.272782090538982,
            62.34718689993813
          ],
          [
            17.27290927054485,
            62.34699084993895
          ],
          [
            17.273068010547334,
            62.34667573993478
          ],
          [
            17.273139388347474,
            62.34656448313159
          ],
          [
            17.273144150543814,
            62.34645627993135
          ],
          [
            17.273105615854988,
            62.34614663187801
          ],
          [
            17.273172367347822,
            62.34602786508879
          ],
          [
            17.273360387623747,
            62.345767313260055
          ],
          [
            17.273602485001735,
            62.34549401422877
          ],
          [
            17.273891108618947,
            62.34523161069146
          ],
          [
            17.27398204032394,
            62.34508931525084
          ],
          [
            17.274017585478745,
            62.344987150601554
          ],
          [
            17.27408567054648,
            62.344766539934135
          ],
          [
            17.274418730535388,
            62.34457250993202
          ],
          [
            17.274887924397277,
            62.34435075284447
          ],
          [
            17.274887924397277,
            62.34435075284447
          ],
          [
            17.27538654582617,
            62.34415450894403
          ],
          [
            17.276795311094833,
            62.343722705209785
          ],
          [
            17.277511970553004,
            62.34359379993893
          ],
          [
            17.27854296054487,
            62.34354727993061
          ],
          [
            17.27885132267888,
            62.34347622595815
          ],
          [
            17.279174213791684,
            62.343376927510235
          ],
          [
            17.2798775189418,
            62.34324858520503
          ],
          [
            17.280386868485525,
            62.34315703096791
          ],
          [
            17.28050000054323,
            62.34313999993472
          ],
          [
            17.280980821548383,
            62.34307881964689
          ],
          [
            17.281405288982825,
            62.342998435660725
          ],
          [
            17.28184076230874,
            62.342949048987016
          ],
          [
            17.282314775040078,
            62.34286583773923
          ],
          [
            17.283120241744584,
            62.34269868436533
          ],
          [
            17.283735599684,
            62.34257195964743
          ],
          [
            17.284279338446208,
            62.34252380477148
          ],
          [
            17.285095938408002,
            62.34237854413137
          ],
          [
            17.28555184306084,
            62.342271569172446
          ],
          [
            17.285958922987493,
            62.34219045095089
          ],
          [
            17.286057520222133,
            62.34214979732721
          ],
          [
            17.286147242042205,
            62.34201379911074
          ],
          [
            17.28621345937997,
            62.34195990703908
          ],
          [
            17.28637017672422,
            62.341886925993045
          ],
          [
            17.286556292472874,
            62.34184489214056
          ],
          [
            17.286848801304632,
            62.34181493817105
          ],
          [
            17.287072036652948,
            62.34179869505632
          ],
          [
            17.28727445294846,
            62.341757649396115
          ],
          [
            17.28762758103806,
            62.341671378732215
          ],
          [
            17.288090000542844,
            62.34156999993455
          ],
          [
            17.288090000542844,
            62.34156999993455
          ],
          [
            17.288247573987334,
            62.34154575793663
          ],
          [
            17.288398631929056,
            62.34156848373281
          ],
          [
            17.288848739611822,
            62.34151279922029
          ],
          [
            17.289150340624527,
            62.341495765897626
          ],
          [
            17.289608706539823,
            62.34143491404685
          ],
          [
            17.29008737743801,
            62.34134603388677
          ],
          [
            17.29037579929128,
            62.341308629671786
          ],
          [
            17.29046996273423,
            62.34128681085477
          ],
          [
            17.290613066181333,
            62.3412423633934
          ],
          [
            17.290691340628022,
            62.34123200062278
          ],
          [
            17.290691340628022,
            62.34123200062278
          ],
          [
            17.290857918612076,
            62.3412614398622
          ],
          [
            17.290923483745004,
            62.34131266065383
          ],
          [
            17.291001999561733,
            62.3414027420073
          ],
          [
            17.291318915916566,
            62.341627343331986
          ],
          [
            17.291807045245744,
            62.3418681265337
          ],
          [
            17.292227924462363,
            62.34217522816758
          ],
          [
            17.292253290323988,
            62.34218649057636
          ],
          [
            17.292253290323988,
            62.34218649057636
          ],
          [
            17.29240827480896,
            62.34225529513959
          ],
          [
            17.292623462334177,
            62.34232680119814
          ],
          [
            17.292943644281976,
            62.34238077931709
          ],
          [
            17.293158428953053,
            62.34244407874454
          ],
          [
            17.29341659421638,
            62.34267091519343
          ],
          [
            17.293437878360685,
            62.34274449243677
          ],
          [
            17.293584599478717,
            62.34285772192001
          ],
          [
            17.293764943076283,
            62.34293779456094
          ],
          [
            17.293944085138307,
            62.34299327809222
          ],
          [
            17.294352007737615,
            62.34303811192034
          ],
          [
            17.29467258908434,
            62.3431002846885
          ],
          [
            17.294750473497437,
            62.34314412230125
          ],
          [
            17.29496237744787,
            62.343252975271035
          ],
          [
            17.29537640896757,
            62.343420741579834
          ],
          [
            17.29570186860478,
            62.343581251842735
          ],
          [
            17.296012552585395,
            62.34379931850737
          ],
          [
            17.296090379835924,
            62.34394608763573
          ],
          [
            17.296201435947665,
            62.34405149339114
          ],
          [
            17.296364983412715,
            62.34414814121274
          ],
          [
            17.296509691365504,
            62.34422038901364
          ],
          [
            17.296666587041763,
            62.344538507725844
          ],
          [
            17.296710785375783,
            62.344718434131586
          ],
          [
            17.29672134811474,
            62.34493151084154
          ],
          [
            17.296668281766646,
            62.345284675832545
          ],
          [
            17.29674450631267,
            62.345398657224194
          ],
          [
            17.296837540334053,
            62.34549605254035
          ],
          [
            17.29701954939968,
            62.345608900609896
          ],
          [
            17.29718146690588,
            62.345672767674934
          ],
          [
            17.297330248845064,
            62.34582697158344
          ],
          [
            17.29742245837968,
            62.34590797676561
          ],
          [
            17.297567990741808,
            62.345996620603
          ],
          [
            17.297661420435993,
            62.346102214112456
          ],
          [
            17.297666299873185,
            62.346200561096765
          ],
          [
            17.29765479087146,
            62.346323685287786
          ],
          [
            17.297587910692386,
            62.34639819970089
          ],
          [
            17.297794884643956,
            62.34665837438678
          ],
          [
            17.298150703682808,
            62.347480012107745
          ],
          [
            17.298643356072002,
            62.348538412967464
          ],
          [
            17.299003091291063,
            62.34931856737086
          ],
          [
            17.29915387535053,
            62.34942513664156
          ],
          [
            17.299185945028512,
            62.34944780232747
          ],
          [
            17.29947420506894,
            62.34956770310083
          ],
          [
            17.29960089922874,
            62.349631945474435
          ],
          [
            17.299676300349354,
            62.34972952829689
          ],
          [
            17.29970167685024,
            62.349885061309266
          ],
          [
            17.299906641677133,
            62.350104254341
          ],
          [
            17.300305191345547,
            62.35031317322987
          ],
          [
            17.300680792466498,
            62.35041574243632
          ],
          [
            17.301124514750146,
            62.35046837566583
          ],
          [
            17.302126824490724,
            62.35040020633642
          ],
          [
            17.302394185614098,
            62.350454731154045
          ],
          [
            17.30252007353192,
            62.35050257369271
          ],
          [
            17.302559012006483,
            62.35057595991926
          ],
          [
            17.302527416592273,
            62.350650090051744
          ],
          [
            17.30229154715525,
            62.35087401886051
          ],
          [
            17.301966274461098,
            62.351074313707
          ],
          [
            17.301698815652006,
            62.35137238581821
          ],
          [
            17.301652414602295,
            62.351504081027244
          ],
          [
            17.301661792452915,
            62.351692575804265
          ],
          [
            17.301708440960404,
            62.35192060935052
          ],
          [
            17.301713794761316,
            62.35202821510686
          ],
          [
            17.30166496130662,
            62.35211074036316
          ],
          [
            17.301656517404076,
            62.35239266472247
          ],
          [
            17.301651695137323,
            62.352553668643296
          ],
          [
            17.30183693571557,
            62.35308466732436
          ],
          [
            17.3020066691773,
            62.353304236127
          ],
          [
            17.302282230493315,
            62.35352267435842
          ],
          [
            17.302864114075604,
            62.353869007632994
          ],
          [
            17.303225438270413,
            62.354037318604796
          ],
          [
            17.303307644560448,
            62.35409777190391
          ],
          [
            17.303307644553307,
            62.3540977719084
          ],
          [
            17.30301683053873,
            62.35404440993125
          ],
          [
            17.3028083905416,
            62.35397241993126
          ],
          [
            17.302283760539115,
            62.353935309933284
          ],
          [
            17.302136205422535,
            62.35391418492575
          ],
          [
            17.30197357053907,
            62.353897339937014
          ],
          [
            17.301566190541198,
            62.35387713993437
          ],
          [
            17.301219390538158,
            62.353890959935434
          ],
          [
            17.301185060547045,
            62.353896909938136
          ],
          [
            17.30094889054773,
            62.35391697993382
          ],
          [
            17.300213100535924,
            62.353923759932655
          ],
          [
            17.299869410547583,
            62.35390249993549
          ],
          [
            17.299823090535146,
            62.35390326993753
          ],
          [
            17.299643344957076,
            62.353888866832555
          ],
          [
            17.299572250546696,
            62.35388316993314
          ],
          [
            17.299363235867716,
            62.35384407252477
          ],
          [
            17.299284410544143,
            62.35383404993409
          ],
          [
            17.29897381053788,
            62.35379068993455
          ],
          [
            17.298701460538698,
            62.353792489932374
          ],
          [
            17.298577990550854,
            62.3538457199383
          ],
          [
            17.29848489577539,
            62.35393833400969
          ],
          [
            17.29838580054138,
            62.35406172993639
          ],
          [
            17.29830489053417,
            62.35421661993099
          ],
          [
            17.298272380538442,
            62.354322229938184
          ],
          [
            17.298272380538442,
            62.354322229938184
          ],
          [
            17.298227470535696,
            62.354417259932596
          ],
          [
            17.298193910550197,
            62.354584849936636
          ],
          [
            17.298219520541576,
            62.354692189936074
          ],
          [
            17.29815042055258,
            62.354774149938294
          ],
          [
            17.298020310606706,
            62.35505113541011
          ],
          [
            17.298020310606706,
            62.35505113541011
          ],
          [
            17.29798589055143,
            62.35512440993013
          ],
          [
            17.29790270054999,
            62.355249709933986
          ],
          [
            17.297945480539298,
            62.35535406993072
          ],
          [
            17.298105500543425,
            62.35547534993606
          ],
          [
            17.298190280547512,
            62.35552244993422
          ],
          [
            17.298256650537876,
            62.3555563699324
          ],
          [
            17.298359000548896,
            62.35560586993378
          ],
          [
            17.298437990543107,
            62.35565305993786
          ],
          [
            17.298499390536968,
            62.35569783993139
          ],
          [
            17.298566360544427,
            62.35581527993024
          ],
          [
            17.298582240539258,
            62.355947019934945
          ],
          [
            17.298631420543046,
            62.35605935993081
          ],
          [
            17.298805900549713,
            62.356293559929796
          ],
          [
            17.29863359054793,
            62.356390699933996
          ],
          [
            17.298444760545276,
            62.356423449938305
          ],
          [
            17.298176500542144,
            62.356479069932305
          ],
          [
            17.298032210538857,
            62.35656361993476
          ],
          [
            17.29798376123367,
            62.35662136280924
          ],
          [
            17.29798376123367,
            62.35662136280924
          ],
          [
            17.298122503846855,
            62.35673160447017
          ],
          [
            17.298174445463353,
            62.35684412265285
          ],
          [
            17.298339227940883,
            62.35701196858359
          ],
          [
            17.298339227940883,
            62.35701196858359
          ],
          [
            17.29825349284755,
            62.35721076894067
          ],
          [
            17.298121538593104,
            62.35729564357445
          ],
          [
            17.297994725771034,
            62.35734895121644
          ],
          [
            17.29795526525766,
            62.35736553896395
          ],
          [
            17.297566966342224,
            62.35750485283261
          ],
          [
            17.29746465792255,
            62.35754498684786
          ],
          [
            17.297411309046815,
            62.35757921170263
          ],
          [
            17.297413312280987,
            62.357619574147854
          ],
          [
            17.297496528909587,
            62.35766175870033
          ],
          [
            17.297500893748055,
            62.357691326794516
          ],
          [
            17.297489286652105,
            62.35774933477141
          ],
          [
            17.297532230787592,
            62.35779733532422
          ],
          [
            17.29754156161428,
            62.35786858024598
          ],
          [
            17.29753494895252,
            62.35793914828429
          ],
          [
            17.297502842840107,
            62.35802245397204
          ],
          [
            17.297455952420385,
            62.35807007093823
          ],
          [
            17.29740137625265,
            62.35813796219228
          ],
          [
            17.29740627529128,
            62.35817829360825
          ],
          [
            17.297528316263637,
            62.35830217611805
          ],
          [
            17.29757569306962,
            62.35838109015986
          ],
          [
            17.297598878040407,
            62.358497955063385
          ],
          [
            17.297657146737112,
            62.35862117466018
          ],
          [
            17.29766881617798,
            62.3586814991434
          ],
          [
            17.297642169608345,
            62.358742256666055
          ],
          [
            17.297719784046198,
            62.358815905924764
          ],
          [
            17.29784492788847,
            62.35885127155289
          ],
          [
            17.29784492788847,
            62.35885127155289
          ],
          [
            17.297952260551995,
            62.35892898993451
          ],
          [
            17.29805977054126,
            62.359045749934275
          ],
          [
            17.2980498105483,
            62.35914289993766
          ],
          [
            17.297999720550013,
            62.359246099938545
          ],
          [
            17.297999720550013,
            62.359246099938545
          ],
          [
            17.298126490543133,
            62.35931135993192
          ],
          [
            17.298264010537267,
            62.359365659932756
          ],
          [
            17.29833907053671,
            62.35943715993267
          ],
          [
            17.298391990548772,
            62.35952249993511
          ],
          [
            17.298489800536974,
            62.35958823993624
          ],
          [
            17.29864597495497,
            62.359642165544386
          ],
          [
            17.298775842668192,
            62.359644666675656
          ],
          [
            17.298775842668192,
            62.359644666675656
          ],
          [
            17.29826509151535,
            62.35972682372852
          ],
          [
            17.297896099692164,
            62.359832207064656
          ],
          [
            17.297711955414435,
            62.35989213869994
          ],
          [
            17.297575288625456,
            62.35996605730896
          ],
          [
            17.297575288625456,
            62.35996605730896
          ],
          [
            17.29749976040075,
            62.36005011723701
          ],
          [
            17.29739680040706,
            62.36011920489191
          ],
          [
            17.29718649924303,
            62.36020012255597
          ],
          [
            17.296992418810614,
            62.36026669112218
          ],
          [
            17.296798853120524,
            62.36039661533912
          ],
          [
            17.29671265019114,
            62.360458385347904
          ],
          [
            17.29656536740509,
            62.360514122967864
          ],
          [
            17.29641993902819,
            62.360565806681535
          ],
          [
            17.296318994916728,
            62.360604686681704
          ],
          [
            17.29621911421601,
            62.360685791997554
          ],
          [
            17.296135443814723,
            62.36078071070953
          ],
          [
            17.296002199665292,
            62.360890618373396
          ],
          [
            17.296002199665292,
            62.360890618373396
          ],
          [
            17.295860143042702,
            62.36097434092528
          ],
          [
            17.295721185874136,
            62.36105407904267
          ],
          [
            17.295684547806406,
            62.361092457318975
          ],
          [
            17.295684547806406,
            62.361092457318975
          ],
          [
            17.295125079407445,
            62.361495818826825
          ],
          [
            17.294853379561392,
            62.3617119218474
          ],
          [
            17.294674354050045,
            62.36201722291854
          ],
          [
            17.294650297640036,
            62.36259968150094
          ],
          [
            17.294695754979713,
            62.362804190330685
          ],
          [
            17.29481064547753,
            62.36294282005008
          ],
          [
            17.29481064547753,
            62.36294282005008
          ],
          [
            17.29481064547753,
            62.36294282005008
          ],
          [
            17.29481064547753,
            62.36294282005008
          ],
          [
            17.294565150790266,
            62.36291633751089
          ],
          [
            17.294379718808997,
            62.36294144425335
          ],
          [
            17.294029402231107,
            62.36290471613043
          ],
          [
            17.293907341763642,
            62.36287677106888
          ],
          [
            17.293838721802295,
            62.36290138958417
          ],
          [
            17.293838721802295,
            62.36290138958417
          ],
          [
            17.29373983629049,
            62.362838421367236
          ],
          [
            17.29338980815923,
            62.36280747336566
          ],
          [
            17.293153176860802,
            62.362804215811025
          ],
          [
            17.292915671573446,
            62.36278362727468
          ],
          [
            17.292764110583402,
            62.36273898883339
          ],
          [
            17.292205016634394,
            62.362507896042736
          ],
          [
            17.29185356332944,
            62.36244804268856
          ],
          [
            17.291491683466237,
            62.36242877877032
          ],
          [
            17.291105032991776,
            62.36242354864913
          ],
          [
            17.290573964291045,
            62.36243606759913
          ],
          [
            17.29033644061191,
            62.36242288869593
          ],
          [
            17.289806793525525,
            62.36223180808558
          ],
          [
            17.289806793525525,
            62.36223180808558
          ],
          [
            17.289298977407103,
            62.36200471263546
          ],
          [
            17.288620087412646,
            62.36172741946545
          ],
          [
            17.288553811071118,
            62.36170101452249
          ],
          [
            17.288127228133163,
            62.36177636827092
          ],
          [
            17.287946705811915,
            62.36180428849929
          ],
          [
            17.28770864566591,
            62.3618003201953
          ],
          [
            17.28742702029911,
            62.361764314425024
          ],
          [
            17.28713397239413,
            62.36178042752854
          ],
          [
            17.28691214389095,
            62.36182179608921
          ],
          [
            17.286649954242584,
            62.36189608672774
          ],
          [
            17.28627684010868,
            62.361991060691
          ],
          [
            17.285916573615133,
            62.362062493659096
          ],
          [
            17.28579185425352,
            62.36208722248581
          ],
          [
            17.285415852792017,
            62.362123710831845
          ],
          [
            17.28488505823799,
            62.36214235197293
          ],
          [
            17.28452432313858,
            62.36220468920096
          ],
          [
            17.284290115097303,
            62.36227867822548
          ],
          [
            17.28384802544203,
            62.362393882422374
          ],
          [
            17.283417026214288,
            62.36245045360863
          ],
          [
            17.282971094335874,
            62.36248768442907
          ],
          [
            17.282076032626414,
            62.36249717469454
          ],
          [
            17.281655199702293,
            62.362475635826996
          ],
          [
            17.28116348224467,
            62.36243533946164
          ],
          [
            17.280741044717534,
            62.362381300737475
          ],
          [
            17.280442870132415,
            62.36229345081493
          ],
          [
            17.28008460599983,
            62.36212171814621
          ],
          [
            17.279503532772402,
            62.361971846609535
          ],
          [
            17.27905218687378,
            62.36189860998333
          ],
          [
            17.27863584156902,
            62.3618551295877
          ],
          [
            17.278564968559795,
            62.36184807616546
          ],
          [
            17.278537774011046,
            62.36185796164228
          ],
          [
            17.278295772888733,
            62.36198544771361
          ],
          [
            17.278138001949266,
            62.36221910611163
          ],
          [
            17.27799247139028,
            62.36245674417185
          ],
          [
            17.277768573176015,
            62.36282068887743
          ],
          [
            17.277693348611187,
            62.362890222921955
          ],
          [
            17.27760223143947,
            62.36294287380027
          ],
          [
            17.277490534526418,
            62.36298551535499
          ],
          [
            17.27734346777991,
            62.36302367751262
          ],
          [
            17.27734346777991,
            62.36302367751262
          ],
          [
            17.277188188086477,
            62.36319929103102
          ],
          [
            17.277042005589387,
            62.363655512572315
          ]
        ]
      }
    },
    {
      "id": 3570,
      "type": "Feature",
      "properties": {
        "name": "Orrbergsrundan springstig",
        "type": "Springstig",
        "created": "2023-05-10 16:44:02",
        "updated": "2024-06-10 09:52:07",
        "published": true,
        "owner": {
          "organizationID": 260,
          "name": "Sundsvalls OK"
        },
        "manager": {
          "organizationID": 260,
          "name": "Sundsvalls OK"
        },
        "fields": [
          {
            "id": 109,
            "name": "Svårighet",
            "type": "DROPDOWN",
            "value": "Lätt"
          },
          {
            "id": 134,
            "name": "Ledgrupp",
            "type": "DROPDOWN",
            "value": "Sundsvalls springstigar"
          },
          {
            "id": 220,
            "name": "Ledtyp",
            "type": "DROPDOWN",
            "value": "Iordningställd"
          },
          {
            "id": 282,
            "name": "Allmänt tillgänglig",
            "type": "DROPDOWN",
            "value": "Hela dygnet"
          },
          {
            "id": 274,
            "name": "Led",
            "type": "COMBINEDTRAIL",
            "referencedObjects": [
              {
                "objectID": 1962,
                "fieldID": 262,
                "direction": "NORMAL"
              },
              {
                "objectID": 1959,
                "fieldID": 262,
                "direction": "REVERSED"
              },
              {
                "objectID": 1919,
                "fieldID": 262,
                "direction": "REVERSED"
              },
              {
                "objectID": 1920,
                "fieldID": 262,
                "direction": "NORMAL"
              },
              {
                "objectID": 1922,
                "fieldID": 262,
                "direction": "NORMAL"
              },
              {
                "objectID": 1930,
                "fieldID": 262,
                "direction": "REVERSED"
              },
              {
                "objectID": 1932,
                "fieldID": 262,
                "direction": "REVERSED"
              },
              {
                "objectID": 1931,
                "fieldID": 262,
                "direction": "REVERSED"
              },
              {
                "objectID": 1961,
                "fieldID": 262,
                "direction": "NORMAL"
              }
            ]
          },
          {
            "id": 99,
            "name": "Längd (meter)",
            "type": "INTEGER",
            "value": 4000
          },
          {
            "id": 281,
            "name": "Sorteringsordning",
            "type": "INTEGER",
            "value": 41
          },
          {
            "id": 98,
            "name": "Markering fil",
            "type": "FILES",
            "value": [
              {
                "id": 2438,
                "filename": "Springstig grön.png",
                "description": "Spårmarkering för grön springstig",
                "alttext": "Spårmarkering för grön springstig",
                "sourcetext": "Friluftsenheten",
                "validForWinter": true,
                "validForSummer": true,
                "sortIndex": 1000,
                "type": "image/png",
                "size": 8946,
                "url": "https://api.sundsvall.se/facilities/2.2/field/filesfield/2438",
                "license": "CC0",
                "licenseDescription": "Creative commons. \"No rights reserved\" https://creativecommons.org/share-your-work/public-domain/cc0/"
              }
            ]
          },
          {
            "id": 102,
            "name": "Öppen",
            "type": "TOGGLE",
            "value": "Ja"
          },
          {
            "id": 103,
            "name": "Belysning",
            "type": "TOGGLE",
            "value": "Nej"
          },
          {
            "id": 108,
            "name": "Tillgänglighetsanpassad",
            "type": "TOGGLE",
            "value": "Nej"
          },
          {
            "id": 110,
            "name": "Beskrivning",
            "type": "FREETEXT",
            "value": "Bred stig som övergår till skogsstig som når upp på hällmarkerna och det vackra Orrberget, där man vänder hemåt igen och får som belöning en lätt \r\nnerförslöpning tillbaka till Grodtjärn."
          },
          {
            "id": 289,
            "name": "Tillgänglighetsbeskrivning",
            "type": "FREETEXT",
            "value": "Skogsstig med mycket stenar och rötter. Kortare sträckor blöt mark. Kortare del på anlagt motionsspår."
          }
        ],
        "centerPoint": [
          17.25063050491825,
          62.379330881401685
        ]
      },
      "geometry": {
        "type": "LineString",
        "coordinates": [
          [
            17.26111777916145,
            62.37943321462169
          ],
          [
            17.261272256114,
            62.379493790878655
          ],
          [
            17.26141220934736,
            62.379608677916394
          ],
          [
            17.2614854896613,
            62.379762729937276
          ],
          [
            17.26151747337986,
            62.379848827446715
          ],
          [
            17.26150968046359,
            62.37994709001615
          ],
          [
            17.26149660970681,
            62.38007045427982
          ],
          [
            17.261463355184922,
            62.38015023126
          ],
          [
            17.26136168931441,
            62.38031896746188
          ],
          [
            17.261306516709528,
            62.380461867894766
          ],
          [
            17.261306516709528,
            62.380461867894766
          ],
          [
            17.26125285247783,
            62.38056847035785
          ],
          [
            17.26123192638694,
            62.380646728755416
          ],
          [
            17.26123304770847,
            62.3807135375906
          ],
          [
            17.261241726586412,
            62.38078154311952
          ],
          [
            17.26129511706707,
            62.380854123065625
          ],
          [
            17.261389613496327,
            62.38090930994041
          ],
          [
            17.261521309824918,
            62.38093440940177
          ],
          [
            17.261643673758783,
            62.38094650199473
          ],
          [
            17.26205300728593,
            62.38096115309899
          ],
          [
            17.26220067551214,
            62.380976658400485
          ],
          [
            17.262413406317663,
            62.38101895218518
          ],
          [
            17.26244431155333,
            62.381016806864636
          ],
          [
            17.26244599138091,
            62.38101669025806
          ],
          [
            17.26255952054432,
            62.38119592993635
          ],
          [
            17.262609430553848,
            62.38131904993526
          ],
          [
            17.26266066053967,
            62.38138286993738
          ],
          [
            17.262672330544227,
            62.38153758993166
          ],
          [
            17.262614580542078,
            62.38181061993111
          ],
          [
            17.262542160554542,
            62.381927639938965
          ],
          [
            17.262442750552385,
            62.3820329799394
          ],
          [
            17.262346600553936,
            62.38210458993743
          ],
          [
            17.262265800542025,
            62.382148999935204
          ],
          [
            17.262172810538516,
            62.38218553993239
          ],
          [
            17.262073400552143,
            62.382214089935886
          ],
          [
            17.26175907787802,
            62.38227247341839
          ],
          [
            17.260608040550213,
            62.382251359933804
          ],
          [
            17.260075020541734,
            62.38226270993436
          ],
          [
            17.25953336055219,
            62.38223647993518
          ],
          [
            17.259201970551576,
            62.38222838993289
          ],
          [
            17.25871260786181,
            62.382246021895156
          ],
          [
            17.25835081125565,
            62.382249797356685
          ],
          [
            17.258003804838467,
            62.38226014352273
          ],
          [
            17.25771698007957,
            62.3823169136762
          ],
          [
            17.25744655321682,
            62.38241383881791
          ],
          [
            17.257177439843428,
            62.38253763893642
          ],
          [
            17.257143006482597,
            62.38256281649957
          ],
          [
            17.257143006482597,
            62.38256281649957
          ],
          [
            17.256917267380693,
            62.38254707704966
          ],
          [
            17.256100319396673,
            62.382421144221595
          ],
          [
            17.255359335891306,
            62.38236837184257
          ],
          [
            17.25501558640538,
            62.38235448793769
          ],
          [
            17.254791745922326,
            62.38232827080206
          ],
          [
            17.254662496160897,
            62.38229958469659
          ],
          [
            17.25431893819518,
            62.38216863626592
          ],
          [
            17.25425448920868,
            62.38208876068504
          ],
          [
            17.254117113014267,
            62.38199040858556
          ],
          [
            17.25400565416921,
            62.38183330237378
          ],
          [
            17.2538958547237,
            62.38178479182764
          ],
          [
            17.253764280551056,
            62.381761559931824
          ],
          [
            17.253674317563675,
            62.38175569099025
          ],
          [
            17.253209150553126,
            62.38174898993543
          ],
          [
            17.253108330552674,
            62.38175870993284
          ],
          [
            17.25307076055143,
            62.38176065993236
          ],
          [
            17.253033390542043,
            62.38176530993753
          ],
          [
            17.252958250548073,
            62.3817692199352
          ],
          [
            17.252900490552634,
            62.3817728499397
          ],
          [
            17.252839830548275,
            62.38177651993384
          ],
          [
            17.25277359055467,
            62.38178297993734
          ],
          [
            17.252721620548364,
            62.38178651993758
          ],
          [
            17.252629190552746,
            62.381792049934276
          ],
          [
            17.252550551941184,
            62.38179814836381
          ],
          [
            17.25249649054257,
            62.38180227993976
          ],
          [
            17.252295550551946,
            62.38183112993917
          ],
          [
            17.252152370550874,
            62.38185633993812
          ],
          [
            17.252066340552908,
            62.38186985993257
          ],
          [
            17.251900080550914,
            62.381896789931496
          ],
          [
            17.2517736805422,
            62.3819136599364
          ],
          [
            17.251664770537136,
            62.3819315799385
          ],
          [
            17.251578940550395,
            62.381947789932255
          ],
          [
            17.251482072536106,
            62.38196390904968
          ],
          [
            17.251482072536106,
            62.38196390904968
          ],
          [
            17.251403486583985,
            62.38194905961737
          ],
          [
            17.251059122398313,
            62.38191287333578
          ],
          [
            17.25051210834238,
            62.38181913224626
          ],
          [
            17.249786208990876,
            62.38156817578729
          ],
          [
            17.24925983019143,
            62.38130182329727
          ],
          [
            17.249054603654866,
            62.38119797495649
          ],
          [
            17.248631267357034,
            62.381003532638445
          ],
          [
            17.248167969550263,
            62.380869153029785
          ],
          [
            17.247707873645147,
            62.380801013189505
          ],
          [
            17.247082218776974,
            62.38055563638177
          ],
          [
            17.24683075690658,
            62.380372665456306
          ],
          [
            17.246565974514738,
            62.380209705603335
          ],
          [
            17.245699076100564,
            62.379993339274066
          ],
          [
            17.245269761182755,
            62.379971266656625
          ],
          [
            17.244787165485562,
            62.38002927423618
          ],
          [
            17.244389881854836,
            62.38007978121271
          ],
          [
            17.243677418827687,
            62.38010701580554
          ],
          [
            17.243091119091343,
            62.38008656514196
          ],
          [
            17.24271666173362,
            62.380017524738115
          ],
          [
            17.24246998667273,
            62.3799339082976
          ],
          [
            17.242118349875117,
            62.379745338381994
          ],
          [
            17.241443324873547,
            62.37936125113938
          ],
          [
            17.24100800447606,
            62.37921331048887
          ],
          [
            17.240143991545096,
            62.379056515630474
          ],
          [
            17.238951214647788,
            62.37888985882009
          ],
          [
            17.237874495465938,
            62.37876175240145
          ],
          [
            17.23731268714214,
            62.37865486329161
          ],
          [
            17.23671981932203,
            62.37849526600495
          ],
          [
            17.2358647605982,
            62.37822568514183
          ],
          [
            17.23497930553236,
            62.37791664984272
          ],
          [
            17.233583812798365,
            62.377387492170826
          ],
          [
            17.23311683111514,
            62.37724724694322
          ],
          [
            17.23311683111514,
            62.37724724694322
          ],
          [
            17.232958730546265,
            62.377015959936955
          ],
          [
            17.232979300537263,
            62.37690247993697
          ],
          [
            17.232934930540214,
            62.37681293993818
          ],
          [
            17.23293890054794,
            62.376671439933105
          ],
          [
            17.23289870055281,
            62.37640403993226
          ],
          [
            17.23285313053999,
            62.37633741993947
          ],
          [
            17.232855320538842,
            62.37624982993729
          ],
          [
            17.23292812054966,
            62.37601966994023
          ],
          [
            17.232805600543696,
            62.375776479940185
          ],
          [
            17.23274803054247,
            62.375626539934316
          ],
          [
            17.232663750541956,
            62.375195509937754
          ],
          [
            17.232580445006825,
            62.37508765250811
          ],
          [
            17.232580445006825,
            62.37508765250811
          ],
          [
            17.232963489273256,
            62.37509583982693
          ],
          [
            17.23315936600085,
            62.37506960080084
          ],
          [
            17.233429168207692,
            62.375012988566375
          ],
          [
            17.233558594160517,
            62.3749914690164
          ],
          [
            17.233822920193166,
            62.37494164277272
          ],
          [
            17.234126513969212,
            62.374925065920976
          ],
          [
            17.234410978495596,
            62.3749329148879
          ],
          [
            17.23462415995052,
            62.37496572529921
          ],
          [
            17.23480438005587,
            62.3749759898548
          ],
          [
            17.234896714600758,
            62.374966964976736
          ],
          [
            17.234968382189532,
            62.37495007557373
          ],
          [
            17.23507630647032,
            62.37493086314404
          ],
          [
            17.235160974055002,
            62.37491579074177
          ],
          [
            17.235343129741718,
            62.374905842956345
          ],
          [
            17.23546456679272,
            62.374899210972984
          ],
          [
            17.235604158120044,
            62.37490854576556
          ],
          [
            17.23581167401547,
            62.37494410480488
          ],
          [
            17.235864790569543,
            62.374963750741266
          ],
          [
            17.235938253631605,
            62.37498453368078
          ],
          [
            17.236043221153704,
            62.37501764332396
          ],
          [
            17.236132501981743,
            62.375045804831956
          ],
          [
            17.236258055904976,
            62.375064706078255
          ],
          [
            17.236503433442227,
            62.3751039132719
          ],
          [
            17.236625897836408,
            62.37511880760266
          ],
          [
            17.236766324877816,
            62.37514563217702
          ],
          [
            17.236932893793014,
            62.375173533898824
          ],
          [
            17.237062501749843,
            62.375216622866304
          ],
          [
            17.23717704478354,
            62.37524775159874
          ],
          [
            17.23717704478354,
            62.37524775159874
          ],
          [
            17.237380631944657,
            62.37532238616282
          ],
          [
            17.237611261026462,
            62.37541693398085
          ],
          [
            17.23793361130168,
            62.37554728259648
          ],
          [
            17.238669906795455,
            62.37585294921283
          ],
          [
            17.23892455736293,
            62.375964747381566
          ],
          [
            17.238971946323815,
            62.375985797305866
          ],
          [
            17.238996347599446,
            62.37601112232982
          ],
          [
            17.239035365265057,
            62.3760389890551
          ],
          [
            17.23910001129577,
            62.37605716897677
          ],
          [
            17.239149462711552,
            62.37606069802567
          ],
          [
            17.239222158959628,
            62.37606533376733
          ],
          [
            17.23927450796772,
            62.37606883292918
          ],
          [
            17.239332909194715,
            62.37607765421408
          ],
          [
            17.23941210762073,
            62.37609703021461
          ],
          [
            17.239473856455053,
            62.376115239809124
          ],
          [
            17.2395360552704,
            62.37614286759115
          ],
          [
            17.239669403151403,
            62.376203415347746
          ],
          [
            17.239723231030574,
            62.376237859899845
          ],
          [
            17.23983919417494,
            62.37629858662809
          ],
          [
            17.239917296171626,
            62.37635566505088
          ],
          [
            17.240033517349747,
            62.37642177343838
          ],
          [
            17.240086703008895,
            62.37644276326289
          ],
          [
            17.240116772218933,
            62.37646533743429
          ],
          [
            17.240147291596656,
            62.37649732981158
          ],
          [
            17.240180322807742,
            62.37652121955585
          ],
          [
            17.240210970919613,
            62.37655590284314
          ],
          [
            17.240243873633077,
            62.376577101656956
          ],
          [
            17.24028585510576,
            62.37660628362337
          ],
          [
            17.240331179941254,
            62.37662641539462
          ],
          [
            17.240475411638624,
            62.376682363847664
          ],
          [
            17.240551593690224,
            62.37670719565848
          ],
          [
            17.24090188027939,
            62.37681800435694
          ],
          [
            17.24105307018982,
            62.37688778969905
          ],
          [
            17.2412951805635,
            62.37704009666009
          ],
          [
            17.241413404009872,
            62.377087337570025
          ],
          [
            17.24160728906858,
            62.37714052844143
          ],
          [
            17.241705165328153,
            62.37718663290821
          ],
          [
            17.241764470762693,
            62.37721428957603
          ],
          [
            17.24181482572961,
            62.37723665408145
          ],
          [
            17.241879926718514,
            62.37726425089771
          ],
          [
            17.241960031343265,
            62.377302461839676
          ],
          [
            17.242013284306026,
            62.37732479637349
          ],
          [
            17.242075552382605,
            62.37735376846422
          ],
          [
            17.242128805502965,
            62.37737610295367
          ],
          [
            17.242182573920353,
            62.377409201083914
          ],
          [
            17.242209812367406,
            62.377433150151994
          ],
          [
            17.2422906907203,
            62.3774875063898
          ],
          [
            17.242324175565958,
            62.377520813826365
          ],
          [
            17.242399065723642,
            62.37757119344537
          ],
          [
            17.242530429822047,
            62.37765060473027
          ],
          [
            17.242601134546554,
            62.37767410500693
          ],
          [
            17.242654453052438,
            62.377697784750666
          ],
          [
            17.2427321130688,
            62.37774544335383
          ],
          [
            17.242849763325776,
            62.37784114940517
          ],
          [
            17.242950477073297,
            62.37788587760896
          ],
          [
            17.24300933395581,
            62.37790411553347
          ],
          [
            17.24326794425504,
            62.377976827569995
          ],
          [
            17.243672152822732,
            62.37806284235685
          ],
          [
            17.24382129245863,
            62.37808957006308
          ],
          [
            17.243956137010485,
            62.378120483709246
          ],
          [
            17.24415885587115,
            62.37817627213514
          ],
          [
            17.244300464268857,
            62.37822730740659
          ],
          [
            17.244392165880292,
            62.378265397168825
          ],
          [
            17.244498872740206,
            62.37831410076061
          ],
          [
            17.244663605772985,
            62.37842412611455
          ],
          [
            17.244703599864003,
            62.37847217311455
          ],
          [
            17.24480625461468,
            62.378557263734194
          ],
          [
            17.245164949870365,
            62.37866124453804
          ],
          [
            17.2452126057701,
            62.378687674168155
          ],
          [
            17.24526548904825,
            62.3787530009762
          ],
          [
            17.245337742236554,
            62.37881830013993
          ],
          [
            17.245458425281345,
            62.378856089459724
          ],
          [
            17.245745963929124,
            62.37892715171287
          ],
          [
            17.24595514131531,
            62.37905690763007
          ],
          [
            17.246103456856066,
            62.379126717467585
          ],
          [
            17.246245848186547,
            62.37919389621539
          ],
          [
            17.246328224704726,
            62.37927919562399
          ],
          [
            17.24635483968356,
            62.37932158273989
          ],
          [
            17.24655369839442,
            62.379399622781044
          ],
          [
            17.24691793883058,
            62.379490548759925
          ],
          [
            17.247071650812057,
            62.37951824052055
          ],
          [
            17.247246551912514,
            62.37957576293478
          ],
          [
            17.24735393345869,
            62.37963563238159
          ],
          [
            17.24743267089547,
            62.37967459173909
          ],
          [
            17.247567311459377,
            62.37972404795723
          ],
          [
            17.247666337796158,
            62.37976388275329
          ],
          [
            17.24774242659095,
            62.379808385856514
          ],
          [
            17.247882638237094,
            62.37989039294135
          ],
          [
            17.24801590311939,
            62.380008817254385
          ],
          [
            17.248104910992804,
            62.380050970929744
          ],
          [
            17.248313899265145,
            62.38011611134738
          ],
          [
            17.248499006614008,
            62.38022726727579
          ],
          [
            17.248714116450547,
            62.3802990742851
          ],
          [
            17.248919756792546,
            62.38035482565186
          ],
          [
            17.250033122980668,
            62.380794000104316
          ],
          [
            17.25020990230666,
            62.38081652835673
          ],
          [
            17.250556032630552,
            62.38084613483315
          ],
          [
            17.250933233811907,
            62.38089283893981
          ],
          [
            17.25121266341787,
            62.38089963538114
          ],
          [
            17.251390634409212,
            62.38092567299687
          ],
          [
            17.251635468928768,
            62.38094057130509
          ],
          [
            17.25211079993102,
            62.38094168286909
          ],
          [
            17.252432533629108,
            62.380898761471535
          ],
          [
            17.252920447481532,
            62.380833034767065
          ],
          [
            17.253556991010626,
            62.38072718420447
          ],
          [
            17.253978140350984,
            62.3807177709369
          ],
          [
            17.254278442833524,
            62.380670244020884
          ],
          [
            17.254734270491774,
            62.38061005926853
          ],
          [
            17.255195511567255,
            62.38060683470216
          ],
          [
            17.255251781234545,
            62.38057124940612
          ],
          [
            17.25535214321242,
            62.380488090401386
          ],
          [
            17.255400368631218,
            62.380466050095094
          ],
          [
            17.25545136193818,
            62.380441288692346
          ],
          [
            17.255514207086193,
            62.38042178832611
          ],
          [
            17.255574674314776,
            62.38041308172104
          ],
          [
            17.255681638985784,
            62.380406582991334
          ],
          [
            17.255802963397567,
            62.380397242316235
          ],
          [
            17.25586632843847,
            62.38038850540591
          ],
          [
            17.25606638926159,
            62.38032853742968
          ],
          [
            17.256255117678517,
            62.38027407177862
          ],
          [
            17.25637868880087,
            62.380251245901555
          ],
          [
            17.256470967796925,
            62.38024086123226
          ],
          [
            17.25658063442226,
            62.380230295253504
          ],
          [
            17.256933923695087,
            62.38022122774755
          ],
          [
            17.257037533867884,
            62.3802053400346
          ],
          [
            17.257111839089028,
            62.380183027186234
          ],
          [
            17.257153941415922,
            62.38015431946506
          ],
          [
            17.25721971680928,
            62.380075558112445
          ],
          [
            17.25726940612699,
            62.380023887044246
          ],
          [
            17.25749388386946,
            62.37986943333712
          ],
          [
            17.25759996800006,
            62.37978486683676
          ],
          [
            17.25781026054271,
            62.37969703993772
          ],
          [
            17.257918550536402,
            62.37967103993233
          ],
          [
            17.258196130548612,
            62.37965844993711
          ],
          [
            17.258376800541374,
            62.37966898993547
          ],
          [
            17.258731820542465,
            62.37976021993382
          ],
          [
            17.25890832054068,
            62.37979236993612
          ],
          [
            17.259116750551343,
            62.37978629993458
          ],
          [
            17.259308783012308,
            62.37979527234799
          ],
          [
            17.259308783012308,
            62.37979527234799
          ],
          [
            17.259261262850224,
            62.379756013543464
          ],
          [
            17.25926355664149,
            62.3796767174995
          ],
          [
            17.259358240088527,
            62.37962419784198
          ],
          [
            17.259586871149992,
            62.379533092055276
          ],
          [
            17.259687013301647,
            62.37948250866282
          ],
          [
            17.259952202658027,
            62.379292010484924
          ],
          [
            17.260102863303246,
            62.37924165505946
          ],
          [
            17.26029622613514,
            62.37922041169832
          ],
          [
            17.26043761382712,
            62.37924250579216
          ],
          [
            17.260699624076892,
            62.379328131795226
          ],
          [
            17.26111777916145,
            62.37943321462169
          ]
        ]
      }
    },
    {
      "id": 3571,
      "type": "Feature",
      "properties": {
        "name": "Klissbergsrundan springstig",
        "type": "Springstig",
        "created": "2023-05-10 16:45:51",
        "updated": "2024-06-10 09:51:52",
        "published": true,
        "owner": {
          "organizationID": 260,
          "name": "Sundsvalls OK"
        },
        "manager": {
          "organizationID": 260,
          "name": "Sundsvalls OK"
        },
        "fields": [
          {
            "id": 109,
            "name": "Svårighet",
            "type": "DROPDOWN",
            "value": "Medelsvår"
          },
          {
            "id": 134,
            "name": "Ledgrupp",
            "type": "DROPDOWN",
            "value": "Sundsvalls springstigar"
          },
          {
            "id": 220,
            "name": "Ledtyp",
            "type": "DROPDOWN",
            "value": "Iordningställd"
          },
          {
            "id": 282,
            "name": "Allmänt tillgänglig",
            "type": "DROPDOWN",
            "value": "Hela dygnet"
          },
          {
            "id": 274,
            "name": "Led",
            "type": "COMBINEDTRAIL",
            "referencedObjects": [
              {
                "objectID": 1962,
                "fieldID": 262,
                "direction": "NORMAL"
              },
              {
                "objectID": 1959,
                "fieldID": 262,
                "direction": "REVERSED"
              },
              {
                "objectID": 1919,
                "fieldID": 262,
                "direction": "REVERSED"
              },
              {
                "objectID": 1920,
                "fieldID": 262,
                "direction": "NORMAL"
              },
              {
                "objectID": 1922,
                "fieldID": 262,
                "direction": "NORMAL"
              },
              {
                "objectID": 1921,
                "fieldID": 262,
                "direction": "NORMAL"
              },
              {
                "objectID": 1908,
                "fieldID": 262,
                "direction": "NORMAL"
              },
              {
                "objectID": 1909,
                "fieldID": 262,
                "direction": "NORMAL"
              },
              {
                "objectID": 1924,
                "fieldID": 262,
                "direction": "NORMAL"
              },
              {
                "objectID": 1925,
                "fieldID": 262,
                "direction": "NORMAL"
              },
              {
                "objectID": 1926,
                "fieldID": 262,
                "direction": "NORMAL"
              },
              {
                "objectID": 1933,
                "fieldID": 262,
                "direction": "REVERSED"
              },
              {
                "objectID": 1932,
                "fieldID": 262,
                "direction": "REVERSED"
              },
              {
                "objectID": 1931,
                "fieldID": 262,
                "direction": "REVERSED"
              },
              {
                "objectID": 1961,
                "fieldID": 262,
                "direction": "NORMAL"
              }
            ]
          },
          {
            "id": 99,
            "name": "Längd (meter)",
            "type": "INTEGER",
            "value": 8000
          },
          {
            "id": 281,
            "name": "Sorteringsordning",
            "type": "INTEGER",
            "value": 42
          },
          {
            "id": 98,
            "name": "Markering fil",
            "type": "FILES",
            "value": [
              {
                "id": 2439,
                "filename": "Spårmarkering Vandring Blå.png",
                "description": "Spårmarkering för blå springstig",
                "alttext": "Spårmarkering för blå springstig",
                "sourcetext": "Frilufts",
                "validForWinter": true,
                "validForSummer": true,
                "sortIndex": 1000,
                "type": "image/png",
                "size": 10821,
                "url": "https://api.sundsvall.se/facilities/2.2/field/filesfield/2439",
                "license": "CC0",
                "licenseDescription": "Creative commons. \"No rights reserved\" https://creativecommons.org/share-your-work/public-domain/cc0/"
              }
            ]
          },
          {
            "id": 102,
            "name": "Öppen",
            "type": "TOGGLE",
            "value": "Ja"
          },
          {
            "id": 103,
            "name": "Belysning",
            "type": "TOGGLE",
            "value": "Nej"
          },
          {
            "id": 108,
            "name": "Tillgänglighetsanpassad",
            "type": "TOGGLE",
            "value": "Nej"
          },
          {
            "id": 110,
            "name": "Beskrivning",
            "type": "FREETEXT",
            "value": "Huvudsakligen skogsstigar med fast underlag. Stora delar av rundan går i hällmarksterräng, upp till Klissbergets topp där man vänder hemåt och har en relativt behaglig resa tillbaka till Grodtjärn"
          },
          {
            "id": 289,
            "name": "Tillgänglighetsbeskrivning",
            "type": "FREETEXT",
            "value": "Skogsstig med mycket stenar och rötter. Kortare sträckor blöt mark. Kortare del på anlagt motionsspår."
          }
        ],
        "centerPoint": [
          17.234315910909956,
          62.37815539307097
        ]
      },
      "geometry": {
        "type": "LineString",
        "coordinates": [
          [
            17.26111777916145,
            62.37943321462169
          ],
          [
            17.261272256114,
            62.379493790878655
          ],
          [
            17.26141220934736,
            62.379608677916394
          ],
          [
            17.2614854896613,
            62.379762729937276
          ],
          [
            17.26151747337986,
            62.379848827446715
          ],
          [
            17.26150968046359,
            62.37994709001615
          ],
          [
            17.26149660970681,
            62.38007045427982
          ],
          [
            17.261463355184922,
            62.38015023126
          ],
          [
            17.26136168931441,
            62.38031896746188
          ],
          [
            17.261306516709528,
            62.380461867894766
          ],
          [
            17.261306516709528,
            62.380461867894766
          ],
          [
            17.26125285247783,
            62.38056847035785
          ],
          [
            17.26123192638694,
            62.380646728755416
          ],
          [
            17.26123304770847,
            62.3807135375906
          ],
          [
            17.261241726586412,
            62.38078154311952
          ],
          [
            17.26129511706707,
            62.380854123065625
          ],
          [
            17.261389613496327,
            62.38090930994041
          ],
          [
            17.261521309824918,
            62.38093440940177
          ],
          [
            17.261643673758783,
            62.38094650199473
          ],
          [
            17.26205300728593,
            62.38096115309899
          ],
          [
            17.26220067551214,
            62.380976658400485
          ],
          [
            17.262413406317663,
            62.38101895218518
          ],
          [
            17.26244431155333,
            62.381016806864636
          ],
          [
            17.26244599138091,
            62.38101669025806
          ],
          [
            17.26255952054432,
            62.38119592993635
          ],
          [
            17.262609430553848,
            62.38131904993526
          ],
          [
            17.26266066053967,
            62.38138286993738
          ],
          [
            17.262672330544227,
            62.38153758993166
          ],
          [
            17.262614580542078,
            62.38181061993111
          ],
          [
            17.262542160554542,
            62.381927639938965
          ],
          [
            17.262442750552385,
            62.3820329799394
          ],
          [
            17.262346600553936,
            62.38210458993743
          ],
          [
            17.262265800542025,
            62.382148999935204
          ],
          [
            17.262172810538516,
            62.38218553993239
          ],
          [
            17.262073400552143,
            62.382214089935886
          ],
          [
            17.26175907787802,
            62.38227247341839
          ],
          [
            17.260608040550213,
            62.382251359933804
          ],
          [
            17.260075020541734,
            62.38226270993436
          ],
          [
            17.25953336055219,
            62.38223647993518
          ],
          [
            17.259201970551576,
            62.38222838993289
          ],
          [
            17.25871260786181,
            62.382246021895156
          ],
          [
            17.25835081125565,
            62.382249797356685
          ],
          [
            17.258003804838467,
            62.38226014352273
          ],
          [
            17.25771698007957,
            62.3823169136762
          ],
          [
            17.25744655321682,
            62.38241383881791
          ],
          [
            17.257177439843428,
            62.38253763893642
          ],
          [
            17.257143006482597,
            62.38256281649957
          ],
          [
            17.257143006482597,
            62.38256281649957
          ],
          [
            17.256917267380693,
            62.38254707704966
          ],
          [
            17.256100319396673,
            62.382421144221595
          ],
          [
            17.255359335891306,
            62.38236837184257
          ],
          [
            17.25501558640538,
            62.38235448793769
          ],
          [
            17.254791745922326,
            62.38232827080206
          ],
          [
            17.254662496160897,
            62.38229958469659
          ],
          [
            17.25431893819518,
            62.38216863626592
          ],
          [
            17.25425448920868,
            62.38208876068504
          ],
          [
            17.254117113014267,
            62.38199040858556
          ],
          [
            17.25400565416921,
            62.38183330237378
          ],
          [
            17.2538958547237,
            62.38178479182764
          ],
          [
            17.253764280551056,
            62.381761559931824
          ],
          [
            17.253674317563675,
            62.38175569099025
          ],
          [
            17.253209150553126,
            62.38174898993543
          ],
          [
            17.253108330552674,
            62.38175870993284
          ],
          [
            17.25307076055143,
            62.38176065993236
          ],
          [
            17.253033390542043,
            62.38176530993753
          ],
          [
            17.252958250548073,
            62.3817692199352
          ],
          [
            17.252900490552634,
            62.3817728499397
          ],
          [
            17.252839830548275,
            62.38177651993384
          ],
          [
            17.25277359055467,
            62.38178297993734
          ],
          [
            17.252721620548364,
            62.38178651993758
          ],
          [
            17.252629190552746,
            62.381792049934276
          ],
          [
            17.252550551941184,
            62.38179814836381
          ],
          [
            17.25249649054257,
            62.38180227993976
          ],
          [
            17.252295550551946,
            62.38183112993917
          ],
          [
            17.252152370550874,
            62.38185633993812
          ],
          [
            17.252066340552908,
            62.38186985993257
          ],
          [
            17.251900080550914,
            62.381896789931496
          ],
          [
            17.2517736805422,
            62.3819136599364
          ],
          [
            17.251664770537136,
            62.3819315799385
          ],
          [
            17.251578940550395,
            62.381947789932255
          ],
          [
            17.251482072536106,
            62.38196390904968
          ],
          [
            17.251482072536106,
            62.38196390904968
          ],
          [
            17.251403486583985,
            62.38194905961737
          ],
          [
            17.251059122398313,
            62.38191287333578
          ],
          [
            17.25051210834238,
            62.38181913224626
          ],
          [
            17.249786208990876,
            62.38156817578729
          ],
          [
            17.24925983019143,
            62.38130182329727
          ],
          [
            17.249054603654866,
            62.38119797495649
          ],
          [
            17.248631267357034,
            62.381003532638445
          ],
          [
            17.248167969550263,
            62.380869153029785
          ],
          [
            17.247707873645147,
            62.380801013189505
          ],
          [
            17.247082218776974,
            62.38055563638177
          ],
          [
            17.24683075690658,
            62.380372665456306
          ],
          [
            17.246565974514738,
            62.380209705603335
          ],
          [
            17.245699076100564,
            62.379993339274066
          ],
          [
            17.245269761182755,
            62.379971266656625
          ],
          [
            17.244787165485562,
            62.38002927423618
          ],
          [
            17.244389881854836,
            62.38007978121271
          ],
          [
            17.243677418827687,
            62.38010701580554
          ],
          [
            17.243091119091343,
            62.38008656514196
          ],
          [
            17.24271666173362,
            62.380017524738115
          ],
          [
            17.24246998667273,
            62.3799339082976
          ],
          [
            17.242118349875117,
            62.379745338381994
          ],
          [
            17.241443324873547,
            62.37936125113938
          ],
          [
            17.24100800447606,
            62.37921331048887
          ],
          [
            17.240143991545096,
            62.379056515630474
          ],
          [
            17.238951214647788,
            62.37888985882009
          ],
          [
            17.237874495465938,
            62.37876175240145
          ],
          [
            17.23731268714214,
            62.37865486329161
          ],
          [
            17.23671981932203,
            62.37849526600495
          ],
          [
            17.2358647605982,
            62.37822568514183
          ],
          [
            17.23497930553236,
            62.37791664984272
          ],
          [
            17.233583812798365,
            62.377387492170826
          ],
          [
            17.23311683111514,
            62.37724724694322
          ],
          [
            17.23311683111514,
            62.37724724694322
          ],
          [
            17.232772870412816,
            62.3771439458709
          ],
          [
            17.232341717488918,
            62.37708209828797
          ],
          [
            17.23161346550767,
            62.377076303576075
          ],
          [
            17.230857621508175,
            62.37709067556878
          ],
          [
            17.230317059585083,
            62.37712933849989
          ],
          [
            17.22976159280069,
            62.37715491001004
          ],
          [
            17.229119559462546,
            62.37716147647425
          ],
          [
            17.228389422900133,
            62.377115922610294
          ],
          [
            17.227141613608435,
            62.376989482604365
          ],
          [
            17.22622182226093,
            62.37700330194869
          ],
          [
            17.225501849459803,
            62.37702609754902
          ],
          [
            17.224749760180806,
            62.377119928345195
          ],
          [
            17.224197417955445,
            62.37721171977921
          ],
          [
            17.22323726475323,
            62.37743358580961
          ],
          [
            17.222249795504794,
            62.37768223555733
          ],
          [
            17.221528402557272,
            62.377822129603864
          ],
          [
            17.22103217374661,
            62.37789344961104
          ],
          [
            17.22061839995234,
            62.37789765583933
          ],
          [
            17.22010322638425,
            62.377869754162994
          ],
          [
            17.21901111582524,
            62.37771515406444
          ],
          [
            17.218294601609156,
            62.377656145510294
          ],
          [
            17.217709642913,
            62.377662080092605
          ],
          [
            17.21724163276921,
            62.37772647582187
          ],
          [
            17.21656519160467,
            62.37791228856562
          ],
          [
            17.21594178612054,
            62.37801139163879
          ],
          [
            17.215428776331592,
            62.37802984391296
          ],
          [
            17.214743005512325,
            62.37801689888779
          ],
          [
            17.21271978687965,
            62.37779214099013
          ],
          [
            17.211790228016568,
            62.37775514012391
          ],
          [
            17.211434147774142,
            62.377771985276645
          ],
          [
            17.210695961245335,
            62.377858974815766
          ],
          [
            17.210311048184483,
            62.37786948360064
          ],
          [
            17.209754000509427,
            62.377861846891626
          ],
          [
            17.20939853757093,
            62.377891944034474
          ],
          [
            17.208832801433335,
            62.37800368979104
          ],
          [
            17.207971761443414,
            62.37821119428749
          ],
          [
            17.207657867042833,
            62.37831483791723
          ],
          [
            17.207657867042833,
            62.37831483791723
          ],
          [
            17.207277403379713,
            62.37829186699982
          ],
          [
            17.20664993380811,
            62.37823883060538
          ],
          [
            17.20623542650391,
            62.378183634546744
          ],
          [
            17.205965979484322,
            62.37819294060476
          ],
          [
            17.205782338062296,
            62.37821458146645
          ],
          [
            17.205782338062296,
            62.37821458146645
          ],
          [
            17.204986570543298,
            62.37826599993578
          ],
          [
            17.20430946055378,
            62.37832925993434
          ],
          [
            17.203797620550453,
            62.37839123993845
          ],
          [
            17.203797620550453,
            62.37839123993845
          ],
          [
            17.203686020547924,
            62.37813572993359
          ],
          [
            17.20369774054288,
            62.3779792999388
          ],
          [
            17.203730410537858,
            62.37787101993651
          ],
          [
            17.20370824054505,
            62.3777272499395
          ],
          [
            17.203758230537904,
            62.37757828994045
          ],
          [
            17.203911240556447,
            62.37752871994117
          ],
          [
            17.203922900553753,
            62.37745040993517
          ],
          [
            17.204348480546187,
            62.37728068993699
          ],
          [
            17.204800770556037,
            62.37719808993852
          ],
          [
            17.204896720549577,
            62.3771615499366
          ],
          [
            17.205154200539184,
            62.377033549937686
          ],
          [
            17.20524554054555,
            62.377013249932766
          ],
          [
            17.20589664055113,
            62.37695173993543
          ],
          [
            17.206051330554907,
            62.37692504993492
          ],
          [
            17.2061522805416,
            62.37687764993656
          ],
          [
            17.206226090542298,
            62.37677679993557
          ],
          [
            17.20625380054503,
            62.37660125993357
          ],
          [
            17.206245310553815,
            62.37632794993306
          ],
          [
            17.206360730545498,
            62.37616178994006
          ],
          [
            17.206565910544274,
            62.37595379993444
          ],
          [
            17.20673586055313,
            62.37581909994039
          ],
          [
            17.207017730539704,
            62.375510209938525
          ],
          [
            17.20716549053814,
            62.37538933993593
          ],
          [
            17.2075212905526,
            62.375218019934266
          ],
          [
            17.20819991054792,
            62.375018669936004
          ],
          [
            17.20819991054792,
            62.375018669936004
          ],
          [
            17.208486750552133,
            62.37501411994005
          ],
          [
            17.208751030541404,
            62.37497894993226
          ],
          [
            17.209017590538046,
            62.374974719936276
          ],
          [
            17.209381370546264,
            62.37495142993471
          ],
          [
            17.210124540553892,
            62.374880369936506
          ],
          [
            17.21095100054776,
            62.37483760993292
          ],
          [
            17.211585450550093,
            62.37478711993228
          ],
          [
            17.2117800905555,
            62.37475169993685
          ],
          [
            17.212008900548444,
            62.37470765993347
          ],
          [
            17.212344440547675,
            62.374616119934885
          ],
          [
            17.212728320542936,
            62.37455074994061
          ],
          [
            17.213107000542397,
            62.3744935399393
          ],
          [
            17.213331210539327,
            62.374465729935885
          ],
          [
            17.213539020556347,
            62.374451649936574
          ],
          [
            17.213700870552543,
            62.374443689938666
          ],
          [
            17.213932460549692,
            62.37443730993587
          ],
          [
            17.214288750556022,
            62.37439122994095
          ],
          [
            17.214531730541278,
            62.37438197993439
          ],
          [
            17.215432992582215,
            62.37430569708006
          ],
          [
            17.215432992582215,
            62.37430569708006
          ],
          [
            17.216315007086884,
            62.37422585898548
          ],
          [
            17.216739540542687,
            62.37419058993662
          ],
          [
            17.217551380548777,
            62.374185739933715
          ],
          [
            17.217684850537275,
            62.37418629993392
          ],
          [
            17.21786408053981,
            62.37417805993222
          ],
          [
            17.218164410539067,
            62.374159799938504
          ],
          [
            17.21837082054047,
            62.37412687993407
          ],
          [
            17.218490520546126,
            62.374098029940264
          ],
          [
            17.218598430553257,
            62.37406667994063
          ],
          [
            17.218733510544816,
            62.37404970993607
          ],
          [
            17.21882582054232,
            62.37404284993256
          ],
          [
            17.218906550549494,
            62.37403617994035
          ],
          [
            17.219013650549286,
            62.37403311993591
          ],
          [
            17.219053016006693,
            62.374029142377914
          ],
          [
            17.219076990600467,
            62.37402671993189
          ],
          [
            17.219076990542494,
            62.37402671994086
          ],
          [
            17.219145800537156,
            62.37409431993223
          ],
          [
            17.219384250540312,
            62.374180769932295
          ],
          [
            17.219552070542807,
            62.37425351993765
          ],
          [
            17.21962959054758,
            62.37428191994008
          ],
          [
            17.219758450549847,
            62.3743377899377
          ],
          [
            17.21987953055454,
            62.37436683993461
          ],
          [
            17.220010590545442,
            62.374413239940324
          ],
          [
            17.220227980551954,
            62.3744501799335
          ],
          [
            17.220312241076808,
            62.374471184792
          ],
          [
            17.220364648828873,
            62.37447603652043
          ],
          [
            17.22057106525092,
            62.37448874539257
          ],
          [
            17.220738926589387,
            62.37448300039111
          ],
          [
            17.22087523334358,
            62.3744843066308
          ],
          [
            17.22105512870937,
            62.374487861663056
          ],
          [
            17.22118003615212,
            62.374493321871796
          ],
          [
            17.22132156646605,
            62.37448245953069
          ],
          [
            17.22139091461346,
            62.37447771577541
          ],
          [
            17.221819965921703,
            62.3744168138947
          ],
          [
            17.221927361574576,
            62.374419759391465
          ],
          [
            17.222009124944048,
            62.37443238845948
          ],
          [
            17.222073757842512,
            62.3744505762697
          ],
          [
            17.222204866185184,
            62.37452597032991
          ],
          [
            17.22248022504776,
            62.3747708522294
          ],
          [
            17.22256319694924,
            62.374809044826584
          ],
          [
            17.222948168498846,
            62.37491954464071
          ],
          [
            17.2230332125321,
            62.374940216388495
          ],
          [
            17.223129719504268,
            62.37495807911318
          ],
          [
            17.223420358224462,
            62.37497396431729
          ],
          [
            17.22355781189939,
            62.3749994863031
          ],
          [
            17.223636743623853,
            62.375013489387754
          ],
          [
            17.223745477134035,
            62.37504468824854
          ],
          [
            17.223787059633466,
            62.37506580237386
          ],
          [
            17.22397004044718,
            62.375195856918445
          ],
          [
            17.224247848496656,
            62.37524687011873
          ],
          [
            17.224297042570992,
            62.37524502258104
          ],
          [
            17.224559888902505,
            62.37522484364248
          ],
          [
            17.22482241663509,
            62.37519793689218
          ],
          [
            17.225032852461872,
            62.37517290701035
          ],
          [
            17.22515410199485,
            62.375162247614696
          ],
          [
            17.22528455330388,
            62.37516226316467
          ],
          [
            17.22535087751728,
            62.37515485606106
          ],
          [
            17.225561758361227,
            62.37513924363264
          ],
          [
            17.225693069115422,
            62.375096174374505
          ],
          [
            17.225747548341218,
            62.37508350348567
          ],
          [
            17.225815559643816,
            62.37505050277255
          ],
          [
            17.225873063608933,
            62.37504049318185
          ],
          [
            17.226025101784185,
            62.3750066348967
          ],
          [
            17.226134505540923,
            62.3749907110702
          ],
          [
            17.226195161606128,
            62.37498605364248
          ],
          [
            17.226378276577105,
            62.37499629953937
          ],
          [
            17.226860151399237,
            62.37501022529661
          ],
          [
            17.226988086983525,
            62.37501834162033
          ],
          [
            17.22724208097137,
            62.37505613092999
          ],
          [
            17.22741102805738,
            62.37507325076307
          ],
          [
            17.22751829900577,
            62.375073501011606
          ],
          [
            17.22769151073984,
            62.37505827018601
          ],
          [
            17.227953906551676,
            62.375028666613446
          ],
          [
            17.228288037122194,
            62.374983522035826
          ],
          [
            17.228380501325496,
            62.37497719239605
          ],
          [
            17.228606696282352,
            62.37497891828469
          ],
          [
            17.22889026640599,
            62.374967942060934
          ],
          [
            17.229008680064993,
            62.3749586543997
          ],
          [
            17.229314408124665,
            62.374925912851694
          ],
          [
            17.229645254810038,
            62.374872721893766
          ],
          [
            17.23002329016214,
            62.37483654670697
          ],
          [
            17.230327971267833,
            62.37484285098239
          ],
          [
            17.23050567515932,
            62.374861223542304
          ],
          [
            17.23065742987097,
            62.37488255380017
          ],
          [
            17.23077957096173,
            62.374890725978624
          ],
          [
            17.231255970664364,
            62.374911423161954
          ],
          [
            17.231803893086074,
            62.37497311544983
          ],
          [
            17.23201267577233,
            62.375011057226466
          ],
          [
            17.232309379193687,
            62.37505677847205
          ],
          [
            17.232379686627493,
            62.375072211149956
          ],
          [
            17.232580445006825,
            62.37508765250811
          ],
          [
            17.232580445006825,
            62.37508765250811
          ],
          [
            17.232963489273256,
            62.37509583982693
          ],
          [
            17.23315936600085,
            62.37506960080084
          ],
          [
            17.233429168207692,
            62.375012988566375
          ],
          [
            17.233558594160517,
            62.3749914690164
          ],
          [
            17.233822920193166,
            62.37494164277272
          ],
          [
            17.234126513969212,
            62.374925065920976
          ],
          [
            17.234410978495596,
            62.3749329148879
          ],
          [
            17.23462415995052,
            62.37496572529921
          ],
          [
            17.23480438005587,
            62.3749759898548
          ],
          [
            17.234896714600758,
            62.374966964976736
          ],
          [
            17.234968382189532,
            62.37495007557373
          ],
          [
            17.23507630647032,
            62.37493086314404
          ],
          [
            17.235160974055002,
            62.37491579074177
          ],
          [
            17.235343129741718,
            62.374905842956345
          ],
          [
            17.23546456679272,
            62.374899210972984
          ],
          [
            17.235604158120044,
            62.37490854576556
          ],
          [
            17.23581167401547,
            62.37494410480488
          ],
          [
            17.235864790569543,
            62.374963750741266
          ],
          [
            17.235938253631605,
            62.37498453368078
          ],
          [
            17.236043221153704,
            62.37501764332396
          ],
          [
            17.236132501981743,
            62.375045804831956
          ],
          [
            17.236258055904976,
            62.375064706078255
          ],
          [
            17.236503433442227,
            62.3751039132719
          ],
          [
            17.236625897836408,
            62.37511880760266
          ],
          [
            17.236766324877816,
            62.37514563217702
          ],
          [
            17.236932893793014,
            62.375173533898824
          ],
          [
            17.237062501749843,
            62.375216622866304
          ],
          [
            17.23717704478354,
            62.37524775159874
          ],
          [
            17.23717704478354,
            62.37524775159874
          ],
          [
            17.237380631944657,
            62.37532238616282
          ],
          [
            17.237611261026462,
            62.37541693398085
          ],
          [
            17.23793361130168,
            62.37554728259648
          ],
          [
            17.238669906795455,
            62.37585294921283
          ],
          [
            17.23892455736293,
            62.375964747381566
          ],
          [
            17.238971946323815,
            62.375985797305866
          ],
          [
            17.238996347599446,
            62.37601112232982
          ],
          [
            17.239035365265057,
            62.3760389890551
          ],
          [
            17.23910001129577,
            62.37605716897677
          ],
          [
            17.239149462711552,
            62.37606069802567
          ],
          [
            17.239222158959628,
            62.37606533376733
          ],
          [
            17.23927450796772,
            62.37606883292918
          ],
          [
            17.239332909194715,
            62.37607765421408
          ],
          [
            17.23941210762073,
            62.37609703021461
          ],
          [
            17.239473856455053,
            62.376115239809124
          ],
          [
            17.2395360552704,
            62.37614286759115
          ],
          [
            17.239669403151403,
            62.376203415347746
          ],
          [
            17.239723231030574,
            62.376237859899845
          ],
          [
            17.23983919417494,
            62.37629858662809
          ],
          [
            17.239917296171626,
            62.37635566505088
          ],
          [
            17.240033517349747,
            62.37642177343838
          ],
          [
            17.240086703008895,
            62.37644276326289
          ],
          [
            17.240116772218933,
            62.37646533743429
          ],
          [
            17.240147291596656,
            62.37649732981158
          ],
          [
            17.240180322807742,
            62.37652121955585
          ],
          [
            17.240210970919613,
            62.37655590284314
          ],
          [
            17.240243873633077,
            62.376577101656956
          ],
          [
            17.24028585510576,
            62.37660628362337
          ],
          [
            17.240331179941254,
            62.37662641539462
          ],
          [
            17.240475411638624,
            62.376682363847664
          ],
          [
            17.240551593690224,
            62.37670719565848
          ],
          [
            17.24090188027939,
            62.37681800435694
          ],
          [
            17.24105307018982,
            62.37688778969905
          ],
          [
            17.2412951805635,
            62.37704009666009
          ],
          [
            17.241413404009872,
            62.377087337570025
          ],
          [
            17.24160728906858,
            62.37714052844143
          ],
          [
            17.241705165328153,
            62.37718663290821
          ],
          [
            17.241764470762693,
            62.37721428957603
          ],
          [
            17.24181482572961,
            62.37723665408145
          ],
          [
            17.241879926718514,
            62.37726425089771
          ],
          [
            17.241960031343265,
            62.377302461839676
          ],
          [
            17.242013284306026,
            62.37732479637349
          ],
          [
            17.242075552382605,
            62.37735376846422
          ],
          [
            17.242128805502965,
            62.37737610295367
          ],
          [
            17.242182573920353,
            62.377409201083914
          ],
          [
            17.242209812367406,
            62.377433150151994
          ],
          [
            17.2422906907203,
            62.3774875063898
          ],
          [
            17.242324175565958,
            62.377520813826365
          ],
          [
            17.242399065723642,
            62.37757119344537
          ],
          [
            17.242530429822047,
            62.37765060473027
          ],
          [
            17.242601134546554,
            62.37767410500693
          ],
          [
            17.242654453052438,
            62.377697784750666
          ],
          [
            17.2427321130688,
            62.37774544335383
          ],
          [
            17.242849763325776,
            62.37784114940517
          ],
          [
            17.242950477073297,
            62.37788587760896
          ],
          [
            17.24300933395581,
            62.37790411553347
          ],
          [
            17.24326794425504,
            62.377976827569995
          ],
          [
            17.243672152822732,
            62.37806284235685
          ],
          [
            17.24382129245863,
            62.37808957006308
          ],
          [
            17.243956137010485,
            62.378120483709246
          ],
          [
            17.24415885587115,
            62.37817627213514
          ],
          [
            17.244300464268857,
            62.37822730740659
          ],
          [
            17.244392165880292,
            62.378265397168825
          ],
          [
            17.244498872740206,
            62.37831410076061
          ],
          [
            17.244663605772985,
            62.37842412611455
          ],
          [
            17.244703599864003,
            62.37847217311455
          ],
          [
            17.24480625461468,
            62.378557263734194
          ],
          [
            17.245164949870365,
            62.37866124453804
          ],
          [
            17.2452126057701,
            62.378687674168155
          ],
          [
            17.24526548904825,
            62.3787530009762
          ],
          [
            17.245337742236554,
            62.37881830013993
          ],
          [
            17.245458425281345,
            62.378856089459724
          ],
          [
            17.245745963929124,
            62.37892715171287
          ],
          [
            17.24595514131531,
            62.37905690763007
          ],
          [
            17.246103456856066,
            62.379126717467585
          ],
          [
            17.246245848186547,
            62.37919389621539
          ],
          [
            17.246328224704726,
            62.37927919562399
          ],
          [
            17.24635483968356,
            62.37932158273989
          ],
          [
            17.24655369839442,
            62.379399622781044
          ],
          [
            17.24691793883058,
            62.379490548759925
          ],
          [
            17.247071650812057,
            62.37951824052055
          ],
          [
            17.247246551912514,
            62.37957576293478
          ],
          [
            17.24735393345869,
            62.37963563238159
          ],
          [
            17.24743267089547,
            62.37967459173909
          ],
          [
            17.247567311459377,
            62.37972404795723
          ],
          [
            17.247666337796158,
            62.37976388275329
          ],
          [
            17.24774242659095,
            62.379808385856514
          ],
          [
            17.247882638237094,
            62.37989039294135
          ],
          [
            17.24801590311939,
            62.380008817254385
          ],
          [
            17.248104910992804,
            62.380050970929744
          ],
          [
            17.248313899265145,
            62.38011611134738
          ],
          [
            17.248499006614008,
            62.38022726727579
          ],
          [
            17.248714116450547,
            62.3802990742851
          ],
          [
            17.248919756792546,
            62.38035482565186
          ],
          [
            17.250033122980668,
            62.380794000104316
          ],
          [
            17.25020990230666,
            62.38081652835673
          ],
          [
            17.250556032630552,
            62.38084613483315
          ],
          [
            17.250933233811907,
            62.38089283893981
          ],
          [
            17.25121266341787,
            62.38089963538114
          ],
          [
            17.251390634409212,
            62.38092567299687
          ],
          [
            17.251635468928768,
            62.38094057130509
          ],
          [
            17.25211079993102,
            62.38094168286909
          ],
          [
            17.252432533629108,
            62.380898761471535
          ],
          [
            17.252920447481532,
            62.380833034767065
          ],
          [
            17.253556991010626,
            62.38072718420447
          ],
          [
            17.253978140350984,
            62.3807177709369
          ],
          [
            17.254278442833524,
            62.380670244020884
          ],
          [
            17.254734270491774,
            62.38061005926853
          ],
          [
            17.255195511567255,
            62.38060683470216
          ],
          [
            17.255251781234545,
            62.38057124940612
          ],
          [
            17.25535214321242,
            62.380488090401386
          ],
          [
            17.255400368631218,
            62.380466050095094
          ],
          [
            17.25545136193818,
            62.380441288692346
          ],
          [
            17.255514207086193,
            62.38042178832611
          ],
          [
            17.255574674314776,
            62.38041308172104
          ],
          [
            17.255681638985784,
            62.380406582991334
          ],
          [
            17.255802963397567,
            62.380397242316235
          ],
          [
            17.25586632843847,
            62.38038850540591
          ],
          [
            17.25606638926159,
            62.38032853742968
          ],
          [
            17.256255117678517,
            62.38027407177862
          ],
          [
            17.25637868880087,
            62.380251245901555
          ],
          [
            17.256470967796925,
            62.38024086123226
          ],
          [
            17.25658063442226,
            62.380230295253504
          ],
          [
            17.256933923695087,
            62.38022122774755
          ],
          [
            17.257037533867884,
            62.3802053400346
          ],
          [
            17.257111839089028,
            62.380183027186234
          ],
          [
            17.257153941415922,
            62.38015431946506
          ],
          [
            17.25721971680928,
            62.380075558112445
          ],
          [
            17.25726940612699,
            62.380023887044246
          ],
          [
            17.25749388386946,
            62.37986943333712
          ],
          [
            17.25759996800006,
            62.37978486683676
          ],
          [
            17.25781026054271,
            62.37969703993772
          ],
          [
            17.257918550536402,
            62.37967103993233
          ],
          [
            17.258196130548612,
            62.37965844993711
          ],
          [
            17.258376800541374,
            62.37966898993547
          ],
          [
            17.258731820542465,
            62.37976021993382
          ],
          [
            17.25890832054068,
            62.37979236993612
          ],
          [
            17.259116750551343,
            62.37978629993458
          ],
          [
            17.259308783012308,
            62.37979527234799
          ],
          [
            17.259308783012308,
            62.37979527234799
          ],
          [
            17.259261262850224,
            62.379756013543464
          ],
          [
            17.25926355664149,
            62.3796767174995
          ],
          [
            17.259358240088527,
            62.37962419784198
          ],
          [
            17.259586871149992,
            62.379533092055276
          ],
          [
            17.259687013301647,
            62.37948250866282
          ],
          [
            17.259952202658027,
            62.379292010484924
          ],
          [
            17.260102863303246,
            62.37924165505946
          ],
          [
            17.26029622613514,
            62.37922041169832
          ],
          [
            17.26043761382712,
            62.37924250579216
          ],
          [
            17.260699624076892,
            62.379328131795226
          ],
          [
            17.26111777916145,
            62.37943321462169
          ]
        ]
      }
    },
    {
      "id": 3573,
      "type": "Feature",
      "properties": {
        "name": "Nacksta-Klisssrundan springstig",
        "type": "Springstig",
        "created": "2023-05-10 16:57:18",
        "updated": "2024-06-10 09:50:49",
        "published": true,
        "owner": {
          "organizationID": 260,
          "name": "Sundsvalls OK"
        },
        "manager": {
          "organizationID": 260,
          "name": "Sundsvalls OK"
        },
        "fields": [
          {
            "id": 109,
            "name": "Svårighet",
            "type": "DROPDOWN",
            "value": "Svår"
          },
          {
            "id": 134,
            "name": "Ledgrupp",
            "type": "DROPDOWN",
            "value": "Sundsvalls springstigar"
          },
          {
            "id": 220,
            "name": "Ledtyp",
            "type": "DROPDOWN",
            "value": "Iordningställd"
          },
          {
            "id": 282,
            "name": "Allmänt tillgänglig",
            "type": "DROPDOWN",
            "value": "Hela dygnet"
          },
          {
            "id": 274,
            "name": "Led",
            "type": "COMBINEDTRAIL",
            "referencedObjects": [
              {
                "objectID": 1962,
                "fieldID": 262,
                "direction": "NORMAL"
              },
              {
                "objectID": 1959,
                "fieldID": 262,
                "direction": "REVERSED"
              },
              {
                "objectID": 1919,
                "fieldID": 262,
                "direction": "REVERSED"
              },
              {
                "objectID": 3123,
                "fieldID": 262,
                "direction": "NORMAL"
              },
              {
                "objectID": 3124,
                "fieldID": 262,
                "direction": "NORMAL"
              },
              {
                "objectID": 3125,
                "fieldID": 262,
                "direction": "NORMAL"
              },
              {
                "objectID": 3126,
                "fieldID": 262,
                "direction": "NORMAL"
              },
              {
                "objectID": 3127,
                "fieldID": 262,
                "direction": "NORMAL"
              },
              {
                "objectID": 3128,
                "fieldID": 262,
                "direction": "NORMAL"
              },
              {
                "objectID": 3130,
                "fieldID": 262,
                "direction": "NORMAL"
              },
              {
                "objectID": 1904,
                "fieldID": 262,
                "direction": "NORMAL"
              },
              {
                "objectID": 1905,
                "fieldID": 262,
                "direction": "NORMAL"
              },
              {
                "objectID": 1906,
                "fieldID": 262,
                "direction": "NORMAL"
              },
              {
                "objectID": 1907,
                "fieldID": 262,
                "direction": "NORMAL"
              },
              {
                "objectID": 1908,
                "fieldID": 262,
                "direction": "NORMAL"
              },
              {
                "objectID": 1909,
                "fieldID": 262,
                "direction": "NORMAL"
              },
              {
                "objectID": 1910,
                "fieldID": 262,
                "direction": "NORMAL"
              },
              {
                "objectID": 3330,
                "fieldID": 262,
                "direction": "NORMAL"
              },
              {
                "objectID": 3331,
                "fieldID": 262,
                "direction": "NORMAL"
              },
              {
                "objectID": 3332,
                "fieldID": 262,
                "direction": "NORMAL"
              },
              {
                "objectID": 3333,
                "fieldID": 262,
                "direction": "NORMAL"
              },
              {
                "objectID": 3334,
                "fieldID": 262,
                "direction": "NORMAL"
              },
              {
                "objectID": 3568,
                "fieldID": 262,
                "direction": "NORMAL"
              },
              {
                "objectID": 3569,
                "fieldID": 262,
                "direction": "NORMAL"
              },
              {
                "objectID": 1925,
                "fieldID": 262,
                "direction": "NORMAL"
              },
              {
                "objectID": 3572,
                "fieldID": 262,
                "direction": "NORMAL"
              },
              {
                "objectID": 1935,
                "fieldID": 262,
                "direction": "NORMAL"
              },
              {
                "objectID": 1965,
                "fieldID": 262,
                "direction": "REVERSED"
              },
              {
                "objectID": 1928,
                "fieldID": 262,
                "direction": "REVERSED"
              },
              {
                "objectID": 1929,
                "fieldID": 262,
                "direction": "NORMAL"
              },
              {
                "objectID": 1932,
                "fieldID": 262,
                "direction": "REVERSED"
              },
              {
                "objectID": 1931,
                "fieldID": 262,
                "direction": "REVERSED"
              },
              {
                "objectID": 1961,
                "fieldID": 262,
                "direction": "NORMAL"
              }
            ]
          },
          {
            "id": 99,
            "name": "Längd (meter)",
            "type": "INTEGER",
            "value": 13000
          },
          {
            "id": 281,
            "name": "Sorteringsordning",
            "type": "INTEGER",
            "value": 43
          },
          {
            "id": 98,
            "name": "Markering fil",
            "type": "FILES",
            "value": [
              {
                "id": 2440,
                "filename": "Spårmarkering Vandring Röd.png",
                "description": "Spårmarkering för röd springstig",
                "alttext": "Spårmarkering för röd springstig",
                "sourcetext": "Friluftsenheten",
                "validForWinter": false,
                "validForSummer": true,
                "sortIndex": 1000,
                "type": "image/png",
                "size": 10936,
                "url": "https://api.sundsvall.se/facilities/2.2/field/filesfield/2440",
                "license": "CC0",
                "licenseDescription": "Creative commons. \"No rights reserved\" https://creativecommons.org/share-your-work/public-domain/cc0/"
              }
            ]
          },
          {
            "id": 102,
            "name": "Öppen",
            "type": "TOGGLE",
            "value": "Ja"
          },
          {
            "id": 103,
            "name": "Belysning",
            "type": "TOGGLE",
            "value": "Nej"
          },
          {
            "id": 108,
            "name": "Tillgänglighetsanpassad",
            "type": "TOGGLE",
            "value": "Nej"
          },
          {
            "id": 110,
            "name": "Beskrivning",
            "type": "FREETEXT",
            "value": "För den som vill ha ett rejält träningspass och utnyttja den kupering som Klissområdet erbjuder. Stigarna varierar från snabbt och brett underlag till mer trixigt och smalt. Relativt stark kupering.\r\n"
          },
          {
            "id": 289,
            "name": "Tillgänglighetsbeskrivning",
            "type": "FREETEXT",
            "value": "Skogsstig med mycket stenar och rötter. Kortare sträckor blöt mark. Kortare del på anlagt motionsspår."
          }
        ],
        "centerPoint": [
          17.228658101095263,
          62.378846312984564
        ]
      },
      "geometry": {
        "type": "LineString",
        "coordinates": [
          [
            17.26111777916145,
            62.37943321462169
          ],
          [
            17.261272256114,
            62.379493790878655
          ],
          [
            17.26141220934736,
            62.379608677916394
          ],
          [
            17.2614854896613,
            62.379762729937276
          ],
          [
            17.26151747337986,
            62.379848827446715
          ],
          [
            17.26150968046359,
            62.37994709001615
          ],
          [
            17.26149660970681,
            62.38007045427982
          ],
          [
            17.261463355184922,
            62.38015023126
          ],
          [
            17.26136168931441,
            62.38031896746188
          ],
          [
            17.261306516709528,
            62.380461867894766
          ],
          [
            17.261306516709528,
            62.380461867894766
          ],
          [
            17.26125285247783,
            62.38056847035785
          ],
          [
            17.26123192638694,
            62.380646728755416
          ],
          [
            17.26123304770847,
            62.3807135375906
          ],
          [
            17.261241726586412,
            62.38078154311952
          ],
          [
            17.26129511706707,
            62.380854123065625
          ],
          [
            17.261389613496327,
            62.38090930994041
          ],
          [
            17.261521309824918,
            62.38093440940177
          ],
          [
            17.261643673758783,
            62.38094650199473
          ],
          [
            17.26205300728593,
            62.38096115309899
          ],
          [
            17.26220067551214,
            62.380976658400485
          ],
          [
            17.262413406317663,
            62.38101895218518
          ],
          [
            17.26244431155333,
            62.381016806864636
          ],
          [
            17.26244599138091,
            62.38101669025806
          ],
          [
            17.26255952054432,
            62.38119592993635
          ],
          [
            17.262609430553848,
            62.38131904993526
          ],
          [
            17.26266066053967,
            62.38138286993738
          ],
          [
            17.262672330544227,
            62.38153758993166
          ],
          [
            17.262614580542078,
            62.38181061993111
          ],
          [
            17.262542160554542,
            62.381927639938965
          ],
          [
            17.262442750552385,
            62.3820329799394
          ],
          [
            17.262346600553936,
            62.38210458993743
          ],
          [
            17.262265800542025,
            62.382148999935204
          ],
          [
            17.262172810538516,
            62.38218553993239
          ],
          [
            17.262073400552143,
            62.382214089935886
          ],
          [
            17.26175907787802,
            62.38227247341839
          ],
          [
            17.260608040550213,
            62.382251359933804
          ],
          [
            17.260075020541734,
            62.38226270993436
          ],
          [
            17.25953336055219,
            62.38223647993518
          ],
          [
            17.259201970551576,
            62.38222838993289
          ],
          [
            17.25871260786181,
            62.382246021895156
          ],
          [
            17.25835081125565,
            62.382249797356685
          ],
          [
            17.258003804838467,
            62.38226014352273
          ],
          [
            17.25771698007957,
            62.3823169136762
          ],
          [
            17.25744655321682,
            62.38241383881791
          ],
          [
            17.257177439843428,
            62.38253763893642
          ],
          [
            17.257143006482597,
            62.38256281649957
          ],
          [
            17.257143006482597,
            62.38256281649957
          ],
          [
            17.25775695100878,
            62.382671142251965
          ],
          [
            17.25788004227474,
            62.382698126873464
          ],
          [
            17.258124239189055,
            62.382770962309884
          ],
          [
            17.25857515537574,
            62.382921061476225
          ],
          [
            17.258853938811978,
            62.38298949628004
          ],
          [
            17.25914675831917,
            62.383048361079766
          ],
          [
            17.259323519707102,
            62.38310574500841
          ],
          [
            17.25938262794316,
            62.3831885877333
          ],
          [
            17.25938380143848,
            62.38321280579507
          ],
          [
            17.25935348551399,
            62.38324542946857
          ],
          [
            17.259354593795535,
            62.383268302082506
          ],
          [
            17.25940233469452,
            62.3832960722303
          ],
          [
            17.259454763805984,
            62.38330090921319
          ],
          [
            17.259577402746153,
            62.3833184741859
          ],
          [
            17.259636280467735,
            62.38333670503694
          ],
          [
            17.25973156746112,
            62.38338820877693
          ],
          [
            17.25982434368654,
            62.38344781655952
          ],
          [
            17.259859533885777,
            62.38349016114952
          ],
          [
            17.25985953388578,
            62.38349016114952
          ],
          [
            17.259943153303073,
            62.383590780401946
          ],
          [
            17.26005556772752,
            62.38377563389896
          ],
          [
            17.2600834454733,
            62.38387226522401
          ],
          [
            17.260087972948963,
            62.38390587154595
          ],
          [
            17.26007934740267,
            62.38402711446476
          ],
          [
            17.26003529151625,
            62.38413526576031
          ],
          [
            17.26001068332845,
            62.384165461743976
          ],
          [
            17.26001068332845,
            62.384165461743976
          ],
          [
            17.259922264423313,
            62.38425625217657
          ],
          [
            17.25985563930867,
            62.38431752394565
          ],
          [
            17.25973808363561,
            62.38440490388548
          ],
          [
            17.259468647175733,
            62.38458944458038
          ],
          [
            17.259417195105172,
            62.38460478896124
          ],
          [
            17.259267685859015,
            62.38466981282705
          ],
          [
            17.25926768585902,
            62.38466981282705
          ],
          [
            17.259101545265466,
            62.384733273053925
          ],
          [
            17.25891879091266,
            62.38479171718255
          ],
          [
            17.258813573232192,
            62.3848345449186
          ],
          [
            17.25868699207652,
            62.38491528733694
          ],
          [
            17.258525240030554,
            62.3849883194934
          ],
          [
            17.258465352301222,
            62.38500913603682
          ],
          [
            17.258114558361655,
            62.385070677116715
          ],
          [
            17.257992274093443,
            62.385120412818786
          ],
          [
            17.257902066129486,
            62.385173852541634
          ],
          [
            17.25779677977481,
            62.38521533427595
          ],
          [
            17.257662181741342,
            62.385250391406025
          ],
          [
            17.257634463426676,
            62.385254382359186
          ],
          [
            17.257634463426676,
            62.385254382359186
          ],
          [
            17.2574020356981,
            62.385297156330715
          ],
          [
            17.257278314426664,
            62.38531729225452
          ],
          [
            17.25709668928179,
            62.38533937791317
          ],
          [
            17.25696336101684,
            62.38534076793165
          ],
          [
            17.256891225439496,
            62.385348250567546
          ],
          [
            17.256639126080426,
            62.38535222448512
          ],
          [
            17.256301569784817,
            62.38538804938583
          ],
          [
            17.2562184256624,
            62.38540776152782
          ],
          [
            17.25613857021006,
            62.385435516117695
          ],
          [
            17.255874868483517,
            62.38559555619179
          ],
          [
            17.255663530549015,
            62.38572063993104
          ],
          [
            17.255349640550847,
            62.385868499931604
          ],
          [
            17.25504928456369,
            62.38594440629143
          ],
          [
            17.25504928456369,
            62.38594440629143
          ],
          [
            17.255184640545373,
            62.38598970993475
          ],
          [
            17.25531082054759,
            62.38604693993532
          ],
          [
            17.255373030544614,
            62.386102499939526
          ],
          [
            17.255457290542704,
            62.38621966993864
          ],
          [
            17.255452240553616,
            62.38638408993525
          ],
          [
            17.255400950543642,
            62.38647381993969
          ],
          [
            17.25539920054332,
            62.38652772993127
          ],
          [
            17.25535107053675,
            62.38658238993623
          ],
          [
            17.25531272054025,
            62.38661264993602
          ],
          [
            17.255256570550497,
            62.38663779993305
          ],
          [
            17.25519126054022,
            62.386695439932616
          ],
          [
            17.255170300543284,
            62.386725409934776
          ],
          [
            17.2551665205374,
            62.386752409934246
          ],
          [
            17.255134170548985,
            62.38678525993723
          ],
          [
            17.255090630547905,
            62.38682368993564
          ],
          [
            17.254947590537068,
            62.3869283699313
          ],
          [
            17.254835100541985,
            62.38697598993501
          ],
          [
            17.25464508053826,
            62.38707335993928
          ],
          [
            17.25463537054884,
            62.38717588993224
          ],
          [
            17.254644000545564,
            62.38721346993697
          ],
          [
            17.25466564054509,
            62.38726968993241
          ],
          [
            17.254664560544704,
            62.38740979993528
          ],
          [
            17.2545923005555,
            62.387529499934125
          ],
          [
            17.254559950552352,
            62.38756235993891
          ],
          [
            17.254469690551797,
            62.38767426993874
          ],
          [
            17.254419940541737,
            62.387707409933505
          ],
          [
            17.254393180541307,
            62.38773746993835
          ],
          [
            17.25422817055462,
            62.38785867993322
          ],
          [
            17.25422817055462,
            62.38785867993322
          ],
          [
            17.25422817055462,
            62.38785867993322
          ],
          [
            17.254117690551574,
            62.3879332099313
          ],
          [
            17.254009560543807,
            62.38796189993739
          ],
          [
            17.25388809054162,
            62.38804468993908
          ],
          [
            17.253863150552178,
            62.3880989699325
          ],
          [
            17.2538022805421,
            62.38821579993659
          ],
          [
            17.253800520551515,
            62.388269709939536
          ],
          [
            17.2537376305555,
            62.38835962993828
          ],
          [
            17.253620400547053,
            62.38849891993285
          ],
          [
            17.25353749054035,
            62.388554139934335
          ],
          [
            17.253402190542477,
            62.388607519932194
          ],
          [
            17.253251601883704,
            62.388685250577
          ],
          [
            17.253223350554126,
            62.38869930993856
          ],
          [
            17.25312884055398,
            62.38875471993756
          ],
          [
            17.25295519054983,
            62.38883834993231
          ],
          [
            17.252933820549675,
            62.38886293993899
          ],
          [
            17.25288326054855,
            62.388885319936186
          ],
          [
            17.252800350553855,
            62.388940539935525
          ],
          [
            17.252741430551403,
            62.389006149935454
          ],
          [
            17.25261020824378,
            62.38905216792122
          ],
          [
            17.25261020824378,
            62.38905216792122
          ],
          [
            17.25261020824378,
            62.38905216792122
          ],
          [
            17.25261020824378,
            62.38905216792122
          ],
          [
            17.25256771054959,
            62.389011649931945
          ],
          [
            17.25246053055429,
            62.38897566993292
          ],
          [
            17.25226728414188,
            62.38897879594021
          ],
          [
            17.25219965054919,
            62.38897988993642
          ],
          [
            17.251704720549334,
            62.389036389935704
          ],
          [
            17.25162935054403,
            62.38903759993338
          ],
          [
            17.25133490053954,
            62.38905852993644
          ],
          [
            17.251014840551537,
            62.389047539936136
          ],
          [
            17.25051398054794,
            62.38906371993538
          ],
          [
            17.24994143744003,
            62.38912943219965
          ],
          [
            17.249383724661286,
            62.38921671560365
          ],
          [
            17.249001893071725,
            62.38931032599681
          ],
          [
            17.248581061773827,
            62.389322832238086
          ],
          [
            17.247782231223447,
            62.389143658302885
          ],
          [
            17.247498666845566,
            62.389089536781206
          ],
          [
            17.2468792828175,
            62.388989999508695
          ],
          [
            17.246497744042728,
            62.38897430990102
          ],
          [
            17.246245882665818,
            62.38896395229492
          ],
          [
            17.2457719826984,
            62.38896885415831
          ],
          [
            17.24480997916219,
            62.38886984612428
          ],
          [
            17.243393522595536,
            62.38885391113517
          ],
          [
            17.242926519986494,
            62.38881259205606
          ],
          [
            17.242654890046126,
            62.38874489303041
          ],
          [
            17.24231480780111,
            62.38858483048328
          ],
          [
            17.241780077940906,
            62.388188791151514
          ],
          [
            17.239109498227943,
            62.38771955581048
          ],
          [
            17.238694904473263,
            62.38754446139902
          ],
          [
            17.23824290038812,
            62.387332197212125
          ],
          [
            17.238012071033268,
            62.387130920152366
          ],
          [
            17.237856400108967,
            62.38695363746319
          ],
          [
            17.236956145973515,
            62.386527261080225
          ],
          [
            17.23662113150116,
            62.38621977160428
          ],
          [
            17.235338086279775,
            62.385684267145926
          ],
          [
            17.235124974661783,
            62.385241620228264
          ],
          [
            17.235124974661783,
            62.385241620228264
          ],
          [
            17.23466128331725,
            62.38524547491849
          ],
          [
            17.23390031786558,
            62.385201430428964
          ],
          [
            17.233229257037735,
            62.38511647400814
          ],
          [
            17.232512975810224,
            62.38493879288262
          ],
          [
            17.232054396716254,
            62.38479316200072
          ],
          [
            17.231480409225934,
            62.38472795957718
          ],
          [
            17.23105495796053,
            62.3847503213624
          ],
          [
            17.230778967799306,
            62.38480622226151
          ],
          [
            17.230633005151173,
            62.38487233234724
          ],
          [
            17.23053633286401,
            62.38498160899805
          ],
          [
            17.230324560272383,
            62.385103429982586
          ],
          [
            17.230039953744377,
            62.38517965308433
          ],
          [
            17.22958007987309,
            62.38518308257054
          ],
          [
            17.22901351233617,
            62.38515400809517
          ],
          [
            17.22852563984185,
            62.38508960004942
          ],
          [
            17.22834474665364,
            62.38510134543955
          ],
          [
            17.22779104793326,
            62.38530923412397
          ],
          [
            17.227481753225607,
            62.38536425949652
          ],
          [
            17.22712278943268,
            62.38537334003591
          ],
          [
            17.226670822722873,
            62.3854341422644
          ],
          [
            17.226670822722873,
            62.3854341422644
          ],
          [
            17.22617111321405,
            62.38525670885314
          ],
          [
            17.225447101019522,
            62.38486069345212
          ],
          [
            17.22533878935097,
            62.384744743166685
          ],
          [
            17.225251053823392,
            62.38457314710408
          ],
          [
            17.225160407145093,
            62.384339976361865
          ],
          [
            17.225088237681135,
            62.38421749626292
          ],
          [
            17.22493739509472,
            62.38411431605118
          ],
          [
            17.224788283951657,
            62.384048063241416
          ],
          [
            17.22432536156798,
            62.383800202448015
          ],
          [
            17.224148283495918,
            62.38370344988137
          ],
          [
            17.224009547954537,
            62.38357549349928
          ],
          [
            17.22385518913893,
            62.38339840689584
          ],
          [
            17.22374064467633,
            62.38322092910087
          ],
          [
            17.22375582990848,
            62.382980518404985
          ],
          [
            17.223694057313296,
            62.382796334673564
          ],
          [
            17.22345809362543,
            62.38257696517794
          ],
          [
            17.22340096129156,
            62.3824912980509
          ],
          [
            17.22336688537458,
            62.382331476764094
          ],
          [
            17.22314246377588,
            62.38207502955273
          ],
          [
            17.22283013399985,
            62.38192419472562
          ],
          [
            17.222587619226136,
            62.38184657530781
          ],
          [
            17.22230705515453,
            62.38180630955596
          ],
          [
            17.221895602532232,
            62.38180433440872
          ],
          [
            17.221587944814313,
            62.38175202051555
          ],
          [
            17.221385229200976,
            62.38167400150995
          ],
          [
            17.221016660001744,
            62.381455969151695
          ],
          [
            17.22075972815426,
            62.38135385580964
          ],
          [
            17.22035573307549,
            62.38121978812757
          ],
          [
            17.22035573307549,
            62.38121978812757
          ],
          [
            17.21997452865429,
            62.381269822709974
          ],
          [
            17.219008057610562,
            62.38125985069985
          ],
          [
            17.217913479100485,
            62.38124458323888
          ],
          [
            17.217186530062914,
            62.38119258826192
          ],
          [
            17.21661268319582,
            62.381073104327164
          ],
          [
            17.216166621652352,
            62.38095230900672
          ],
          [
            17.215846192719944,
            62.380784078285
          ],
          [
            17.215594272633275,
            62.380562396005146
          ],
          [
            17.215379706760274,
            62.38022820369408
          ],
          [
            17.215127756287277,
            62.37970313348369
          ],
          [
            17.214942838304452,
            62.37939503700472
          ],
          [
            17.214794969454235,
            62.37927121859524
          ],
          [
            17.21462119497711,
            62.379200426509534
          ],
          [
            17.214132882528922,
            62.37908665528295
          ],
          [
            17.213435605580067,
            62.378757350207714
          ],
          [
            17.213205027560303,
            62.37868713803424
          ],
          [
            17.21287694507546,
            62.3786574698426
          ],
          [
            17.211909309430055,
            62.37862108607621
          ],
          [
            17.210825927445274,
            62.37853969522308
          ],
          [
            17.209687621873442,
            62.378498408611705
          ],
          [
            17.208617248351725,
            62.37839049468465
          ],
          [
            17.207932656346284,
            62.3783314296932
          ],
          [
            17.207657867042833,
            62.37831483791723
          ],
          [
            17.207657867042833,
            62.37831483791723
          ],
          [
            17.207277403379713,
            62.37829186699982
          ],
          [
            17.20664993380811,
            62.37823883060538
          ],
          [
            17.20623542650391,
            62.378183634546744
          ],
          [
            17.205965979484322,
            62.37819294060476
          ],
          [
            17.205782338062296,
            62.37821458146645
          ],
          [
            17.205782338062296,
            62.37821458146645
          ],
          [
            17.204986570543298,
            62.37826599993578
          ],
          [
            17.20430946055378,
            62.37832925993434
          ],
          [
            17.203797620550453,
            62.37839123993845
          ],
          [
            17.203797620550453,
            62.37839123993845
          ],
          [
            17.203293290540373,
            62.378081339932464
          ],
          [
            17.2031552505502,
            62.37801886993577
          ],
          [
            17.20278204055353,
            62.37791431993345
          ],
          [
            17.20212982370214,
            62.37785280134478
          ],
          [
            17.201597071348036,
            62.37782476985721
          ],
          [
            17.201117857140666,
            62.37778834671605
          ],
          [
            17.200326166425718,
            62.377626114629024
          ],
          [
            17.199940416755325,
            62.377571866764676
          ],
          [
            17.199554817070553,
            62.37755658806748
          ],
          [
            17.19872219013349,
            62.377685402412574
          ],
          [
            17.198429241062897,
            62.37771517280088
          ],
          [
            17.19743070115518,
            62.377575048703775
          ],
          [
            17.19704688774346,
            62.37754716308392
          ],
          [
            17.196732486296202,
            62.37757978283478
          ],
          [
            17.196492208044273,
            62.37762631845149
          ],
          [
            17.196206136540255,
            62.37767609048113
          ],
          [
            17.196084303010636,
            62.37771321357467
          ],
          [
            17.195869517664235,
            62.37781214741431
          ],
          [
            17.195712352493768,
            62.37792148666999
          ],
          [
            17.19554784055448,
            62.37800704993819
          ],
          [
            17.195435544193092,
            62.378023912445016
          ],
          [
            17.1952138653197,
            62.37802866557449
          ],
          [
            17.19489055772589,
            62.37801364876267
          ],
          [
            17.194693770519322,
            62.378025551656656
          ],
          [
            17.194300148563688,
            62.378144289634044
          ],
          [
            17.193903061398387,
            62.3782467070422
          ],
          [
            17.193484603624587,
            62.378411705660774
          ],
          [
            17.193319723030573,
            62.3784897342124
          ],
          [
            17.193149572758816,
            62.37860681806955
          ],
          [
            17.19302782340663,
            62.37864519424773
          ],
          [
            17.19293376192558,
            62.37869193439317
          ],
          [
            17.19288746516004,
            62.37872535029437
          ],
          [
            17.19287555035628,
            62.37878462529882
          ],
          [
            17.192540970123467,
            62.378986014926
          ],
          [
            17.19232263369646,
            62.3790736843783
          ],
          [
            17.1922010205028,
            62.37915103012649
          ],
          [
            17.19198223053877,
            62.37923510993995
          ],
          [
            17.19180139055538,
            62.379380739938696
          ],
          [
            17.1916635705562,
            62.37947988993834
          ],
          [
            17.191511110551655,
            62.37953751993615
          ],
          [
            17.191105960538646,
            62.37974997994051
          ],
          [
            17.190464440546595,
            62.38014261993377
          ],
          [
            17.189630170538326,
            62.38043860993339
          ],
          [
            17.18949382054847,
            62.38047846993317
          ],
          [
            17.189209470538756,
            62.38051795993964
          ],
          [
            17.18906556055597,
            62.38053368994056
          ],
          [
            17.18899620054733,
            62.38053747993344
          ],
          [
            17.188858870540926,
            62.380563879940524
          ],
          [
            17.188745890553378,
            62.38060606994064
          ],
          [
            17.188572500538815,
            62.38069499993298
          ],
          [
            17.18852809054351,
            62.38072263993434
          ],
          [
            17.188500880554663,
            62.3807473099403
          ],
          [
            17.18845107054219,
            62.3807804199385
          ],
          [
            17.18834949583323,
            62.38084221790831
          ],
          [
            17.18834949583323,
            62.38084221790831
          ],
          [
            17.18827015341902,
            62.38066243443887
          ],
          [
            17.188262403773024,
            62.38054018971542
          ],
          [
            17.188279958565648,
            62.380405322929796
          ],
          [
            17.188340582311774,
            62.38022747900836
          ],
          [
            17.188403964557928,
            62.380004666121444
          ],
          [
            17.188596007848478,
            62.37954948640768
          ],
          [
            17.188671814387284,
            62.379155672016516
          ],
          [
            17.188481362074253,
            62.37875131416655
          ],
          [
            17.188335055749278,
            62.37841121867729
          ],
          [
            17.188335055749278,
            62.37841121867729
          ],
          [
            17.18829939442098,
            62.37824546287875
          ],
          [
            17.18829996049692,
            62.37798880478277
          ],
          [
            17.18834232141622,
            62.37773388790654
          ],
          [
            17.18837078963503,
            62.37752503865007
          ],
          [
            17.188424879745853,
            62.37733569795543
          ],
          [
            17.188477734407375,
            62.3772114162913
          ],
          [
            17.18855110712928,
            62.37708882151712
          ],
          [
            17.188707339521812,
            62.376909503152355
          ],
          [
            17.18884421883413,
            62.37677218536186
          ],
          [
            17.188988561949795,
            62.37664134885036
          ],
          [
            17.189118624071693,
            62.376481758050225
          ],
          [
            17.189163161391843,
            62.376378477102165
          ],
          [
            17.189181704000386,
            62.376277418941896
          ],
          [
            17.189186397160853,
            62.376106871675866
          ],
          [
            17.189236275563108,
            62.37588471634983
          ],
          [
            17.18934183129032,
            62.37566785211974
          ],
          [
            17.189464047584053,
            62.37543851429489
          ],
          [
            17.189552294571413,
            62.37525627622924
          ],
          [
            17.189614837466582,
            62.37516250481445
          ],
          [
            17.189638345230332,
            62.37506068606634
          ],
          [
            17.189626345487234,
            62.374955182170225
          ],
          [
            17.189588822176418,
            62.37482022841759
          ],
          [
            17.18957723729351,
            62.374585502693286
          ],
          [
            17.18957898830067,
            62.37455114019853
          ],
          [
            17.18957898830067,
            62.37455114019853
          ],
          [
            17.189604362477848,
            62.37405872976238
          ],
          [
            17.18954978811713,
            62.37397693964857
          ],
          [
            17.189555785093294,
            62.37381009521792
          ],
          [
            17.189573620761788,
            62.37361728713132
          ],
          [
            17.18983119472472,
            62.373049708233815
          ],
          [
            17.18997620778738,
            62.3725633093382
          ],
          [
            17.18997620778738,
            62.3725633093382
          ],
          [
            17.190845975418537,
            62.37253908010441
          ],
          [
            17.192353023384502,
            62.37251535064175
          ],
          [
            17.19447654315618,
            62.37253086357205
          ],
          [
            17.19447654315618,
            62.37253086357205
          ],
          [
            17.196636608171477,
            62.372527434836016
          ],
          [
            17.1985126214797,
            62.37251457768326
          ],
          [
            17.200958124055298,
            62.37239211614202
          ],
          [
            17.20204095302638,
            62.37239175169152
          ],
          [
            17.202617594674027,
            62.3726256829914
          ],
          [
            17.202908674996493,
            62.37314909310556
          ],
          [
            17.202622888176812,
            62.373681632519926
          ],
          [
            17.20271014519789,
            62.3741328373666
          ],
          [
            17.20321671424362,
            62.375192927416165
          ],
          [
            17.20321671424362,
            62.375192927416165
          ],
          [
            17.203713226427325,
            62.375209870647446
          ],
          [
            17.204518759011883,
            62.37527304374896
          ],
          [
            17.20462601517158,
            62.37526267046332
          ],
          [
            17.204626015171584,
            62.37526267046332
          ],
          [
            17.204877270545772,
            62.375238369934486
          ],
          [
            17.205437310554952,
            62.375043609938615
          ],
          [
            17.205662580541144,
            62.37495113993807
          ],
          [
            17.20572454053867,
            62.374925919939194
          ],
          [
            17.206036070556276,
            62.374902119934944
          ],
          [
            17.20660232055601,
            62.37494971993471
          ],
          [
            17.206846690545895,
            62.37495931994014
          ],
          [
            17.207632940539554,
            62.37500072993852
          ],
          [
            17.20819991054792,
            62.375018669936004
          ],
          [
            17.20819991054792,
            62.375018669936004
          ],
          [
            17.208486750552133,
            62.37501411994005
          ],
          [
            17.208751030541404,
            62.37497894993226
          ],
          [
            17.209017590538046,
            62.374974719936276
          ],
          [
            17.209381370546264,
            62.37495142993471
          ],
          [
            17.210124540553892,
            62.374880369936506
          ],
          [
            17.21095100054776,
            62.37483760993292
          ],
          [
            17.211585450550093,
            62.37478711993228
          ],
          [
            17.2117800905555,
            62.37475169993685
          ],
          [
            17.212008900548444,
            62.37470765993347
          ],
          [
            17.212344440547675,
            62.374616119934885
          ],
          [
            17.212728320542936,
            62.37455074994061
          ],
          [
            17.213107000542397,
            62.3744935399393
          ],
          [
            17.213331210539327,
            62.374465729935885
          ],
          [
            17.213539020556347,
            62.374451649936574
          ],
          [
            17.213700870552543,
            62.374443689938666
          ],
          [
            17.213932460549692,
            62.37443730993587
          ],
          [
            17.214288750556022,
            62.37439122994095
          ],
          [
            17.214531730541278,
            62.37438197993439
          ],
          [
            17.215432992582215,
            62.37430569708006
          ],
          [
            17.215432992582215,
            62.37430569708006
          ],
          [
            17.2156513505464,
            62.374224079937605
          ],
          [
            17.216192484177007,
            62.37406467943083
          ],
          [
            17.21679230152656,
            62.37373409390765
          ],
          [
            17.217143301717876,
            62.373435089868835
          ],
          [
            17.217297385916925,
            62.37338509249814
          ],
          [
            17.21743156145193,
            62.37335467804895
          ],
          [
            17.21781636010249,
            62.37333140085022
          ],
          [
            17.218222691203444,
            62.37332243452816
          ],
          [
            17.218628794276672,
            62.37330862584594
          ],
          [
            17.21902356065475,
            62.373275557137724
          ],
          [
            17.219248634303128,
            62.37323271128507
          ],
          [
            17.219248634303128,
            62.37323271128507
          ],
          [
            17.219258595936974,
            62.37209816086371
          ],
          [
            17.219260284901374,
            62.37190580261323
          ],
          [
            17.2193272495867,
            62.37172743778096
          ],
          [
            17.219376230793266,
            62.37165963528844
          ],
          [
            17.21954087253669,
            62.37146277823927
          ],
          [
            17.219565489429264,
            62.37143156785199
          ],
          [
            17.219577504192305,
            62.37137894810296
          ],
          [
            17.21955412021664,
            62.37131322729954
          ],
          [
            17.219507052812723,
            62.37123697851377
          ],
          [
            17.2194341652967,
            62.37116637656343
          ],
          [
            17.21917515227869,
            62.371020939114786
          ],
          [
            17.219092071102338,
            62.37098005462862
          ],
          [
            17.219039717917966,
            62.370914628149905
          ],
          [
            17.21899030941868,
            62.3707885975819
          ],
          [
            17.218935946278016,
            62.37074203679078
          ],
          [
            17.218573565771326,
            62.370493999530076
          ],
          [
            17.21822521891021,
            62.37017447594
          ],
          [
            17.218189758890528,
            62.3701600290873
          ],
          [
            17.218125455601907,
            62.37014856734728
          ],
          [
            17.217852569414248,
            62.37013922373986
          ],
          [
            17.21740968475593,
            62.37002795628089
          ],
          [
            17.217336754375165,
            62.370017927847904
          ],
          [
            17.216722153049258,
            62.370014742411634
          ],
          [
            17.21665224634501,
            62.3700073751219
          ],
          [
            17.216376591286416,
            62.37000074890729
          ],
          [
            17.2161250600831,
            62.37001406886925
          ],
          [
            17.215821193489433,
            62.370023880766865
          ],
          [
            17.215699330911296,
            62.37002107809049
          ],
          [
            17.215568272079796,
            62.37000759980497
          ],
          [
            17.215433937394586,
            62.36998607804848
          ],
          [
            17.215293366865314,
            62.369955196739866
          ],
          [
            17.215111039215202,
            62.36989916275271
          ],
          [
            17.215005106693734,
            62.36986523792708
          ],
          [
            17.214811886781366,
            62.369824120933195
          ],
          [
            17.214721007814365,
            62.369802158181486
          ],
          [
            17.214506500095833,
            62.36973971900336
          ],
          [
            17.214401136842472,
            62.36971790277387
          ],
          [
            17.21400450150612,
            62.36966538413089
          ],
          [
            17.21388452800217,
            62.36964102329238
          ],
          [
            17.21375819299676,
            62.36960461193476
          ],
          [
            17.213665864541156,
            62.369551703091425
          ],
          [
            17.213611448804766,
            62.36950379473407
          ],
          [
            17.213576554764483,
            62.36943953563819
          ],
          [
            17.21354927930936,
            62.3693523158584
          ],
          [
            17.213542597758693,
            62.369271618046426
          ],
          [
            17.21347111219226,
            62.369168692716585
          ],
          [
            17.213376578148637,
            62.369068692840266
          ],
          [
            17.21327146625072,
            62.368990337417976
          ],
          [
            17.21312680762579,
            62.368933919624375
          ],
          [
            17.212994554938476,
            62.36889487272322
          ],
          [
            17.212929876940542,
            62.36887533424563
          ],
          [
            17.21286469451945,
            62.368845031920685
          ],
          [
            17.212825458237727,
            62.368811775306064
          ],
          [
            17.212794092971325,
            62.36876093970715
          ],
          [
            17.212779983052812,
            62.368707237618786
          ],
          [
            17.212780748474646,
            62.36856520209275
          ],
          [
            17.21278147749272,
            62.368429922921024
          ],
          [
            17.212777067252144,
            62.36839766070498
          ],
          [
            17.212733799806298,
            62.36834021472093
          ],
          [
            17.212712950672408,
            62.36826638895924
          ],
          [
            17.212319310556136,
            62.36801762993254
          ],
          [
            17.212296750544244,
            62.36798700993302
          ],
          [
            17.21213621054363,
            62.36785485993828
          ],
          [
            17.21213621054363,
            62.36785485993828
          ],
          [
            17.21215339055011,
            62.36785188993452
          ],
          [
            17.212405130537167,
            62.36780478993816
          ],
          [
            17.212520704310524,
            62.36777799128027
          ],
          [
            17.212604720543922,
            62.367758509934006
          ],
          [
            17.212751980554497,
            62.367710369937214
          ],
          [
            17.212847490545837,
            62.367668439938655
          ],
          [
            17.213178390537202,
            62.36751500993869
          ],
          [
            17.2133827805431,
            62.36745518993944
          ],
          [
            17.21351503054683,
            62.36743961993343
          ],
          [
            17.21375117054865,
            62.367416999935195
          ],
          [
            17.214598380550658,
            62.367422379938006
          ],
          [
            17.21487245055077,
            62.367442259938365
          ],
          [
            17.21506561055024,
            62.367466129933845
          ],
          [
            17.21520445055285,
            62.36746122993451
          ],
          [
            17.21538024054707,
            62.3674853699347
          ],
          [
            17.2155084805445,
            62.36749409993748
          ],
          [
            17.215661100542846,
            62.36751860993317
          ],
          [
            17.215842280536997,
            62.367537279932506
          ],
          [
            17.216069010553046,
            62.36754444993307
          ],
          [
            17.216773640547984,
            62.36742545993315
          ],
          [
            17.21717042053708,
            62.367300609938276
          ],
          [
            17.217659870539677,
            62.367252399934266
          ],
          [
            17.21785485054798,
            62.36722234993573
          ],
          [
            17.21816806905273,
            62.36722257122222
          ],
          [
            17.218477964362588,
            62.36716734387832
          ],
          [
            17.21881115687075,
            62.36713437383729
          ],
          [
            17.219091446999744,
            62.367060146993715
          ],
          [
            17.21935415055481,
            62.367026039933144
          ],
          [
            17.21985187054465,
            62.367011359935894
          ],
          [
            17.220460230538432,
            62.367081129932465
          ],
          [
            17.22065499055459,
            62.367126509933634
          ],
          [
            17.221276410555635,
            62.36729439994002
          ],
          [
            17.221610590546657,
            62.36742106993604
          ],
          [
            17.221868660548324,
            62.36753817993558
          ],
          [
            17.221935570546613,
            62.3675802199337
          ],
          [
            17.222024660548268,
            62.36760842993929
          ],
          [
            17.22225178053921,
            62.36769908993788
          ],
          [
            17.22236504054835,
            62.36774038993245
          ],
          [
            17.222443740548698,
            62.367784929935496
          ],
          [
            17.222547400547956,
            62.36785330993215
          ],
          [
            17.22262310055384,
            62.36793561993886
          ],
          [
            17.22271377053755,
            62.36806347993727
          ],
          [
            17.222797450548182,
            62.368175289936424
          ],
          [
            17.22283259053784,
            62.36825824993927
          ],
          [
            17.22287733053709,
            62.3683140999376
          ],
          [
            17.22296063054884,
            62.36834240993426
          ],
          [
            17.223105050550767,
            62.368412839939054
          ],
          [
            17.223218310549644,
            62.368454129939266
          ],
          [
            17.22329505053007,
            62.36849590635028
          ],
          [
            17.223524540544343,
            62.36859471993903
          ],
          [
            17.223620630542854,
            62.36863897993327
          ],
          [
            17.223680150541455,
            62.36865957993818
          ],
          [
            17.223775043688168,
            62.36870071867976
          ],
          [
            17.223901890540702,
            62.368755709936586
          ],
          [
            17.22403753054818,
            62.36878586993195
          ],
          [
            17.224138210540612,
            62.36881389993502
          ],
          [
            17.224303420541165,
            62.36885166993559
          ],
          [
            17.224439460545753,
            62.36888720993283
          ],
          [
            17.22459249054541,
            62.36891708993496
          ],
          [
            17.224716550548173,
            62.36894743993785
          ],
          [
            17.22478846055461,
            62.36897861993713
          ],
          [
            17.225007810543453,
            62.36904245993947
          ],
          [
            17.225249930544575,
            62.36910054993378
          ],
          [
            17.225421330540705,
            62.36914360993308
          ],
          [
            17.225613720555547,
            62.36915668993995
          ],
          [
            17.22578273055042,
            62.36916745993317
          ],
          [
            17.225950940547605,
            62.369167459934886
          ],
          [
            17.226019033349093,
            62.36917754410235
          ],
          [
            17.226115160541365,
            62.369191779939634
          ],
          [
            17.22627378054592,
            62.369218869937846
          ],
          [
            17.22638605055255,
            62.369246709935986
          ],
          [
            17.226481150543183,
            62.36927751994029
          ],
          [
            17.226553060543697,
            62.36930869993268
          ],
          [
            17.226706430659686,
            62.36937413704515
          ],
          [
            17.227020616893576,
            62.36950061318205
          ],
          [
            17.227118520540046,
            62.36954210993507
          ],
          [
            17.22728722755942,
            62.36961645782624
          ],
          [
            17.227396022446264,
            62.369732893022466
          ],
          [
            17.227485702313686,
            62.36992003699674
          ],
          [
            17.22778721164906,
            62.37000698633317
          ],
          [
            17.228164894539173,
            62.37006254286232
          ],
          [
            17.22845279582024,
            62.3701119927888
          ],
          [
            17.22854043393212,
            62.370162134547265
          ],
          [
            17.22876391291787,
            62.37018244268298
          ],
          [
            17.22897732297063,
            62.37017651061141
          ],
          [
            17.22921851642203,
            62.37018019077089
          ],
          [
            17.229390346087076,
            62.37027047094566
          ],
          [
            17.22958846584333,
            62.3702408961428
          ],
          [
            17.22972990165036,
            62.370286403754264
          ],
          [
            17.22992643797602,
            62.37030839887795
          ],
          [
            17.230185320707722,
            62.370439315187
          ],
          [
            17.230185320707722,
            62.370439315187
          ],
          [
            17.23025616949025,
            62.37057466987542
          ],
          [
            17.23060227074729,
            62.370860792939474
          ],
          [
            17.230668668202938,
            62.37109859610311
          ],
          [
            17.230465808674158,
            62.37150163563577
          ],
          [
            17.23009612776014,
            62.371590534432244
          ],
          [
            17.229836187014076,
            62.37173550512992
          ],
          [
            17.229549400553708,
            62.371852349934585
          ],
          [
            17.22957745923095,
            62.371894017104616
          ],
          [
            17.229577763448244,
            62.371894846257355
          ],
          [
            17.229604350541774,
            62.37196730993964
          ],
          [
            17.22966809054178,
            62.37204440993578
          ],
          [
            17.229778680541948,
            62.37212749993783
          ],
          [
            17.230130429778345,
            62.37224911148965
          ],
          [
            17.230345520544404,
            62.37233932993928
          ],
          [
            17.23058099055232,
            62.37246351993861
          ],
          [
            17.23086252054559,
            62.372661059939134
          ],
          [
            17.230883900554055,
            62.372714589935356
          ],
          [
            17.230906690539644,
            62.37286508993402
          ],
          [
            17.230974820547356,
            62.37292326993717
          ],
          [
            17.231149060554635,
            62.37300398993311
          ],
          [
            17.231191820549377,
            62.37307199993289
          ],
          [
            17.231425410540083,
            62.37328780993772
          ],
          [
            17.231441210547562,
            62.37342225994033
          ],
          [
            17.23160266054314,
            62.373565149932084
          ],
          [
            17.231630850550737,
            62.373749229935505
          ],
          [
            17.23189022055067,
            62.373921529938954
          ],
          [
            17.23197235055009,
            62.374011809933286
          ],
          [
            17.23209966054796,
            62.37428051993902
          ],
          [
            17.232127250555035,
            62.37437839993618
          ],
          [
            17.23208802054158,
            62.37474810993649
          ],
          [
            17.232135290555544,
            62.374798539939086
          ],
          [
            17.23227257054098,
            62.37488927993752
          ],
          [
            17.232472600549904,
            62.37500460993168
          ],
          [
            17.23255813054194,
            62.37506249993936
          ],
          [
            17.232580445006825,
            62.37508765250811
          ],
          [
            17.232580445006825,
            62.37508765250811
          ],
          [
            17.232963489273256,
            62.37509583982693
          ],
          [
            17.23315936600085,
            62.37506960080084
          ],
          [
            17.233429168207692,
            62.375012988566375
          ],
          [
            17.233558594160517,
            62.3749914690164
          ],
          [
            17.233822920193166,
            62.37494164277272
          ],
          [
            17.234126513969212,
            62.374925065920976
          ],
          [
            17.234410978495596,
            62.3749329148879
          ],
          [
            17.23462415995052,
            62.37496572529921
          ],
          [
            17.23480438005587,
            62.3749759898548
          ],
          [
            17.234896714600758,
            62.374966964976736
          ],
          [
            17.234968382189532,
            62.37495007557373
          ],
          [
            17.23507630647032,
            62.37493086314404
          ],
          [
            17.235160974055002,
            62.37491579074177
          ],
          [
            17.235343129741718,
            62.374905842956345
          ],
          [
            17.23546456679272,
            62.374899210972984
          ],
          [
            17.235604158120044,
            62.37490854576556
          ],
          [
            17.23581167401547,
            62.37494410480488
          ],
          [
            17.235864790569543,
            62.374963750741266
          ],
          [
            17.235938253631605,
            62.37498453368078
          ],
          [
            17.236043221153704,
            62.37501764332396
          ],
          [
            17.236132501981743,
            62.375045804831956
          ],
          [
            17.236258055904976,
            62.375064706078255
          ],
          [
            17.236503433442227,
            62.3751039132719
          ],
          [
            17.236625897836408,
            62.37511880760266
          ],
          [
            17.236766324877816,
            62.37514563217702
          ],
          [
            17.236932893793014,
            62.375173533898824
          ],
          [
            17.237062501749843,
            62.375216622866304
          ],
          [
            17.23717704478354,
            62.37524775159874
          ],
          [
            17.23717704478354,
            62.37524775159874
          ],
          [
            17.237380631944657,
            62.37532238616282
          ],
          [
            17.237611261026462,
            62.37541693398085
          ],
          [
            17.23793361130168,
            62.37554728259648
          ],
          [
            17.238669906795455,
            62.37585294921283
          ],
          [
            17.23892455736293,
            62.375964747381566
          ],
          [
            17.238971946323815,
            62.375985797305866
          ],
          [
            17.238996347599446,
            62.37601112232982
          ],
          [
            17.239035365265057,
            62.3760389890551
          ],
          [
            17.23910001129577,
            62.37605716897677
          ],
          [
            17.239149462711552,
            62.37606069802567
          ],
          [
            17.239222158959628,
            62.37606533376733
          ],
          [
            17.23927450796772,
            62.37606883292918
          ],
          [
            17.239332909194715,
            62.37607765421408
          ],
          [
            17.23941210762073,
            62.37609703021461
          ],
          [
            17.239473856455053,
            62.376115239809124
          ],
          [
            17.2395360552704,
            62.37614286759115
          ],
          [
            17.239669403151403,
            62.376203415347746
          ],
          [
            17.239723231030574,
            62.376237859899845
          ],
          [
            17.23983919417494,
            62.37629858662809
          ],
          [
            17.239917296171626,
            62.37635566505088
          ],
          [
            17.240033517349747,
            62.37642177343838
          ],
          [
            17.240086703008895,
            62.37644276326289
          ],
          [
            17.240116772218933,
            62.37646533743429
          ],
          [
            17.240147291596656,
            62.37649732981158
          ],
          [
            17.240180322807742,
            62.37652121955585
          ],
          [
            17.240210970919613,
            62.37655590284314
          ],
          [
            17.240243873633077,
            62.376577101656956
          ],
          [
            17.24028585510576,
            62.37660628362337
          ],
          [
            17.240331179941254,
            62.37662641539462
          ],
          [
            17.240475411638624,
            62.376682363847664
          ],
          [
            17.240551593690224,
            62.37670719565848
          ],
          [
            17.24090188027939,
            62.37681800435694
          ],
          [
            17.24105307018982,
            62.37688778969905
          ],
          [
            17.2412951805635,
            62.37704009666009
          ],
          [
            17.241413404009872,
            62.377087337570025
          ],
          [
            17.24160728906858,
            62.37714052844143
          ],
          [
            17.241705165328153,
            62.37718663290821
          ],
          [
            17.241764470762693,
            62.37721428957603
          ],
          [
            17.24181482572961,
            62.37723665408145
          ],
          [
            17.241879926718514,
            62.37726425089771
          ],
          [
            17.241960031343265,
            62.377302461839676
          ],
          [
            17.242013284306026,
            62.37732479637349
          ],
          [
            17.242075552382605,
            62.37735376846422
          ],
          [
            17.242128805502965,
            62.37737610295367
          ],
          [
            17.242182573920353,
            62.377409201083914
          ],
          [
            17.242209812367406,
            62.377433150151994
          ],
          [
            17.2422906907203,
            62.3774875063898
          ],
          [
            17.242324175565958,
            62.377520813826365
          ],
          [
            17.242399065723642,
            62.37757119344537
          ],
          [
            17.242530429822047,
            62.37765060473027
          ],
          [
            17.242601134546554,
            62.37767410500693
          ],
          [
            17.242654453052438,
            62.377697784750666
          ],
          [
            17.2427321130688,
            62.37774544335383
          ],
          [
            17.242849763325776,
            62.37784114940517
          ],
          [
            17.242950477073297,
            62.37788587760896
          ],
          [
            17.24300933395581,
            62.37790411553347
          ],
          [
            17.24326794425504,
            62.377976827569995
          ],
          [
            17.243672152822732,
            62.37806284235685
          ],
          [
            17.24382129245863,
            62.37808957006308
          ],
          [
            17.243956137010485,
            62.378120483709246
          ],
          [
            17.24415885587115,
            62.37817627213514
          ],
          [
            17.244300464268857,
            62.37822730740659
          ],
          [
            17.244392165880292,
            62.378265397168825
          ],
          [
            17.244498872740206,
            62.37831410076061
          ],
          [
            17.244663605772985,
            62.37842412611455
          ],
          [
            17.244703599864003,
            62.37847217311455
          ],
          [
            17.24480625461468,
            62.378557263734194
          ],
          [
            17.245164949870365,
            62.37866124453804
          ],
          [
            17.2452126057701,
            62.378687674168155
          ],
          [
            17.24526548904825,
            62.3787530009762
          ],
          [
            17.245337742236554,
            62.37881830013993
          ],
          [
            17.245458425281345,
            62.378856089459724
          ],
          [
            17.245745963929124,
            62.37892715171287
          ],
          [
            17.24595514131531,
            62.37905690763007
          ],
          [
            17.246103456856066,
            62.379126717467585
          ],
          [
            17.246245848186547,
            62.37919389621539
          ],
          [
            17.246328224704726,
            62.37927919562399
          ],
          [
            17.24635483968356,
            62.37932158273989
          ],
          [
            17.24655369839442,
            62.379399622781044
          ],
          [
            17.24691793883058,
            62.379490548759925
          ],
          [
            17.247071650812057,
            62.37951824052055
          ],
          [
            17.247246551912514,
            62.37957576293478
          ],
          [
            17.24735393345869,
            62.37963563238159
          ],
          [
            17.24743267089547,
            62.37967459173909
          ],
          [
            17.247567311459377,
            62.37972404795723
          ],
          [
            17.247666337796158,
            62.37976388275329
          ],
          [
            17.24774242659095,
            62.379808385856514
          ],
          [
            17.247882638237094,
            62.37989039294135
          ],
          [
            17.24801590311939,
            62.380008817254385
          ],
          [
            17.248104910992804,
            62.380050970929744
          ],
          [
            17.248313899265145,
            62.38011611134738
          ],
          [
            17.248499006614008,
            62.38022726727579
          ],
          [
            17.248714116450547,
            62.3802990742851
          ],
          [
            17.248919756792546,
            62.38035482565186
          ],
          [
            17.250033122980668,
            62.380794000104316
          ],
          [
            17.25020990230666,
            62.38081652835673
          ],
          [
            17.250556032630552,
            62.38084613483315
          ],
          [
            17.250933233811907,
            62.38089283893981
          ],
          [
            17.25121266341787,
            62.38089963538114
          ],
          [
            17.251390634409212,
            62.38092567299687
          ],
          [
            17.251635468928768,
            62.38094057130509
          ],
          [
            17.25211079993102,
            62.38094168286909
          ],
          [
            17.252432533629108,
            62.380898761471535
          ],
          [
            17.252920447481532,
            62.380833034767065
          ],
          [
            17.253556991010626,
            62.38072718420447
          ],
          [
            17.253978140350984,
            62.3807177709369
          ],
          [
            17.254278442833524,
            62.380670244020884
          ],
          [
            17.254734270491774,
            62.38061005926853
          ],
          [
            17.255195511567255,
            62.38060683470216
          ],
          [
            17.255251781234545,
            62.38057124940612
          ],
          [
            17.25535214321242,
            62.380488090401386
          ],
          [
            17.255400368631218,
            62.380466050095094
          ],
          [
            17.25545136193818,
            62.380441288692346
          ],
          [
            17.255514207086193,
            62.38042178832611
          ],
          [
            17.255574674314776,
            62.38041308172104
          ],
          [
            17.255681638985784,
            62.380406582991334
          ],
          [
            17.255802963397567,
            62.380397242316235
          ],
          [
            17.25586632843847,
            62.38038850540591
          ],
          [
            17.25606638926159,
            62.38032853742968
          ],
          [
            17.256255117678517,
            62.38027407177862
          ],
          [
            17.25637868880087,
            62.380251245901555
          ],
          [
            17.256470967796925,
            62.38024086123226
          ],
          [
            17.25658063442226,
            62.380230295253504
          ],
          [
            17.256933923695087,
            62.38022122774755
          ],
          [
            17.257037533867884,
            62.3802053400346
          ],
          [
            17.257111839089028,
            62.380183027186234
          ],
          [
            17.257153941415922,
            62.38015431946506
          ],
          [
            17.25721971680928,
            62.380075558112445
          ],
          [
            17.25726940612699,
            62.380023887044246
          ],
          [
            17.25749388386946,
            62.37986943333712
          ],
          [
            17.25759996800006,
            62.37978486683676
          ],
          [
            17.25781026054271,
            62.37969703993772
          ],
          [
            17.257918550536402,
            62.37967103993233
          ],
          [
            17.258196130548612,
            62.37965844993711
          ],
          [
            17.258376800541374,
            62.37966898993547
          ],
          [
            17.258731820542465,
            62.37976021993382
          ],
          [
            17.25890832054068,
            62.37979236993612
          ],
          [
            17.259116750551343,
            62.37978629993458
          ],
          [
            17.259308783012308,
            62.37979527234799
          ],
          [
            17.259308783012308,
            62.37979527234799
          ],
          [
            17.259261262850224,
            62.379756013543464
          ],
          [
            17.25926355664149,
            62.3796767174995
          ],
          [
            17.259358240088527,
            62.37962419784198
          ],
          [
            17.259586871149992,
            62.379533092055276
          ],
          [
            17.259687013301647,
            62.37948250866282
          ],
          [
            17.259952202658027,
            62.379292010484924
          ],
          [
            17.260102863303246,
            62.37924165505946
          ],
          [
            17.26029622613514,
            62.37922041169832
          ],
          [
            17.26043761382712,
            62.37924250579216
          ],
          [
            17.260699624076892,
            62.379328131795226
          ],
          [
            17.26111777916145,
            62.37943321462169
          ]
        ]
      }
    },
    {
      "id": 3583,
      "type": "Feature",
      "properties": {
        "name": "Bergkrossrundan springstig",
        "type": "Springstig",
        "created": "2023-05-10 17:14:01",
        "updated": "2024-06-10 09:51:37",
        "published": true,
        "owner": {
          "organizationID": 260,
          "name": "Sundsvalls OK"
        },
        "manager": {
          "organizationID": 260,
          "name": "Sundsvalls OK"
        },
        "fields": [
          {
            "id": 109,
            "name": "Svårighet",
            "type": "DROPDOWN",
            "value": "Lätt"
          },
          {
            "id": 134,
            "name": "Ledgrupp",
            "type": "DROPDOWN",
            "value": "Sundsvalls springstigar"
          },
          {
            "id": 220,
            "name": "Ledtyp",
            "type": "DROPDOWN",
            "value": "Iordningställd"
          },
          {
            "id": 282,
            "name": "Allmänt tillgänglig",
            "type": "DROPDOWN",
            "value": "Hela dygnet"
          },
          {
            "id": 274,
            "name": "Led",
            "type": "COMBINEDTRAIL",
            "referencedObjects": [
              {
                "objectID": 2607,
                "fieldID": 262,
                "direction": "REVERSED"
              },
              {
                "objectID": 2554,
                "fieldID": 262,
                "direction": "REVERSED"
              },
              {
                "objectID": 2553,
                "fieldID": 262,
                "direction": "REVERSED"
              },
              {
                "objectID": 2552,
                "fieldID": 262,
                "direction": "REVERSED"
              },
              {
                "objectID": 2551,
                "fieldID": 262,
                "direction": "REVERSED"
              },
              {
                "objectID": 3574,
                "fieldID": 262,
                "direction": "NORMAL"
              },
              {
                "objectID": 2556,
                "fieldID": 262,
                "direction": "NORMAL"
              },
              {
                "objectID": 2557,
                "fieldID": 262,
                "direction": "NORMAL"
              },
              {
                "objectID": 2558,
                "fieldID": 262,
                "direction": "NORMAL"
              },
              {
                "objectID": 2566,
                "fieldID": 262,
                "direction": "NORMAL"
              },
              {
                "objectID": 2567,
                "fieldID": 262,
                "direction": "NORMAL"
              },
              {
                "objectID": 2573,
                "fieldID": 262,
                "direction": "NORMAL"
              },
              {
                "objectID": 2577,
                "fieldID": 262,
                "direction": "NORMAL"
              },
              {
                "objectID": 2578,
                "fieldID": 262,
                "direction": "NORMAL"
              },
              {
                "objectID": 3584,
                "fieldID": 262,
                "direction": "NORMAL"
              },
              {
                "objectID": 3585,
                "fieldID": 262,
                "direction": "NORMAL"
              },
              {
                "objectID": 3586,
                "fieldID": 262,
                "direction": "NORMAL"
              },
              {
                "objectID": 3587,
                "fieldID": 262,
                "direction": "NORMAL"
              },
              {
                "objectID": 3588,
                "fieldID": 262,
                "direction": "NORMAL"
              },
              {
                "objectID": 2554,
                "fieldID": 262,
                "direction": "NORMAL"
              },
              {
                "objectID": 2607,
                "fieldID": 262,
                "direction": "NORMAL"
              }
            ]
          },
          {
            "id": 99,
            "name": "Längd (meter)",
            "type": "INTEGER",
            "value": 5000
          },
          {
            "id": 281,
            "name": "Sorteringsordning",
            "type": "INTEGER",
            "value": 51
          },
          {
            "id": 98,
            "name": "Markering fil",
            "type": "FILES",
            "value": [
              {
                "id": 2441,
                "filename": "Springstig grön.png",
                "description": "Spårmarkering för grön springstig",
                "alttext": "Spårmarkering för grön springstig",
                "sourcetext": "Friluftsenheten",
                "validForWinter": true,
                "validForSummer": true,
                "sortIndex": 1000,
                "type": "image/png",
                "size": 8946,
                "url": "https://api.sundsvall.se/facilities/2.2/field/filesfield/2441",
                "license": "CC0",
                "licenseDescription": "Creative commons. \"No rights reserved\" https://creativecommons.org/share-your-work/public-domain/cc0/"
              }
            ]
          },
          {
            "id": 102,
            "name": "Öppen",
            "type": "TOGGLE",
            "value": "Ja"
          },
          {
            "id": 103,
            "name": "Belysning",
            "type": "TOGGLE",
            "value": "Nej"
          },
          {
            "id": 108,
            "name": "Tillgänglighetsanpassad",
            "type": "TOGGLE",
            "value": "Nej"
          },
          {
            "id": 110,
            "name": "Beskrivning",
            "type": "FREETEXT",
            "value": "Ganska lättlöpt runda som går runt \"Bergkrossen\" - det stora grustaget i Granloholmsskogen. Varierande stigar, breda och smala med huvudsakligen fint underlag. Måttlig kupering."
          },
          {
            "id": 289,
            "name": "Tillgänglighetsbeskrivning",
            "type": "FREETEXT",
            "value": "Skogsstig med mycket stenar och rötter. Kortare sträckor blöt mark. Kortare del på anlagt motionsspår."
          }
        ],
        "centerPoint": [
          17.309117960420004,
          62.420212026452134
        ]
      },
      "geometry": {
        "type": "LineString",
        "coordinates": [
          [
            17.317662383638762,
            62.415965613050425
          ],
          [
            17.31752582238994,
            62.415951944351285
          ],
          [
            17.317336076496478,
            62.41591738342892
          ],
          [
            17.317177658202613,
            62.41586721444832
          ],
          [
            17.316644998966936,
            62.41566727026726
          ],
          [
            17.315837671889206,
            62.41542966375283
          ],
          [
            17.31559058660125,
            62.415365029995534
          ],
          [
            17.31535710821403,
            62.41532614381878
          ],
          [
            17.31535710821403,
            62.41532614381878
          ],
          [
            17.31513708884423,
            62.41530471111408
          ],
          [
            17.31493705858371,
            62.415305883045924
          ],
          [
            17.314791083874592,
            62.41532209941386
          ],
          [
            17.31460632184885,
            62.4153798919547
          ],
          [
            17.314431667877006,
            62.41544878529928
          ],
          [
            17.313966969912666,
            62.415674526613884
          ],
          [
            17.313562855990266,
            62.41588720574201
          ],
          [
            17.31302129703618,
            62.416114348037404
          ],
          [
            17.31240776788699,
            62.416395810782134
          ],
          [
            17.31233067219955,
            62.41650033719291
          ],
          [
            17.3123353406545,
            62.41659306322006
          ],
          [
            17.312434099848065,
            62.41668477305277
          ],
          [
            17.312627484541217,
            62.416786379004854
          ],
          [
            17.312627484541217,
            62.416786379004854
          ],
          [
            17.312915267520136,
            62.41689241676341
          ],
          [
            17.313224094559818,
            62.41694910873803
          ],
          [
            17.313579144155852,
            62.416988930254135
          ],
          [
            17.313908637110135,
            62.41700499070286
          ],
          [
            17.314360097524364,
            62.41707325628434
          ],
          [
            17.31462186824439,
            62.41713046854481
          ],
          [
            17.314839363640132,
            62.417245928279534
          ],
          [
            17.314972814841813,
            62.41734955866357
          ],
          [
            17.314972814841813,
            62.41734955866357
          ],
          [
            17.31535454022629,
            62.417657364457355
          ],
          [
            17.315433374039163,
            62.417820235031556
          ],
          [
            17.315392443158444,
            62.41792015510245
          ],
          [
            17.315318274900946,
            62.41809207211202
          ],
          [
            17.315216431272223,
            62.418333338382055
          ],
          [
            17.315197182115337,
            62.41847127693962
          ],
          [
            17.315197182115337,
            62.41847127693962
          ],
          [
            17.315171569659974,
            62.41865481276845
          ],
          [
            17.315149241889436,
            62.41869288585706
          ],
          [
            17.315068488775,
            62.41883058442772
          ],
          [
            17.314923085749065,
            62.41899444845033
          ],
          [
            17.314671340235453,
            62.419231392439656
          ],
          [
            17.314643671510247,
            62.41928833211555
          ],
          [
            17.31467331975742,
            62.41932049117526
          ],
          [
            17.31467331975742,
            62.41932049117526
          ],
          [
            17.314487444239365,
            62.41936765160478
          ],
          [
            17.31428200097436,
            62.41948690448872
          ],
          [
            17.31420904962769,
            62.419559603371205
          ],
          [
            17.314224784107704,
            62.419955930573785
          ],
          [
            17.314298585629665,
            62.42015772900381
          ],
          [
            17.3145066938166,
            62.42040984998201
          ],
          [
            17.31461175436417,
            62.42048745113703
          ],
          [
            17.31474725633906,
            62.420557482731446
          ],
          [
            17.31500189251897,
            62.420681620482625
          ],
          [
            17.3152183622214,
            62.42081341774356
          ],
          [
            17.315364359647962,
            62.42092996877873
          ],
          [
            17.315556419253628,
            62.42110692531831
          ],
          [
            17.315680574841327,
            62.42118069878023
          ],
          [
            17.31591553509924,
            62.42123331277828
          ],
          [
            17.31608384891028,
            62.42133522839791
          ],
          [
            17.316299544943924,
            62.42151906702169
          ],
          [
            17.316577043885314,
            62.4217684907794
          ],
          [
            17.316577043885314,
            62.4217684907794
          ],
          [
            17.316279065238835,
            62.42212119238931
          ],
          [
            17.315784214134915,
            62.422801309725614
          ],
          [
            17.315692489409543,
            62.423162687515806
          ],
          [
            17.315591472217736,
            62.423462242972185
          ],
          [
            17.31555347197232,
            62.423669054579044
          ],
          [
            17.315632215109254,
            62.42395512098782
          ],
          [
            17.31562621836354,
            62.424114873429325
          ],
          [
            17.31556547646022,
            62.424374175999354
          ],
          [
            17.315453225977958,
            62.4246658575941
          ],
          [
            17.315702960585487,
            62.42477492424622
          ],
          [
            17.315895555025346,
            62.424885463571314
          ],
          [
            17.316047848446054,
            62.424969614284635
          ],
          [
            17.31624965139555,
            62.4250405333026
          ],
          [
            17.31663107925761,
            62.4251392870114
          ],
          [
            17.31663107925761,
            62.4251392870114
          ],
          [
            17.316137552812545,
            62.425295729930205
          ],
          [
            17.315516819807804,
            62.42544957529044
          ],
          [
            17.314572751475414,
            62.42569469324475
          ],
          [
            17.314258091589647,
            62.425816856413284
          ],
          [
            17.314007878855108,
            62.42592645977477
          ],
          [
            17.313673943832264,
            62.4261518058893
          ],
          [
            17.313507556803586,
            62.42628109233124
          ],
          [
            17.3134492938442,
            62.42643599989858
          ],
          [
            17.313423534797323,
            62.42659753924828
          ],
          [
            17.313421638283717,
            62.42663155977485
          ],
          [
            17.313288062715507,
            62.42677438709448
          ],
          [
            17.313244705939884,
            62.426896722864
          ],
          [
            17.313195458914947,
            62.427135933679615
          ],
          [
            17.31314616020676,
            62.427286131523545
          ],
          [
            17.31314616020676,
            62.427286131523545
          ],
          [
            17.31314616020676,
            62.427286131523545
          ],
          [
            17.312997730417063,
            62.427417769623474
          ],
          [
            17.312603954681386,
            62.42759533304996
          ],
          [
            17.31219961405578,
            62.42771394666742
          ],
          [
            17.311629965077653,
            62.42796146958764
          ],
          [
            17.311411261268162,
            62.42803596102919
          ],
          [
            17.31115621226809,
            62.42814207782641
          ],
          [
            17.31115621226809,
            62.42814207782641
          ],
          [
            17.310761783923173,
            62.42817165151471
          ],
          [
            17.31037408595778,
            62.428112335052006
          ],
          [
            17.31010240054726,
            62.42806234993107
          ],
          [
            17.309820950580313,
            62.42807618018992
          ],
          [
            17.309705615598315,
            62.42808983659543
          ],
          [
            17.309471162600953,
            62.42812801383921
          ],
          [
            17.30908268975144,
            62.42815987510578
          ],
          [
            17.30874323880103,
            62.42817136987685
          ],
          [
            17.308400623837976,
            62.42812908234826
          ],
          [
            17.30809539250793,
            62.42806478742032
          ],
          [
            17.307838116278,
            62.42796221177668
          ],
          [
            17.307599637965946,
            62.42785041237808
          ],
          [
            17.307461468474642,
            62.42773555017181
          ],
          [
            17.307257693482118,
            62.42768790784671
          ],
          [
            17.307257693482118,
            62.42768790784671
          ],
          [
            17.307156227548084,
            62.42767125334276
          ],
          [
            17.306987574106614,
            62.42769493151068
          ],
          [
            17.306846676915534,
            62.42773081474169
          ],
          [
            17.30672218015778,
            62.42778263071658
          ],
          [
            17.306611661284528,
            62.42780915881952
          ],
          [
            17.306482465675888,
            62.42784668248395
          ],
          [
            17.30636691643475,
            62.42785353523535
          ],
          [
            17.30620043128138,
            62.427848474992786
          ],
          [
            17.30603489369526,
            62.427859542507306
          ],
          [
            17.30587031975443,
            62.427886752086714
          ],
          [
            17.305745253647164,
            62.427863225822115
          ],
          [
            17.30559115225118,
            62.42780597570221
          ],
          [
            17.30467239827295,
            62.427627460612996
          ],
          [
            17.303667612620156,
            62.42756307538092
          ],
          [
            17.303286062180682,
            62.427844223259335
          ],
          [
            17.30297846421362,
            62.42787144261627
          ],
          [
            17.30280016648889,
            62.42799391571342
          ],
          [
            17.302557411594496,
            62.42807235029887
          ],
          [
            17.30208073086249,
            62.42811607715159
          ],
          [
            17.301782609883112,
            62.428107296038185
          ],
          [
            17.3010467520197,
            62.42794976324365
          ],
          [
            17.30067131025259,
            62.427940171394816
          ],
          [
            17.300241000192173,
            62.427980691913845
          ],
          [
            17.29966953061356,
            62.42805871776232
          ],
          [
            17.29942958868705,
            62.42811916863111
          ],
          [
            17.299183151711865,
            62.42813484357796
          ],
          [
            17.298623325720357,
            62.42807912938384
          ],
          [
            17.298445339117553,
            62.42800962320203
          ],
          [
            17.29821441229371,
            62.42789412899862
          ],
          [
            17.297900957616058,
            62.427623587041964
          ],
          [
            17.29781914460503,
            62.42747385757927
          ],
          [
            17.29767999943827,
            62.427348284211625
          ],
          [
            17.29752292470703,
            62.427251472417666
          ],
          [
            17.29752292470703,
            62.427251472417666
          ],
          [
            17.297687790553127,
            62.427227679933715
          ],
          [
            17.297773210553714,
            62.427204719933336
          ],
          [
            17.297879990537478,
            62.42715715993001
          ],
          [
            17.298244053211782,
            62.426786865146354
          ],
          [
            17.29842700054485,
            62.42663626993185
          ],
          [
            17.29850936053946,
            62.42642207993725
          ],
          [
            17.29860540053736,
            62.42623460993224
          ],
          [
            17.298617870541403,
            62.42609430993823
          ],
          [
            17.298637580545535,
            62.42604818993805
          ],
          [
            17.29872882053953,
            62.425949699933255
          ],
          [
            17.298853250547143,
            62.425753669931005
          ],
          [
            17.298814750540675,
            62.42555494993666
          ],
          [
            17.298844099188276,
            62.4254070648494
          ],
          [
            17.29885046053829,
            62.42533883993019
          ],
          [
            17.298827080551803,
            62.4251856599323
          ],
          [
            17.29885241054149,
            62.425061319933
          ],
          [
            17.298905217948334,
            62.424961917366915
          ],
          [
            17.298667180542235,
            62.42476802993657
          ],
          [
            17.298090950321956,
            62.42457491281775
          ],
          [
            17.29795784333125,
            62.4245709887897
          ],
          [
            17.297639606912046,
            62.42448171630711
          ],
          [
            17.297157252077493,
            62.4242688446562
          ],
          [
            17.297143721462586,
            62.42423386550293
          ],
          [
            17.297161163835916,
            62.42414305805861
          ],
          [
            17.29719185961124,
            62.424048260472645
          ],
          [
            17.297313691976722,
            62.42390418608331
          ],
          [
            17.29765935616392,
            62.42346097418904
          ],
          [
            17.297917471835664,
            62.423325967088964
          ],
          [
            17.29764419362201,
            62.42308657216777
          ],
          [
            17.297332377803375,
            62.42298107756068
          ],
          [
            17.29715433406516,
            62.42288720660156
          ],
          [
            17.297072890062967,
            62.42288603470593
          ],
          [
            17.297021731814667,
            62.422855447456975
          ],
          [
            17.29693035760868,
            62.42276014757056
          ],
          [
            17.296663438301334,
            62.4223559500765
          ],
          [
            17.296609296809105,
            62.422286438001336
          ],
          [
            17.29648213991901,
            62.42218418425225
          ],
          [
            17.29642567592548,
            62.422119739272446
          ],
          [
            17.296360137491632,
            62.42200766941079
          ],
          [
            17.29615806051077,
            62.422060030956864
          ],
          [
            17.296007689104805,
            62.42210035267256
          ],
          [
            17.295900300544798,
            62.42210611993012
          ],
          [
            17.295900300544798,
            62.42210611993012
          ],
          [
            17.29542781444842,
            62.421996628624804
          ],
          [
            17.29531621081011,
            62.42195572147638
          ],
          [
            17.295019096419296,
            62.42190026857478
          ],
          [
            17.29483842492183,
            62.42187809964615
          ],
          [
            17.294579390626623,
            62.421894937476296
          ],
          [
            17.294346284841044,
            62.421896261274654
          ],
          [
            17.294150325800167,
            62.421886915365796
          ],
          [
            17.293461841630663,
            62.42189070514099
          ],
          [
            17.293188896992024,
            62.42186753829289
          ],
          [
            17.293065117924872,
            62.42180922867523
          ],
          [
            17.293069414506114,
            62.42172366704788
          ],
          [
            17.293155410470924,
            62.421500981257225
          ],
          [
            17.293042458596844,
            62.42105275540064
          ],
          [
            17.292732602257235,
            62.42097236306453
          ],
          [
            17.292519089885083,
            62.420875298400006
          ],
          [
            17.292519089885083,
            62.420875298400006
          ],
          [
            17.29239384905155,
            62.420656088223254
          ],
          [
            17.29248680102117,
            62.42045340391394
          ],
          [
            17.292605645383475,
            62.42030561117486
          ],
          [
            17.29307888738833,
            62.42011175562522
          ],
          [
            17.293739736578644,
            62.419960070190825
          ],
          [
            17.293884531784744,
            62.41972635809476
          ],
          [
            17.294333722320644,
            62.419643529403515
          ],
          [
            17.294749643840166,
            62.4195511893679
          ],
          [
            17.294883981758527,
            62.41932267720462
          ],
          [
            17.294825647190887,
            62.41912751150952
          ],
          [
            17.29484741054497,
            62.419057639931886
          ],
          [
            17.295078720549355,
            62.419005339931736
          ],
          [
            17.29533375069271,
            62.418982105344554
          ],
          [
            17.295559974385338,
            62.41896203468478
          ],
          [
            17.2957786205492,
            62.41892645993156
          ],
          [
            17.29593618053706,
            62.41878376993075
          ],
          [
            17.296123370551722,
            62.41864867993748
          ],
          [
            17.296267500540228,
            62.41840653993686
          ],
          [
            17.29628514055503,
            62.41833350993727
          ],
          [
            17.29636434055102,
            62.41822982993075
          ],
          [
            17.296477720543642,
            62.41819293993655
          ],
          [
            17.29661595054546,
            62.418177189930425
          ],
          [
            17.29666467563016,
            62.41817117218951
          ],
          [
            17.29671230055276,
            62.41822139993237
          ],
          [
            17.296749800543182,
            62.41825579993206
          ],
          [
            17.296769690541087,
            62.41828779993186
          ],
          [
            17.29680556651708,
            62.41829758821917
          ],
          [
            17.297170700551728,
            62.41828926993153
          ],
          [
            17.297333590543246,
            62.41829197993048
          ],
          [
            17.297484050541826,
            62.418284109932394
          ],
          [
            17.297645700545562,
            62.41827066993592
          ],
          [
            17.297662700543157,
            62.418264999936284
          ],
          [
            17.297864970547163,
            62.418250889933184
          ],
          [
            17.297975220550295,
            62.41824906993829
          ],
          [
            17.298148480542768,
            62.41823542993398
          ],
          [
            17.29835967054043,
            62.41818614992976
          ],
          [
            17.298716760541396,
            62.41814523992998
          ],
          [
            17.298833020551548,
            62.41814600993305
          ],
          [
            17.299365610550492,
            62.41819649993812
          ],
          [
            17.29976247054566,
            62.41821957993
          ],
          [
            17.299913140552242,
            62.41821439993798
          ],
          [
            17.300085570550156,
            62.418189999931585
          ],
          [
            17.30020031975446,
            62.418251868237526
          ],
          [
            17.300480140544412,
            62.41825891993691
          ],
          [
            17.30054977054064,
            62.41825776992979
          ],
          [
            17.30062438055386,
            62.41824575993007
          ],
          [
            17.300761990548793,
            62.41822193993402
          ],
          [
            17.300893390537123,
            62.41819282993186
          ],
          [
            17.300893390537123,
            62.41819282993186
          ],
          [
            17.300893390537123,
            62.41819282993186
          ],
          [
            17.30105650055442,
            62.41812277993239
          ],
          [
            17.30121610053842,
            62.418006999932324
          ],
          [
            17.30140638054041,
            62.41783681993162
          ],
          [
            17.301511125018152,
            62.41776394343672
          ],
          [
            17.301511125018152,
            62.41776394343672
          ],
          [
            17.301639434063247,
            62.417562259408484
          ],
          [
            17.302311030551728,
            62.41751205993332
          ],
          [
            17.302657930547035,
            62.4175655999378
          ],
          [
            17.30336562053911,
            62.417702069932226
          ],
          [
            17.30350260054088,
            62.417745609929625
          ],
          [
            17.30350260054088,
            62.417745609929625
          ],
          [
            17.30367708054457,
            62.41782354993356
          ],
          [
            17.30387810055156,
            62.417868709933764
          ],
          [
            17.30423537055188,
            62.417905909934056
          ],
          [
            17.30451411053642,
            62.41790399993376
          ],
          [
            17.304838020538345,
            62.41788516992947
          ],
          [
            17.305108470538105,
            62.41785105993311
          ],
          [
            17.305386590549762,
            62.41784106993777
          ],
          [
            17.305608540547468,
            62.417856259936514
          ],
          [
            17.3058277905539,
            62.417836459931074
          ],
          [
            17.306182380540886,
            62.41783867993539
          ],
          [
            17.3067317605419,
            62.41788076993373
          ],
          [
            17.306923870553014,
            62.41788566993197
          ],
          [
            17.307137330552347,
            62.41786596993275
          ],
          [
            17.307303530549895,
            62.41783627993453
          ],
          [
            17.307372130548885,
            62.41782166993145
          ],
          [
            17.307441970542097,
            62.417823209932855
          ],
          [
            17.30754766054266,
            62.417837629929814
          ],
          [
            17.307700810542784,
            62.4178647199348
          ],
          [
            17.307788260554265,
            62.41786865993306
          ],
          [
            17.307892500538717,
            62.41786423993337
          ],
          [
            17.30800565055315,
            62.41782464993262
          ],
          [
            17.308140150553733,
            62.41776045993479
          ],
          [
            17.308200421493886,
            62.41772893238751
          ],
          [
            17.308200421493886,
            62.41772893238751
          ],
          [
            17.30840417054683,
            62.417642939937785
          ],
          [
            17.30840417054683,
            62.417642939937785
          ],
          [
            17.308506740550357,
            62.417541559931045
          ],
          [
            17.308664650551968,
            62.41740423993219
          ],
          [
            17.308992070540892,
            62.417204839936694
          ],
          [
            17.309270944767043,
            62.41711582749235
          ],
          [
            17.309470150552237,
            62.41707567993434
          ],
          [
            17.30982429246402,
            62.41705820300821
          ],
          [
            17.310397075055306,
            62.41704472811376
          ],
          [
            17.310786070540747,
            62.4170376999299
          ],
          [
            17.311062720553696,
            62.41700886993549
          ],
          [
            17.311447750536285,
            62.41695397993121
          ],
          [
            17.311839515989178,
            62.41687172463654
          ],
          [
            17.311927890537152,
            62.4168517299315
          ],
          [
            17.312157290548075,
            62.41681289993767
          ],
          [
            17.312389934558478,
            62.41680495354186
          ],
          [
            17.31255724054093,
            62.41680086992972
          ],
          [
            17.3126307066996,
            62.4167923608345
          ],
          [
            17.312627484541217,
            62.416786379004854
          ],
          [
            17.312434099848065,
            62.41668477305277
          ],
          [
            17.3123353406545,
            62.41659306322006
          ],
          [
            17.31233067219955,
            62.41650033719291
          ],
          [
            17.31240776788699,
            62.416395810782134
          ],
          [
            17.31302129703618,
            62.416114348037404
          ],
          [
            17.313562855990266,
            62.41588720574201
          ],
          [
            17.313966969912666,
            62.415674526613884
          ],
          [
            17.314431667877006,
            62.41544878529928
          ],
          [
            17.31460632184885,
            62.4153798919547
          ],
          [
            17.314791083874592,
            62.41532209941386
          ],
          [
            17.31493705858371,
            62.415305883045924
          ],
          [
            17.31513708884423,
            62.41530471111408
          ],
          [
            17.31535710821403,
            62.41532614381878
          ],
          [
            17.31535710821403,
            62.41532614381878
          ],
          [
            17.31559058660125,
            62.415365029995534
          ],
          [
            17.315837671889206,
            62.41542966375283
          ],
          [
            17.316644998966936,
            62.41566727026726
          ],
          [
            17.317177658202613,
            62.41586721444832
          ],
          [
            17.317336076496478,
            62.41591738342892
          ],
          [
            17.31752582238994,
            62.415951944351285
          ],
          [
            17.317662383638762,
            62.415965613050425
          ]
        ]
      }
    },
    {
      "id": 3589,
      "type": "Feature",
      "properties": {
        "name": "Vinmyrrundan springstig",
        "type": "Springstig",
        "created": "2023-05-10 17:20:57",
        "updated": "2024-06-10 09:51:27",
        "published": true,
        "owner": {
          "organizationID": 260,
          "name": "Sundsvalls OK"
        },
        "manager": {
          "organizationID": 260,
          "name": "Sundsvalls OK"
        },
        "fields": [
          {
            "id": 109,
            "name": "Svårighet",
            "type": "DROPDOWN",
            "value": "Medelsvår"
          },
          {
            "id": 134,
            "name": "Ledgrupp",
            "type": "DROPDOWN",
            "value": "Sundsvalls springstigar"
          },
          {
            "id": 220,
            "name": "Ledtyp",
            "type": "DROPDOWN",
            "value": "Iordningställd"
          },
          {
            "id": 282,
            "name": "Allmänt tillgänglig",
            "type": "DROPDOWN",
            "value": "Hela dygnet"
          },
          {
            "id": 274,
            "name": "Led",
            "type": "COMBINEDTRAIL",
            "referencedObjects": [
              {
                "objectID": 2607,
                "fieldID": 262,
                "direction": "REVERSED"
              },
              {
                "objectID": 2554,
                "fieldID": 262,
                "direction": "REVERSED"
              },
              {
                "objectID": 2553,
                "fieldID": 262,
                "direction": "REVERSED"
              },
              {
                "objectID": 2552,
                "fieldID": 262,
                "direction": "REVERSED"
              },
              {
                "objectID": 2551,
                "fieldID": 262,
                "direction": "REVERSED"
              },
              {
                "objectID": 3574,
                "fieldID": 262,
                "direction": "NORMAL"
              },
              {
                "objectID": 2556,
                "fieldID": 262,
                "direction": "NORMAL"
              },
              {
                "objectID": 3575,
                "fieldID": 262,
                "direction": "NORMAL"
              },
              {
                "objectID": 3576,
                "fieldID": 262,
                "direction": "NORMAL"
              },
              {
                "objectID": 3577,
                "fieldID": 262,
                "direction": "NORMAL"
              },
              {
                "objectID": 3578,
                "fieldID": 262,
                "direction": "NORMAL"
              },
              {
                "objectID": 3579,
                "fieldID": 262,
                "direction": "NORMAL"
              },
              {
                "objectID": 3580,
                "fieldID": 262,
                "direction": "NORMAL"
              },
              {
                "objectID": 3581,
                "fieldID": 262,
                "direction": "NORMAL"
              },
              {
                "objectID": 3582,
                "fieldID": 262,
                "direction": "NORMAL"
              },
              {
                "objectID": 2558,
                "fieldID": 262,
                "direction": "NORMAL"
              },
              {
                "objectID": 2566,
                "fieldID": 262,
                "direction": "NORMAL"
              },
              {
                "objectID": 2567,
                "fieldID": 262,
                "direction": "NORMAL"
              },
              {
                "objectID": 2573,
                "fieldID": 262,
                "direction": "NORMAL"
              },
              {
                "objectID": 2577,
                "fieldID": 262,
                "direction": "NORMAL"
              },
              {
                "objectID": 2578,
                "fieldID": 262,
                "direction": "NORMAL"
              },
              {
                "objectID": 3584,
                "fieldID": 262,
                "direction": "NORMAL"
              },
              {
                "objectID": 3585,
                "fieldID": 262,
                "direction": "NORMAL"
              },
              {
                "objectID": 3586,
                "fieldID": 262,
                "direction": "NORMAL"
              },
              {
                "objectID": 3587,
                "fieldID": 262,
                "direction": "NORMAL"
              },
              {
                "objectID": 3588,
                "fieldID": 262,
                "direction": "NORMAL"
              },
              {
                "objectID": 2554,
                "fieldID": 262,
                "direction": "NORMAL"
              },
              {
                "objectID": 2607,
                "fieldID": 262,
                "direction": "NORMAL"
              }
            ]
          },
          {
            "id": 99,
            "name": "Längd (meter)",
            "type": "INTEGER",
            "value": 7000
          },
          {
            "id": 281,
            "name": "Sorteringsordning",
            "type": "INTEGER",
            "value": 52
          },
          {
            "id": 98,
            "name": "Markering fil",
            "type": "FILES",
            "value": [
              {
                "id": 2442,
                "filename": "Spårmarkering Vandring Blå.png",
                "description": "Spårmarkering för blå springstig",
                "alttext": "Spårmarkering för blå springstig",
                "sourcetext": "Frilufts",
                "validForWinter": true,
                "validForSummer": true,
                "sortIndex": 1000,
                "type": "image/png",
                "size": 10821,
                "url": "https://api.sundsvall.se/facilities/2.2/field/filesfield/2442",
                "license": "CC0",
                "licenseDescription": "Creative commons. \"No rights reserved\" https://creativecommons.org/share-your-work/public-domain/cc0/"
              }
            ]
          },
          {
            "id": 102,
            "name": "Öppen",
            "type": "TOGGLE",
            "value": "Ja"
          },
          {
            "id": 103,
            "name": "Belysning",
            "type": "TOGGLE",
            "value": "Nej"
          },
          {
            "id": 108,
            "name": "Tillgänglighetsanpassad",
            "type": "TOGGLE",
            "value": "Nej"
          },
          {
            "id": 110,
            "name": "Beskrivning",
            "type": "FREETEXT",
            "value": "En förlänging av Bergkrossrundan som också sträcker sig runt \"Vinmyran\". Här får man en sväng med stig i fin skogsterräng, där underlaget dock tidvis kan vara lite \"kladdigt\". En härlig klättring extra får man också på köpet."
          },
          {
            "id": 289,
            "name": "Tillgänglighetsbeskrivning",
            "type": "FREETEXT",
            "value": "Skogsstig med mycket stenar och rötter. Kortare sträckor blöt mark. Kortare del på anlagt motionsspår."
          }
        ],
        "centerPoint": [
          17.313328539474497,
          62.42195330099657
        ]
      },
      "geometry": {
        "type": "LineString",
        "coordinates": [
          [
            17.317662383638762,
            62.415965613050425
          ],
          [
            17.31752582238994,
            62.415951944351285
          ],
          [
            17.317336076496478,
            62.41591738342892
          ],
          [
            17.317177658202613,
            62.41586721444832
          ],
          [
            17.316644998966936,
            62.41566727026726
          ],
          [
            17.315837671889206,
            62.41542966375283
          ],
          [
            17.31559058660125,
            62.415365029995534
          ],
          [
            17.31535710821403,
            62.41532614381878
          ],
          [
            17.31535710821403,
            62.41532614381878
          ],
          [
            17.31513708884423,
            62.41530471111408
          ],
          [
            17.31493705858371,
            62.415305883045924
          ],
          [
            17.314791083874592,
            62.41532209941386
          ],
          [
            17.31460632184885,
            62.4153798919547
          ],
          [
            17.314431667877006,
            62.41544878529928
          ],
          [
            17.313966969912666,
            62.415674526613884
          ],
          [
            17.313562855990266,
            62.41588720574201
          ],
          [
            17.31302129703618,
            62.416114348037404
          ],
          [
            17.31240776788699,
            62.416395810782134
          ],
          [
            17.31233067219955,
            62.41650033719291
          ],
          [
            17.3123353406545,
            62.41659306322006
          ],
          [
            17.312434099848065,
            62.41668477305277
          ],
          [
            17.312627484541217,
            62.416786379004854
          ],
          [
            17.312627484541217,
            62.416786379004854
          ],
          [
            17.312915267520136,
            62.41689241676341
          ],
          [
            17.313224094559818,
            62.41694910873803
          ],
          [
            17.313579144155852,
            62.416988930254135
          ],
          [
            17.313908637110135,
            62.41700499070286
          ],
          [
            17.314360097524364,
            62.41707325628434
          ],
          [
            17.31462186824439,
            62.41713046854481
          ],
          [
            17.314839363640132,
            62.417245928279534
          ],
          [
            17.314972814841813,
            62.41734955866357
          ],
          [
            17.314972814841813,
            62.41734955866357
          ],
          [
            17.31535454022629,
            62.417657364457355
          ],
          [
            17.315433374039163,
            62.417820235031556
          ],
          [
            17.315392443158444,
            62.41792015510245
          ],
          [
            17.315318274900946,
            62.41809207211202
          ],
          [
            17.315216431272223,
            62.418333338382055
          ],
          [
            17.315197182115337,
            62.41847127693962
          ],
          [
            17.315197182115337,
            62.41847127693962
          ],
          [
            17.315171569659974,
            62.41865481276845
          ],
          [
            17.315149241889436,
            62.41869288585706
          ],
          [
            17.315068488775,
            62.41883058442772
          ],
          [
            17.314923085749065,
            62.41899444845033
          ],
          [
            17.314671340235453,
            62.419231392439656
          ],
          [
            17.314643671510247,
            62.41928833211555
          ],
          [
            17.31467331975742,
            62.41932049117526
          ],
          [
            17.31467331975742,
            62.41932049117526
          ],
          [
            17.314487444239365,
            62.41936765160478
          ],
          [
            17.31428200097436,
            62.41948690448872
          ],
          [
            17.31420904962769,
            62.419559603371205
          ],
          [
            17.314224784107704,
            62.419955930573785
          ],
          [
            17.314298585629665,
            62.42015772900381
          ],
          [
            17.3145066938166,
            62.42040984998201
          ],
          [
            17.31461175436417,
            62.42048745113703
          ],
          [
            17.31474725633906,
            62.420557482731446
          ],
          [
            17.31500189251897,
            62.420681620482625
          ],
          [
            17.3152183622214,
            62.42081341774356
          ],
          [
            17.315364359647962,
            62.42092996877873
          ],
          [
            17.315556419253628,
            62.42110692531831
          ],
          [
            17.315680574841327,
            62.42118069878023
          ],
          [
            17.31591553509924,
            62.42123331277828
          ],
          [
            17.31608384891028,
            62.42133522839791
          ],
          [
            17.316299544943924,
            62.42151906702169
          ],
          [
            17.316577043885314,
            62.4217684907794
          ],
          [
            17.316577043885314,
            62.4217684907794
          ],
          [
            17.316279065238835,
            62.42212119238931
          ],
          [
            17.315784214134915,
            62.422801309725614
          ],
          [
            17.315692489409543,
            62.423162687515806
          ],
          [
            17.315591472217736,
            62.423462242972185
          ],
          [
            17.31555347197232,
            62.423669054579044
          ],
          [
            17.315632215109254,
            62.42395512098782
          ],
          [
            17.31562621836354,
            62.424114873429325
          ],
          [
            17.31556547646022,
            62.424374175999354
          ],
          [
            17.315453225977958,
            62.4246658575941
          ],
          [
            17.315702960585487,
            62.42477492424622
          ],
          [
            17.315895555025346,
            62.424885463571314
          ],
          [
            17.316047848446054,
            62.424969614284635
          ],
          [
            17.31624965139555,
            62.4250405333026
          ],
          [
            17.31663107925761,
            62.4251392870114
          ],
          [
            17.31663107925761,
            62.4251392870114
          ],
          [
            17.316926660540503,
            62.42514454993502
          ],
          [
            17.317056220538316,
            62.42516663993047
          ],
          [
            17.317153850546305,
            62.425151549932686
          ],
          [
            17.31735595054828,
            62.42513471992933
          ],
          [
            17.317932420540476,
            62.425149379931355
          ],
          [
            17.318272180544355,
            62.42518412993646
          ],
          [
            17.318501660545017,
            62.425220729932356
          ],
          [
            17.318779870546493,
            62.425286149930045
          ],
          [
            17.318939500551704,
            62.42532120993122
          ],
          [
            17.31908025055011,
            62.42533771992883
          ],
          [
            17.319301430547853,
            62.42534211993713
          ],
          [
            17.31945960054284,
            62.42535834993403
          ],
          [
            17.31961363053988,
            62.42539619993203
          ],
          [
            17.319698010546094,
            62.42543519992949
          ],
          [
            17.319908630552185,
            62.4254532499328
          ],
          [
            17.320158184110575,
            62.425457138438134
          ],
          [
            17.320391536298203,
            62.42545962164327
          ],
          [
            17.32056282055078,
            62.4254208099318
          ],
          [
            17.32077777439481,
            62.425407474372726
          ],
          [
            17.320901510552638,
            62.425366669933105
          ],
          [
            17.321032290548217,
            62.42532946993591
          ],
          [
            17.321113050520008,
            62.42527958903366
          ],
          [
            17.321177423537712,
            62.42522744145231
          ],
          [
            17.321437199297016,
            62.425126063553016
          ],
          [
            17.321630716862295,
            62.425056098773034
          ],
          [
            17.321700865850957,
            62.42499572912948
          ],
          [
            17.321759462907718,
            62.42492572868544
          ],
          [
            17.321833440552798,
            62.42486890993457
          ],
          [
            17.322070120540598,
            62.424773369930506
          ],
          [
            17.322338820049545,
            62.42470347740402
          ],
          [
            17.322456020551623,
            62.42465378992983
          ],
          [
            17.32256680781098,
            62.42455199794251
          ],
          [
            17.322655320700566,
            62.424442733588215
          ],
          [
            17.322873250542102,
            62.424188839937386
          ],
          [
            17.323025465561944,
            62.42413294214347
          ],
          [
            17.323025465561944,
            62.42413294214347
          ],
          [
            17.323205173565736,
            62.424156533590086
          ],
          [
            17.32341975027678,
            62.424209924687155
          ],
          [
            17.323639691423594,
            62.42427821548605
          ],
          [
            17.323816717220158,
            62.42431918988849
          ],
          [
            17.32403129394107,
            62.42437754727694
          ],
          [
            17.32412517124014,
            62.424457012471315
          ],
          [
            17.32414699885648,
            62.424518901853496
          ],
          [
            17.324146998856477,
            62.424518901853496
          ],
          [
            17.324146998856477,
            62.424518901853496
          ],
          [
            17.32417867802819,
            62.42465083643217
          ],
          [
            17.32418954427142,
            62.42475128019344
          ],
          [
            17.32430219703528,
            62.42489655053547
          ],
          [
            17.32435852342462,
            62.42501947103815
          ],
          [
            17.324363887855576,
            62.425093968068225
          ],
          [
            17.324538231435067,
            62.42523799514044
          ],
          [
            17.32486277873438,
            62.425421752806514
          ],
          [
            17.325286567759576,
            62.42564399874008
          ],
          [
            17.325420678206562,
            62.42570359513839
          ],
          [
            17.32562318498468,
            62.42574767156022
          ],
          [
            17.325750589907006,
            62.425809750918546
          ],
          [
            17.326012105290573,
            62.425904111300184
          ],
          [
            17.326012105290573,
            62.425904111300184
          ],
          [
            17.327075601164882,
            62.42607606991731
          ],
          [
            17.32729822451146,
            62.42612945758936
          ],
          [
            17.327569193803512,
            62.426228734282695
          ],
          [
            17.32817211091127,
            62.42632993848246
          ],
          [
            17.328617166832576,
            62.426460399286
          ],
          [
            17.32873493263945,
            62.42651464929036
          ],
          [
            17.328956551436086,
            62.42654622440854
          ],
          [
            17.329264109409124,
            62.42664446574036
          ],
          [
            17.329605580546705,
            62.42676514993054
          ],
          [
            17.329946630543024,
            62.42681601993427
          ],
          [
            17.330407110538786,
            62.426907999928844
          ],
          [
            17.330693050547815,
            62.42699751993156
          ],
          [
            17.331027720553575,
            62.42711584993566
          ],
          [
            17.331154640540333,
            62.42717837993011
          ],
          [
            17.33125694055024,
            62.42729789993662
          ],
          [
            17.33146525595813,
            62.427421609586375
          ],
          [
            17.33166473124863,
            62.42752926096136
          ],
          [
            17.331798675337957,
            62.42786948072965
          ],
          [
            17.331798675337957,
            62.42786948072965
          ],
          [
            17.331806402323338,
            62.427989748942956
          ],
          [
            17.33186636053879,
            62.4290038399336
          ],
          [
            17.33186636053879,
            62.4290038399336
          ],
          [
            17.3317197616347,
            62.42905351592554
          ],
          [
            17.33161829010686,
            62.42907707181558
          ],
          [
            17.331342268888854,
            62.429074702418426
          ],
          [
            17.331281792202066,
            62.429084786073
          ],
          [
            17.3312218618872,
            62.42910563297569
          ],
          [
            17.331162341282752,
            62.42913455230871
          ],
          [
            17.331131573563567,
            62.42915777297675
          ],
          [
            17.33108055574645,
            62.429182560945264
          ],
          [
            17.331012122103523,
            62.42920753908488
          ],
          [
            17.33080890371738,
            62.429266296695594
          ],
          [
            17.330609065089906,
            62.42933444018985
          ],
          [
            17.330465435165593,
            62.42936562361401
          ],
          [
            17.330344957819644,
            62.42939520800915
          ],
          [
            17.33028448014553,
            62.42940529123359
          ],
          [
            17.330212596622932,
            62.42941953738788
          ],
          [
            17.330152596636424,
            62.42943903842438
          ],
          [
            17.330113461138424,
            62.42946908095993
          ],
          [
            17.330084125548236,
            62.42952055500703
          ],
          [
            17.33005967179165,
            62.429611014257176
          ],
          [
            17.330041096449932,
            62.42965026221829
          ],
          [
            17.330012064758456,
            62.42970307233336
          ],
          [
            17.329726295763788,
            62.429909460036455
          ],
          [
            17.32965830009274,
            62.43000039428175
          ],
          [
            17.329619095138927,
            62.43002909126973
          ],
          [
            17.329569453256397,
            62.430058503220486
          ],
          [
            17.329345340546546,
            62.43029334992966
          ],
          [
            17.329307461855187,
            62.43035556798133
          ],
          [
            17.329244250544427,
            62.43041357993387
          ],
          [
            17.329054580542408,
            62.43074003993631
          ],
          [
            17.32889168053547,
            62.43081280993573
          ],
          [
            17.328776680545065,
            62.43090363993359
          ],
          [
            17.328638150461085,
            62.43098456308004
          ],
          [
            17.32863815046109,
            62.43098456308004
          ],
          [
            17.328308090536773,
            62.431156629928815
          ],
          [
            17.32807267573048,
            62.43122990457238
          ],
          [
            17.327961300543127,
            62.43125670993272
          ],
          [
            17.327839390536777,
            62.4312587499308
          ],
          [
            17.327682440544596,
            62.43125866993182
          ],
          [
            17.327541650542194,
            62.4312421699329
          ],
          [
            17.327041730535953,
            62.431166999935634
          ],
          [
            17.326838500541168,
            62.4310949599338
          ],
          [
            17.3266338105543,
            62.43100407993578
          ],
          [
            17.326538630552168,
            62.430976039934144
          ],
          [
            17.326456940550443,
            62.43097200993315
          ],
          [
            17.32639930054935,
            62.43097835993678
          ],
          [
            17.326388320535482,
            62.43098662992983
          ],
          [
            17.326195340548658,
            62.4310464199361
          ],
          [
            17.326029700539365,
            62.43108420993491
          ],
          [
            17.325978920536276,
            62.43110391993279
          ],
          [
            17.32586862055134,
            62.43110575993504
          ],
          [
            17.325816590541805,
            62.43110931993357
          ],
          [
            17.325545420541722,
            62.431135399937034
          ],
          [
            17.32508702054843,
            62.43114573993355
          ],
          [
            17.32430887054597,
            62.43108058993545
          ],
          [
            17.3236288005522,
            62.43100571993579
          ],
          [
            17.323054550540604,
            62.43072163993564
          ],
          [
            17.32297783054494,
            62.43070674993313
          ],
          [
            17.32278497053678,
            62.4306183699364
          ],
          [
            17.322631120541818,
            62.43058320993543
          ],
          [
            17.32241626054783,
            62.43043592993743
          ],
          [
            17.322379760543072,
            62.43041497993482
          ],
          [
            17.321964810552977,
            62.43023599993556
          ],
          [
            17.32187356054252,
            62.430183639930526
          ],
          [
            17.321644140549637,
            62.42992344993648
          ],
          [
            17.32141667054379,
            62.42983832993566
          ],
          [
            17.321024540553882,
            62.42965357992898
          ],
          [
            17.320976430541737,
            62.42963282992966
          ],
          [
            17.320742500537143,
            62.42946430993423
          ],
          [
            17.320594880545674,
            62.42943443993713
          ],
          [
            17.320377800539298,
            62.42940840993119
          ],
          [
            17.320212980549428,
            62.429381519933244
          ],
          [
            17.32016487054963,
            62.429360769931655
          ],
          [
            17.320072170546908,
            62.42928957993213
          ],
          [
            17.319953360549054,
            62.429256529929205
          ],
          [
            17.319705810548065,
            62.42921215993275
          ],
          [
            17.319593220540177,
            62.429184399935544
          ],
          [
            17.319352100547647,
            62.42914799993097
          ],
          [
            17.31902928068967,
            62.429062425665926
          ],
          [
            17.31890695054573,
            62.429028789930165
          ],
          [
            17.318793110540486,
            62.428984879935705
          ],
          [
            17.318726760540386,
            62.42895365993232
          ],
          [
            17.318449560540895,
            62.428901689931585
          ],
          [
            17.318420330544036,
            62.42889947992935
          ],
          [
            17.31828185053933,
            62.42891255993564
          ],
          [
            17.318224093938852,
            62.42890929944548
          ],
          [
            17.31812408053969,
            62.42890171993597
          ],
          [
            17.318017930536488,
            62.42888192993273
          ],
          [
            17.317964440540575,
            62.428866659933064
          ],
          [
            17.317942440538452,
            62.42880774993425
          ],
          [
            17.317864900543917,
            62.428782099936036
          ],
          [
            17.317694890551838,
            62.428763379929485
          ],
          [
            17.317582940546377,
            62.4287436799366
          ],
          [
            17.317458120549606,
            62.42870803992903
          ],
          [
            17.317318370538114,
            62.42862954993379
          ],
          [
            17.31718319054411,
            62.42861023993561
          ],
          [
            17.31711104054526,
            62.428579109931626
          ],
          [
            17.317031410550943,
            62.42852654993698
          ],
          [
            17.316992840553745,
            62.428478699932576
          ],
          [
            17.31688586054468,
            62.4284481499376
          ],
          [
            17.316668790549368,
            62.42842211993118
          ],
          [
            17.316545230546566,
            62.42840262993547
          ],
          [
            17.31650811055372,
            62.428373609930084
          ],
          [
            17.316475760543536,
            62.42833103993725
          ],
          [
            17.316457070550012,
            62.428239749934086
          ],
          [
            17.31646679054639,
            62.42813990993297
          ],
          [
            17.316451220550412,
            62.42808897993369
          ],
          [
            17.316464470539962,
            62.42803487992912
          ],
          [
            17.31640890054261,
            62.427992699935324
          ],
          [
            17.316300880554085,
            62.427948699937275
          ],
          [
            17.316167560538503,
            62.427878169936655
          ],
          [
            17.31607867700942,
            62.42784116915488
          ],
          [
            17.316041300549053,
            62.427823699932254
          ],
          [
            17.315991740545687,
            62.427784109931686
          ],
          [
            17.31596058225355,
            62.427735894034974
          ],
          [
            17.31596058225355,
            62.427735894034974
          ],
          [
            17.3158685705497,
            62.42769455993442
          ],
          [
            17.315648810549092,
            62.4276335499332
          ],
          [
            17.31523188054029,
            62.42750307993769
          ],
          [
            17.314725420546413,
            62.42741719993183
          ],
          [
            17.314400370545425,
            62.42742259993614
          ],
          [
            17.314167570545358,
            62.42741837993413
          ],
          [
            17.31386624053999,
            62.427354689935484
          ],
          [
            17.313639530537454,
            62.42727897993272
          ],
          [
            17.313422910536367,
            62.42729603993174
          ],
          [
            17.31314616020676,
            62.427286131523545
          ],
          [
            17.31314616020676,
            62.427286131523545
          ],
          [
            17.31314616020676,
            62.427286131523545
          ],
          [
            17.312997730417063,
            62.427417769623474
          ],
          [
            17.312603954681386,
            62.42759533304996
          ],
          [
            17.31219961405578,
            62.42771394666742
          ],
          [
            17.311629965077653,
            62.42796146958764
          ],
          [
            17.311411261268162,
            62.42803596102919
          ],
          [
            17.31115621226809,
            62.42814207782641
          ],
          [
            17.31115621226809,
            62.42814207782641
          ],
          [
            17.310761783923173,
            62.42817165151471
          ],
          [
            17.31037408595778,
            62.428112335052006
          ],
          [
            17.31010240054726,
            62.42806234993107
          ],
          [
            17.309820950580313,
            62.42807618018992
          ],
          [
            17.309705615598315,
            62.42808983659543
          ],
          [
            17.309471162600953,
            62.42812801383921
          ],
          [
            17.30908268975144,
            62.42815987510578
          ],
          [
            17.30874323880103,
            62.42817136987685
          ],
          [
            17.308400623837976,
            62.42812908234826
          ],
          [
            17.30809539250793,
            62.42806478742032
          ],
          [
            17.307838116278,
            62.42796221177668
          ],
          [
            17.307599637965946,
            62.42785041237808
          ],
          [
            17.307461468474642,
            62.42773555017181
          ],
          [
            17.307257693482118,
            62.42768790784671
          ],
          [
            17.307257693482118,
            62.42768790784671
          ],
          [
            17.307156227548084,
            62.42767125334276
          ],
          [
            17.306987574106614,
            62.42769493151068
          ],
          [
            17.306846676915534,
            62.42773081474169
          ],
          [
            17.30672218015778,
            62.42778263071658
          ],
          [
            17.306611661284528,
            62.42780915881952
          ],
          [
            17.306482465675888,
            62.42784668248395
          ],
          [
            17.30636691643475,
            62.42785353523535
          ],
          [
            17.30620043128138,
            62.427848474992786
          ],
          [
            17.30603489369526,
            62.427859542507306
          ],
          [
            17.30587031975443,
            62.427886752086714
          ],
          [
            17.305745253647164,
            62.427863225822115
          ],
          [
            17.30559115225118,
            62.42780597570221
          ],
          [
            17.30467239827295,
            62.427627460612996
          ],
          [
            17.303667612620156,
            62.42756307538092
          ],
          [
            17.303286062180682,
            62.427844223259335
          ],
          [
            17.30297846421362,
            62.42787144261627
          ],
          [
            17.30280016648889,
            62.42799391571342
          ],
          [
            17.302557411594496,
            62.42807235029887
          ],
          [
            17.30208073086249,
            62.42811607715159
          ],
          [
            17.301782609883112,
            62.428107296038185
          ],
          [
            17.3010467520197,
            62.42794976324365
          ],
          [
            17.30067131025259,
            62.427940171394816
          ],
          [
            17.300241000192173,
            62.427980691913845
          ],
          [
            17.29966953061356,
            62.42805871776232
          ],
          [
            17.29942958868705,
            62.42811916863111
          ],
          [
            17.299183151711865,
            62.42813484357796
          ],
          [
            17.298623325720357,
            62.42807912938384
          ],
          [
            17.298445339117553,
            62.42800962320203
          ],
          [
            17.29821441229371,
            62.42789412899862
          ],
          [
            17.297900957616058,
            62.427623587041964
          ],
          [
            17.29781914460503,
            62.42747385757927
          ],
          [
            17.29767999943827,
            62.427348284211625
          ],
          [
            17.29752292470703,
            62.427251472417666
          ],
          [
            17.29752292470703,
            62.427251472417666
          ],
          [
            17.297687790553127,
            62.427227679933715
          ],
          [
            17.297773210553714,
            62.427204719933336
          ],
          [
            17.297879990537478,
            62.42715715993001
          ],
          [
            17.298244053211782,
            62.426786865146354
          ],
          [
            17.29842700054485,
            62.42663626993185
          ],
          [
            17.29850936053946,
            62.42642207993725
          ],
          [
            17.29860540053736,
            62.42623460993224
          ],
          [
            17.298617870541403,
            62.42609430993823
          ],
          [
            17.298637580545535,
            62.42604818993805
          ],
          [
            17.29872882053953,
            62.425949699933255
          ],
          [
            17.298853250547143,
            62.425753669931005
          ],
          [
            17.298814750540675,
            62.42555494993666
          ],
          [
            17.298844099188276,
            62.4254070648494
          ],
          [
            17.29885046053829,
            62.42533883993019
          ],
          [
            17.298827080551803,
            62.4251856599323
          ],
          [
            17.29885241054149,
            62.425061319933
          ],
          [
            17.298905217948334,
            62.424961917366915
          ],
          [
            17.298667180542235,
            62.42476802993657
          ],
          [
            17.298090950321956,
            62.42457491281775
          ],
          [
            17.29795784333125,
            62.4245709887897
          ],
          [
            17.297639606912046,
            62.42448171630711
          ],
          [
            17.297157252077493,
            62.4242688446562
          ],
          [
            17.297143721462586,
            62.42423386550293
          ],
          [
            17.297161163835916,
            62.42414305805861
          ],
          [
            17.29719185961124,
            62.424048260472645
          ],
          [
            17.297313691976722,
            62.42390418608331
          ],
          [
            17.29765935616392,
            62.42346097418904
          ],
          [
            17.297917471835664,
            62.423325967088964
          ],
          [
            17.29764419362201,
            62.42308657216777
          ],
          [
            17.297332377803375,
            62.42298107756068
          ],
          [
            17.29715433406516,
            62.42288720660156
          ],
          [
            17.297072890062967,
            62.42288603470593
          ],
          [
            17.297021731814667,
            62.422855447456975
          ],
          [
            17.29693035760868,
            62.42276014757056
          ],
          [
            17.296663438301334,
            62.4223559500765
          ],
          [
            17.296609296809105,
            62.422286438001336
          ],
          [
            17.29648213991901,
            62.42218418425225
          ],
          [
            17.29642567592548,
            62.422119739272446
          ],
          [
            17.296360137491632,
            62.42200766941079
          ],
          [
            17.29615806051077,
            62.422060030956864
          ],
          [
            17.296007689104805,
            62.42210035267256
          ],
          [
            17.295900300544798,
            62.42210611993012
          ],
          [
            17.295900300544798,
            62.42210611993012
          ],
          [
            17.29542781444842,
            62.421996628624804
          ],
          [
            17.29531621081011,
            62.42195572147638
          ],
          [
            17.295019096419296,
            62.42190026857478
          ],
          [
            17.29483842492183,
            62.42187809964615
          ],
          [
            17.294579390626623,
            62.421894937476296
          ],
          [
            17.294346284841044,
            62.421896261274654
          ],
          [
            17.294150325800167,
            62.421886915365796
          ],
          [
            17.293461841630663,
            62.42189070514099
          ],
          [
            17.293188896992024,
            62.42186753829289
          ],
          [
            17.293065117924872,
            62.42180922867523
          ],
          [
            17.293069414506114,
            62.42172366704788
          ],
          [
            17.293155410470924,
            62.421500981257225
          ],
          [
            17.293042458596844,
            62.42105275540064
          ],
          [
            17.292732602257235,
            62.42097236306453
          ],
          [
            17.292519089885083,
            62.420875298400006
          ],
          [
            17.292519089885083,
            62.420875298400006
          ],
          [
            17.29239384905155,
            62.420656088223254
          ],
          [
            17.29248680102117,
            62.42045340391394
          ],
          [
            17.292605645383475,
            62.42030561117486
          ],
          [
            17.29307888738833,
            62.42011175562522
          ],
          [
            17.293739736578644,
            62.419960070190825
          ],
          [
            17.293884531784744,
            62.41972635809476
          ],
          [
            17.294333722320644,
            62.419643529403515
          ],
          [
            17.294749643840166,
            62.4195511893679
          ],
          [
            17.294883981758527,
            62.41932267720462
          ],
          [
            17.294825647190887,
            62.41912751150952
          ],
          [
            17.29484741054497,
            62.419057639931886
          ],
          [
            17.295078720549355,
            62.419005339931736
          ],
          [
            17.29533375069271,
            62.418982105344554
          ],
          [
            17.295559974385338,
            62.41896203468478
          ],
          [
            17.2957786205492,
            62.41892645993156
          ],
          [
            17.29593618053706,
            62.41878376993075
          ],
          [
            17.296123370551722,
            62.41864867993748
          ],
          [
            17.296267500540228,
            62.41840653993686
          ],
          [
            17.29628514055503,
            62.41833350993727
          ],
          [
            17.29636434055102,
            62.41822982993075
          ],
          [
            17.296477720543642,
            62.41819293993655
          ],
          [
            17.29661595054546,
            62.418177189930425
          ],
          [
            17.29666467563016,
            62.41817117218951
          ],
          [
            17.29671230055276,
            62.41822139993237
          ],
          [
            17.296749800543182,
            62.41825579993206
          ],
          [
            17.296769690541087,
            62.41828779993186
          ],
          [
            17.29680556651708,
            62.41829758821917
          ],
          [
            17.297170700551728,
            62.41828926993153
          ],
          [
            17.297333590543246,
            62.41829197993048
          ],
          [
            17.297484050541826,
            62.418284109932394
          ],
          [
            17.297645700545562,
            62.41827066993592
          ],
          [
            17.297662700543157,
            62.418264999936284
          ],
          [
            17.297864970547163,
            62.418250889933184
          ],
          [
            17.297975220550295,
            62.41824906993829
          ],
          [
            17.298148480542768,
            62.41823542993398
          ],
          [
            17.29835967054043,
            62.41818614992976
          ],
          [
            17.298716760541396,
            62.41814523992998
          ],
          [
            17.298833020551548,
            62.41814600993305
          ],
          [
            17.299365610550492,
            62.41819649993812
          ],
          [
            17.29976247054566,
            62.41821957993
          ],
          [
            17.299913140552242,
            62.41821439993798
          ],
          [
            17.300085570550156,
            62.418189999931585
          ],
          [
            17.30020031975446,
            62.418251868237526
          ],
          [
            17.300480140544412,
            62.41825891993691
          ],
          [
            17.30054977054064,
            62.41825776992979
          ],
          [
            17.30062438055386,
            62.41824575993007
          ],
          [
            17.300761990548793,
            62.41822193993402
          ],
          [
            17.300893390537123,
            62.41819282993186
          ],
          [
            17.300893390537123,
            62.41819282993186
          ],
          [
            17.300893390537123,
            62.41819282993186
          ],
          [
            17.30105650055442,
            62.41812277993239
          ],
          [
            17.30121610053842,
            62.418006999932324
          ],
          [
            17.30140638054041,
            62.41783681993162
          ],
          [
            17.301511125018152,
            62.41776394343672
          ],
          [
            17.301511125018152,
            62.41776394343672
          ],
          [
            17.301639434063247,
            62.417562259408484
          ],
          [
            17.302311030551728,
            62.41751205993332
          ],
          [
            17.302657930547035,
            62.4175655999378
          ],
          [
            17.30336562053911,
            62.417702069932226
          ],
          [
            17.30350260054088,
            62.417745609929625
          ],
          [
            17.30350260054088,
            62.417745609929625
          ],
          [
            17.30367708054457,
            62.41782354993356
          ],
          [
            17.30387810055156,
            62.417868709933764
          ],
          [
            17.30423537055188,
            62.417905909934056
          ],
          [
            17.30451411053642,
            62.41790399993376
          ],
          [
            17.304838020538345,
            62.41788516992947
          ],
          [
            17.305108470538105,
            62.41785105993311
          ],
          [
            17.305386590549762,
            62.41784106993777
          ],
          [
            17.305608540547468,
            62.417856259936514
          ],
          [
            17.3058277905539,
            62.417836459931074
          ],
          [
            17.306182380540886,
            62.41783867993539
          ],
          [
            17.3067317605419,
            62.41788076993373
          ],
          [
            17.306923870553014,
            62.41788566993197
          ],
          [
            17.307137330552347,
            62.41786596993275
          ],
          [
            17.307303530549895,
            62.41783627993453
          ],
          [
            17.307372130548885,
            62.41782166993145
          ],
          [
            17.307441970542097,
            62.417823209932855
          ],
          [
            17.30754766054266,
            62.417837629929814
          ],
          [
            17.307700810542784,
            62.4178647199348
          ],
          [
            17.307788260554265,
            62.41786865993306
          ],
          [
            17.307892500538717,
            62.41786423993337
          ],
          [
            17.30800565055315,
            62.41782464993262
          ],
          [
            17.308140150553733,
            62.41776045993479
          ],
          [
            17.308200421493886,
            62.41772893238751
          ],
          [
            17.308200421493886,
            62.41772893238751
          ],
          [
            17.30840417054683,
            62.417642939937785
          ],
          [
            17.30840417054683,
            62.417642939937785
          ],
          [
            17.308506740550357,
            62.417541559931045
          ],
          [
            17.308664650551968,
            62.41740423993219
          ],
          [
            17.308992070540892,
            62.417204839936694
          ],
          [
            17.309270944767043,
            62.41711582749235
          ],
          [
            17.309470150552237,
            62.41707567993434
          ],
          [
            17.30982429246402,
            62.41705820300821
          ],
          [
            17.310397075055306,
            62.41704472811376
          ],
          [
            17.310786070540747,
            62.4170376999299
          ],
          [
            17.311062720553696,
            62.41700886993549
          ],
          [
            17.311447750536285,
            62.41695397993121
          ],
          [
            17.311839515989178,
            62.41687172463654
          ],
          [
            17.311927890537152,
            62.4168517299315
          ],
          [
            17.312157290548075,
            62.41681289993767
          ],
          [
            17.312389934558478,
            62.41680495354186
          ],
          [
            17.31255724054093,
            62.41680086992972
          ],
          [
            17.3126307066996,
            62.4167923608345
          ],
          [
            17.312627484541217,
            62.416786379004854
          ],
          [
            17.312434099848065,
            62.41668477305277
          ],
          [
            17.3123353406545,
            62.41659306322006
          ],
          [
            17.31233067219955,
            62.41650033719291
          ],
          [
            17.31240776788699,
            62.416395810782134
          ],
          [
            17.31302129703618,
            62.416114348037404
          ],
          [
            17.313562855990266,
            62.41588720574201
          ],
          [
            17.313966969912666,
            62.415674526613884
          ],
          [
            17.314431667877006,
            62.41544878529928
          ],
          [
            17.31460632184885,
            62.4153798919547
          ],
          [
            17.314791083874592,
            62.41532209941386
          ],
          [
            17.31493705858371,
            62.415305883045924
          ],
          [
            17.31513708884423,
            62.41530471111408
          ],
          [
            17.31535710821403,
            62.41532614381878
          ],
          [
            17.31535710821403,
            62.41532614381878
          ],
          [
            17.31559058660125,
            62.415365029995534
          ],
          [
            17.315837671889206,
            62.41542966375283
          ],
          [
            17.316644998966936,
            62.41566727026726
          ],
          [
            17.317177658202613,
            62.41586721444832
          ],
          [
            17.317336076496478,
            62.41591738342892
          ],
          [
            17.31752582238994,
            62.415951944351285
          ],
          [
            17.317662383638762,
            62.415965613050425
          ]
        ]
      }
    },
    {
      "id": 3590,
      "type": "Feature",
      "properties": {
        "name": "Hulirundan springstig",
        "type": "Springstig",
        "created": "2023-05-10 17:24:10",
        "updated": "2024-06-10 09:51:15",
        "published": true,
        "owner": {
          "organizationID": 260,
          "name": "Sundsvalls OK"
        },
        "manager": {
          "organizationID": 260,
          "name": "Sundsvalls OK"
        },
        "fields": [
          {
            "id": 109,
            "name": "Svårighet",
            "type": "DROPDOWN",
            "value": "Svår"
          },
          {
            "id": 134,
            "name": "Ledgrupp",
            "type": "DROPDOWN",
            "value": "Sundsvalls springstigar"
          },
          {
            "id": 220,
            "name": "Ledtyp",
            "type": "DROPDOWN",
            "value": "Iordningställd"
          },
          {
            "id": 282,
            "name": "Allmänt tillgänglig",
            "type": "DROPDOWN",
            "value": "Hela dygnet"
          },
          {
            "id": 274,
            "name": "Led",
            "type": "COMBINEDTRAIL",
            "referencedObjects": [
              {
                "objectID": 2607,
                "fieldID": 262,
                "direction": "REVERSED"
              },
              {
                "objectID": 2554,
                "fieldID": 262,
                "direction": "REVERSED"
              },
              {
                "objectID": 2553,
                "fieldID": 262,
                "direction": "REVERSED"
              },
              {
                "objectID": 2552,
                "fieldID": 262,
                "direction": "REVERSED"
              },
              {
                "objectID": 2551,
                "fieldID": 262,
                "direction": "REVERSED"
              },
              {
                "objectID": 3574,
                "fieldID": 262,
                "direction": "NORMAL"
              },
              {
                "objectID": 2556,
                "fieldID": 262,
                "direction": "NORMAL"
              },
              {
                "objectID": 3575,
                "fieldID": 262,
                "direction": "NORMAL"
              },
              {
                "objectID": 3576,
                "fieldID": 262,
                "direction": "NORMAL"
              },
              {
                "objectID": 3577,
                "fieldID": 262,
                "direction": "NORMAL"
              },
              {
                "objectID": 3578,
                "fieldID": 262,
                "direction": "NORMAL"
              },
              {
                "objectID": 3579,
                "fieldID": 262,
                "direction": "NORMAL"
              },
              {
                "objectID": 3580,
                "fieldID": 262,
                "direction": "NORMAL"
              },
              {
                "objectID": 3581,
                "fieldID": 262,
                "direction": "NORMAL"
              },
              {
                "objectID": 3582,
                "fieldID": 262,
                "direction": "NORMAL"
              },
              {
                "objectID": 2558,
                "fieldID": 262,
                "direction": "NORMAL"
              },
              {
                "objectID": 2566,
                "fieldID": 262,
                "direction": "NORMAL"
              },
              {
                "objectID": 2567,
                "fieldID": 262,
                "direction": "NORMAL"
              },
              {
                "objectID": 2568,
                "fieldID": 262,
                "direction": "NORMAL"
              },
              {
                "objectID": 2569,
                "fieldID": 262,
                "direction": "NORMAL"
              },
              {
                "objectID": 2570,
                "fieldID": 262,
                "direction": "NORMAL"
              },
              {
                "objectID": 2576,
                "fieldID": 262,
                "direction": "REVERSED"
              },
              {
                "objectID": 2575,
                "fieldID": 262,
                "direction": "REVERSED"
              },
              {
                "objectID": 2574,
                "fieldID": 262,
                "direction": "REVERSED"
              },
              {
                "objectID": 2577,
                "fieldID": 262,
                "direction": "NORMAL"
              },
              {
                "objectID": 2578,
                "fieldID": 262,
                "direction": "NORMAL"
              },
              {
                "objectID": 3584,
                "fieldID": 262,
                "direction": "NORMAL"
              },
              {
                "objectID": 3585,
                "fieldID": 262,
                "direction": "NORMAL"
              },
              {
                "objectID": 3586,
                "fieldID": 262,
                "direction": "NORMAL"
              },
              {
                "objectID": 3587,
                "fieldID": 262,
                "direction": "NORMAL"
              },
              {
                "objectID": 3588,
                "fieldID": 262,
                "direction": "NORMAL"
              },
              {
                "objectID": 2554,
                "fieldID": 262,
                "direction": "NORMAL"
              },
              {
                "objectID": 2607,
                "fieldID": 262,
                "direction": "NORMAL"
              }
            ]
          },
          {
            "id": 99,
            "name": "Längd (meter)",
            "type": "INTEGER",
            "value": 10000
          },
          {
            "id": 281,
            "name": "Sorteringsordning",
            "type": "INTEGER",
            "value": 53
          },
          {
            "id": 98,
            "name": "Markering fil",
            "type": "FILES",
            "value": [
              {
                "id": 2443,
                "filename": "Spårmarkering Vandring Röd.png",
                "description": "Spårmarkering för röd springstig",
                "alttext": "Spårmarkering för röd springstig",
                "sourcetext": "Friluftsenheten",
                "validForWinter": false,
                "validForSummer": true,
                "sortIndex": 1000,
                "type": "image/png",
                "size": 10936,
                "url": "https://api.sundsvall.se/facilities/2.2/field/filesfield/2443",
                "license": "CC0",
                "licenseDescription": "Creative commons. \"No rights reserved\" https://creativecommons.org/share-your-work/public-domain/cc0/"
              }
            ]
          },
          {
            "id": 102,
            "name": "Öppen",
            "type": "TOGGLE",
            "value": "Ja"
          },
          {
            "id": 103,
            "name": "Belysning",
            "type": "TOGGLE",
            "value": "Nej"
          },
          {
            "id": 108,
            "name": "Tillgänglighetsanpassad",
            "type": "TOGGLE",
            "value": "Nej"
          },
          {
            "id": 110,
            "name": "Beskrivning",
            "type": "FREETEXT",
            "value": "En förlänging av Bergkrossrundan som också sträcker sig runt \"Vinmyran\". Här får man en sväng med stig i fin skogsterräng, där underlaget dock tidvis kan vara lite \"kladdigt\". En härlig klättring extra får man också på köpet. Ytterligare en förlängning västerut på klassiska stigar. Förlängningen består bl.a. av hällmarksstigar över några höjdpartier (\"pucklarna\") och en slakmota av klassiskt snitt (\"Palles backe\"). En runda som gjord för ett rekordförsök, där tiden obönhörligt avslöjar dagsformen...\r\n\r\n"
          },
          {
            "id": 289,
            "name": "Tillgänglighetsbeskrivning",
            "type": "FREETEXT",
            "value": "Skogsstig med mycket stenar och rötter. Kortare sträckor blöt mark. Kortare del på anlagt motionsspår."
          }
        ],
        "centerPoint": [
          17.308115572565097,
          62.42237379095613
        ]
      },
      "geometry": {
        "type": "LineString",
        "coordinates": [
          [
            17.317662383638762,
            62.415965613050425
          ],
          [
            17.31752582238994,
            62.415951944351285
          ],
          [
            17.317336076496478,
            62.41591738342892
          ],
          [
            17.317177658202613,
            62.41586721444832
          ],
          [
            17.316644998966936,
            62.41566727026726
          ],
          [
            17.315837671889206,
            62.41542966375283
          ],
          [
            17.31559058660125,
            62.415365029995534
          ],
          [
            17.31535710821403,
            62.41532614381878
          ],
          [
            17.31535710821403,
            62.41532614381878
          ],
          [
            17.31513708884423,
            62.41530471111408
          ],
          [
            17.31493705858371,
            62.415305883045924
          ],
          [
            17.314791083874592,
            62.41532209941386
          ],
          [
            17.31460632184885,
            62.4153798919547
          ],
          [
            17.314431667877006,
            62.41544878529928
          ],
          [
            17.313966969912666,
            62.415674526613884
          ],
          [
            17.313562855990266,
            62.41588720574201
          ],
          [
            17.31302129703618,
            62.416114348037404
          ],
          [
            17.31240776788699,
            62.416395810782134
          ],
          [
            17.31233067219955,
            62.41650033719291
          ],
          [
            17.3123353406545,
            62.41659306322006
          ],
          [
            17.312434099848065,
            62.41668477305277
          ],
          [
            17.312627484541217,
            62.416786379004854
          ],
          [
            17.312627484541217,
            62.416786379004854
          ],
          [
            17.312915267520136,
            62.41689241676341
          ],
          [
            17.313224094559818,
            62.41694910873803
          ],
          [
            17.313579144155852,
            62.416988930254135
          ],
          [
            17.313908637110135,
            62.41700499070286
          ],
          [
            17.314360097524364,
            62.41707325628434
          ],
          [
            17.31462186824439,
            62.41713046854481
          ],
          [
            17.314839363640132,
            62.417245928279534
          ],
          [
            17.314972814841813,
            62.41734955866357
          ],
          [
            17.314972814841813,
            62.41734955866357
          ],
          [
            17.31535454022629,
            62.417657364457355
          ],
          [
            17.315433374039163,
            62.417820235031556
          ],
          [
            17.315392443158444,
            62.41792015510245
          ],
          [
            17.315318274900946,
            62.41809207211202
          ],
          [
            17.315216431272223,
            62.418333338382055
          ],
          [
            17.315197182115337,
            62.41847127693962
          ],
          [
            17.315197182115337,
            62.41847127693962
          ],
          [
            17.315171569659974,
            62.41865481276845
          ],
          [
            17.315149241889436,
            62.41869288585706
          ],
          [
            17.315068488775,
            62.41883058442772
          ],
          [
            17.314923085749065,
            62.41899444845033
          ],
          [
            17.314671340235453,
            62.419231392439656
          ],
          [
            17.314643671510247,
            62.41928833211555
          ],
          [
            17.31467331975742,
            62.41932049117526
          ],
          [
            17.31467331975742,
            62.41932049117526
          ],
          [
            17.314487444239365,
            62.41936765160478
          ],
          [
            17.31428200097436,
            62.41948690448872
          ],
          [
            17.31420904962769,
            62.419559603371205
          ],
          [
            17.314224784107704,
            62.419955930573785
          ],
          [
            17.314298585629665,
            62.42015772900381
          ],
          [
            17.3145066938166,
            62.42040984998201
          ],
          [
            17.31461175436417,
            62.42048745113703
          ],
          [
            17.31474725633906,
            62.420557482731446
          ],
          [
            17.31500189251897,
            62.420681620482625
          ],
          [
            17.3152183622214,
            62.42081341774356
          ],
          [
            17.315364359647962,
            62.42092996877873
          ],
          [
            17.315556419253628,
            62.42110692531831
          ],
          [
            17.315680574841327,
            62.42118069878023
          ],
          [
            17.31591553509924,
            62.42123331277828
          ],
          [
            17.31608384891028,
            62.42133522839791
          ],
          [
            17.316299544943924,
            62.42151906702169
          ],
          [
            17.316577043885314,
            62.4217684907794
          ],
          [
            17.316577043885314,
            62.4217684907794
          ],
          [
            17.316279065238835,
            62.42212119238931
          ],
          [
            17.315784214134915,
            62.422801309725614
          ],
          [
            17.315692489409543,
            62.423162687515806
          ],
          [
            17.315591472217736,
            62.423462242972185
          ],
          [
            17.31555347197232,
            62.423669054579044
          ],
          [
            17.315632215109254,
            62.42395512098782
          ],
          [
            17.31562621836354,
            62.424114873429325
          ],
          [
            17.31556547646022,
            62.424374175999354
          ],
          [
            17.315453225977958,
            62.4246658575941
          ],
          [
            17.315702960585487,
            62.42477492424622
          ],
          [
            17.315895555025346,
            62.424885463571314
          ],
          [
            17.316047848446054,
            62.424969614284635
          ],
          [
            17.31624965139555,
            62.4250405333026
          ],
          [
            17.31663107925761,
            62.4251392870114
          ],
          [
            17.31663107925761,
            62.4251392870114
          ],
          [
            17.316926660540503,
            62.42514454993502
          ],
          [
            17.317056220538316,
            62.42516663993047
          ],
          [
            17.317153850546305,
            62.425151549932686
          ],
          [
            17.31735595054828,
            62.42513471992933
          ],
          [
            17.317932420540476,
            62.425149379931355
          ],
          [
            17.318272180544355,
            62.42518412993646
          ],
          [
            17.318501660545017,
            62.425220729932356
          ],
          [
            17.318779870546493,
            62.425286149930045
          ],
          [
            17.318939500551704,
            62.42532120993122
          ],
          [
            17.31908025055011,
            62.42533771992883
          ],
          [
            17.319301430547853,
            62.42534211993713
          ],
          [
            17.31945960054284,
            62.42535834993403
          ],
          [
            17.31961363053988,
            62.42539619993203
          ],
          [
            17.319698010546094,
            62.42543519992949
          ],
          [
            17.319908630552185,
            62.4254532499328
          ],
          [
            17.320158184110575,
            62.425457138438134
          ],
          [
            17.320391536298203,
            62.42545962164327
          ],
          [
            17.32056282055078,
            62.4254208099318
          ],
          [
            17.32077777439481,
            62.425407474372726
          ],
          [
            17.320901510552638,
            62.425366669933105
          ],
          [
            17.321032290548217,
            62.42532946993591
          ],
          [
            17.321113050520008,
            62.42527958903366
          ],
          [
            17.321177423537712,
            62.42522744145231
          ],
          [
            17.321437199297016,
            62.425126063553016
          ],
          [
            17.321630716862295,
            62.425056098773034
          ],
          [
            17.321700865850957,
            62.42499572912948
          ],
          [
            17.321759462907718,
            62.42492572868544
          ],
          [
            17.321833440552798,
            62.42486890993457
          ],
          [
            17.322070120540598,
            62.424773369930506
          ],
          [
            17.322338820049545,
            62.42470347740402
          ],
          [
            17.322456020551623,
            62.42465378992983
          ],
          [
            17.32256680781098,
            62.42455199794251
          ],
          [
            17.322655320700566,
            62.424442733588215
          ],
          [
            17.322873250542102,
            62.424188839937386
          ],
          [
            17.323025465561944,
            62.42413294214347
          ],
          [
            17.323025465561944,
            62.42413294214347
          ],
          [
            17.323205173565736,
            62.424156533590086
          ],
          [
            17.32341975027678,
            62.424209924687155
          ],
          [
            17.323639691423594,
            62.42427821548605
          ],
          [
            17.323816717220158,
            62.42431918988849
          ],
          [
            17.32403129394107,
            62.42437754727694
          ],
          [
            17.32412517124014,
            62.424457012471315
          ],
          [
            17.32414699885648,
            62.424518901853496
          ],
          [
            17.324146998856477,
            62.424518901853496
          ],
          [
            17.324146998856477,
            62.424518901853496
          ],
          [
            17.32417867802819,
            62.42465083643217
          ],
          [
            17.32418954427142,
            62.42475128019344
          ],
          [
            17.32430219703528,
            62.42489655053547
          ],
          [
            17.32435852342462,
            62.42501947103815
          ],
          [
            17.324363887855576,
            62.425093968068225
          ],
          [
            17.324538231435067,
            62.42523799514044
          ],
          [
            17.32486277873438,
            62.425421752806514
          ],
          [
            17.325286567759576,
            62.42564399874008
          ],
          [
            17.325420678206562,
            62.42570359513839
          ],
          [
            17.32562318498468,
            62.42574767156022
          ],
          [
            17.325750589907006,
            62.425809750918546
          ],
          [
            17.326012105290573,
            62.425904111300184
          ],
          [
            17.326012105290573,
            62.425904111300184
          ],
          [
            17.327075601164882,
            62.42607606991731
          ],
          [
            17.32729822451146,
            62.42612945758936
          ],
          [
            17.327569193803512,
            62.426228734282695
          ],
          [
            17.32817211091127,
            62.42632993848246
          ],
          [
            17.328617166832576,
            62.426460399286
          ],
          [
            17.32873493263945,
            62.42651464929036
          ],
          [
            17.328956551436086,
            62.42654622440854
          ],
          [
            17.329264109409124,
            62.42664446574036
          ],
          [
            17.329605580546705,
            62.42676514993054
          ],
          [
            17.329946630543024,
            62.42681601993427
          ],
          [
            17.330407110538786,
            62.426907999928844
          ],
          [
            17.330693050547815,
            62.42699751993156
          ],
          [
            17.331027720553575,
            62.42711584993566
          ],
          [
            17.331154640540333,
            62.42717837993011
          ],
          [
            17.33125694055024,
            62.42729789993662
          ],
          [
            17.33146525595813,
            62.427421609586375
          ],
          [
            17.33166473124863,
            62.42752926096136
          ],
          [
            17.331798675337957,
            62.42786948072965
          ],
          [
            17.331798675337957,
            62.42786948072965
          ],
          [
            17.331806402323338,
            62.427989748942956
          ],
          [
            17.33186636053879,
            62.4290038399336
          ],
          [
            17.33186636053879,
            62.4290038399336
          ],
          [
            17.3317197616347,
            62.42905351592554
          ],
          [
            17.33161829010686,
            62.42907707181558
          ],
          [
            17.331342268888854,
            62.429074702418426
          ],
          [
            17.331281792202066,
            62.429084786073
          ],
          [
            17.3312218618872,
            62.42910563297569
          ],
          [
            17.331162341282752,
            62.42913455230871
          ],
          [
            17.331131573563567,
            62.42915777297675
          ],
          [
            17.33108055574645,
            62.429182560945264
          ],
          [
            17.331012122103523,
            62.42920753908488
          ],
          [
            17.33080890371738,
            62.429266296695594
          ],
          [
            17.330609065089906,
            62.42933444018985
          ],
          [
            17.330465435165593,
            62.42936562361401
          ],
          [
            17.330344957819644,
            62.42939520800915
          ],
          [
            17.33028448014553,
            62.42940529123359
          ],
          [
            17.330212596622932,
            62.42941953738788
          ],
          [
            17.330152596636424,
            62.42943903842438
          ],
          [
            17.330113461138424,
            62.42946908095993
          ],
          [
            17.330084125548236,
            62.42952055500703
          ],
          [
            17.33005967179165,
            62.429611014257176
          ],
          [
            17.330041096449932,
            62.42965026221829
          ],
          [
            17.330012064758456,
            62.42970307233336
          ],
          [
            17.329726295763788,
            62.429909460036455
          ],
          [
            17.32965830009274,
            62.43000039428175
          ],
          [
            17.329619095138927,
            62.43002909126973
          ],
          [
            17.329569453256397,
            62.430058503220486
          ],
          [
            17.329345340546546,
            62.43029334992966
          ],
          [
            17.329307461855187,
            62.43035556798133
          ],
          [
            17.329244250544427,
            62.43041357993387
          ],
          [
            17.329054580542408,
            62.43074003993631
          ],
          [
            17.32889168053547,
            62.43081280993573
          ],
          [
            17.328776680545065,
            62.43090363993359
          ],
          [
            17.328638150461085,
            62.43098456308004
          ],
          [
            17.32863815046109,
            62.43098456308004
          ],
          [
            17.328308090536773,
            62.431156629928815
          ],
          [
            17.32807267573048,
            62.43122990457238
          ],
          [
            17.327961300543127,
            62.43125670993272
          ],
          [
            17.327839390536777,
            62.4312587499308
          ],
          [
            17.327682440544596,
            62.43125866993182
          ],
          [
            17.327541650542194,
            62.4312421699329
          ],
          [
            17.327041730535953,
            62.431166999935634
          ],
          [
            17.326838500541168,
            62.4310949599338
          ],
          [
            17.3266338105543,
            62.43100407993578
          ],
          [
            17.326538630552168,
            62.430976039934144
          ],
          [
            17.326456940550443,
            62.43097200993315
          ],
          [
            17.32639930054935,
            62.43097835993678
          ],
          [
            17.326388320535482,
            62.43098662992983
          ],
          [
            17.326195340548658,
            62.4310464199361
          ],
          [
            17.326029700539365,
            62.43108420993491
          ],
          [
            17.325978920536276,
            62.43110391993279
          ],
          [
            17.32586862055134,
            62.43110575993504
          ],
          [
            17.325816590541805,
            62.43110931993357
          ],
          [
            17.325545420541722,
            62.431135399937034
          ],
          [
            17.32508702054843,
            62.43114573993355
          ],
          [
            17.32430887054597,
            62.43108058993545
          ],
          [
            17.3236288005522,
            62.43100571993579
          ],
          [
            17.323054550540604,
            62.43072163993564
          ],
          [
            17.32297783054494,
            62.43070674993313
          ],
          [
            17.32278497053678,
            62.4306183699364
          ],
          [
            17.322631120541818,
            62.43058320993543
          ],
          [
            17.32241626054783,
            62.43043592993743
          ],
          [
            17.322379760543072,
            62.43041497993482
          ],
          [
            17.321964810552977,
            62.43023599993556
          ],
          [
            17.32187356054252,
            62.430183639930526
          ],
          [
            17.321644140549637,
            62.42992344993648
          ],
          [
            17.32141667054379,
            62.42983832993566
          ],
          [
            17.321024540553882,
            62.42965357992898
          ],
          [
            17.320976430541737,
            62.42963282992966
          ],
          [
            17.320742500537143,
            62.42946430993423
          ],
          [
            17.320594880545674,
            62.42943443993713
          ],
          [
            17.320377800539298,
            62.42940840993119
          ],
          [
            17.320212980549428,
            62.429381519933244
          ],
          [
            17.32016487054963,
            62.429360769931655
          ],
          [
            17.320072170546908,
            62.42928957993213
          ],
          [
            17.319953360549054,
            62.429256529929205
          ],
          [
            17.319705810548065,
            62.42921215993275
          ],
          [
            17.319593220540177,
            62.429184399935544
          ],
          [
            17.319352100547647,
            62.42914799993097
          ],
          [
            17.31902928068967,
            62.429062425665926
          ],
          [
            17.31890695054573,
            62.429028789930165
          ],
          [
            17.318793110540486,
            62.428984879935705
          ],
          [
            17.318726760540386,
            62.42895365993232
          ],
          [
            17.318449560540895,
            62.428901689931585
          ],
          [
            17.318420330544036,
            62.42889947992935
          ],
          [
            17.31828185053933,
            62.42891255993564
          ],
          [
            17.318224093938852,
            62.42890929944548
          ],
          [
            17.31812408053969,
            62.42890171993597
          ],
          [
            17.318017930536488,
            62.42888192993273
          ],
          [
            17.317964440540575,
            62.428866659933064
          ],
          [
            17.317942440538452,
            62.42880774993425
          ],
          [
            17.317864900543917,
            62.428782099936036
          ],
          [
            17.317694890551838,
            62.428763379929485
          ],
          [
            17.317582940546377,
            62.4287436799366
          ],
          [
            17.317458120549606,
            62.42870803992903
          ],
          [
            17.317318370538114,
            62.42862954993379
          ],
          [
            17.31718319054411,
            62.42861023993561
          ],
          [
            17.31711104054526,
            62.428579109931626
          ],
          [
            17.317031410550943,
            62.42852654993698
          ],
          [
            17.316992840553745,
            62.428478699932576
          ],
          [
            17.31688586054468,
            62.4284481499376
          ],
          [
            17.316668790549368,
            62.42842211993118
          ],
          [
            17.316545230546566,
            62.42840262993547
          ],
          [
            17.31650811055372,
            62.428373609930084
          ],
          [
            17.316475760543536,
            62.42833103993725
          ],
          [
            17.316457070550012,
            62.428239749934086
          ],
          [
            17.31646679054639,
            62.42813990993297
          ],
          [
            17.316451220550412,
            62.42808897993369
          ],
          [
            17.316464470539962,
            62.42803487992912
          ],
          [
            17.31640890054261,
            62.427992699935324
          ],
          [
            17.316300880554085,
            62.427948699937275
          ],
          [
            17.316167560538503,
            62.427878169936655
          ],
          [
            17.31607867700942,
            62.42784116915488
          ],
          [
            17.316041300549053,
            62.427823699932254
          ],
          [
            17.315991740545687,
            62.427784109931686
          ],
          [
            17.31596058225355,
            62.427735894034974
          ],
          [
            17.31596058225355,
            62.427735894034974
          ],
          [
            17.3158685705497,
            62.42769455993442
          ],
          [
            17.315648810549092,
            62.4276335499332
          ],
          [
            17.31523188054029,
            62.42750307993769
          ],
          [
            17.314725420546413,
            62.42741719993183
          ],
          [
            17.314400370545425,
            62.42742259993614
          ],
          [
            17.314167570545358,
            62.42741837993413
          ],
          [
            17.31386624053999,
            62.427354689935484
          ],
          [
            17.313639530537454,
            62.42727897993272
          ],
          [
            17.313422910536367,
            62.42729603993174
          ],
          [
            17.31314616020676,
            62.427286131523545
          ],
          [
            17.31314616020676,
            62.427286131523545
          ],
          [
            17.31314616020676,
            62.427286131523545
          ],
          [
            17.312997730417063,
            62.427417769623474
          ],
          [
            17.312603954681386,
            62.42759533304996
          ],
          [
            17.31219961405578,
            62.42771394666742
          ],
          [
            17.311629965077653,
            62.42796146958764
          ],
          [
            17.311411261268162,
            62.42803596102919
          ],
          [
            17.31115621226809,
            62.42814207782641
          ],
          [
            17.31115621226809,
            62.42814207782641
          ],
          [
            17.310761783923173,
            62.42817165151471
          ],
          [
            17.31037408595778,
            62.428112335052006
          ],
          [
            17.31010240054726,
            62.42806234993107
          ],
          [
            17.309820950580313,
            62.42807618018992
          ],
          [
            17.309705615598315,
            62.42808983659543
          ],
          [
            17.309471162600953,
            62.42812801383921
          ],
          [
            17.30908268975144,
            62.42815987510578
          ],
          [
            17.30874323880103,
            62.42817136987685
          ],
          [
            17.308400623837976,
            62.42812908234826
          ],
          [
            17.30809539250793,
            62.42806478742032
          ],
          [
            17.307838116278,
            62.42796221177668
          ],
          [
            17.307599637965946,
            62.42785041237808
          ],
          [
            17.307461468474642,
            62.42773555017181
          ],
          [
            17.307257693482118,
            62.42768790784671
          ],
          [
            17.307257693482118,
            62.42768790784671
          ],
          [
            17.307156227548084,
            62.42767125334276
          ],
          [
            17.306987574106614,
            62.42769493151068
          ],
          [
            17.306846676915534,
            62.42773081474169
          ],
          [
            17.30672218015778,
            62.42778263071658
          ],
          [
            17.306611661284528,
            62.42780915881952
          ],
          [
            17.306482465675888,
            62.42784668248395
          ],
          [
            17.30636691643475,
            62.42785353523535
          ],
          [
            17.30620043128138,
            62.427848474992786
          ],
          [
            17.30603489369526,
            62.427859542507306
          ],
          [
            17.30587031975443,
            62.427886752086714
          ],
          [
            17.305745253647164,
            62.427863225822115
          ],
          [
            17.30559115225118,
            62.42780597570221
          ],
          [
            17.30467239827295,
            62.427627460612996
          ],
          [
            17.303667612620156,
            62.42756307538092
          ],
          [
            17.303286062180682,
            62.427844223259335
          ],
          [
            17.30297846421362,
            62.42787144261627
          ],
          [
            17.30280016648889,
            62.42799391571342
          ],
          [
            17.302557411594496,
            62.42807235029887
          ],
          [
            17.30208073086249,
            62.42811607715159
          ],
          [
            17.301782609883112,
            62.428107296038185
          ],
          [
            17.3010467520197,
            62.42794976324365
          ],
          [
            17.30067131025259,
            62.427940171394816
          ],
          [
            17.300241000192173,
            62.427980691913845
          ],
          [
            17.29966953061356,
            62.42805871776232
          ],
          [
            17.29942958868705,
            62.42811916863111
          ],
          [
            17.299183151711865,
            62.42813484357796
          ],
          [
            17.298623325720357,
            62.42807912938384
          ],
          [
            17.298445339117553,
            62.42800962320203
          ],
          [
            17.29821441229371,
            62.42789412899862
          ],
          [
            17.297900957616058,
            62.427623587041964
          ],
          [
            17.29781914460503,
            62.42747385757927
          ],
          [
            17.29767999943827,
            62.427348284211625
          ],
          [
            17.29752292470703,
            62.427251472417666
          ],
          [
            17.29752292470703,
            62.427251472417666
          ],
          [
            17.297492238899,
            62.42723255937095
          ],
          [
            17.297302536942407,
            62.427238227389005
          ],
          [
            17.296257966036453,
            62.42735191388345
          ],
          [
            17.295767195563826,
            62.42741911872509
          ],
          [
            17.295482130646047,
            62.42743527894365
          ],
          [
            17.295013395433944,
            62.427304152920065
          ],
          [
            17.294958260545986,
            62.4271783599335
          ],
          [
            17.295112822983164,
            62.42700216483983
          ],
          [
            17.294982849648285,
            62.42689435641472
          ],
          [
            17.294734730226544,
            62.42681496509354
          ],
          [
            17.294468157007252,
            62.42681654012526
          ],
          [
            17.293475147789515,
            62.42688648369289
          ],
          [
            17.293185369112138,
            62.42675557882212
          ],
          [
            17.292872118506057,
            62.426685974803945
          ],
          [
            17.292596763531286,
            62.42666971714102
          ],
          [
            17.292066003922624,
            62.42671409286817
          ],
          [
            17.291622401243387,
            62.426728658077856
          ],
          [
            17.29091928333714,
            62.42673393801468
          ],
          [
            17.29051211326923,
            62.42677675292758
          ],
          [
            17.28945934465162,
            62.42668417070522
          ],
          [
            17.288929177098467,
            62.42660652816231
          ],
          [
            17.28820394119958,
            62.42643087220541
          ],
          [
            17.28820394119958,
            62.42643087220541
          ],
          [
            17.287764842514548,
            62.42636930164798
          ],
          [
            17.28747033483639,
            62.42632800476799
          ],
          [
            17.28717943830477,
            62.42630180184394
          ],
          [
            17.286734866326725,
            62.42636275862372
          ],
          [
            17.286468876168833,
            62.4264137969994
          ],
          [
            17.286203552907665,
            62.426448382064756
          ],
          [
            17.28593003651102,
            62.426470470574486
          ],
          [
            17.285651204055462,
            62.426456726667375
          ],
          [
            17.284726266908287,
            62.42632832678266
          ],
          [
            17.28389217934818,
            62.42624938412821
          ],
          [
            17.28357538167314,
            62.42625211102105
          ],
          [
            17.283396885066615,
            62.42623391126713
          ],
          [
            17.28317181903273,
            62.4261138393851
          ],
          [
            17.283043400816393,
            62.426091611876
          ],
          [
            17.282733604558743,
            62.42607633668098
          ],
          [
            17.282454007346345,
            62.42604285126752
          ],
          [
            17.28227524508322,
            62.425992830946576
          ],
          [
            17.282037438779668,
            62.42592193060838
          ],
          [
            17.281385879802347,
            62.425908488162065
          ],
          [
            17.2804755931005,
            62.425857090034505
          ],
          [
            17.279609807161403,
            62.42585554764057
          ],
          [
            17.27935903922664,
            62.42586666782434
          ],
          [
            17.27877035969034,
            62.42554157307275
          ],
          [
            17.278605542332024,
            62.425478386035195
          ],
          [
            17.27840359575453,
            62.42545320937327
          ],
          [
            17.277877648919116,
            62.42544514299413
          ],
          [
            17.277165083316323,
            62.425408179674235
          ],
          [
            17.27673699571725,
            62.42533289667696
          ],
          [
            17.276209285573977,
            62.42518130428316
          ],
          [
            17.27543298481359,
            62.42499775893096
          ],
          [
            17.27512760795872,
            62.42489809000336
          ],
          [
            17.274867574254028,
            62.424869813341644
          ],
          [
            17.27399684558333,
            62.42493824751862
          ],
          [
            17.27363931059894,
            62.42498615226918
          ],
          [
            17.273032530063578,
            62.42498594104223
          ],
          [
            17.272677090923377,
            62.424988977335204
          ],
          [
            17.272298757230566,
            62.42499937750647
          ],
          [
            17.271996431721817,
            62.42497683253011
          ],
          [
            17.27141569887893,
            62.424742034640765
          ],
          [
            17.27141569887893,
            62.424742034640765
          ],
          [
            17.27175481593749,
            62.42456305700933
          ],
          [
            17.27185910600814,
            62.42449465278667
          ],
          [
            17.27196366003374,
            62.424443744695346
          ],
          [
            17.27208809144995,
            62.42436768363731
          ],
          [
            17.27219630599335,
            62.42426908628826
          ],
          [
            17.27233273268904,
            62.42418895858578
          ],
          [
            17.272433341114446,
            62.42414409819429
          ],
          [
            17.272553677143577,
            62.42410721103694
          ],
          [
            17.272746035715958,
            62.42407826162401
          ],
          [
            17.273043447491297,
            62.42404838840697
          ],
          [
            17.27337013168539,
            62.42397538254421
          ],
          [
            17.27350017768494,
            62.423939216309854
          ],
          [
            17.27370185979841,
            62.42389942155962
          ],
          [
            17.27370185979841,
            62.42389942155962
          ],
          [
            17.273987970543956,
            62.42394712993559
          ],
          [
            17.27406383055351,
            62.42395127993114
          ],
          [
            17.274389060549534,
            62.42394866993738
          ],
          [
            17.274610430549263,
            62.423955829931344
          ],
          [
            17.275230550547665,
            62.4240103699349
          ],
          [
            17.275954820551096,
            62.42398237993515
          ],
          [
            17.276604870556064,
            62.423971759930744
          ],
          [
            17.277270280540552,
            62.423933949936675
          ],
          [
            17.27812865054229,
            62.423911829930404
          ],
          [
            17.278503790537144,
            62.42395418993842
          ],
          [
            17.279082610540716,
            62.4240767399328
          ],
          [
            17.279198690551482,
            62.42407483993046
          ],
          [
            17.279330130548473,
            62.42404574993608
          ],
          [
            17.279485810543836,
            62.42402972993084
          ],
          [
            17.279485810543836,
            62.42402972993084
          ],
          [
            17.280816801367106,
            62.42383582866483
          ],
          [
            17.280816801367106,
            62.42383582866483
          ],
          [
            17.280909530864665,
            62.42383099164857
          ],
          [
            17.281248500544596,
            62.42382576993705
          ],
          [
            17.281507630539444,
            62.42379458993029
          ],
          [
            17.282053260551407,
            62.423710229937626
          ],
          [
            17.28252331055089,
            62.42377795993163
          ],
          [
            17.282848330555453,
            62.42377263993178
          ],
          [
            17.283107250545406,
            62.42373875993097
          ],
          [
            17.283449890553506,
            62.4237358399352
          ],
          [
            17.2835865105498,
            62.423698579934936
          ],
          [
            17.28373161055304,
            62.42369619993325
          ],
          [
            17.283974140547766,
            62.42367605993252
          ],
          [
            17.284323190547337,
            62.423681119930954
          ],
          [
            17.285183600537582,
            62.42368586993754
          ],
          [
            17.285336560546256,
            62.42371029993828
          ],
          [
            17.285484530554506,
            62.42374558993458
          ],
          [
            17.285665270552915,
            62.4237533999338
          ],
          [
            17.285803330546077,
            62.423734969930436
          ],
          [
            17.286150800552864,
            62.42364305993632
          ],
          [
            17.286371340538988,
            62.42363944993484
          ],
          [
            17.286536110552404,
            62.423666379934666
          ],
          [
            17.286946490553532,
            62.42371351993723
          ],
          [
            17.286987940551732,
            62.42372361993439
          ],
          [
            17.287222424310723,
            62.423729071312266
          ],
          [
            17.28759920054036,
            62.42373782993513
          ],
          [
            17.287854570540908,
            62.42373363993055
          ],
          [
            17.288013790553766,
            62.42368791993774
          ],
          [
            17.288244710545975,
            62.42366796993509
          ],
          [
            17.288450062706985,
            62.42365609922402
          ],
          [
            17.288762410578034,
            62.42367066348888
          ],
          [
            17.28898945055028,
            62.42367997992974
          ],
          [
            17.289346000555327,
            62.42363101993353
          ],
          [
            17.289483900551193,
            62.42353445993263
          ],
          [
            17.289580090539584,
            62.4235005499318
          ],
          [
            17.28965917162544,
            62.423496419599616
          ],
          [
            17.289922110553416,
            62.42348954993063
          ],
          [
            17.290274700544362,
            62.423464889931765
          ],
          [
            17.290395760547394,
            62.42345212993723
          ],
          [
            17.29051620053789,
            62.423431289932736
          ],
          [
            17.29070818053704,
            62.42335808993701
          ],
          [
            17.291304810543444,
            62.42318124993644
          ],
          [
            17.29146485054425,
            62.42314628993613
          ],
          [
            17.291636900544304,
            62.42311651993415
          ],
          [
            17.29204674053688,
            62.42300470993487
          ],
          [
            17.292125930538514,
            62.422976469933694
          ],
          [
            17.292224220546817,
            62.42289402993152
          ],
          [
            17.292285800545383,
            62.42286338993799
          ],
          [
            17.292366430545044,
            62.42285397992993
          ],
          [
            17.292423230548902,
            62.42283687993207
          ],
          [
            17.29259697055255,
            62.42275319993494
          ],
          [
            17.29276613053877,
            62.42268575993154
          ],
          [
            17.29290875055158,
            62.42265107993678
          ],
          [
            17.293238360543576,
            62.422554059935855
          ],
          [
            17.293458310549948,
            62.42246692993545
          ],
          [
            17.293673490538836,
            62.42239333993737
          ],
          [
            17.293814460552195,
            62.42233713993082
          ],
          [
            17.293927860553534,
            62.42230024993071
          ],
          [
            17.29408809055135,
            62.42226797993132
          ],
          [
            17.29420072787091,
            62.422267261283345
          ],
          [
            17.294622430551073,
            62.42226456992977
          ],
          [
            17.29505687054782,
            62.42224663993391
          ],
          [
            17.295340410164883,
            62.42220823270526
          ],
          [
            17.29553444055005,
            62.42218488993614
          ],
          [
            17.29567602054126,
            62.42213675993783
          ],
          [
            17.295784850542947,
            62.42211610993324
          ],
          [
            17.295900300544798,
            62.42210611993012
          ],
          [
            17.295900300544798,
            62.42210611993012
          ],
          [
            17.29542781444842,
            62.421996628624804
          ],
          [
            17.29531621081011,
            62.42195572147638
          ],
          [
            17.295019096419296,
            62.42190026857478
          ],
          [
            17.29483842492183,
            62.42187809964615
          ],
          [
            17.294579390626623,
            62.421894937476296
          ],
          [
            17.294346284841044,
            62.421896261274654
          ],
          [
            17.294150325800167,
            62.421886915365796
          ],
          [
            17.293461841630663,
            62.42189070514099
          ],
          [
            17.293188896992024,
            62.42186753829289
          ],
          [
            17.293065117924872,
            62.42180922867523
          ],
          [
            17.293069414506114,
            62.42172366704788
          ],
          [
            17.293155410470924,
            62.421500981257225
          ],
          [
            17.293042458596844,
            62.42105275540064
          ],
          [
            17.292732602257235,
            62.42097236306453
          ],
          [
            17.292519089885083,
            62.420875298400006
          ],
          [
            17.292519089885083,
            62.420875298400006
          ],
          [
            17.29239384905155,
            62.420656088223254
          ],
          [
            17.29248680102117,
            62.42045340391394
          ],
          [
            17.292605645383475,
            62.42030561117486
          ],
          [
            17.29307888738833,
            62.42011175562522
          ],
          [
            17.293739736578644,
            62.419960070190825
          ],
          [
            17.293884531784744,
            62.41972635809476
          ],
          [
            17.294333722320644,
            62.419643529403515
          ],
          [
            17.294749643840166,
            62.4195511893679
          ],
          [
            17.294883981758527,
            62.41932267720462
          ],
          [
            17.294825647190887,
            62.41912751150952
          ],
          [
            17.29484741054497,
            62.419057639931886
          ],
          [
            17.295078720549355,
            62.419005339931736
          ],
          [
            17.29533375069271,
            62.418982105344554
          ],
          [
            17.295559974385338,
            62.41896203468478
          ],
          [
            17.2957786205492,
            62.41892645993156
          ],
          [
            17.29593618053706,
            62.41878376993075
          ],
          [
            17.296123370551722,
            62.41864867993748
          ],
          [
            17.296267500540228,
            62.41840653993686
          ],
          [
            17.29628514055503,
            62.41833350993727
          ],
          [
            17.29636434055102,
            62.41822982993075
          ],
          [
            17.296477720543642,
            62.41819293993655
          ],
          [
            17.29661595054546,
            62.418177189930425
          ],
          [
            17.29666467563016,
            62.41817117218951
          ],
          [
            17.29671230055276,
            62.41822139993237
          ],
          [
            17.296749800543182,
            62.41825579993206
          ],
          [
            17.296769690541087,
            62.41828779993186
          ],
          [
            17.29680556651708,
            62.41829758821917
          ],
          [
            17.297170700551728,
            62.41828926993153
          ],
          [
            17.297333590543246,
            62.41829197993048
          ],
          [
            17.297484050541826,
            62.418284109932394
          ],
          [
            17.297645700545562,
            62.41827066993592
          ],
          [
            17.297662700543157,
            62.418264999936284
          ],
          [
            17.297864970547163,
            62.418250889933184
          ],
          [
            17.297975220550295,
            62.41824906993829
          ],
          [
            17.298148480542768,
            62.41823542993398
          ],
          [
            17.29835967054043,
            62.41818614992976
          ],
          [
            17.298716760541396,
            62.41814523992998
          ],
          [
            17.298833020551548,
            62.41814600993305
          ],
          [
            17.299365610550492,
            62.41819649993812
          ],
          [
            17.29976247054566,
            62.41821957993
          ],
          [
            17.299913140552242,
            62.41821439993798
          ],
          [
            17.300085570550156,
            62.418189999931585
          ],
          [
            17.30020031975446,
            62.418251868237526
          ],
          [
            17.300480140544412,
            62.41825891993691
          ],
          [
            17.30054977054064,
            62.41825776992979
          ],
          [
            17.30062438055386,
            62.41824575993007
          ],
          [
            17.300761990548793,
            62.41822193993402
          ],
          [
            17.300893390537123,
            62.41819282993186
          ],
          [
            17.300893390537123,
            62.41819282993186
          ],
          [
            17.300893390537123,
            62.41819282993186
          ],
          [
            17.30105650055442,
            62.41812277993239
          ],
          [
            17.30121610053842,
            62.418006999932324
          ],
          [
            17.30140638054041,
            62.41783681993162
          ],
          [
            17.301511125018152,
            62.41776394343672
          ],
          [
            17.301511125018152,
            62.41776394343672
          ],
          [
            17.301639434063247,
            62.417562259408484
          ],
          [
            17.302311030551728,
            62.41751205993332
          ],
          [
            17.302657930547035,
            62.4175655999378
          ],
          [
            17.30336562053911,
            62.417702069932226
          ],
          [
            17.30350260054088,
            62.417745609929625
          ],
          [
            17.30350260054088,
            62.417745609929625
          ],
          [
            17.30367708054457,
            62.41782354993356
          ],
          [
            17.30387810055156,
            62.417868709933764
          ],
          [
            17.30423537055188,
            62.417905909934056
          ],
          [
            17.30451411053642,
            62.41790399993376
          ],
          [
            17.304838020538345,
            62.41788516992947
          ],
          [
            17.305108470538105,
            62.41785105993311
          ],
          [
            17.305386590549762,
            62.41784106993777
          ],
          [
            17.305608540547468,
            62.417856259936514
          ],
          [
            17.3058277905539,
            62.417836459931074
          ],
          [
            17.306182380540886,
            62.41783867993539
          ],
          [
            17.3067317605419,
            62.41788076993373
          ],
          [
            17.306923870553014,
            62.41788566993197
          ],
          [
            17.307137330552347,
            62.41786596993275
          ],
          [
            17.307303530549895,
            62.41783627993453
          ],
          [
            17.307372130548885,
            62.41782166993145
          ],
          [
            17.307441970542097,
            62.417823209932855
          ],
          [
            17.30754766054266,
            62.417837629929814
          ],
          [
            17.307700810542784,
            62.4178647199348
          ],
          [
            17.307788260554265,
            62.41786865993306
          ],
          [
            17.307892500538717,
            62.41786423993337
          ],
          [
            17.30800565055315,
            62.41782464993262
          ],
          [
            17.308140150553733,
            62.41776045993479
          ],
          [
            17.308200421493886,
            62.41772893238751
          ],
          [
            17.308200421493886,
            62.41772893238751
          ],
          [
            17.30840417054683,
            62.417642939937785
          ],
          [
            17.30840417054683,
            62.417642939937785
          ],
          [
            17.308506740550357,
            62.417541559931045
          ],
          [
            17.308664650551968,
            62.41740423993219
          ],
          [
            17.308992070540892,
            62.417204839936694
          ],
          [
            17.309270944767043,
            62.41711582749235
          ],
          [
            17.309470150552237,
            62.41707567993434
          ],
          [
            17.30982429246402,
            62.41705820300821
          ],
          [
            17.310397075055306,
            62.41704472811376
          ],
          [
            17.310786070540747,
            62.4170376999299
          ],
          [
            17.311062720553696,
            62.41700886993549
          ],
          [
            17.311447750536285,
            62.41695397993121
          ],
          [
            17.311839515989178,
            62.41687172463654
          ],
          [
            17.311927890537152,
            62.4168517299315
          ],
          [
            17.312157290548075,
            62.41681289993767
          ],
          [
            17.312389934558478,
            62.41680495354186
          ],
          [
            17.31255724054093,
            62.41680086992972
          ],
          [
            17.3126307066996,
            62.4167923608345
          ],
          [
            17.312627484541217,
            62.416786379004854
          ],
          [
            17.312434099848065,
            62.41668477305277
          ],
          [
            17.3123353406545,
            62.41659306322006
          ],
          [
            17.31233067219955,
            62.41650033719291
          ],
          [
            17.31240776788699,
            62.416395810782134
          ],
          [
            17.31302129703618,
            62.416114348037404
          ],
          [
            17.313562855990266,
            62.41588720574201
          ],
          [
            17.313966969912666,
            62.415674526613884
          ],
          [
            17.314431667877006,
            62.41544878529928
          ],
          [
            17.31460632184885,
            62.4153798919547
          ],
          [
            17.314791083874592,
            62.41532209941386
          ],
          [
            17.31493705858371,
            62.415305883045924
          ],
          [
            17.31513708884423,
            62.41530471111408
          ],
          [
            17.31535710821403,
            62.41532614381878
          ],
          [
            17.31535710821403,
            62.41532614381878
          ],
          [
            17.31559058660125,
            62.415365029995534
          ],
          [
            17.315837671889206,
            62.41542966375283
          ],
          [
            17.316644998966936,
            62.41566727026726
          ],
          [
            17.317177658202613,
            62.41586721444832
          ],
          [
            17.317336076496478,
            62.41591738342892
          ],
          [
            17.31752582238994,
            62.415951944351285
          ],
          [
            17.317662383638762,
            62.415965613050425
          ]
        ]
      }
    },
    {
      "id": 4073,
      "type": "Feature",
      "properties": {
        "name": "Skönsbergstrailen",
        "type": "Springstig",
        "created": "2024-12-09 10:42:37",
        "updated": "2024-12-09 10:53:41",
        "published": true,
        "owner": {
          "organizationID": 291,
          "name": "Skönsbergsspårets ekonomiska förening"
        },
        "manager": {
          "organizationID": 291,
          "name": "Skönsbergsspårets ekonomiska förening"
        },
        "fields": [
          {
            "id": 112,
            "name": "Status",
            "type": "DROPDOWN",
            "value": "Gott skick"
          },
          {
            "id": 134,
            "name": "Ledgrupp",
            "type": "DROPDOWN",
            "value": "Sundsvalls springstigar"
          },
          {
            "id": 220,
            "name": "Ledtyp",
            "type": "DROPDOWN",
            "value": "Iordningställd"
          },
          {
            "id": 109,
            "name": "Svårighet",
            "type": "DROPDOWN",
            "value": "Mycket svår"
          },
          {
            "id": 282,
            "name": "Allmänt tillgänglig",
            "type": "DROPDOWN",
            "value": "Hela dygnet"
          },
          {
            "id": 274,
            "name": "Led",
            "type": "COMBINEDTRAIL",
            "referencedObjects": [
              {
                "objectID": 2325,
                "fieldID": 262,
                "direction": "NORMAL"
              },
              {
                "objectID": 4042,
                "fieldID": 262,
                "direction": "NORMAL"
              },
              {
                "objectID": 4043,
                "fieldID": 262,
                "direction": "NORMAL"
              },
              {
                "objectID": 4044,
                "fieldID": 262,
                "direction": "NORMAL"
              },
              {
                "objectID": 2327,
                "fieldID": 262,
                "direction": "NORMAL"
              },
              {
                "objectID": 2328,
                "fieldID": 262,
                "direction": "NORMAL"
              },
              {
                "objectID": 2329,
                "fieldID": 262,
                "direction": "NORMAL"
              },
              {
                "objectID": 4045,
                "fieldID": 262,
                "direction": "NORMAL"
              },
              {
                "objectID": 4046,
                "fieldID": 262,
                "direction": "NORMAL"
              },
              {
                "objectID": 4047,
                "fieldID": 262,
                "direction": "NORMAL"
              },
              {
                "objectID": 4048,
                "fieldID": 262,
                "direction": "NORMAL"
              },
              {
                "objectID": 4049,
                "fieldID": 262,
                "direction": "NORMAL"
              },
              {
                "objectID": 4050,
                "fieldID": 262,
                "direction": "NORMAL"
              },
              {
                "objectID": 4051,
                "fieldID": 262,
                "direction": "NORMAL"
              },
              {
                "objectID": 4052,
                "fieldID": 262,
                "direction": "NORMAL"
              },
              {
                "objectID": 4078,
                "fieldID": 262,
                "direction": "NORMAL"
              },
              {
                "objectID": 2332,
                "fieldID": 262,
                "direction": "NORMAL"
              },
              {
                "objectID": 4053,
                "fieldID": 262,
                "direction": "NORMAL"
              },
              {
                "objectID": 4057,
                "fieldID": 262,
                "direction": "NORMAL"
              },
              {
                "objectID": 4058,
                "fieldID": 262,
                "direction": "NORMAL"
              },
              {
                "objectID": 2334,
                "fieldID": 262,
                "direction": "NORMAL"
              },
              {
                "objectID": 2335,
                "fieldID": 262,
                "direction": "NORMAL"
              },
              {
                "objectID": 4059,
                "fieldID": 262,
                "direction": "NORMAL"
              },
              {
                "objectID": 4060,
                "fieldID": 262,
                "direction": "NORMAL"
              },
              {
                "objectID": 4061,
                "fieldID": 262,
                "direction": "NORMAL"
              },
              {
                "objectID": 4062,
                "fieldID": 262,
                "direction": "NORMAL"
              },
              {
                "objectID": 4063,
                "fieldID": 262,
                "direction": "NORMAL"
              },
              {
                "objectID": 2337,
                "fieldID": 262,
                "direction": "NORMAL"
              },
              {
                "objectID": 4064,
                "fieldID": 262,
                "direction": "NORMAL"
              },
              {
                "objectID": 4065,
                "fieldID": 262,
                "direction": "NORMAL"
              },
              {
                "objectID": 4066,
                "fieldID": 262,
                "direction": "NORMAL"
              },
              {
                "objectID": 4067,
                "fieldID": 262,
                "direction": "NORMAL"
              },
              {
                "objectID": 2339,
                "fieldID": 262,
                "direction": "NORMAL"
              },
              {
                "objectID": 2341,
                "fieldID": 262,
                "direction": "NORMAL"
              },
              {
                "objectID": 4068,
                "fieldID": 262,
                "direction": "NORMAL"
              },
              {
                "objectID": 4069,
                "fieldID": 262,
                "direction": "NORMAL"
              },
              {
                "objectID": 4070,
                "fieldID": 262,
                "direction": "NORMAL"
              },
              {
                "objectID": 4071,
                "fieldID": 262,
                "direction": "NORMAL"
              },
              {
                "objectID": 2343,
                "fieldID": 262,
                "direction": "NORMAL"
              }
            ]
          },
          {
            "id": 99,
            "name": "Längd (meter)",
            "type": "INTEGER",
            "value": 5100
          },
          {
            "id": 100,
            "name": "Stigning total (meter)",
            "type": "INTEGER",
            "value": 160
          },
          {
            "id": 102,
            "name": "Öppen",
            "type": "TOGGLE",
            "value": "Ja"
          },
          {
            "id": 103,
            "name": "Belysning",
            "type": "TOGGLE",
            "value": "Nej"
          },
          {
            "id": 108,
            "name": "Tillgänglighetsanpassad",
            "type": "TOGGLE",
            "value": "Nej"
          },
          {
            "id": 104,
            "name": "Avgift",
            "type": "FREETEXT",
            "value": "Nej"
          },
          {
            "id": 289,
            "name": "Tillgänglighetsbeskrivning",
            "type": "FREETEXT",
            "value": "Mestadels smala skogsstigar med stenar och rötter. Några sträckor längs elljusspåret. Rejäl kupering."
          }
        ],
        "centerPoint": [
          17.35134110714307,
          62.40503041652033
        ]
      },
      "geometry": {
        "type": "LineString",
        "coordinates": [
          [
            17.354929319395833,
            62.407744817514825
          ],
          [
            17.355227983657695,
            62.407795341752454
          ],
          [
            17.355528159558506,
            62.40781892598385
          ],
          [
            17.356073794426326,
            62.40781824070453
          ],
          [
            17.35662569468219,
            62.40785187190908
          ],
          [
            17.35695052354614,
            62.407846376062444
          ],
          [
            17.35710874690277,
            62.40778555186366
          ],
          [
            17.35710874690277,
            62.40778555186366
          ],
          [
            17.35735244962888,
            62.407808369975534
          ],
          [
            17.357582720918426,
            62.40779947943368
          ],
          [
            17.35756560783726,
            62.40784234967536
          ],
          [
            17.357455932537142,
            62.407994636272996
          ],
          [
            17.357445027496656,
            62.40805395229322
          ],
          [
            17.35746240938184,
            62.40810241897039
          ],
          [
            17.35749433703462,
            62.40813032197188
          ],
          [
            17.357521308207556,
            62.408191496878935
          ],
          [
            17.3575312663107,
            62.40827699151206
          ],
          [
            17.3575228581767,
            62.4083710255126
          ],
          [
            17.357532697207912,
            62.408412778833956
          ],
          [
            17.35757701575612,
            62.40847922682374
          ],
          [
            17.357588132744972,
            62.4086376643354
          ],
          [
            17.357611180482085,
            62.408682965213806
          ],
          [
            17.357611180482085,
            62.408682965213806
          ],
          [
            17.358031690538294,
            62.408683729933124
          ],
          [
            17.35868157053386,
            62.40867541993445
          ],
          [
            17.358947050539406,
            62.4087274999316
          ],
          [
            17.359053370538188,
            62.40874994993047
          ],
          [
            17.359170230536677,
            62.40875873993215
          ],
          [
            17.359170230536677,
            62.40875873993215
          ],
          [
            17.359252290542138,
            62.40876812992958
          ],
          [
            17.35936229054189,
            62.4087635699278
          ],
          [
            17.359900900545142,
            62.40874366993515
          ],
          [
            17.360057100543948,
            62.40873563993004
          ],
          [
            17.360333410550098,
            62.40870401993228
          ],
          [
            17.360500150538325,
            62.40868232992758
          ],
          [
            17.3605751305335,
            62.408675669930474
          ],
          [
            17.360820960540046,
            62.4086257099319
          ],
          [
            17.361072160536843,
            62.40857025992906
          ],
          [
            17.36113491053367,
            62.40855572993554
          ],
          [
            17.36126705054918,
            62.40853731993225
          ],
          [
            17.36135837053808,
            62.40851691993083
          ],
          [
            17.361478490551164,
            62.40849332993336
          ],
          [
            17.36155758054164,
            62.40846503993566
          ],
          [
            17.36159734054853,
            62.40845358993325
          ],
          [
            17.361659230545424,
            62.40842829992754
          ],
          [
            17.361738110539665,
            62.40839731993298
          ],
          [
            17.361809401501578,
            62.40834358342517
          ],
          [
            17.361809401501578,
            62.40834358342517
          ],
          [
            17.361542447487405,
            62.40826854874154
          ],
          [
            17.361050213665283,
            62.40813111679114
          ],
          [
            17.360572984019573,
            62.40798278626828
          ],
          [
            17.36016453332207,
            62.40781592790283
          ],
          [
            17.3599964712681,
            62.40776715811075
          ],
          [
            17.359780554495092,
            62.40768113634958
          ],
          [
            17.35946577256686,
            62.40763364630964
          ],
          [
            17.358899204101533,
            62.40756860177442
          ],
          [
            17.358607441735042,
            62.4075173203215
          ],
          [
            17.358399409068248,
            62.40743482137323
          ],
          [
            17.358108129122574,
            62.40726505911009
          ],
          [
            17.35808473846229,
            62.407251426575264
          ],
          [
            17.35808473846229,
            62.407251426575264
          ],
          [
            17.35814875266994,
            62.40715975137686
          ],
          [
            17.358120854381625,
            62.40701186760172
          ],
          [
            17.358024318228964,
            62.4067494783309
          ],
          [
            17.358008433545876,
            62.40661647822224
          ],
          [
            17.358068017387765,
            62.40628227522326
          ],
          [
            17.35808086294541,
            62.406051311760734
          ],
          [
            17.35824464511728,
            62.405963334667504
          ],
          [
            17.35838102144113,
            62.405906623745125
          ],
          [
            17.358477275745027,
            62.405859782717535
          ],
          [
            17.358477275745027,
            62.405859782717535
          ],
          [
            17.358547006187145,
            62.40580516044221
          ],
          [
            17.358624578198985,
            62.40567775973873
          ],
          [
            17.358787374367616,
            62.40556228234104
          ],
          [
            17.359006831232268,
            62.405457985329235
          ],
          [
            17.359359248392817,
            62.40532126170069
          ],
          [
            17.359619240475062,
            62.405181073886894
          ],
          [
            17.35973868213383,
            62.40504578128337
          ],
          [
            17.35982170053457,
            62.404897809929764
          ],
          [
            17.359902963044842,
            62.40479154679405
          ],
          [
            17.35997071715996,
            62.40461941199352
          ],
          [
            17.360083950959673,
            62.40447416617029
          ],
          [
            17.360180588563647,
            62.40433567643943
          ],
          [
            17.36018848357106,
            62.40421842912522
          ],
          [
            17.36024778137883,
            62.40407661158884
          ],
          [
            17.360388868276598,
            62.403940951525485
          ],
          [
            17.360468754294942,
            62.40385410425447
          ],
          [
            17.360377868772737,
            62.4037324333534
          ],
          [
            17.36027806094832,
            62.40370395057657
          ],
          [
            17.360070135103726,
            62.40366533012367
          ],
          [
            17.359990499333453,
            62.403640642043996
          ],
          [
            17.359858725792062,
            62.40361788163349
          ],
          [
            17.359800020459407,
            62.403605075149144
          ],
          [
            17.35967646068998,
            62.40357280003844
          ],
          [
            17.359579074598944,
            62.40354157904934
          ],
          [
            17.359456996036176,
            62.403493414628606
          ],
          [
            17.359330214633236,
            62.403443394487795
          ],
          [
            17.359330214633236,
            62.403443394487795
          ],
          [
            17.359330214633236,
            62.403443394487795
          ],
          [
            17.359294574090107,
            62.40342763843101
          ],
          [
            17.359267393645144,
            62.40341044365811
          ],
          [
            17.35917743163705,
            62.40335087287722
          ],
          [
            17.35892366131422,
            62.40315717608309
          ],
          [
            17.3588523182495,
            62.40312432015911
          ],
          [
            17.358521865361322,
            62.403018975200645
          ],
          [
            17.357959488138448,
            62.40292386852453
          ],
          [
            17.35769678640866,
            62.402888188395266
          ],
          [
            17.35753368182549,
            62.40287654699285
          ],
          [
            17.357452986305905,
            62.40287066681354
          ],
          [
            17.357438575085983,
            62.40287166618797
          ],
          [
            17.357380880533874,
            62.403142169932984
          ],
          [
            17.357392650535658,
            62.40318102993021
          ],
          [
            17.35740842055149,
            62.403196929928036
          ],
          [
            17.357434260548633,
            62.40323016993518
          ],
          [
            17.35744766054068,
            62.40325283993408
          ],
          [
            17.357463750547282,
            62.40327277992947
          ],
          [
            17.35750483053302,
            62.403315189935135
          ],
          [
            17.357552830542172,
            62.4034086699313
          ],
          [
            17.357557530545368,
            62.40343148993256
          ],
          [
            17.357546520536367,
            62.4034761299309
          ],
          [
            17.357542840539182,
            62.40350312993579
          ],
          [
            17.357532830539117,
            62.4035235099281
          ],
          [
            17.35751380053895,
            62.40353998993209
          ],
          [
            17.357483170538636,
            62.40355667993576
          ],
          [
            17.357455760544948,
            62.40357734993556
          ],
          [
            17.357425130535102,
            62.40359402993103
          ],
          [
            17.357393970546276,
            62.403603989928314
          ],
          [
            17.35735390053904,
            62.403611399933
          ],
          [
            17.35724883055117,
            62.40364146993009
          ],
          [
            17.357214350534306,
            62.403646089935975
          ],
          [
            17.357176650533532,
            62.40364672993304
          ],
          [
            17.35713326054518,
            62.40364880993461
          ],
          [
            17.35710168054193,
            62.403653389936
          ],
          [
            17.357038940533183,
            62.40366791993334
          ],
          [
            17.356972880541253,
            62.40367711993121
          ],
          [
            17.35687597055021,
            62.4037003099307
          ],
          [
            17.35683580054898,
            62.4037063799318
          ],
          [
            17.356792510551152,
            62.40370980992818
          ],
          [
            17.356611510539615,
            62.40373441993281
          ],
          [
            17.356548250539994,
            62.403742229931495
          ],
          [
            17.356476490546097,
            62.40375286993419
          ],
          [
            17.356407420538794,
            62.40376077993638
          ],
          [
            17.356378640550997,
            62.40376395993101
          ],
          [
            17.356320850532967,
            62.40376762993344
          ],
          [
            17.35629185054588,
            62.40376811993349
          ],
          [
            17.356257160545553,
            62.40377004993328
          ],
          [
            17.35618798054261,
            62.40377660993032
          ],
          [
            17.356162200548365,
            62.40378108993068
          ],
          [
            17.356113860538702,
            62.40379402993284
          ],
          [
            17.35597836054059,
            62.403843469935865
          ],
          [
            17.3559595505375,
            62.4038626499321
          ],
          [
            17.355946950533333,
            62.403887109927894
          ],
          [
            17.355931560542604,
            62.40391295993207
          ],
          [
            17.35590683053369,
            62.40393088993456
          ],
          [
            17.355894796979985,
            62.403942230242876
          ],
          [
            17.355894796979985,
            62.403942230242876
          ],
          [
            17.355410520542716,
            62.40385980992842
          ],
          [
            17.355410520542716,
            62.40385980992842
          ],
          [
            17.3553183136199,
            62.40350676220408
          ],
          [
            17.35529423053725,
            62.4034145499278
          ],
          [
            17.355285670545186,
            62.40330557993114
          ],
          [
            17.35518241054433,
            62.40317396993155
          ],
          [
            17.35511275054636,
            62.40313742992995
          ],
          [
            17.355095970551,
            62.40307170992769
          ],
          [
            17.35513592053963,
            62.402988859931675
          ],
          [
            17.35513592053963,
            62.402988859931675
          ],
          [
            17.355090620542967,
            62.402892639932254
          ],
          [
            17.354857572850147,
            62.40253280443608
          ],
          [
            17.354857572850147,
            62.40253280443608
          ],
          [
            17.354806880536028,
            62.402385559928
          ],
          [
            17.354854420536952,
            62.40232547993324
          ],
          [
            17.354891640535307,
            62.40228174992908
          ],
          [
            17.35490154054937,
            62.40226002993416
          ],
          [
            17.354934219296005,
            62.40223679833765
          ],
          [
            17.355001070532637,
            62.40219637993043
          ],
          [
            17.35503291054287,
            62.40215811993626
          ],
          [
            17.35508172053411,
            62.402114189931744
          ],
          [
            17.355109030533143,
            62.40209217992866
          ],
          [
            17.355109030533143,
            62.40209217992866
          ],
          [
            17.355109030533143,
            62.40209217992866
          ],
          [
            17.355128090539957,
            62.40196522993307
          ],
          [
            17.355111840549284,
            62.40190623992758
          ],
          [
            17.355042980540496,
            62.40184273993148
          ],
          [
            17.355023890549454,
            62.40182150993225
          ],
          [
            17.35499942054089,
            62.401805759930106
          ],
          [
            17.354980120538976,
            62.40178183992885
          ],
          [
            17.35491917055088,
            62.40174514992798
          ],
          [
            17.354894700543674,
            62.40172939993425
          ],
          [
            17.354757940533975,
            62.40168860993144
          ],
          [
            17.354563180538026,
            62.40164879993594
          ],
          [
            17.35448588053316,
            62.40162585992958
          ],
          [
            17.354364620543947,
            62.40156054993598
          ],
          [
            17.354333720540378,
            62.40153682993253
          ],
          [
            17.35430599795365,
            62.401513294682836
          ],
          [
            17.35430599795365,
            62.401513294682836
          ],
          [
            17.354176500545343,
            62.40153139993579
          ],
          [
            17.353608800542364,
            62.40154907993447
          ],
          [
            17.353470250543392,
            62.40155949993034
          ],
          [
            17.3532519905452,
            62.4015901299358
          ],
          [
            17.353103320539265,
            62.40161958993451
          ],
          [
            17.351931646067783,
            62.40146893145784
          ],
          [
            17.35145395934935,
            62.40159769351275
          ],
          [
            17.35138508333679,
            62.40182516175095
          ],
          [
            17.35138508333679,
            62.40182516175095
          ],
          [
            17.352589000542384,
            62.40187343993028
          ],
          [
            17.35285750830188,
            62.401905904461906
          ],
          [
            17.35398418053458,
            62.402262059935794
          ],
          [
            17.354097010543722,
            62.40229382993626
          ],
          [
            17.354183210542338,
            62.402319319931685
          ],
          [
            17.354246220534574,
            62.4023451899353
          ],
          [
            17.35433775053461,
            62.402401569931314
          ],
          [
            17.35433775053461,
            62.402401569931314
          ],
          [
            17.35433775053461,
            62.402401569931314
          ],
          [
            17.35433775053461,
            62.402401569931314
          ],
          [
            17.35433775053461,
            62.402401569931314
          ],
          [
            17.35438753055032,
            62.40244383993643
          ],
          [
            17.354384690551946,
            62.402481599936436
          ],
          [
            17.354354312764574,
            62.40253161997361
          ],
          [
            17.354328613486153,
            62.402625338838035
          ],
          [
            17.354328613486153,
            62.402625338838035
          ],
          [
            17.35415649633832,
            62.40271122687294
          ],
          [
            17.35388578220648,
            62.40292199187026
          ],
          [
            17.353596065014692,
            62.40309787432143
          ],
          [
            17.353334575247455,
            62.403150068400016
          ],
          [
            17.353107624324995,
            62.403158931861626
          ],
          [
            17.352765951385102,
            62.403148209808165
          ],
          [
            17.352765951385102,
            62.403148209808165
          ],
          [
            17.352744820543705,
            62.40315589993012
          ],
          [
            17.352701740538127,
            62.403162009933645
          ],
          [
            17.352664570544324,
            62.40316937993499
          ],
          [
            17.352563521713034,
            62.40319276575579
          ],
          [
            17.352593618656506,
            62.40322154641576
          ],
          [
            17.35262062085302,
            62.40323874540901
          ],
          [
            17.35265660074618,
            62.40326122894949
          ],
          [
            17.35271392106592,
            62.40330366661146
          ],
          [
            17.352726560791147,
            62.40332371749718
          ],
          [
            17.352742663347552,
            62.40341103469854
          ],
          [
            17.352731624977597,
            62.40347846227915
          ],
          [
            17.352691307072835,
            62.403540831075404
          ],
          [
            17.35262792548524,
            62.403606148519295
          ],
          [
            17.35253872644298,
            62.40373367343936
          ],
          [
            17.35249246876497,
            62.4037934160229
          ],
          [
            17.352406778743827,
            62.4039321636584
          ],
          [
            17.352384282210433,
            62.40394672777983
          ],
          [
            17.35235030966182,
            62.403963258640886
          ],
          [
            17.35231585240303,
            62.403970372208235
          ],
          [
            17.35222463556999,
            62.40400234650317
          ],
          [
            17.352196532690858,
            62.40402015816877
          ],
          [
            17.352174161135924,
            62.40403656001978
          ],
          [
            17.35215800554267,
            62.40406096934488
          ],
          [
            17.352116833532108,
            62.40408376123307
          ],
          [
            17.352101522643725,
            62.40409121133759
          ],
          [
            17.352050147963055,
            62.40410793556379
          ],
          [
            17.3520161058219,
            62.40412312101741
          ],
          [
            17.35199953470235,
            62.40413945836448
          ],
          [
            17.35190127739518,
            62.40420381700242
          ],
          [
            17.351798464930297,
            62.40429245592062
          ],
          [
            17.351770361527276,
            62.40431026750122
          ],
          [
            17.35173307262225,
            62.40431875848547
          ],
          [
            17.35171105763969,
            62.404338470596656
          ],
          [
            17.351631290943825,
            62.40437104122596
          ],
          [
            17.35155512746777,
            62.40441361655017
          ],
          [
            17.351532824475225,
            62.404431363626124
          ],
          [
            17.351527854266482,
            62.40444757200486
          ],
          [
            17.351495195548154,
            62.4044896638706
          ],
          [
            17.35148732496843,
            62.40450590447519
          ],
          [
            17.351479731192715,
            62.404527526386985
          ],
          [
            17.351480561630108,
            62.40454367030988
          ],
          [
            17.351515856459876,
            62.404609236826346
          ],
          [
            17.351520002503797,
            62.40463342048224
          ],
          [
            17.35153506421386,
            62.404700557912925
          ],
          [
            17.351545011011748,
            62.40472467711114
          ],
          [
            17.351542941127516,
            62.40474085326159
          ],
          [
            17.351532239350274,
            62.404758471423385
          ],
          [
            17.35151570759264,
            62.404768948793986
          ],
          [
            17.35151570759264,
            62.404768948793986
          ],
          [
            17.35150413535479,
            62.4047762829485
          ],
          [
            17.351464222247742,
            62.40479018739919
          ],
          [
            17.351274043384777,
            62.40481653012302
          ],
          [
            17.351216243510766,
            62.40482121053915
          ],
          [
            17.351187239788516,
            62.40482153275261
          ],
          [
            17.351099882683535,
            62.404815772722735
          ],
          [
            17.3507934259328,
            62.404805092194536
          ],
          [
            17.350768479346478,
            62.40480464671108
          ],
          [
            17.350733467381815,
            62.404800997275515
          ],
          [
            17.350582163936473,
            62.40479325490041
          ],
          [
            17.35052408736282,
            62.40479255373023
          ],
          [
            17.350489213756926,
            62.40479159488746
          ],
          [
            17.350425543925798,
            62.404794994063266
          ],
          [
            17.35039087778913,
            62.40479807117734
          ],
          [
            17.350330799816202,
            62.40481489138942
          ],
          [
            17.35027631508602,
            62.40482761118808
          ],
          [
            17.35027631508602,
            62.40482761118808
          ],
          [
            17.349960850533314,
            62.404719679933336
          ],
          [
            17.349802410551177,
            62.4046617399291
          ],
          [
            17.349726850538172,
            62.404623949935996
          ],
          [
            17.349625668703258,
            62.404560075627614
          ],
          [
            17.349573840550644,
            62.40452414993156
          ],
          [
            17.349537770533423,
            62.40450859993028
          ],
          [
            17.34950129054094,
            62.40448765992935
          ],
          [
            17.349465220533453,
            62.404472099931915
          ],
          [
            17.34939288053901,
            62.40443829992995
          ],
          [
            17.3493452205342,
            62.40442293993542
          ],
          [
            17.349309570551757,
            62.40441275993091
          ],
          [
            17.34920929054942,
            62.40439289993577
          ],
          [
            17.34906777054801,
            62.40436564993564
          ],
          [
            17.349032550537622,
            62.4043608599365
          ],
          [
            17.348933320551378,
            62.404354449931574
          ],
          [
            17.348804250546433,
            62.404337769932695
          ],
          [
            17.348762810547864,
            62.40432768993444
          ],
          [
            17.348650608722075,
            62.40425646732863
          ],
          [
            17.348622240544778,
            62.40423845992823
          ],
          [
            17.34857869053557,
            62.404201479928865
          ],
          [
            17.348505720543226,
            62.40415959993293
          ],
          [
            17.348463430542232,
            62.40413875993335
          ],
          [
            17.348313800545274,
            62.40408201992896
          ],
          [
            17.348210570548304,
            62.40402448993083
          ],
          [
            17.348078600539758,
            62.4039337599351
          ],
          [
            17.347990390543647,
            62.403882719936014
          ],
          [
            17.34793050055125,
            62.4038594799355
          ],
          [
            17.347814770546073,
            62.403827749936646
          ],
          [
            17.34774243054512,
            62.403793949929025
          ],
          [
            17.347673100548406,
            62.40376143993553
          ],
          [
            17.347617950544354,
            62.40372464993192
          ],
          [
            17.34758105053566,
            62.403698329935565
          ],
          [
            17.347579780545125,
            62.403682189933214
          ],
          [
            17.347569500544008,
            62.40366215993484
          ],
          [
            17.34756523054835,
            62.4036447199297
          ],
          [
            17.347560960538356,
            62.40362727993338
          ],
          [
            17.347550890541388,
            62.403609939930604
          ],
          [
            17.347528380547725,
            62.40358202992883
          ],
          [
            17.347508880538467,
            62.40355541992922
          ],
          [
            17.347508880538467,
            62.40355541992922
          ],
          [
            17.347159590744358,
            62.4036163536728
          ],
          [
            17.346785061807363,
            62.40377811753075
          ],
          [
            17.346476675600414,
            62.40392823948762
          ],
          [
            17.346162930936764,
            62.40409595578527
          ],
          [
            17.346162930936764,
            62.40409595578527
          ],
          [
            17.345780283215596,
            62.404273838569004
          ],
          [
            17.345294419621514,
            62.40443983922006
          ],
          [
            17.345133092568847,
            62.40452553395507
          ],
          [
            17.344702184363175,
            62.40492516393502
          ],
          [
            17.344596911663977,
            62.40509905984599
          ],
          [
            17.344596911663977,
            62.40509905984599
          ],
          [
            17.34456807383428,
            62.405052384783225
          ],
          [
            17.34454787054698,
            62.40501295993378
          ],
          [
            17.344507600539533,
            62.404943589931904
          ],
          [
            17.344463850551485,
            62.4049039099323
          ],
          [
            17.344422400548446,
            62.40489383992982
          ],
          [
            17.344140850539937,
            62.40485815993352
          ],
          [
            17.344070410534954,
            62.404848569935915
          ],
          [
            17.344011570547032,
            62.404838789928114
          ],
          [
            17.343928260536376,
            62.40481324993656
          ],
          [
            17.343892200536555,
            62.40479768993656
          ],
          [
            17.34385614053549,
            62.404782129936166
          ],
          [
            17.343825870541032,
            62.40476647992868
          ],
          [
            17.343801200546576,
            62.40474802992951
          ],
          [
            17.34375934054725,
            62.40473256992969
          ],
          [
            17.34372349054358,
            62.404719699933075
          ],
          [
            17.34368680053824,
            62.40469607993101
          ],
          [
            17.343650730534343,
            62.40468051992893
          ],
          [
            17.343605944079503,
            62.40465862369286
          ],
          [
            17.343605944079496,
            62.40465862369286
          ],
          [
            17.34356016054396,
            62.40463623993264
          ],
          [
            17.343529690535526,
            62.40461789993208
          ],
          [
            17.34347622054915,
            62.404602629931986
          ],
          [
            17.343445960547186,
            62.40458697993375
          ],
          [
            17.343344630551645,
            62.404553659928645
          ],
          [
            17.34323690080666,
            62.40452656093163
          ],
          [
            17.34320249055182,
            62.40451832993128
          ],
          [
            17.343166840552534,
            62.40450814993572
          ],
          [
            17.343124560542968,
            62.40448730993604
          ],
          [
            17.343088710544396,
            62.404474439928464
          ],
          [
            17.343046850540503,
            62.40445897992976
          ],
          [
            17.343023020547488,
            62.4044512999359
          ],
          [
            17.342969980534033,
            62.40444141993437
          ],
          [
            17.342881720552445,
            62.404426739934415
          ],
          [
            17.342840700551097,
            62.40442203993325
          ],
          [
            17.342798840535618,
            62.40440657993185
          ],
          [
            17.342774170533485,
            62.404388139934085
          ],
          [
            17.342761300535507,
            62.40437218993295
          ],
          [
            17.342759620539265,
            62.40435065993365
          ],
          [
            17.34274676053754,
            62.40433471992871
          ],
          [
            17.342723050543157,
            62.404254289928694
          ],
          [
            17.34272780053415,
            62.40424073993682
          ],
          [
            17.342695230536375,
            62.40419548993353
          ],
          [
            17.342648410547802,
            62.40419088993625
          ],
          [
            17.342533250538285,
            62.404203599935144
          ],
          [
            17.34244277054817,
            62.40423475993334
          ],
          [
            17.342426420540743,
            62.40424849992974
          ],
          [
            17.34235781402349,
            62.40427453477441
          ],
          [
            17.34227961054317,
            62.40430215993363
          ],
          [
            17.342239860552528,
            62.404313609933375
          ],
          [
            17.34215908053357,
            62.4043203499287
          ],
          [
            17.342124490543736,
            62.40432362993026
          ],
          [
            17.342078720546926,
            62.40433247993612
          ],
          [
            17.34203854055259,
            62.40433853993371
          ],
          [
            17.34198767692795,
            62.40434121894072
          ],
          [
            17.34198767692795,
            62.40434121894072
          ],
          [
            17.341948270549086,
            62.40437238992876
          ],
          [
            17.341891329682994,
            62.40438681261405
          ],
          [
            17.341859040544282,
            62.40441968993339
          ],
          [
            17.341820120552587,
            62.40444189993
          ],
          [
            17.341776460540633,
            62.404477649935515
          ],
          [
            17.34174935053837,
            62.404502359930284
          ],
          [
            17.341728670548093,
            62.40453502992905
          ],
          [
            17.34173056054861,
            62.40455924993618
          ],
          [
            17.34172001053674,
            62.40457289993125
          ],
          [
            17.341691860546863,
            62.404584149930926
          ],
          [
            17.34165748055086,
            62.404590109933935
          ],
          [
            17.34150710055223,
            62.40459802993055
          ],
          [
            17.341455320549535,
            62.40460428993384
          ],
          [
            17.34144233054026,
            62.4046610799355
          ],
          [
            17.341443590549865,
            62.40467722992897
          ],
          [
            17.341462680537614,
            62.40469845993635
          ],
          [
            17.341446540538364,
            62.404714889929835
          ],
          [
            17.341426700536264,
            62.4047583299363
          ],
          [
            17.341410980536647,
            62.40478014993213
          ],
          [
            17.341383240543273,
            62.40479677993171
          ],
          [
            17.3413494905399,
            62.40481081993364
          ],
          [
            17.341309100549232,
            62.40481418992972
          ],
          [
            17.341274720534265,
            62.40482015993198
          ],
          [
            17.34122853054634,
            62.4048236299329
          ],
          [
            17.341183180548278,
            62.40483785993353
          ],
          [
            17.341161460550744,
            62.40485708993066
          ],
          [
            17.34114553054013,
            62.404876209930656
          ],
          [
            17.34114099053348,
            62.40489244993585
          ],
          [
            17.341131070540172,
            62.404914169930485
          ],
          [
            17.341138130544945,
            62.4049302199305
          ],
          [
            17.341138130544945,
            62.4049302199305
          ],
          [
            17.341110600536595,
            62.4049495399352
          ],
          [
            17.341094250535573,
            62.404963279934925
          ],
          [
            17.34107357055063,
            62.4049959599368
          ],
          [
            17.341052050542114,
            62.405017879928955
          ],
          [
            17.341008380537527,
            62.40505362992985
          ],
          [
            17.340998050540268,
            62.40506996993154
          ],
          [
            17.341008220539766,
            62.40508865993098
          ],
          [
            17.341020970537652,
            62.40510325993064
          ],
          [
            17.3410664705484,
            62.405128089936476
          ],
          [
            17.341120560552422,
            62.405151429933206
          ],
          [
            17.34118024053774,
            62.40517197993264
          ],
          [
            17.34122179053463,
            62.40518339993344
          ],
          [
            17.341311730545186,
            62.40521960992962
          ],
          [
            17.341377115629953,
            62.4052388845105
          ],
          [
            17.341377115629953,
            62.4052388845105
          ],
          [
            17.341874391792125,
            62.40523451245804
          ],
          [
            17.34283229542261,
            62.40525121167024
          ],
          [
            17.343460923218675,
            62.405238493309795
          ],
          [
            17.343594420551216,
            62.40522297993139
          ],
          [
            17.343767370541137,
            62.40520659992878
          ],
          [
            17.343951080537455,
            62.40517925993665
          ],
          [
            17.344299080534462,
            62.40517339992943
          ],
          [
            17.344428516320498,
            62.405191778148556
          ],
          [
            17.344480990551983,
            62.40519727993521
          ],
          [
            17.344522010537325,
            62.40520197992922
          ],
          [
            17.344566156186534,
            62.40521500563037
          ],
          [
            17.344566156186534,
            62.40521500563037
          ],
          [
            17.344574122448627,
            62.40527923503043
          ],
          [
            17.34473925222649,
            62.40544995564105
          ],
          [
            17.344948193414503,
            62.4055570761021
          ],
          [
            17.345213039129263,
            62.40568588548933
          ],
          [
            17.345502685285275,
            62.40585450874078
          ],
          [
            17.34581965636334,
            62.4060097429128
          ],
          [
            17.345960344088297,
            62.40607529014791
          ],
          [
            17.345960344088297,
            62.40607529014791
          ],
          [
            17.34592123213281,
            62.406082288524985
          ],
          [
            17.345728350552122,
            62.40610843993422
          ],
          [
            17.34560365054425,
            62.406110539930566
          ],
          [
            17.345550390549306,
            62.406097969932475
          ],
          [
            17.345515170544957,
            62.406093169928866
          ],
          [
            17.345316280544754,
            62.40607496993302
          ],
          [
            17.345112010540152,
            62.406062239935395
          ],
          [
            17.345065600544043,
            62.406063029935055
          ],
          [
            17.345002010540906,
            62.40606678993431
          ],
          [
            17.34470557055253,
            62.40606369993368
          ],
          [
            17.34461129054687,
            62.40604642993294
          ],
          [
            17.344416310541636,
            62.40600390993066
          ],
          [
            17.344380450534146,
            62.405991039931834
          ],
          [
            17.34431539053623,
            62.40597596993489
          ],
          [
            17.344221110548137,
            62.40595869993044
          ],
          [
            17.344168280543315,
            62.40595150992919
          ],
          [
            17.343983090540192,
            62.405960009934404
          ],
          [
            17.34393152055136,
            62.40596895993285
          ],
          [
            17.343852000541634,
            62.40599184993227
          ],
          [
            17.343784930549248,
            62.40602530993094
          ],
          [
            17.343762990537,
            62.406041839936535
          ],
          [
            17.343573350544407,
            62.406142019935864
          ],
          [
            17.34354604053889,
            62.406164039933536
          ],
          [
            17.343497587008137,
            62.406188199734004
          ],
          [
            17.343350180546942,
            62.40625892992949
          ],
          [
            17.342986530552597,
            62.40636202993158
          ],
          [
            17.3426399182621,
            62.40642218302466
          ],
          [
            17.3426399182621,
            62.40642218302466
          ],
          [
            17.342600110546268,
            62.406470909936274
          ],
          [
            17.34258460053473,
            62.406495419936704
          ],
          [
            17.3425862805346,
            62.40651693993608
          ],
          [
            17.34256476054077,
            62.4065388599327
          ],
          [
            17.34254904054123,
            62.40656066993029
          ],
          [
            17.342544290547824,
            62.406574219929276
          ],
          [
            17.342536480549445,
            62.40662284993297
          ],
          [
            17.342520340540485,
            62.40663928993371
          ],
          [
            17.34251042054369,
            62.4066610099315
          ],
          [
            17.342505670536326,
            62.406674559928994
          ],
          [
            17.342423380540254,
            62.406810639934136
          ],
          [
            17.342412830536038,
            62.40682428993214
          ],
          [
            17.34237370054745,
            62.4068438099363
          ],
          [
            17.34233689261651,
            62.40685092704352
          ],
          [
            17.34233689261651,
            62.40685092704352
          ],
          [
            17.34235281055141,
            62.40687379993624
          ],
          [
            17.342359870539067,
            62.40688983992888
          ],
          [
            17.34238022054521,
            62.4069272199285
          ],
          [
            17.342393500543842,
            62.40694854992796
          ],
          [
            17.342400440548623,
            62.407037329929395
          ],
          [
            17.34240750053447,
            62.40705337993256
          ],
          [
            17.34238640054416,
            62.40708067993323
          ],
          [
            17.34237850908584,
            62.40708871318358
          ],
          [
            17.342307073262354,
            62.407153744311564
          ],
          [
            17.34226140054315,
            62.40719053993593
          ],
          [
            17.342245480548783,
            62.40720966993602
          ],
          [
            17.342241150539664,
            62.40722859993031
          ],
          [
            17.34221007483058,
            62.407259043010384
          ],
          [
            17.342203490547924,
            62.40726694993665
          ],
          [
            17.342204750544486,
            62.40728308993104
          ],
          [
            17.342161920539937,
            62.40732960993128
          ],
          [
            17.342118250536,
            62.40736536993037
          ],
          [
            17.3421027405392,
            62.407389879936375
          ],
          [
            17.342075000547307,
            62.40740650993187
          ],
          [
            17.34205928054182,
            62.407428329929196
          ],
          [
            17.342037340545467,
            62.40744485992798
          ],
          [
            17.341999890549275,
            62.40748589993543
          ],
          [
            17.341961370032347,
            62.40751371843323
          ],
          [
            17.341961370032347,
            62.40751371843323
          ],
          [
            17.34270784949152,
            62.40738910300666
          ],
          [
            17.343165478284824,
            62.40735079493054
          ],
          [
            17.34345026896492,
            62.4073269543125
          ],
          [
            17.34358554202343,
            62.407331147619956
          ],
          [
            17.34379243305821,
            62.407386736401385
          ],
          [
            17.344011571154887,
            62.40745835585701
          ],
          [
            17.34424671906182,
            62.40754418337351
          ],
          [
            17.344484033239407,
            62.407588734625975
          ],
          [
            17.34471994785517,
            62.40759921636022
          ],
          [
            17.344977036792326,
            62.407561051572614
          ],
          [
            17.3452062793088,
            62.40750340806894
          ],
          [
            17.34551768322199,
            62.40738368924821
          ],
          [
            17.346035208317257,
            62.40719644788166
          ],
          [
            17.346606109314024,
            62.40702510963816
          ],
          [
            17.346874268237308,
            62.40694860589632
          ],
          [
            17.346945114793687,
            62.40693436310884
          ],
          [
            17.34721372354444,
            62.40688036233116
          ],
          [
            17.347275773146446,
            62.406830440041595
          ],
          [
            17.347275773146446,
            62.406830440041595
          ],
          [
            17.347939191167306,
            62.40685697651772
          ],
          [
            17.34841388647648,
            62.40692916467187
          ],
          [
            17.348590270000578,
            62.406972975891705
          ],
          [
            17.348713752589955,
            62.407003912677474
          ],
          [
            17.348938066562848,
            62.40707680594246
          ],
          [
            17.348990968234734,
            62.40708968006563
          ],
          [
            17.34923517509398,
            62.407210811596116
          ],
          [
            17.34936660314667,
            62.40728338859619
          ],
          [
            17.34936660314667,
            62.40728338859619
          ],
          [
            17.34951850416391,
            62.407295529268005
          ],
          [
            17.34974046758272,
            62.4072917851922
          ],
          [
            17.34997709696148,
            62.40726767733117
          ],
          [
            17.350618079074387,
            62.40714622408459
          ],
          [
            17.350988230919558,
            62.407043280641176
          ],
          [
            17.351380711968915,
            62.40695159396195
          ],
          [
            17.351570613085727,
            62.406911623895006
          ],
          [
            17.351988512656074,
            62.40685655369767
          ],
          [
            17.352242757260413,
            62.40684974601077
          ],
          [
            17.35243262924776,
            62.40685156853
          ],
          [
            17.352670960542916,
            62.40687636992869
          ],
          [
            17.352670960542916,
            62.40687636992869
          ],
          [
            17.352671650546306,
            62.406848069935236
          ],
          [
            17.35266600054921,
            62.406813139929994
          ],
          [
            17.35263261054215,
            62.40672075993268
          ],
          [
            17.352618060548156,
            62.40668328993074
          ],
          [
            17.35261436054468,
            62.406636199931825
          ],
          [
            17.352612250549736,
            62.40660929992762
          ],
          [
            17.35260038054454,
            62.406569079934485
          ],
          [
            17.35258013054688,
            62.406533059929366
          ],
          [
            17.352569950540932,
            62.406514369929354
          ],
          [
            17.352554650544466,
            62.40646747992778
          ],
          [
            17.352547270548776,
            62.40644739993242
          ],
          [
            17.35254083053464,
            62.40636533993067
          ],
          [
            17.352536660548893,
            62.40634923993085
          ],
          [
            17.35252738053629,
            62.40630494993444
          ],
          [
            17.352509390538327,
            62.40626079993486
          ],
          [
            17.352499210533647,
            62.406242109929
          ],
          [
            17.352484440544025,
            62.406201949929134
          ],
          [
            17.352479850538128,
            62.406180469931456
          ],
          [
            17.352479590545357,
            62.40614006993333
          ],
          [
            17.352473520545065,
            62.40609975992995
          ],
          [
            17.352462920548824,
            62.40607568993406
          ],
          [
            17.35244214053626,
            62.40603292993575
          ],
          [
            17.35240934054181,
            62.405984989934616
          ],
          [
            17.352392720537317,
            62.4059583299313
          ],
          [
            17.352376220548813,
            62.405933019934075
          ],
          [
            17.352371705172388,
            62.40592577291032
          ],
          [
            17.352349740539218,
            62.40589170993174
          ],
          [
            17.35233355054658,
            62.405870429928136
          ],
          [
            17.352314150534003,
            62.405845159934415
          ],
          [
            17.352297960533782,
            62.40582387993555
          ],
          [
            17.352278870549604,
            62.40580264993108
          ],
          [
            17.352256770549143,
            62.405780119931215
          ],
          [
            17.35223789054688,
            62.40576157992848
          ],
          [
            17.35222482054656,
            62.40574294992976
          ],
          [
            17.35221485054716,
            62.40572694993626
          ],
          [
            17.352204880539038,
            62.405710949933066
          ],
          [
            17.352192120541407,
            62.40569634993043
          ],
          [
            17.352173660546338,
            62.405683189933846
          ],
          [
            17.35212526054841,
            62.40565841993275
          ],
          [
            17.35209330053391,
            62.405621239930596
          ],
          [
            17.35208251758101,
            62.40559482621415
          ],
          [
            17.3520798953016,
            62.40558831052069
          ],
          [
            17.3520798953016,
            62.40558831052069
          ],
          [
            17.352107999707016,
            62.405570498877786
          ],
          [
            17.352213377418682,
            62.40553163680819
          ],
          [
            17.352343066257085,
            62.40551404191846
          ],
          [
            17.35238284142664,
            62.40549744656538
          ],
          [
            17.352475916201612,
            62.40538872407617
          ],
          [
            17.352496072552277,
            62.40532927174182
          ],
          [
            17.352538955569784,
            62.40531668007468
          ],
          [
            17.352582046315586,
            62.405308124372574
          ],
          [
            17.352610981233845,
            62.405306456541936
          ],
          [
            17.352668712543526,
            62.40530043021082
          ],
          [
            17.352708972073028,
            62.40529325204773
          ],
          [
            17.35276048693001,
            62.4052792182281
          ],
          [
            17.352828434495763,
            62.405246156296236
          ],
          [
            17.352904667521315,
            62.40520492560588
          ],
          [
            17.35293843334803,
            62.40518435863161
          ],
          [
            17.352957904927184,
            62.405167988917114
          ],
          [
            17.35301866574531,
            62.405108084891964
          ],
          [
            17.35304455234662,
            62.4050472226355
          ],
          [
            17.353081287566777,
            62.40502796869308
          ],
          [
            17.35312451629854,
            62.4050221034762
          ],
          [
            17.353347430507334,
            62.40501154721884
          ],
          [
            17.35339328238802,
            62.40500026835034
          ],
          [
            17.353427601983654,
            62.40499046386352
          ],
          [
            17.35344714246308,
            62.40497543940704
          ],
          [
            17.35348132342439,
            62.40496294425598
          ],
          [
            17.353575073707486,
            62.404920612245824
          ],
          [
            17.353575073707486,
            62.404920612245824
          ],
          [
            17.35365850053729,
            62.40491857993605
          ],
          [
            17.353734740533746,
            62.40492805993042
          ],
          [
            17.353781560539307,
            62.40493265992769
          ],
          [
            17.35389799741564,
            62.40495989998923
          ],
          [
            17.353970540551128,
            62.40497256993452
          ],
          [
            17.354005980540013,
            62.40498005993528
          ],
          [
            17.35404763054546,
            62.40499281992787
          ],
          [
            17.354095720539796,
            62.405013559932364
          ],
          [
            17.354137380548476,
            62.40502632993084
          ],
          [
            17.35418589053831,
            62.40505244993193
          ],
          [
            17.354270050547164,
            62.40508874993522
          ],
          [
            17.354306330536726,
            62.40510698992799
          ],
          [
            17.354378680551346,
            62.40514078992967
          ],
          [
            17.35443278054464,
            62.405164129934576
          ],
          [
            17.35448214053624,
            62.40520100993226
          ],
          [
            17.354512620548835,
            62.40521934992861
          ],
          [
            17.35453213054666,
            62.405245959934135
          ],
          [
            17.354556390551906,
            62.40525901993589
          ],
          [
            17.354587290542632,
            62.40528274992857
          ],
          [
            17.354617350548683,
            62.40529570992939
          ],
          [
            17.354701720532933,
            62.40533469993572
          ],
          [
            17.354742740539592,
            62.40533938993271
          ],
          [
            17.354825000548242,
            62.40535146993594
          ],
          [
            17.35487140054434,
            62.40535068992752
          ],
          [
            17.354953240536883,
            62.40535738992838
          ],
          [
            17.354988250544814,
            62.405359489935535
          ],
          [
            17.355082530537786,
            62.40537674993231
          ],
          [
            17.355112370537025,
            62.40538701992921
          ],
          [
            17.355165210536953,
            62.40539420993006
          ],
          [
            17.355194840545483,
            62.405401799928235
          ],
          [
            17.355236710538946,
            62.40541724992888
          ],
          [
            17.35546451054453,
            62.405507689929046
          ],
          [
            17.355503060550063,
            62.405517819928846
          ],
          [
            17.355538810543948,
            62.40552933993587
          ],
          [
            17.355638110550675,
            62.40557345993023
          ],
          [
            17.355713299506416,
            62.40561295988581
          ],
          [
            17.35577474053897,
            62.40564927992838
          ],
          [
            17.35583312053424,
            62.40569004993587
          ],
          [
            17.355879900537545,
            62.40573101993526
          ],
          [
            17.35590242054411,
            62.405758919936275
          ],
          [
            17.35592473054624,
            62.40578413993589
          ],
          [
            17.355968460539184,
            62.40586017993488
          ],
          [
            17.356002850539983,
            62.405928299928014
          ],
          [
            17.356016040546855,
            62.40594827992828
          ],
          [
            17.356032130546193,
            62.40596821992893
          ],
          [
            17.35606631089201,
            62.40599886181956
          ],
          [
            17.35606631089201,
            62.40599886181956
          ],
          [
            17.356053710533793,
            62.40605809993255
          ],
          [
            17.355992990535015,
            62.40617227993066
          ],
          [
            17.355821066375768,
            62.406394860908755
          ],
          [
            17.35568691053655,
            62.406489979935365
          ],
          [
            17.355642200542928,
            62.406512289932174
          ],
          [
            17.355410520551395,
            62.40659432992772
          ],
          [
            17.35512948053688,
            62.40663949993043
          ],
          [
            17.35460503054635,
            62.40669146993129
          ],
          [
            17.354547880543123,
            62.40670320993277
          ],
          [
            17.354502110548488,
            62.40671206992845
          ],
          [
            17.3544213305377,
            62.406718819934085
          ],
          [
            17.35416090054195,
            62.40676767993501
          ],
          [
            17.353819822794094,
            62.40685631491916
          ],
          [
            17.353719659198006,
            62.40688234391092
          ],
          [
            17.353719659198006,
            62.40688234391092
          ],
          [
            17.353943418858254,
            62.406887930565674
          ],
          [
            17.35412969043046,
            62.40695450843571
          ],
          [
            17.354248764126016,
            62.40701241136002
          ],
          [
            17.35436867036364,
            62.40708645807564
          ],
          [
            17.354414329798804,
            62.407127679088205
          ],
          [
            17.35448023086092,
            62.40723267450593
          ],
          [
            17.35450491423486,
            62.407281843090274
          ],
          [
            17.35457558714576,
            62.40755260920809
          ],
          [
            17.354606887677065,
            62.40759668349801
          ],
          [
            17.354712984293652,
            62.40767948511701
          ],
          [
            17.354929319395833,
            62.407744817514825
          ]
        ]
      }
    }
  ]
}